[
  {
    "id": "1009168205927665",
    "name": "BMW Crimea",
    "city": "Simferopol",
    "url": "https://www.instagram.com/explore/locations/1009168205927665/bmw-crimea/"
  },
  {
    "id": "110708943690323",
    "name": "Horizma Арт-Пространство",
    "city": "Simferopol",
    "url": "https://www.instagram.com/explore/locations/110708943690323/horizma-/"
  },
  {
    "id": "266579663",
    "name": "Салон-магазин ECLAT-Изысканная бижутерия из Греции,Италии и Бельгии",
    "city": "Simferopol",
    "url": "https://www.instagram.com/explore/locations/266579663/-eclat-/"
  },
  {
    "id": "1034398474",
    "name": "FOX юридическая фирма",
    "city": "Simferopol",
    "url": "https://www.instagram.com/explore/locations/1034398474/fox/"
  },
  {
    "id": "107217277449278",
    "name": "Plov Centr",
    "city": "Simferopol",
    "url": "https://www.instagram.com/explore/locations/107217277449278/plov-centr/"
  }
]