[
  {
    "id": "497576489",
    "name": "National Aviation University",
    "city": "Chokolivka",
    "url": "https://www.instagram.com/explore/locations/497576489/national-aviation-university/"
  },
  {
    "id": "106755581593978",
    "name": "Kyiv, Ukraine",
    "city": "Chokolivka",
    "url": "https://www.instagram.com/explore/locations/106755581593978/kyiv-ukraine/"
  },
  {
    "id": "1840259806211946",
    "name": "InLight Studios",
    "city": "Chokolivka",
    "url": "https://www.instagram.com/explore/locations/1840259806211946/inlight-studios/"
  },
  {
    "id": "213250886",
    "name": "Kyiv International Airport",
    "city": "Chokolivka",
    "url": "https://www.instagram.com/explore/locations/213250886/kyiv-international-airport/"
  },
  {
    "id": "285252355",
    "name": "Mercure Kyiv Congress Hotel",
    "city": "Chokolivka",
    "url": "https://www.instagram.com/explore/locations/285252355/mercure-kyiv-congress-hotel/"
  },
  {
    "id": "1049611678464463",
    "name": "Par Bar ²",
    "city": "Chokolivka",
    "url": "https://www.instagram.com/explore/locations/1049611678464463/par-bar-2/"
  },
  {
    "id": "1628309547405402",
    "name": "Vidradnyi",
    "city": "Chokolivka",
    "url": "https://www.instagram.com/explore/locations/1628309547405402/vidradnyi/"
  },
  {
    "id": "226470611",
    "name": "Dance Centre Myway",
    "city": "Chokolivka",
    "url": "https://www.instagram.com/explore/locations/226470611/dance-centre-myway/"
  },
  {
    "id": "696994942",
    "name": "Kyiv Aeroport Juliani",
    "city": "Chokolivka",
    "url": "https://www.instagram.com/explore/locations/696994942/kyiv-aeroport-juliani/"
  },
  {
    "id": "255686387",
    "name": "Very Well Cafe",
    "city": "Chokolivka",
    "url": "https://www.instagram.com/explore/locations/255686387/very-well-cafe/"
  },
  {
    "id": "215173545",
    "name": "ORLY PARK",
    "city": "Chokolivka",
    "url": "https://www.instagram.com/explore/locations/215173545/orly-park/"
  },
  {
    "id": "107498574043454",
    "name": "Настройка рекламы от PavelZinchenko",
    "city": "Chokolivka",
    "url": "https://www.instagram.com/explore/locations/107498574043454/pavelzinchenko/"
  },
  {
    "id": "268767975",
    "name": "Sportlife Индустриальный",
    "city": "Chokolivka",
    "url": "https://www.instagram.com/explore/locations/268767975/sportlife/"
  },
  {
    "id": "394485470",
    "name": "ISIDA clinic",
    "city": "Chokolivka",
    "url": "https://www.instagram.com/explore/locations/394485470/isida-clinic/"
  },
  {
    "id": "250117837",
    "name": "Ukraine State Aviation Museum",
    "city": "Chokolivka",
    "url": "https://www.instagram.com/explore/locations/250117837/ukraine-state-aviation-museum/"
  },
  {
    "id": "1015174787",
    "name": "Saxon Club",
    "city": "Chokolivka",
    "url": "https://www.instagram.com/explore/locations/1015174787/saxon-club/"
  },
  {
    "id": "249155124",
    "name": "Vasylkivska",
    "city": "Chokolivka",
    "url": "https://www.instagram.com/explore/locations/249155124/vasylkivska/"
  },
  {
    "id": "104054591232261",
    "name": "Аеропорт Київ - Kyiv Sikorsky Airport",
    "city": "Chokolivka",
    "url": "https://www.instagram.com/explore/locations/104054591232261/-kyiv-sikorsky-airport/"
  },
  {
    "id": "485583280",
    "name": "Lviv",
    "city": "Chokolivka",
    "url": "https://www.instagram.com/explore/locations/485583280/lviv/"
  },
  {
    "id": "1333961666719950",
    "name": "Аеропорт Київ - Аэропорт Киев Жуляны Global Digital Life",
    "city": "Chokolivka",
    "url": "https://www.instagram.com/explore/locations/1333961666719950/-global-digital-life/"
  },
  {
    "id": "174771655905141",
    "name": "Forsage Dance Club",
    "city": "Chokolivka",
    "url": "https://www.instagram.com/explore/locations/174771655905141/forsage-dance-club/"
  },
  {
    "id": "199781070645775",
    "name": "5 Роддом Киев",
    "city": "Chokolivka",
    "url": "https://www.instagram.com/explore/locations/199781070645775/5/"
  },
  {
    "id": "153168858497881",
    "name": "Lightfield.Productions",
    "city": "Chokolivka",
    "url": "https://www.instagram.com/explore/locations/153168858497881/lightfieldproductions/"
  },
  {
    "id": "1052953374858569",
    "name": "Volume Club",
    "city": "Chokolivka",
    "url": "https://www.instagram.com/explore/locations/1052953374858569/volume-club/"
  },
  {
    "id": "2072336446110178",
    "name": "Topone",
    "city": "Chokolivka",
    "url": "https://www.instagram.com/explore/locations/2072336446110178/topone/"
  },
  {
    "id": "262230875",
    "name": "Kyiv National University of Construction and Architecture",
    "city": "Chokolivka",
    "url": "https://www.instagram.com/explore/locations/262230875/kyiv-national-university-of-construction-and-architecture/"
  },
  {
    "id": "221011354",
    "name": "КНУБА - КИСИ",
    "city": "Chokolivka",
    "url": "https://www.instagram.com/explore/locations/221011354/-/"
  },
  {
    "id": "1028438828",
    "name": "Аеропорт Київ -Kyiv Sikorsky Airport",
    "city": "Chokolivka",
    "url": "https://www.instagram.com/explore/locations/1028438828/-kyiv-sikorsky-airport/"
  },
  {
    "id": "697223853810794",
    "name": "Imagestudio.kyiv",
    "city": "Chokolivka",
    "url": "https://www.instagram.com/explore/locations/697223853810794/imagestudiokyiv/"
  },
  {
    "id": "430462493",
    "name": "Los-Solomas",
    "city": "Chokolivka",
    "url": "https://www.instagram.com/explore/locations/430462493/los-solomas/"
  },
  {
    "id": "100377828446290",
    "name": "FIFTY ICE",
    "city": "Chokolivka",
    "url": "https://www.instagram.com/explore/locations/100377828446290/fifty-ice/"
  },
  {
    "id": "308712082940116",
    "name": "Київський міський пологовий будинок 5",
    "city": "Chokolivka",
    "url": "https://www.instagram.com/explore/locations/308712082940116/5/"
  },
  {
    "id": "214486453",
    "name": "Ресторан Lucca",
    "city": "Chokolivka",
    "url": "https://www.instagram.com/explore/locations/214486453/lucca/"
  },
  {
    "id": "325891611153455",
    "name": "Добробут Лікувально-Діагностичний центр для дітей та Дорослих",
    "city": "Chokolivka",
    "url": "https://www.instagram.com/explore/locations/325891611153455/-/"
  },
  {
    "id": "102612161183582",
    "name": "Fight Academy",
    "city": "Chokolivka",
    "url": "https://www.instagram.com/explore/locations/102612161183582/fight-academy/"
  },
  {
    "id": "630701996",
    "name": "Фитнес-центр \"Fitness Expert\"",
    "city": "Chokolivka",
    "url": "https://www.instagram.com/explore/locations/630701996/-fitness-expert/"
  },
  {
    "id": "42823319",
    "name": "Лебедева-Кумача",
    "city": "Chokolivka",
    "url": "https://www.instagram.com/explore/locations/42823319/-/"
  },
  {
    "id": "113089023450809",
    "name": "My Ukraine",
    "city": "Chokolivka",
    "url": "https://www.instagram.com/explore/locations/113089023450809/my-ukraine/"
  },
  {
    "id": "1029051137",
    "name": "HUB 4.0",
    "city": "Chokolivka",
    "url": "https://www.instagram.com/explore/locations/1029051137/hub-40/"
  },
  {
    "id": "1455444961165934",
    "name": "Фотостудія Рококо - Rococo Studio",
    "city": "Chokolivka",
    "url": "https://www.instagram.com/explore/locations/1455444961165934/-rococo-studio/"
  },
  {
    "id": "587643607",
    "name": "Nightcity",
    "city": "Chokolivka",
    "url": "https://www.instagram.com/explore/locations/587643607/nightcity/"
  },
  {
    "id": "240498332",
    "name": "Роддом N 5",
    "city": "Chokolivka",
    "url": "https://www.instagram.com/explore/locations/240498332/n-5/"
  },
  {
    "id": "466594903699153",
    "name": "Повітрофлотський пр-т",
    "city": "Chokolivka",
    "url": "https://www.instagram.com/explore/locations/466594903699153/-/"
  },
  {
    "id": "1022590959",
    "name": "Торгово-развлекательный центр \"Мармелад\"",
    "city": "Chokolivka",
    "url": "https://www.instagram.com/explore/locations/1022590959/-/"
  },
  {
    "id": "823756681300007",
    "name": "KINOMAN",
    "city": "Chokolivka",
    "url": "https://www.instagram.com/explore/locations/823756681300007/kinoman/"
  },
  {
    "id": "479180132452116",
    "name": "Atlant Gym",
    "city": "Chokolivka",
    "url": "https://www.instagram.com/explore/locations/479180132452116/atlant-gym/"
  },
  {
    "id": "256962314962593",
    "name": "Gallifrey",
    "city": "Chokolivka",
    "url": "https://www.instagram.com/explore/locations/256962314962593/gallifrey/"
  },
  {
    "id": "1922689741294848",
    "name": "Muscle GYM",
    "city": "Chokolivka",
    "url": "https://www.instagram.com/explore/locations/1922689741294848/muscle-gym/"
  },
  {
    "id": "1033035523456411",
    "name": "Nikko Fight Club",
    "city": "Chokolivka",
    "url": "https://www.instagram.com/explore/locations/1033035523456411/nikko-fight-club/"
  },
  {
    "id": "1668929226751617",
    "name": "Forsage Dance Club 2",
    "city": "Chokolivka",
    "url": "https://www.instagram.com/explore/locations/1668929226751617/forsage-dance-club-2/"
  },
  {
    "id": "296201750",
    "name": "Heroyiv Sevastopolya",
    "city": "Chokolivka",
    "url": "https://www.instagram.com/explore/locations/296201750/heroyiv-sevastopolya/"
  },
  {
    "id": "188978898473676",
    "name": "ЖК The Lakes",
    "city": "Chokolivka",
    "url": "https://www.instagram.com/explore/locations/188978898473676/the-lakes/"
  },
  {
    "id": "504517731",
    "name": "Oushen Plaza",
    "city": "Chokolivka",
    "url": "https://www.instagram.com/explore/locations/504517731/oushen-plaza/"
  },
  {
    "id": "1852535861704443",
    "name": "Gaga На Васильковской",
    "city": "Chokolivka",
    "url": "https://www.instagram.com/explore/locations/1852535861704443/gaga/"
  },
  {
    "id": "1556134017994677",
    "name": "Державний університет інформаційно-комунікаційних технологій",
    "city": "Chokolivka",
    "url": "https://www.instagram.com/explore/locations/1556134017994677/-/"
  },
  {
    "id": "279919205676952",
    "name": "Papa Feta",
    "city": "Chokolivka",
    "url": "https://www.instagram.com/explore/locations/279919205676952/papa-feta/"
  },
  {
    "id": "992454819",
    "name": "Салон красоты Klymazone",
    "city": "Chokolivka",
    "url": "https://www.instagram.com/explore/locations/992454819/klymazone/"
  },
  {
    "id": "102757341486426",
    "name": "Flying high",
    "city": "Chokolivka",
    "url": "https://www.instagram.com/explore/locations/102757341486426/flying-high/"
  },
  {
    "id": "1258790047573156",
    "name": "Beauty Bar BB",
    "city": "Chokolivka",
    "url": "https://www.instagram.com/explore/locations/1258790047573156/beauty-bar-bb/"
  },
  {
    "id": "1662397707357046",
    "name": "Салон GRANAT",
    "city": "Chokolivka",
    "url": "https://www.instagram.com/explore/locations/1662397707357046/granat/"
  },
  {
    "id": "244483470",
    "name": "Gym Fit",
    "city": "Chokolivka",
    "url": "https://www.instagram.com/explore/locations/244483470/gym-fit/"
  },
  {
    "id": "292728221443851",
    "name": "Проспект Лобановского 6А",
    "city": "Chokolivka",
    "url": "https://www.instagram.com/explore/locations/292728221443851/6/"
  },
  {
    "id": "321707411807527",
    "name": "Beauty clinic “Dr.Darovskaya”",
    "city": "Chokolivka",
    "url": "https://www.instagram.com/explore/locations/321707411807527/beauty-clinic-drdarovskaya/"
  },
  {
    "id": "1021024674",
    "name": "Скеледром Funattic",
    "city": "Chokolivka",
    "url": "https://www.instagram.com/explore/locations/1021024674/funattic/"
  },
  {
    "id": "385882770",
    "name": "Ресторан-броварня «Cosmopolite»",
    "city": "Chokolivka",
    "url": "https://www.instagram.com/explore/locations/385882770/-cosmopolite/"
  },
  {
    "id": "107729997710381",
    "name": "Inlight",
    "city": "Chokolivka",
    "url": "https://www.instagram.com/explore/locations/107729997710381/inlight/"
  },
  {
    "id": "418402512",
    "name": "Школа beauty професій Fiji",
    "city": "Chokolivka",
    "url": "https://www.instagram.com/explore/locations/418402512/beauty-fiji/"
  },
  {
    "id": "524129507937457",
    "name": "Михаила Донца 2а",
    "city": "Chokolivka",
    "url": "https://www.instagram.com/explore/locations/524129507937457/2/"
  },
  {
    "id": "689989567828942",
    "name": "ЖК Time",
    "city": "Chokolivka",
    "url": "https://www.instagram.com/explore/locations/689989567828942/time/"
  },
  {
    "id": "527889684081641",
    "name": "Vozna.ua",
    "city": "Chokolivka",
    "url": "https://www.instagram.com/explore/locations/527889684081641/voznaua/"
  },
  {
    "id": "108895935594006",
    "name": "Apollo Next",
    "city": "Chokolivka",
    "url": "https://www.instagram.com/explore/locations/108895935594006/apollo-next/"
  },
  {
    "id": "1014439597",
    "name": "DEPO Salsa Grill Restaurant",
    "city": "Chokolivka",
    "url": "https://www.instagram.com/explore/locations/1014439597/depo-salsa-grill-restaurant/"
  },
  {
    "id": "1022462064",
    "name": "Odri Beauty салон красоты",
    "city": "Chokolivka",
    "url": "https://www.instagram.com/explore/locations/1022462064/odri-beauty/"
  },
  {
    "id": "698862583778469",
    "name": "National Aviation University",
    "city": "Chokolivka",
    "url": "https://www.instagram.com/explore/locations/698862583778469/national-aviation-university/"
  },
  {
    "id": "1020420842",
    "name": "Beauty HUB",
    "city": "Chokolivka",
    "url": "https://www.instagram.com/explore/locations/1020420842/beauty-hub/"
  },
  {
    "id": "236118976423888",
    "name": "Скинія - християнська церква",
    "city": "Chokolivka",
    "url": "https://www.instagram.com/explore/locations/236118976423888/-/"
  },
  {
    "id": "102380734580402",
    "name": "Svoi Arena Sports&Events",
    "city": "Chokolivka",
    "url": "https://www.instagram.com/explore/locations/102380734580402/svoi-arena-sportsevents/"
  },
  {
    "id": "881021723",
    "name": "Fitnesslife",
    "city": "Chokolivka",
    "url": "https://www.instagram.com/explore/locations/881021723/fitnesslife/"
  },
  {
    "id": "170956232925992",
    "name": "НАУ (National Aviation University)",
    "city": "Chokolivka",
    "url": "https://www.instagram.com/explore/locations/170956232925992/national-aviation-university/"
  },
  {
    "id": "1447582748672816",
    "name": "Solomenka.kiev",
    "city": "Chokolivka",
    "url": "https://www.instagram.com/explore/locations/1447582748672816/solomenkakiev/"
  },
  {
    "id": "618703855217244",
    "name": "Sikorsky Kyiv International Airport",
    "city": "Chokolivka",
    "url": "https://www.instagram.com/explore/locations/618703855217244/sikorsky-kyiv-international-airport/"
  },
  {
    "id": "105197061163114",
    "name": "Way up",
    "city": "Chokolivka",
    "url": "https://www.instagram.com/explore/locations/105197061163114/way-up/"
  },
  {
    "id": "276927983",
    "name": "Bionica Club",
    "city": "Chokolivka",
    "url": "https://www.instagram.com/explore/locations/276927983/bionica-club/"
  },
  {
    "id": "263755738",
    "name": "Медгородок.больница 6",
    "city": "Chokolivka",
    "url": "https://www.instagram.com/explore/locations/263755738/6/"
  },
  {
    "id": "215357598",
    "name": "Sevastopolska Square",
    "city": "Chokolivka",
    "url": "https://www.instagram.com/explore/locations/215357598/sevastopolska-square/"
  },
  {
    "id": "100876572790158",
    "name": "Genesis - Багатопрофільний ветеринарний шпиталь",
    "city": "Chokolivka",
    "url": "https://www.instagram.com/explore/locations/100876572790158/genesis-/"
  },
  {
    "id": "106478301738088",
    "name": "Escp.90",
    "city": "Chokolivka",
    "url": "https://www.instagram.com/explore/locations/106478301738088/escp90/"
  },
  {
    "id": "250598844968118",
    "name": "Seven Seas",
    "city": "Chokolivka",
    "url": "https://www.instagram.com/explore/locations/250598844968118/seven-seas/"
  },
  {
    "id": "902479027",
    "name": "ARENA",
    "city": "Chokolivka",
    "url": "https://www.instagram.com/explore/locations/902479027/arena/"
  },
  {
    "id": "109981447458049",
    "name": "Dediko",
    "city": "Chokolivka",
    "url": "https://www.instagram.com/explore/locations/109981447458049/dediko/"
  },
  {
    "id": "213403153",
    "name": "NAU Informal",
    "city": "Chokolivka",
    "url": "https://www.instagram.com/explore/locations/213403153/nau-informal/"
  },
  {
    "id": "272863360",
    "name": "FILETTO",
    "city": "Chokolivka",
    "url": "https://www.instagram.com/explore/locations/272863360/filetto/"
  },
  {
    "id": "103981721191417",
    "name": "Forum City Garden",
    "city": "Chokolivka",
    "url": "https://www.instagram.com/explore/locations/103981721191417/forum-city-garden/"
  },
  {
    "id": "479784741",
    "name": "Конгрес-Холл Комсмополит",
    "city": "Chokolivka",
    "url": "https://www.instagram.com/explore/locations/479784741/-/"
  },
  {
    "id": "274475195",
    "name": "İbiza",
    "city": "Chokolivka",
    "url": "https://www.instagram.com/explore/locations/274475195/ibiza/"
  },
  {
    "id": "5849868",
    "name": "Bionica",
    "city": "Chokolivka",
    "url": "https://www.instagram.com/explore/locations/5849868/bionica/"
  },
  {
    "id": "1013950505",
    "name": "Сеть фитнес-клубов GymFit",
    "city": "Chokolivka",
    "url": "https://www.instagram.com/explore/locations/1013950505/-gymfit/"
  },
  {
    "id": "33034916",
    "name": "Школа 64",
    "city": "Chokolivka",
    "url": "https://www.instagram.com/explore/locations/33034916/64/"
  },
  {
    "id": "1021494031",
    "name": "Kodi Professional Ukraine",
    "city": "Chokolivka",
    "url": "https://www.instagram.com/explore/locations/1021494031/kodi-professional-ukraine/"
  },
  {
    "id": "32783427",
    "name": "Royal Congress Hotel",
    "city": "Chokolivka",
    "url": "https://www.instagram.com/explore/locations/32783427/royal-congress-hotel/"
  },
  {
    "id": "850903701754696",
    "name": "Міжнародна академія Kodi Professional",
    "city": "Chokolivka",
    "url": "https://www.instagram.com/explore/locations/850903701754696/kodi-professional/"
  },
  {
    "id": "622614835034455",
    "name": "Привет из 90х",
    "city": "Chokolivka",
    "url": "https://www.instagram.com/explore/locations/622614835034455/90/"
  },
  {
    "id": "186692784848340",
    "name": "Forward Фитнес Центр",
    "city": "Chokolivka",
    "url": "https://www.instagram.com/explore/locations/186692784848340/forward/"
  },
  {
    "id": "295647634605453",
    "name": "GAGA",
    "city": "Chokolivka",
    "url": "https://www.instagram.com/explore/locations/295647634605453/gaga/"
  },
  {
    "id": "213378933",
    "name": "Saxon Club",
    "city": "Chokolivka",
    "url": "https://www.instagram.com/explore/locations/213378933/saxon-club/"
  },
  {
    "id": "1028170989",
    "name": "Istok Studio",
    "city": "Chokolivka",
    "url": "https://www.instagram.com/explore/locations/1028170989/istok-studio/"
  },
  {
    "id": "834308490243746",
    "name": "ЖК Ok'land",
    "city": "Chokolivka",
    "url": "https://www.instagram.com/explore/locations/834308490243746/okland/"
  },
  {
    "id": "636185153234748",
    "name": "VRM Васильковская",
    "city": "Chokolivka",
    "url": "https://www.instagram.com/explore/locations/636185153234748/vrm/"
  },
  {
    "id": "21439335",
    "name": "Very Well Cafe",
    "city": "Chokolivka",
    "url": "https://www.instagram.com/explore/locations/21439335/very-well-cafe/"
  },
  {
    "id": "944778015",
    "name": "SAIS студія краси",
    "city": "Chokolivka",
    "url": "https://www.instagram.com/explore/locations/944778015/sais/"
  },
  {
    "id": "573995746335278",
    "name": "Ул. Голего, 5",
    "city": "Chokolivka",
    "url": "https://www.instagram.com/explore/locations/573995746335278/5/"
  },
  {
    "id": "1029076510",
    "name": "Ул. Вадима Гетьмана, 27",
    "city": "Chokolivka",
    "url": "https://www.instagram.com/explore/locations/1029076510/27/"
  },
  {
    "id": "264706617362725",
    "name": "TIME BAR",
    "city": "Chokolivka",
    "url": "https://www.instagram.com/explore/locations/264706617362725/time-bar/"
  },
  {
    "id": "2074411522839525",
    "name": "Pesto Cafe Arkadia на Борщагівській",
    "city": "Chokolivka",
    "url": "https://www.instagram.com/explore/locations/2074411522839525/pesto-cafe-arkadia/"
  },
  {
    "id": "1054451084625374",
    "name": "Солом'янський район - Київ Тайм",
    "city": "Chokolivka",
    "url": "https://www.instagram.com/explore/locations/1054451084625374/-/"
  },
  {
    "id": "100814392353967",
    "name": "riotstudiokyiv",
    "city": "Chokolivka",
    "url": "https://www.instagram.com/explore/locations/100814392353967/riotstudiokyiv/"
  },
  {
    "id": "152532902202441",
    "name": "Ukrainian Global School",
    "city": "Chokolivka",
    "url": "https://www.instagram.com/explore/locations/152532902202441/ukrainian-global-school/"
  },
  {
    "id": "1015973044",
    "name": "East European School of Osteopathy",
    "city": "Chokolivka",
    "url": "https://www.instagram.com/explore/locations/1015973044/east-european-school-of-osteopathy/"
  },
  {
    "id": "861366940664551",
    "name": "International Department of the USFSU - УДФСУ",
    "city": "Chokolivka",
    "url": "https://www.instagram.com/explore/locations/861366940664551/international-department-of-the-usfsu-/"
  },
  {
    "id": "107787071463088",
    "name": "AV sport",
    "city": "Chokolivka",
    "url": "https://www.instagram.com/explore/locations/107787071463088/av-sport/"
  },
  {
    "id": "238282491",
    "name": "IQ Hotel, Kiev",
    "city": "Chokolivka",
    "url": "https://www.instagram.com/explore/locations/238282491/iq-hotel-kiev/"
  },
  {
    "id": "636323913154668",
    "name": "Alvi Prague",
    "city": "Chokolivka",
    "url": "https://www.instagram.com/explore/locations/636323913154668/alvi-prague/"
  },
  {
    "id": "1896755237317216",
    "name": "DentOst",
    "city": "Chokolivka",
    "url": "https://www.instagram.com/explore/locations/1896755237317216/dentost/"
  },
  {
    "id": "29336872",
    "name": "Innovecs Ukraine",
    "city": "Chokolivka",
    "url": "https://www.instagram.com/explore/locations/29336872/innovecs-ukraine/"
  },
  {
    "id": "1872497999722980",
    "name": "The Garrison Barbershop",
    "city": "Chokolivka",
    "url": "https://www.instagram.com/explore/locations/1872497999722980/the-garrison-barbershop/"
  },
  {
    "id": "775644765963408",
    "name": "Клуб Мангуст- Киев",
    "city": "Chokolivka",
    "url": "https://www.instagram.com/explore/locations/775644765963408/-/"
  },
  {
    "id": "9196189",
    "name": "Iнститут Пiслядипломноi Освiти КНУ імені Тараса Шевченко",
    "city": "Chokolivka",
    "url": "https://www.instagram.com/explore/locations/9196189/i-ii-i/"
  },
  {
    "id": "5794324",
    "name": "Itis Flowers Cafe",
    "city": "Chokolivka",
    "url": "https://www.instagram.com/explore/locations/5794324/itis-flowers-cafe/"
  },
  {
    "id": "223264139",
    "name": "Бизнес-центр Compass-FM",
    "city": "Chokolivka",
    "url": "https://www.instagram.com/explore/locations/223264139/-compass-fm/"
  },
  {
    "id": "1026309450",
    "name": "Моя Мова - Логопедія",
    "city": "Chokolivka",
    "url": "https://www.instagram.com/explore/locations/1026309450/-/"
  },
  {
    "id": "1966319573623933",
    "name": "Nails Room Соломенка",
    "city": "Chokolivka",
    "url": "https://www.instagram.com/explore/locations/1966319573623933/nails-room/"
  },
  {
    "id": "103356347869479",
    "name": "Hunters Garage",
    "city": "Chokolivka",
    "url": "https://www.instagram.com/explore/locations/103356347869479/hunters-garage/"
  },
  {
    "id": "421721951",
    "name": "Backstage Art Space",
    "city": "Chokolivka",
    "url": "https://www.instagram.com/explore/locations/421721951/backstage-art-space/"
  },
  {
    "id": "234876265",
    "name": "173 Школа",
    "city": "Chokolivka",
    "url": "https://www.instagram.com/explore/locations/234876265/173/"
  },
  {
    "id": "102133385648540",
    "name": "Sorry Vegans",
    "city": "Chokolivka",
    "url": "https://www.instagram.com/explore/locations/102133385648540/sorry-vegans/"
  },
  {
    "id": "542283352532085",
    "name": "espreso.tv",
    "city": "Chokolivka",
    "url": "https://www.instagram.com/explore/locations/542283352532085/espresotv/"
  },
  {
    "id": "1302910",
    "name": "McDonald's",
    "city": "Chokolivka",
    "url": "https://www.instagram.com/explore/locations/1302910/mcdonalds/"
  },
  {
    "id": "235061652",
    "name": "Maidan",
    "city": "Chokolivka",
    "url": "https://www.instagram.com/explore/locations/235061652/maidan/"
  },
  {
    "id": "562998150",
    "name": "Dominion Business Park",
    "city": "Chokolivka",
    "url": "https://www.instagram.com/explore/locations/562998150/dominion-business-park/"
  },
  {
    "id": "531924121",
    "name": "Depositphotos UA Office",
    "city": "Chokolivka",
    "url": "https://www.instagram.com/explore/locations/531924121/depositphotos-ua-office/"
  },
  {
    "id": "104567804704370",
    "name": "InLight Academy - Фотоакадемія Інлайт",
    "city": "Chokolivka",
    "url": "https://www.instagram.com/explore/locations/104567804704370/inlight-academy-/"
  },
  {
    "id": "100383268035318",
    "name": "GoBeauty Studios Ukraine",
    "city": "Chokolivka",
    "url": "https://www.instagram.com/explore/locations/100383268035318/gobeauty-studios-ukraine/"
  },
  {
    "id": "980195955474786",
    "name": "Visiobud",
    "city": "Chokolivka",
    "url": "https://www.instagram.com/explore/locations/980195955474786/visiobud/"
  },
  {
    "id": "239066893",
    "name": "Тимурgym",
    "city": "Chokolivka",
    "url": "https://www.instagram.com/explore/locations/239066893/gym/"
  },
  {
    "id": "6861758",
    "name": "Школа 15",
    "city": "Chokolivka",
    "url": "https://www.instagram.com/explore/locations/6861758/15/"
  },
  {
    "id": "501917876",
    "name": "Телеканал \"newsone\"",
    "city": "Chokolivka",
    "url": "https://www.instagram.com/explore/locations/501917876/newsone/"
  },
  {
    "id": "221994797",
    "name": "Music Box Ukraine",
    "city": "Chokolivka",
    "url": "https://www.instagram.com/explore/locations/221994797/music-box-ukraine/"
  },
  {
    "id": "117745319984391",
    "name": "Rooftop Hub Kyiv",
    "city": "Chokolivka",
    "url": "https://www.instagram.com/explore/locations/117745319984391/rooftop-hub-kyiv/"
  },
  {
    "id": "1099199456897580",
    "name": "Mercure Congress Centre",
    "city": "Chokolivka",
    "url": "https://www.instagram.com/explore/locations/1099199456897580/mercure-congress-centre/"
  },
  {
    "id": "496735987183677",
    "name": "Flora Hub",
    "city": "Chokolivka",
    "url": "https://www.instagram.com/explore/locations/496735987183677/flora-hub/"
  },
  {
    "id": "101682378355953",
    "name": "Алко-тур",
    "city": "Chokolivka",
    "url": "https://www.instagram.com/explore/locations/101682378355953/-/"
  },
  {
    "id": "282387044",
    "name": "International Airport \"KyivBusiness Terminal B",
    "city": "Chokolivka",
    "url": "https://www.instagram.com/explore/locations/282387044/international-airport-kyivbusiness-terminal-b/"
  },
  {
    "id": "428379730958039",
    "name": "ICSI Clinic — клініка репродуктивного здоровʼя",
    "city": "Chokolivka",
    "url": "https://www.instagram.com/explore/locations/428379730958039/icsi-clinic/"
  },
  {
    "id": "109195610938131",
    "name": "Diamond City",
    "city": "Chokolivka",
    "url": "https://www.instagram.com/explore/locations/109195610938131/diamond-city/"
  },
  {
    "id": "491593342",
    "name": "Гимназия Миллениум 318",
    "city": "Chokolivka",
    "url": "https://www.instagram.com/explore/locations/491593342/318/"
  },
  {
    "id": "1024935028",
    "name": "Hochu - Студия маникюра",
    "city": "Chokolivka",
    "url": "https://www.instagram.com/explore/locations/1024935028/hochu-/"
  },
  {
    "id": "304986880113453",
    "name": "ул. Соломенская 1",
    "city": "Chokolivka",
    "url": "https://www.instagram.com/explore/locations/304986880113453/1/"
  },
  {
    "id": "237945441",
    "name": "Краснозвездный П-Т",
    "city": "Chokolivka",
    "url": "https://www.instagram.com/explore/locations/237945441/-/"
  },
  {
    "id": "1440183562711157",
    "name": "BMW Україна",
    "city": "Chokolivka",
    "url": "https://www.instagram.com/explore/locations/1440183562711157/bmw/"
  },
  {
    "id": "1018927611",
    "name": "Стоматологія Iris Dent",
    "city": "Chokolivka",
    "url": "https://www.instagram.com/explore/locations/1018927611/iris-dent/"
  },
  {
    "id": "447159939",
    "name": "EkBakery",
    "city": "Chokolivka",
    "url": "https://www.instagram.com/explore/locations/447159939/ekbakery/"
  },
  {
    "id": "1002750651",
    "name": "LuxPRO",
    "city": "Chokolivka",
    "url": "https://www.instagram.com/explore/locations/1002750651/luxpro/"
  },
  {
    "id": "104123178203001",
    "name": "Аеродром Flagman",
    "city": "Chokolivka",
    "url": "https://www.instagram.com/explore/locations/104123178203001/flagman/"
  },
  {
    "id": "109259031939362",
    "name": "Медичний центр ISIDA clinic",
    "city": "Chokolivka",
    "url": "https://www.instagram.com/explore/locations/109259031939362/isida-clinic/"
  },
  {
    "id": "286102314",
    "name": "Бизнес-Центр \"Eleven\"",
    "city": "Chokolivka",
    "url": "https://www.instagram.com/explore/locations/286102314/-eleven/"
  },
  {
    "id": "365110507",
    "name": "Медичний центр \"ОКО-Плюс\"",
    "city": "Chokolivka",
    "url": "https://www.instagram.com/explore/locations/365110507/-/"
  },
  {
    "id": "106622144388499",
    "name": "One Location",
    "city": "Chokolivka",
    "url": "https://www.instagram.com/explore/locations/106622144388499/one-location/"
  },
  {
    "id": "204959013618240",
    "name": "Ukraine Aviation Museum",
    "city": "Chokolivka",
    "url": "https://www.instagram.com/explore/locations/204959013618240/ukraine-aviation-museum/"
  },
  {
    "id": "1435179766603416",
    "name": "Fitness24h - Кадетський Гай, 6",
    "city": "Chokolivka",
    "url": "https://www.instagram.com/explore/locations/1435179766603416/fitness24h-6/"
  },
  {
    "id": "349920605470337",
    "name": "ЖК Family&Friends",
    "city": "Chokolivka",
    "url": "https://www.instagram.com/explore/locations/349920605470337/familyfriends/"
  },
  {
    "id": "1027591414",
    "name": "Karse Group",
    "city": "Chokolivka",
    "url": "https://www.instagram.com/explore/locations/1027591414/karse-group/"
  },
  {
    "id": "114209713461058",
    "name": "ZLOY",
    "city": "Chokolivka",
    "url": "https://www.instagram.com/explore/locations/114209713461058/zloy/"
  },
  {
    "id": "227272517",
    "name": "Just Relax",
    "city": "Chokolivka",
    "url": "https://www.instagram.com/explore/locations/227272517/just-relax/"
  },
  {
    "id": "943256329",
    "name": "Game Inn",
    "city": "Chokolivka",
    "url": "https://www.instagram.com/explore/locations/943256329/game-inn/"
  },
  {
    "id": "1019010038",
    "name": "Linas caffe",
    "city": "Chokolivka",
    "url": "https://www.instagram.com/explore/locations/1019010038/linas-caffe/"
  },
  {
    "id": "249683977",
    "name": "Ул. Борщаговская, 154",
    "city": "Chokolivka",
    "url": "https://www.instagram.com/explore/locations/249683977/154/"
  },
  {
    "id": "2301402143408157",
    "name": "Gatta Dance - студія танцю на пілоні у Києві",
    "city": "Chokolivka",
    "url": "https://www.instagram.com/explore/locations/2301402143408157/gatta-dance-/"
  },
  {
    "id": "102614318552080",
    "name": "IQ Hotel",
    "city": "Chokolivka",
    "url": "https://www.instagram.com/explore/locations/102614318552080/iq-hotel/"
  },
  {
    "id": "143189019732265",
    "name": "True Cars",
    "city": "Chokolivka",
    "url": "https://www.instagram.com/explore/locations/143189019732265/true-cars/"
  },
  {
    "id": "45397193",
    "name": "Linas",
    "city": "Chokolivka",
    "url": "https://www.instagram.com/explore/locations/45397193/linas/"
  },
  {
    "id": "396591246",
    "name": "Планета Дитинства - Мережа розвиваючих закладів",
    "city": "Chokolivka",
    "url": "https://www.instagram.com/explore/locations/396591246/-/"
  },
  {
    "id": "2287105044897973",
    "name": "SHADE.Kyiv",
    "city": "Chokolivka",
    "url": "https://www.instagram.com/explore/locations/2287105044897973/shadekyiv/"
  },
  {
    "id": "504616635",
    "name": "Yamamoto Dental Group",
    "city": "Chokolivka",
    "url": "https://www.instagram.com/explore/locations/504616635/yamamoto-dental-group/"
  },
  {
    "id": "102294965428991",
    "name": "ТЦ Arkadia Борщагівська",
    "city": "Chokolivka",
    "url": "https://www.instagram.com/explore/locations/102294965428991/arkadia/"
  },
  {
    "id": "100711308566445",
    "name": "Fujiwara Yoshi",
    "city": "Chokolivka",
    "url": "https://www.instagram.com/explore/locations/100711308566445/fujiwara-yoshi/"
  },
  {
    "id": "382379379167348",
    "name": "Moon Records",
    "city": "Chokolivka",
    "url": "https://www.instagram.com/explore/locations/382379379167348/moon-records/"
  },
  {
    "id": "103104517867624",
    "name": "Ramen vs Marketing",
    "city": "Chokolivka",
    "url": "https://www.instagram.com/explore/locations/103104517867624/ramen-vs-marketing/"
  },
  {
    "id": "264098713",
    "name": "Добробут / Dobrobut Medical Care",
    "city": "Chokolivka",
    "url": "https://www.instagram.com/explore/locations/264098713/dobrobut-medical-care/"
  },
  {
    "id": "112127000201440",
    "name": "MO13tattoo",
    "city": "Chokolivka",
    "url": "https://www.instagram.com/explore/locations/112127000201440/mo13tattoo/"
  },
  {
    "id": "213603730",
    "name": "National Aviation University",
    "city": "Chokolivka",
    "url": "https://www.instagram.com/explore/locations/213603730/national-aviation-university/"
  },
  {
    "id": "727914736",
    "name": "Kyiv International Airport (Zhuliany)",
    "city": "Chokolivka",
    "url": "https://www.instagram.com/explore/locations/727914736/kyiv-international-airport-zhuliany/"
  },
  {
    "id": "1580898122208649",
    "name": "Фітнес клуб Steel Gym",
    "city": "Chokolivka",
    "url": "https://www.instagram.com/explore/locations/1580898122208649/steel-gym/"
  },
  {
    "id": "301847714063508",
    "name": "NOVUS",
    "city": "Chokolivka",
    "url": "https://www.instagram.com/explore/locations/301847714063508/novus/"
  },
  {
    "id": "318747155415673",
    "name": "Эрнста 16-Б, ЖКЖемчужина Кадетского Гая",
    "city": "Chokolivka",
    "url": "https://www.instagram.com/explore/locations/318747155415673/16-/"
  },
  {
    "id": "177626249430208",
    "name": "Mi Corazon",
    "city": "Chokolivka",
    "url": "https://www.instagram.com/explore/locations/177626249430208/mi-corazon/"
  },
  {
    "id": "237021884",
    "name": "Леваневского 9 Киев",
    "city": "Chokolivka",
    "url": "https://www.instagram.com/explore/locations/237021884/9/"
  },
  {
    "id": "1299852373409830",
    "name": "Gastro Party Bar Karman",
    "city": "Chokolivka",
    "url": "https://www.instagram.com/explore/locations/1299852373409830/gastro-party-bar-karman/"
  },
  {
    "id": "2921087111242167",
    "name": "Комунальне некомерційне підприємство \"Київська міська клінічна лікарня #4\"",
    "city": "Chokolivka",
    "url": "https://www.instagram.com/explore/locations/2921087111242167/4/"
  },
  {
    "id": "155800725000796",
    "name": "Devil Tattoo Studio",
    "city": "Chokolivka",
    "url": "https://www.instagram.com/explore/locations/155800725000796/devil-tattoo-studio/"
  },
  {
    "id": "102784538177437",
    "name": "Salon.d.zeen",
    "city": "Chokolivka",
    "url": "https://www.instagram.com/explore/locations/102784538177437/salondzeen/"
  },
  {
    "id": "672289306313843",
    "name": "Музикант.укр - магазин для музикантів",
    "city": "Chokolivka",
    "url": "https://www.instagram.com/explore/locations/672289306313843/-/"
  },
  {
    "id": "1009188794",
    "name": "OPEN ROOM",
    "city": "Chokolivka",
    "url": "https://www.instagram.com/explore/locations/1009188794/open-room/"
  },
  {
    "id": "110532644121363",
    "name": "ART ШТАТ",
    "city": "Chokolivka",
    "url": "https://www.instagram.com/explore/locations/110532644121363/art/"
  },
  {
    "id": "1029247064",
    "name": "Family Decor Ua",
    "city": "Chokolivka",
    "url": "https://www.instagram.com/explore/locations/1029247064/family-decor-ua/"
  },
  {
    "id": "2061622384075883",
    "name": "Backstage Lobanovskogo",
    "city": "Chokolivka",
    "url": "https://www.instagram.com/explore/locations/2061622384075883/backstage-lobanovskogo/"
  },
  {
    "id": "1012671392",
    "name": "Ketchup Room - Кафе авторської Американської кухні",
    "city": "Chokolivka",
    "url": "https://www.instagram.com/explore/locations/1012671392/ketchup-room-/"
  },
  {
    "id": "105646961765855",
    "name": "Very Well Cafe",
    "city": "Chokolivka",
    "url": "https://www.instagram.com/explore/locations/105646961765855/very-well-cafe/"
  },
  {
    "id": "175315316719455",
    "name": "McDonald's",
    "city": "Chokolivka",
    "url": "https://www.instagram.com/explore/locations/175315316719455/mcdonalds/"
  },
  {
    "id": "100311792571035",
    "name": "Manvelova beauty hub",
    "city": "Chokolivka",
    "url": "https://www.instagram.com/explore/locations/100311792571035/manvelova-beauty-hub/"
  },
  {
    "id": "310689666",
    "name": "Solom'yan'ka",
    "city": "Chokolivka",
    "url": "https://www.instagram.com/explore/locations/310689666/solomyanka/"
  },
  {
    "id": "1024147747",
    "name": "Бутик Secret Look",
    "city": "Chokolivka",
    "url": "https://www.instagram.com/explore/locations/1024147747/secret-look/"
  },
  {
    "id": "102517678885856",
    "name": "Statica.kyiv",
    "city": "Chokolivka",
    "url": "https://www.instagram.com/explore/locations/102517678885856/staticakyiv/"
  },
  {
    "id": "382414725",
    "name": "ONE Beauty - Салон краси і Косметологічна клініка",
    "city": "Chokolivka",
    "url": "https://www.instagram.com/explore/locations/382414725/one-beauty-/"
  },
  {
    "id": "2319126185043734",
    "name": "30 polish bar",
    "city": "Chokolivka",
    "url": "https://www.instagram.com/explore/locations/2319126185043734/30-polish-bar/"
  },
  {
    "id": "377652292689202",
    "name": "Київська міська клінічна лікарня 6",
    "city": "Chokolivka",
    "url": "https://www.instagram.com/explore/locations/377652292689202/6/"
  },
  {
    "id": "1016233540",
    "name": "National Academy of Internal Affairs",
    "city": "Chokolivka",
    "url": "https://www.instagram.com/explore/locations/1016233540/national-academy-of-internal-affairs/"
  },
  {
    "id": "104505147924646",
    "name": "Protasiv Hill",
    "city": "Chokolivka",
    "url": "https://www.instagram.com/explore/locations/104505147924646/protasiv-hill/"
  },
  {
    "id": "104551611339221",
    "name": "Novenkiy",
    "city": "Chokolivka",
    "url": "https://www.instagram.com/explore/locations/104551611339221/novenkiy/"
  },
  {
    "id": "618443765314722",
    "name": "Mountains Coffee Kyiv",
    "city": "Chokolivka",
    "url": "https://www.instagram.com/explore/locations/618443765314722/mountains-coffee-kyiv/"
  },
  {
    "id": "1920455354898414",
    "name": "Studio Lelia",
    "city": "Chokolivka",
    "url": "https://www.instagram.com/explore/locations/1920455354898414/studio-lelia/"
  },
  {
    "id": "289992983",
    "name": "Karavaevi Dachi railway station",
    "city": "Chokolivka",
    "url": "https://www.instagram.com/explore/locations/289992983/karavaevi-dachi-railway-station/"
  },
  {
    "id": "577288812440696",
    "name": "Кафе-Бар Dios",
    "city": "Chokolivka",
    "url": "https://www.instagram.com/explore/locations/577288812440696/-dios/"
  },
  {
    "id": "236630590",
    "name": "ZU-PHOTO",
    "city": "Chokolivka",
    "url": "https://www.instagram.com/explore/locations/236630590/zu-photo/"
  },
  {
    "id": "1023463304",
    "name": "SIY Dental клініка цифрової стоматології",
    "city": "Chokolivka",
    "url": "https://www.instagram.com/explore/locations/1023463304/siy-dental/"
  },
  {
    "id": "1023657466",
    "name": "КМКЛ 4",
    "city": "Chokolivka",
    "url": "https://www.instagram.com/explore/locations/1023657466/4/"
  },
  {
    "id": "168456560421938",
    "name": "Народного Ополчення 9, НАВС",
    "city": "Chokolivka",
    "url": "https://www.instagram.com/explore/locations/168456560421938/9/"
  },
  {
    "id": "1251813484884022",
    "name": "Fantomas Lounge Bar",
    "city": "Chokolivka",
    "url": "https://www.instagram.com/explore/locations/1251813484884022/fantomas-lounge-bar/"
  },
  {
    "id": "226739287737061",
    "name": "Beauty Hall kiev",
    "city": "Chokolivka",
    "url": "https://www.instagram.com/explore/locations/226739287737061/beauty-hall-kiev/"
  },
  {
    "id": "1038070982903071",
    "name": "Теплорадість: інтернет-магазин опалення та сантехніки",
    "city": "Chokolivka",
    "url": "https://www.instagram.com/explore/locations/1038070982903071/-/"
  },
  {
    "id": "1032459686",
    "name": "inHouse Lounge BAR",
    "city": "Chokolivka",
    "url": "https://www.instagram.com/explore/locations/1032459686/inhouse-lounge-bar/"
  },
  {
    "id": "1792939854137633",
    "name": "ARTARENA",
    "city": "Chokolivka",
    "url": "https://www.instagram.com/explore/locations/1792939854137633/artarena/"
  },
  {
    "id": "630847457",
    "name": "Портер Паб Гетьмана 10/37",
    "city": "Chokolivka",
    "url": "https://www.instagram.com/explore/locations/630847457/1037/"
  },
  {
    "id": "189273841932734",
    "name": "Trullo Cafe",
    "city": "Chokolivka",
    "url": "https://www.instagram.com/explore/locations/189273841932734/trullo-cafe/"
  },
  {
    "id": "31272771",
    "name": "Relax",
    "city": "Chokolivka",
    "url": "https://www.instagram.com/explore/locations/31272771/relax/"
  },
  {
    "id": "1027545461",
    "name": "Monsalada Beauty Psychology",
    "city": "Chokolivka",
    "url": "https://www.instagram.com/explore/locations/1027545461/monsalada-beauty-psychology/"
  },
  {
    "id": "1861367244113470",
    "name": "Beauty Studio Turmalin",
    "city": "Chokolivka",
    "url": "https://www.instagram.com/explore/locations/1861367244113470/beauty-studio-turmalin/"
  },
  {
    "id": "217386848622024",
    "name": "ArtCraft",
    "city": "Chokolivka",
    "url": "https://www.instagram.com/explore/locations/217386848622024/artcraft/"
  },
  {
    "id": "1022082303",
    "name": "Студия Provans",
    "city": "Chokolivka",
    "url": "https://www.instagram.com/explore/locations/1022082303/provans/"
  },
  {
    "id": "1029051537",
    "name": "Lumberjack Barberhouse",
    "city": "Chokolivka",
    "url": "https://www.instagram.com/explore/locations/1029051537/lumberjack-barberhouse/"
  },
  {
    "id": "111666207375448",
    "name": "Преображенская, 2 Концертный зал \"кнуба\"",
    "city": "Chokolivka",
    "url": "https://www.instagram.com/explore/locations/111666207375448/2/"
  },
  {
    "id": "1061565660549253",
    "name": "NAU HUB",
    "city": "Chokolivka",
    "url": "https://www.instagram.com/explore/locations/1061565660549253/nau-hub/"
  },
  {
    "id": "753390134795299",
    "name": "Alpha Industries Ukraine",
    "city": "Chokolivka",
    "url": "https://www.instagram.com/explore/locations/753390134795299/alpha-industries-ukraine/"
  },
  {
    "id": "111333087717540",
    "name": "Са-Ната",
    "city": "Chokolivka",
    "url": "https://www.instagram.com/explore/locations/111333087717540/-/"
  },
  {
    "id": "378156049419701",
    "name": "B Models Kiev",
    "city": "Chokolivka",
    "url": "https://www.instagram.com/explore/locations/378156049419701/b-models-kiev/"
  },
  {
    "id": "514816775713805",
    "name": "L'KAFA CAFE",
    "city": "Chokolivka",
    "url": "https://www.instagram.com/explore/locations/514816775713805/lkafa-cafe/"
  },
  {
    "id": "209715489405432",
    "name": "Кондитерская студияШеф-Кондитер",
    "city": "Chokolivka",
    "url": "https://www.instagram.com/explore/locations/209715489405432/-/"
  },
  {
    "id": "827951548",
    "name": "Соломенская 20А. Новые дома.",
    "city": "Chokolivka",
    "url": "https://www.instagram.com/explore/locations/827951548/20/"
  },
  {
    "id": "808696995865303",
    "name": "Sovky",
    "city": "Chokolivka",
    "url": "https://www.instagram.com/explore/locations/808696995865303/sovky/"
  },
  {
    "id": "267411225",
    "name": "Педіатр і Я - дитячий медичний центр",
    "city": "Chokolivka",
    "url": "https://www.instagram.com/explore/locations/267411225/-/"
  },
  {
    "id": "280184942486052",
    "name": "Tiger Bar",
    "city": "Chokolivka",
    "url": "https://www.instagram.com/explore/locations/280184942486052/tiger-bar/"
  },
  {
    "id": "103709904379465",
    "name": "Gaga ресторан грузинской кухни",
    "city": "Chokolivka",
    "url": "https://www.instagram.com/explore/locations/103709904379465/gaga/"
  },
  {
    "id": "105760244264618",
    "name": "Клиническая академия лазерной медицины - CALM",
    "city": "Chokolivka",
    "url": "https://www.instagram.com/explore/locations/105760244264618/-calm/"
  },
  {
    "id": "229226596",
    "name": "Курская, Соломенский Р-Н",
    "city": "Chokolivka",
    "url": "https://www.instagram.com/explore/locations/229226596/-/"
  },
  {
    "id": "1014523234",
    "name": "Webpromo",
    "city": "Chokolivka",
    "url": "https://www.instagram.com/explore/locations/1014523234/webpromo/"
  },
  {
    "id": "886586574874247",
    "name": "InnoHub",
    "city": "Chokolivka",
    "url": "https://www.instagram.com/explore/locations/886586574874247/innohub/"
  },
  {
    "id": "280169386",
    "name": "Ресторан Georgia",
    "city": "Chokolivka",
    "url": "https://www.instagram.com/explore/locations/280169386/georgia/"
  },
  {
    "id": "1016349591",
    "name": "Салон красоты \"Jazz\"",
    "city": "Chokolivka",
    "url": "https://www.instagram.com/explore/locations/1016349591/jazz/"
  },
  {
    "id": "286178561799602",
    "name": "Lviv Croissants",
    "city": "Chokolivka",
    "url": "https://www.instagram.com/explore/locations/286178561799602/lviv-croissants/"
  },
  {
    "id": "1013451469",
    "name": "Хореографічна студія Interplay",
    "city": "Chokolivka",
    "url": "https://www.instagram.com/explore/locations/1013451469/interplay/"
  },
  {
    "id": "660248237710854",
    "name": "V.O.G DOG Academy",
    "city": "Chokolivka",
    "url": "https://www.instagram.com/explore/locations/660248237710854/vog-dog-academy/"
  },
  {
    "id": "104102714783045",
    "name": "Good Chef",
    "city": "Chokolivka",
    "url": "https://www.instagram.com/explore/locations/104102714783045/good-chef/"
  },
  {
    "id": "1716292858667668",
    "name": "Бізнес-зала Аеропорт \"Київ\"",
    "city": "Chokolivka",
    "url": "https://www.instagram.com/explore/locations/1716292858667668/-/"
  },
  {
    "id": "679231545832939",
    "name": "НОВА ТИ beauty studio",
    "city": "Chokolivka",
    "url": "https://www.instagram.com/explore/locations/679231545832939/beauty-studio/"
  },
  {
    "id": "992973832",
    "name": "GRAF",
    "city": "Chokolivka",
    "url": "https://www.instagram.com/explore/locations/992973832/graf/"
  },
  {
    "id": "1015229118",
    "name": "Шерлок Паб - Sherlock Pub",
    "city": "Chokolivka",
    "url": "https://www.instagram.com/explore/locations/1015229118/-sherlock-pub/"
  },
  {
    "id": "1926817957580237",
    "name": "Киев, Проспект Воздухофлотский 64",
    "city": "Chokolivka",
    "url": "https://www.instagram.com/explore/locations/1926817957580237/64/"
  },
  {
    "id": "127833344441759",
    "name": "Средняя школа 69",
    "city": "Chokolivka",
    "url": "https://www.instagram.com/explore/locations/127833344441759/69/"
  },
  {
    "id": "1731142923852882",
    "name": "Автодетейлинг autobeauty",
    "city": "Chokolivka",
    "url": "https://www.instagram.com/explore/locations/1731142923852882/autobeauty/"
  },
  {
    "id": "1016931038",
    "name": "Partner Plus +",
    "city": "Chokolivka",
    "url": "https://www.instagram.com/explore/locations/1016931038/partner-plus/"
  },
  {
    "id": "1009711425",
    "name": "Жилой комплекс Sherwood",
    "city": "Chokolivka",
    "url": "https://www.instagram.com/explore/locations/1009711425/sherwood/"
  },
  {
    "id": "250440968",
    "name": "народного ополчения 9",
    "city": "Chokolivka",
    "url": "https://www.instagram.com/explore/locations/250440968/9/"
  },
  {
    "id": "112473268241988",
    "name": "Megobari",
    "city": "Chokolivka",
    "url": "https://www.instagram.com/explore/locations/112473268241988/megobari/"
  },
  {
    "id": "10296163",
    "name": "Soda",
    "city": "Chokolivka",
    "url": "https://www.instagram.com/explore/locations/10296163/soda/"
  },
  {
    "id": "111682481160818",
    "name": "Фітнес Центр Forward",
    "city": "Chokolivka",
    "url": "https://www.instagram.com/explore/locations/111682481160818/forward/"
  },
  {
    "id": "1018095238",
    "name": "Figaro",
    "city": "Chokolivka",
    "url": "https://www.instagram.com/explore/locations/1018095238/figaro/"
  },
  {
    "id": "110822761516325",
    "name": "Barbeer Music Pub",
    "city": "Chokolivka",
    "url": "https://www.instagram.com/explore/locations/110822761516325/barbeer-music-pub/"
  },
  {
    "id": "1027437745",
    "name": "Фінансово-Правовий Коледж при КНУ ім Т Г Шевченко",
    "city": "Chokolivka",
    "url": "https://www.instagram.com/explore/locations/1027437745/-/"
  },
  {
    "id": "450318514",
    "name": "Positive Film",
    "city": "Chokolivka",
    "url": "https://www.instagram.com/explore/locations/450318514/positive-film/"
  },
  {
    "id": "585106235501572",
    "name": "Спортивно-оздоровчий комплекс КПІ ім. Ігоря Сікорського",
    "city": "Chokolivka",
    "url": "https://www.instagram.com/explore/locations/585106235501572/-/"
  },
  {
    "id": "114675366",
    "name": "Арт-студия \"Творча Кухня\"",
    "city": "Chokolivka",
    "url": "https://www.instagram.com/explore/locations/114675366/-/"
  },
  {
    "id": "243649973",
    "name": "MyFit | Клуб персонального фитнеса",
    "city": "Chokolivka",
    "url": "https://www.instagram.com/explore/locations/243649973/myfit/"
  },
  {
    "id": "1026841171",
    "name": "Sabona - фабрика паперового пакування",
    "city": "Chokolivka",
    "url": "https://www.instagram.com/explore/locations/1026841171/sabona-/"
  },
  {
    "id": "497767573678636",
    "name": "Маріупольський державний університет - офіційна сторінка",
    "city": "Chokolivka",
    "url": "https://www.instagram.com/explore/locations/497767573678636/-/"
  },
  {
    "id": "322804138284071",
    "name": "Київ,вул Лаврська 9",
    "city": "Chokolivka",
    "url": "https://www.instagram.com/explore/locations/322804138284071/9/"
  },
  {
    "id": "101032278511781",
    "name": "Govor Production",
    "city": "Chokolivka",
    "url": "https://www.instagram.com/explore/locations/101032278511781/govor-production/"
  },
  {
    "id": "113049913383142",
    "name": "Житловий комплекс Sky Avenue",
    "city": "Chokolivka",
    "url": "https://www.instagram.com/explore/locations/113049913383142/sky-avenue/"
  },
  {
    "id": "346207365",
    "name": "Staff Ukraine",
    "city": "Chokolivka",
    "url": "https://www.instagram.com/explore/locations/346207365/staff-ukraine/"
  },
  {
    "id": "1015986777",
    "name": "Play Tv",
    "city": "Chokolivka",
    "url": "https://www.instagram.com/explore/locations/1015986777/play-tv/"
  },
  {
    "id": "101462548854579",
    "name": "Silvio D'Italia Kyiv",
    "city": "Chokolivka",
    "url": "https://www.instagram.com/explore/locations/101462548854579/silvio-ditalia-kyiv/"
  },
  {
    "id": "350602473",
    "name": "Академія Інтернет-Маркетингу Webpromoexperts",
    "city": "Chokolivka",
    "url": "https://www.instagram.com/explore/locations/350602473/-webpromoexperts/"
  },
  {
    "id": "1618284578491384",
    "name": "Docart School",
    "city": "Chokolivka",
    "url": "https://www.instagram.com/explore/locations/1618284578491384/docart-school/"
  },
  {
    "id": "245494655895410",
    "name": "Dr.Podkolzina",
    "city": "Chokolivka",
    "url": "https://www.instagram.com/explore/locations/245494655895410/drpodkolzina/"
  },
  {
    "id": "344113102650657",
    "name": "Kyiv Gps Service",
    "city": "Chokolivka",
    "url": "https://www.instagram.com/explore/locations/344113102650657/kyiv-gps-service/"
  },
  {
    "id": "284705508893218",
    "name": "Mamamia!",
    "city": "Chokolivka",
    "url": "https://www.instagram.com/explore/locations/284705508893218/mamamia/"
  },
  {
    "id": "682929061871114",
    "name": "Glace Studio - Студия Галины Самойленко",
    "city": "Chokolivka",
    "url": "https://www.instagram.com/explore/locations/682929061871114/glace-studio-/"
  },
  {
    "id": "266594631",
    "name": "Pomitni",
    "city": "Chokolivka",
    "url": "https://www.instagram.com/explore/locations/266594631/pomitni/"
  },
  {
    "id": "1029118953927215",
    "name": "где-то в лесу",
    "city": "Chokolivka",
    "url": "https://www.instagram.com/explore/locations/1029118953927215/-/"
  },
  {
    "id": "289888758232968",
    "name": "ТЦ Пулюя 5",
    "city": "Chokolivka",
    "url": "https://www.instagram.com/explore/locations/289888758232968/5/"
  },
  {
    "id": "347846995991196",
    "name": "Business Lounge East",
    "city": "Chokolivka",
    "url": "https://www.instagram.com/explore/locations/347846995991196/business-lounge-east/"
  },
  {
    "id": "140868829888538",
    "name": "Салон красоты Asti.l",
    "city": "Chokolivka",
    "url": "https://www.instagram.com/explore/locations/140868829888538/astil/"
  },
  {
    "id": "110338983933699",
    "name": "VozduX",
    "city": "Chokolivka",
    "url": "https://www.instagram.com/explore/locations/110338983933699/vozdux/"
  },
  {
    "id": "259569347",
    "name": "New Life Church, Kyiv, Ukraine, Церква \"Нове Життя\"",
    "city": "Chokolivka",
    "url": "https://www.instagram.com/explore/locations/259569347/new-life-church-kyiv-ukraine/"
  },
  {
    "id": "188309662069776",
    "name": "InLight for Event",
    "city": "Chokolivka",
    "url": "https://www.instagram.com/explore/locations/188309662069776/inlight-for-event/"
  },
  {
    "id": "100256328093829",
    "name": "Салон красоты \"Rich&Beauty\"",
    "city": "Chokolivka",
    "url": "https://www.instagram.com/explore/locations/100256328093829/richbeauty/"
  },
  {
    "id": "796694240524635",
    "name": "Art Cats Pole Dance",
    "city": "Chokolivka",
    "url": "https://www.instagram.com/explore/locations/796694240524635/art-cats-pole-dance/"
  },
  {
    "id": "354760466",
    "name": "Old Car Fest",
    "city": "Chokolivka",
    "url": "https://www.instagram.com/explore/locations/354760466/old-car-fest/"
  },
  {
    "id": "620205128132731",
    "name": "Adamant Житловий Комплекс",
    "city": "Chokolivka",
    "url": "https://www.instagram.com/explore/locations/620205128132731/adamant/"
  },
  {
    "id": "349408772503845",
    "name": "GoloseevHills",
    "city": "Chokolivka",
    "url": "https://www.instagram.com/explore/locations/349408772503845/goloseevhills/"
  },
  {
    "id": "900391163445985",
    "name": "Люди Beauty",
    "city": "Chokolivka",
    "url": "https://www.instagram.com/explore/locations/900391163445985/beauty/"
  },
  {
    "id": "259922637450480",
    "name": "Music Box Ukraine",
    "city": "Chokolivka",
    "url": "https://www.instagram.com/explore/locations/259922637450480/music-box-ukraine/"
  },
  {
    "id": "133884330570938",
    "name": "Спасо-Преображенский Храм УПЦ, Соломенская Площадь, парк, Киев",
    "city": "Chokolivka",
    "url": "https://www.instagram.com/explore/locations/133884330570938/-/"
  },
  {
    "id": "716558513",
    "name": "Kiev Julaniy Airport",
    "city": "Chokolivka",
    "url": "https://www.instagram.com/explore/locations/716558513/kiev-julaniy-airport/"
  },
  {
    "id": "471432083014703",
    "name": "HAPPY RADIO",
    "city": "Chokolivka",
    "url": "https://www.instagram.com/explore/locations/471432083014703/happy-radio/"
  },
  {
    "id": "1009811308",
    "name": "Blarts",
    "city": "Chokolivka",
    "url": "https://www.instagram.com/explore/locations/1009811308/blarts/"
  },
  {
    "id": "126627807937702",
    "name": "Интернет-магазин \"Grifons\"",
    "city": "Chokolivka",
    "url": "https://www.instagram.com/explore/locations/126627807937702/-grifons/"
  },
  {
    "id": "594665750642833",
    "name": "Приватний дитячий садок \"Jasminka\"",
    "city": "Chokolivka",
    "url": "https://www.instagram.com/explore/locations/594665750642833/jasminka/"
  },
  {
    "id": "112581220868564",
    "name": "RULE 2.0",
    "city": "Chokolivka",
    "url": "https://www.instagram.com/explore/locations/112581220868564/rule-20/"
  },
  {
    "id": "101007234756490",
    "name": "KinkyCafe",
    "city": "Chokolivka",
    "url": "https://www.instagram.com/explore/locations/101007234756490/kinkycafe/"
  },
  {
    "id": "700650655",
    "name": "Sportlife Кардачи",
    "city": "Chokolivka",
    "url": "https://www.instagram.com/explore/locations/700650655/sportlife/"
  },
  {
    "id": "879861758711880",
    "name": "Компанія GRANADO",
    "city": "Chokolivka",
    "url": "https://www.instagram.com/explore/locations/879861758711880/granado/"
  },
  {
    "id": "867822993334918",
    "name": "IVMED Fertility Centre - Kiev, Ukraine",
    "city": "Chokolivka",
    "url": "https://www.instagram.com/explore/locations/867822993334918/ivmed-fertility-centre-kiev-ukraine/"
  },
  {
    "id": "172863499935062",
    "name": "БК \"Київ-Баскет\"",
    "city": "Chokolivka",
    "url": "https://www.instagram.com/explore/locations/172863499935062/-/"
  },
  {
    "id": "348729349321649",
    "name": "Varenyk Time",
    "city": "Chokolivka",
    "url": "https://www.instagram.com/explore/locations/348729349321649/varenyk-time/"
  },
  {
    "id": "1019023027",
    "name": "Dance school Alyona Vashchenko Street-Classic",
    "city": "Chokolivka",
    "url": "https://www.instagram.com/explore/locations/1019023027/dance-school-alyona-vashchenko-street-classic/"
  },
  {
    "id": "450911857",
    "name": "Backstage Beauty Salon Пр. Краснозвездный,4а",
    "city": "Chokolivka",
    "url": "https://www.instagram.com/explore/locations/450911857/backstage-beauty-salon-4/"
  },
  {
    "id": "229745657",
    "name": "Aéroport international de Kiev",
    "city": "Chokolivka",
    "url": "https://www.instagram.com/explore/locations/229745657/aeroport-international-de-kiev/"
  },
  {
    "id": "595319373977019",
    "name": "Голосіївський економіко-правовий фаховий коледж",
    "city": "Chokolivka",
    "url": "https://www.instagram.com/explore/locations/595319373977019/-/"
  },
  {
    "id": "6213926",
    "name": "Клиническая Больница #4",
    "city": "Chokolivka",
    "url": "https://www.instagram.com/explore/locations/6213926/4/"
  },
  {
    "id": "1317361865049295",
    "name": "Guru Tuning",
    "city": "Chokolivka",
    "url": "https://www.instagram.com/explore/locations/1317361865049295/guru-tuning/"
  },
  {
    "id": "283004080",
    "name": "Radiokava Coffee Roasters",
    "city": "Chokolivka",
    "url": "https://www.instagram.com/explore/locations/283004080/radiokava-coffee-roasters/"
  },
  {
    "id": "851978778",
    "name": "Karaoke bar Muar",
    "city": "Chokolivka",
    "url": "https://www.instagram.com/explore/locations/851978778/karaoke-bar-muar/"
  },
  {
    "id": "246157964",
    "name": "Школа 69",
    "city": "Chokolivka",
    "url": "https://www.instagram.com/explore/locations/246157964/69/"
  },
  {
    "id": "19175264",
    "name": "Mamamia",
    "city": "Chokolivka",
    "url": "https://www.instagram.com/explore/locations/19175264/mamamia/"
  },
  {
    "id": "138756506751990",
    "name": "Fitzona.com.ua",
    "city": "Chokolivka",
    "url": "https://www.instagram.com/explore/locations/138756506751990/fitzonacomua/"
  },
  {
    "id": "963231310393123",
    "name": "ISIDA IVF",
    "city": "Chokolivka",
    "url": "https://www.instagram.com/explore/locations/963231310393123/isida-ivf/"
  },
  {
    "id": "569999506843115",
    "name": "PUBG BAR",
    "city": "Chokolivka",
    "url": "https://www.instagram.com/explore/locations/569999506843115/pubg-bar/"
  },
  {
    "id": "129966280968324",
    "name": "Провулок Ковальський, 19",
    "city": "Chokolivka",
    "url": "https://www.instagram.com/explore/locations/129966280968324/19/"
  },
  {
    "id": "1405968636284000",
    "name": "Gomel",
    "city": "Chokolivka",
    "url": "https://www.instagram.com/explore/locations/1405968636284000/gomel/"
  },
  {
    "id": "426987125",
    "name": "Донбас SOS",
    "city": "Chokolivka",
    "url": "https://www.instagram.com/explore/locations/426987125/sos/"
  },
  {
    "id": "324062935179713",
    "name": "Identico dental clinic, стоматологія Соломенка, Київ",
    "city": "Chokolivka",
    "url": "https://www.instagram.com/explore/locations/324062935179713/identico-dental-clinic/"
  },
  {
    "id": "53830367",
    "name": "Grand Cafe",
    "city": "Chokolivka",
    "url": "https://www.instagram.com/explore/locations/53830367/grand-cafe/"
  },
  {
    "id": "104770961650608",
    "name": "Dios Cafe",
    "city": "Chokolivka",
    "url": "https://www.instagram.com/explore/locations/104770961650608/dios-cafe/"
  },
  {
    "id": "1988536547852507",
    "name": "Dance Studio TEOS",
    "city": "Chokolivka",
    "url": "https://www.instagram.com/explore/locations/1988536547852507/dance-studio-teos/"
  },
  {
    "id": "105195455083766",
    "name": "sohopark.cafe.kyiv",
    "city": "Chokolivka",
    "url": "https://www.instagram.com/explore/locations/105195455083766/sohoparkcafekyiv/"
  },
  {
    "id": "113605830322545",
    "name": "Enjoy every moment",
    "city": "Chokolivka",
    "url": "https://www.instagram.com/explore/locations/113605830322545/enjoy-every-moment/"
  },
  {
    "id": "103537251028738",
    "name": "Миколи Голего, 8",
    "city": "Chokolivka",
    "url": "https://www.instagram.com/explore/locations/103537251028738/8/"
  },
  {
    "id": "104850511244406",
    "name": "Центр нейрореабілітації Life-House",
    "city": "Chokolivka",
    "url": "https://www.instagram.com/explore/locations/104850511244406/life-house/"
  },
  {
    "id": "2015910635311398",
    "name": "Sultan-Food\"",
    "city": "Chokolivka",
    "url": "https://www.instagram.com/explore/locations/2015910635311398/sultan-food/"
  },
  {
    "id": "1018168865",
    "name": "in.Lab",
    "city": "Chokolivka",
    "url": "https://www.instagram.com/explore/locations/1018168865/inlab/"
  },
  {
    "id": "2077659452452768",
    "name": "Rik’École",
    "city": "Chokolivka",
    "url": "https://www.instagram.com/explore/locations/2077659452452768/rikecole/"
  },
  {
    "id": "724283548325528",
    "name": "Pippin beauty bar",
    "city": "Chokolivka",
    "url": "https://www.instagram.com/explore/locations/724283548325528/pippin-beauty-bar/"
  },
  {
    "id": "241331339654595",
    "name": "Be Healthy Cafe and Shop",
    "city": "Chokolivka",
    "url": "https://www.instagram.com/explore/locations/241331339654595/be-healthy-cafe-and-shop/"
  },
  {
    "id": "1033789060",
    "name": "Парк розваг \"7 чудес дитинства\"",
    "city": "Chokolivka",
    "url": "https://www.instagram.com/explore/locations/1033789060/7/"
  },
  {
    "id": "100451918231717",
    "name": "AppleFun - Ремонт і продаж техніки Apple",
    "city": "Chokolivka",
    "url": "https://www.instagram.com/explore/locations/100451918231717/applefun-apple/"
  },
  {
    "id": "441308723107546",
    "name": "Аеропорт Київ Жуляни - Термінал Д",
    "city": "Chokolivka",
    "url": "https://www.instagram.com/explore/locations/441308723107546/-/"
  },
  {
    "id": "1704380933200134",
    "name": "Школа # 12",
    "city": "Chokolivka",
    "url": "https://www.instagram.com/explore/locations/1704380933200134/12/"
  },
  {
    "id": "100589575440894",
    "name": "Foreign Students hub",
    "city": "Chokolivka",
    "url": "https://www.instagram.com/explore/locations/100589575440894/foreign-students-hub/"
  },
  {
    "id": "768750462",
    "name": "Big Toys",
    "city": "Chokolivka",
    "url": "https://www.instagram.com/explore/locations/768750462/big-toys/"
  },
  {
    "id": "255666888461182",
    "name": "Lviv Croissants",
    "city": "Chokolivka",
    "url": "https://www.instagram.com/explore/locations/255666888461182/lviv-croissants/"
  },
  {
    "id": "1631845193534672",
    "name": "Школа 52",
    "city": "Chokolivka",
    "url": "https://www.instagram.com/explore/locations/1631845193534672/52/"
  },
  {
    "id": "115715500287718",
    "name": "Unknown person",
    "city": "Chokolivka",
    "url": "https://www.instagram.com/explore/locations/115715500287718/unknown-person/"
  },
  {
    "id": "1811850952211080",
    "name": "Topone",
    "city": "Chokolivka",
    "url": "https://www.instagram.com/explore/locations/1811850952211080/topone/"
  },
  {
    "id": "1023632472",
    "name": "SAYYA Showroom",
    "city": "Chokolivka",
    "url": "https://www.instagram.com/explore/locations/1023632472/sayya-showroom/"
  },
  {
    "id": "1786059831637453",
    "name": "3shape Kiev",
    "city": "Chokolivka",
    "url": "https://www.instagram.com/explore/locations/1786059831637453/3shape-kiev/"
  },
  {
    "id": "1027713060",
    "name": "PROFI ART Художественная школа",
    "city": "Chokolivka",
    "url": "https://www.instagram.com/explore/locations/1027713060/profi-art/"
  },
  {
    "id": "102314108186568",
    "name": "Beauty SEKTA",
    "city": "Chokolivka",
    "url": "https://www.instagram.com/explore/locations/102314108186568/beauty-sekta/"
  },
  {
    "id": "227328894473940",
    "name": "Detki",
    "city": "Chokolivka",
    "url": "https://www.instagram.com/explore/locations/227328894473940/detki/"
  },
  {
    "id": "102680644620048",
    "name": "Детская Комисионка Yagoza",
    "city": "Chokolivka",
    "url": "https://www.instagram.com/explore/locations/102680644620048/yagoza/"
  },
  {
    "id": "1833749043338519",
    "name": "Киев, ул.Михаила Донца, 2",
    "city": "Chokolivka",
    "url": "https://www.instagram.com/explore/locations/1833749043338519/2/"
  },
  {
    "id": "1147086412026842",
    "name": "LeMon Travel Київ",
    "city": "Chokolivka",
    "url": "https://www.instagram.com/explore/locations/1147086412026842/lemon-travel/"
  },
  {
    "id": "1921290731455897",
    "name": "Barber House",
    "city": "Chokolivka",
    "url": "https://www.instagram.com/explore/locations/1921290731455897/barber-house/"
  },
  {
    "id": "246559656",
    "name": "Общага 7",
    "city": "Chokolivka",
    "url": "https://www.instagram.com/explore/locations/246559656/7/"
  },
  {
    "id": "1030988203",
    "name": "Школа #67",
    "city": "Chokolivka",
    "url": "https://www.instagram.com/explore/locations/1030988203/67/"
  },
  {
    "id": "1015776836",
    "name": "Спеціалізована школа 159 м.Київ",
    "city": "Chokolivka",
    "url": "https://www.instagram.com/explore/locations/1015776836/159/"
  },
  {
    "id": "121728245139092",
    "name": "WOLF DANCE SCHOOL",
    "city": "Chokolivka",
    "url": "https://www.instagram.com/explore/locations/121728245139092/wolf-dance-school/"
  },
  {
    "id": "241928713090923",
    "name": "Fiori Academy",
    "city": "Chokolivka",
    "url": "https://www.instagram.com/explore/locations/241928713090923/fiori-academy/"
  },
  {
    "id": "611696927",
    "name": "Dominion Business PARK",
    "city": "Chokolivka",
    "url": "https://www.instagram.com/explore/locations/611696927/dominion-business-park/"
  },
  {
    "id": "880817582",
    "name": "ЗАРТА - центр ортопедії та реабілітації",
    "city": "Chokolivka",
    "url": "https://www.instagram.com/explore/locations/880817582/-/"
  },
  {
    "id": "1509784199143513",
    "name": "Autopodium.ua",
    "city": "Chokolivka",
    "url": "https://www.instagram.com/explore/locations/1509784199143513/autopodiumua/"
  },
  {
    "id": "1997249143702869",
    "name": "Бізнес-центр \"Очаківський\"",
    "city": "Chokolivka",
    "url": "https://www.instagram.com/explore/locations/1997249143702869/-/"
  },
  {
    "id": "1990496651187180",
    "name": "Ucoffee-machines",
    "city": "Chokolivka",
    "url": "https://www.instagram.com/explore/locations/1990496651187180/ucoffee-machines/"
  },
  {
    "id": "1935104513231871",
    "name": "Каблукова 8",
    "city": "Chokolivka",
    "url": "https://www.instagram.com/explore/locations/1935104513231871/8/"
  },
  {
    "id": "329768413549013",
    "name": "SpiritAuto - Авто з усього Світу",
    "city": "Chokolivka",
    "url": "https://www.instagram.com/explore/locations/329768413549013/spiritauto-/"
  },
  {
    "id": "462607570817575",
    "name": "Montakira",
    "city": "Chokolivka",
    "url": "https://www.instagram.com/explore/locations/462607570817575/montakira/"
  },
  {
    "id": "27858270",
    "name": "Silver Cafe",
    "city": "Chokolivka",
    "url": "https://www.instagram.com/explore/locations/27858270/silver-cafe/"
  },
  {
    "id": "231699510185038",
    "name": "Love & Carry",
    "city": "Chokolivka",
    "url": "https://www.instagram.com/explore/locations/231699510185038/love-carry/"
  },
  {
    "id": "112530240091325",
    "name": "Helen Doron English Holosievo",
    "city": "Chokolivka",
    "url": "https://www.instagram.com/explore/locations/112530240091325/helen-doron-english-holosievo/"
  },
  {
    "id": "617656515",
    "name": "Keeplife",
    "city": "Chokolivka",
    "url": "https://www.instagram.com/explore/locations/617656515/keeplife/"
  },
  {
    "id": "123026010904349",
    "name": "APF",
    "city": "Chokolivka",
    "url": "https://www.instagram.com/explore/locations/123026010904349/apf/"
  },
  {
    "id": "1034544407",
    "name": "Sixt rent a car Аэропорт Киев Жуляны",
    "city": "Chokolivka",
    "url": "https://www.instagram.com/explore/locations/1034544407/sixt-rent-a-car/"
  },
  {
    "id": "1194288920630270",
    "name": "Forsage terrace",
    "city": "Chokolivka",
    "url": "https://www.instagram.com/explore/locations/1194288920630270/forsage-terrace/"
  },
  {
    "id": "336660413812283",
    "name": "ГуртожитокНТУУ «КПІ» №20",
    "city": "Chokolivka",
    "url": "https://www.instagram.com/explore/locations/336660413812283/no20/"
  },
  {
    "id": "664555356939960",
    "name": "Киев-Волынский",
    "city": "Chokolivka",
    "url": "https://www.instagram.com/explore/locations/664555356939960/-/"
  },
  {
    "id": "261927507661802",
    "name": "Beauty Side Salon",
    "city": "Chokolivka",
    "url": "https://www.instagram.com/explore/locations/261927507661802/beauty-side-salon/"
  },
  {
    "id": "996247530585835",
    "name": "Level Sound",
    "city": "Chokolivka",
    "url": "https://www.instagram.com/explore/locations/996247530585835/level-sound/"
  },
  {
    "id": "1033148599",
    "name": "39, chokolovsky Boulevard , Kiev, Ukraine",
    "city": "Chokolivka",
    "url": "https://www.instagram.com/explore/locations/1033148599/39-chokolovsky-boulevard-kiev-ukraine/"
  },
  {
    "id": "105049308719748",
    "name": "SOVA coffee&sweets",
    "city": "Chokolivka",
    "url": "https://www.instagram.com/explore/locations/105049308719748/sova-coffeesweets/"
  },
  {
    "id": "356419851449351",
    "name": "Магазин Psyhobook/ Видавництво Psyhobook психологічна література",
    "city": "Chokolivka",
    "url": "https://www.instagram.com/explore/locations/356419851449351/psyhobook-psyhobook/"
  },
  {
    "id": "112753810309535",
    "name": "М. Київ, вул. Вадима Гетьмана, 6, Mercure Congress Centre",
    "city": "Chokolivka",
    "url": "https://www.instagram.com/explore/locations/112753810309535/6-mercure-congress-centre/"
  },
  {
    "id": "186301875292354",
    "name": "JuiceLand VapeShop",
    "city": "Chokolivka",
    "url": "https://www.instagram.com/explore/locations/186301875292354/juiceland-vapeshop/"
  },
  {
    "id": "737958519639816",
    "name": "Lviv Croissants",
    "city": "Chokolivka",
    "url": "https://www.instagram.com/explore/locations/737958519639816/lviv-croissants/"
  },
  {
    "id": "1024549340",
    "name": "Art Loft Pole Dance",
    "city": "Chokolivka",
    "url": "https://www.instagram.com/explore/locations/1024549340/art-loft-pole-dance/"
  },
  {
    "id": "215202503",
    "name": "Adelina Call Center & BPO",
    "city": "Chokolivka",
    "url": "https://www.instagram.com/explore/locations/215202503/adelina-call-center-bpo/"
  },
  {
    "id": "799520850232076",
    "name": "Школа 46",
    "city": "Chokolivka",
    "url": "https://www.instagram.com/explore/locations/799520850232076/46/"
  },
  {
    "id": "343035039640697",
    "name": "Kyiv, Ukraine",
    "city": "Chokolivka",
    "url": "https://www.instagram.com/explore/locations/343035039640697/kyiv-ukraine/"
  },
  {
    "id": "108907457575321",
    "name": "Oolong tea bar",
    "city": "Chokolivka",
    "url": "https://www.instagram.com/explore/locations/108907457575321/oolong-tea-bar/"
  },
  {
    "id": "1028321027",
    "name": "ВелоKиїв",
    "city": "Chokolivka",
    "url": "https://www.instagram.com/explore/locations/1028321027/k/"
  },
  {
    "id": "234852622",
    "name": "AWT Bavaria BMW & MINI",
    "city": "Chokolivka",
    "url": "https://www.instagram.com/explore/locations/234852622/awt-bavaria-bmw-mini/"
  },
  {
    "id": "372064776",
    "name": "Okean Plaza",
    "city": "Chokolivka",
    "url": "https://www.instagram.com/explore/locations/372064776/okean-plaza/"
  },
  {
    "id": "277219536245689",
    "name": "Київський спортивний ліцей-інтернат",
    "city": "Chokolivka",
    "url": "https://www.instagram.com/explore/locations/277219536245689/-/"
  },
  {
    "id": "165507270240206",
    "name": "\"twisterСалон Красоты",
    "city": "Chokolivka",
    "url": "https://www.instagram.com/explore/locations/165507270240206/twister/"
  },
  {
    "id": "899694436789359",
    "name": "AnyLanguage UA",
    "city": "Chokolivka",
    "url": "https://www.instagram.com/explore/locations/899694436789359/anylanguage-ua/"
  },
  {
    "id": "607511176077372",
    "name": "Школа #149",
    "city": "Chokolivka",
    "url": "https://www.instagram.com/explore/locations/607511176077372/149/"
  },
  {
    "id": "373627189382770",
    "name": "Yamamoto Cad/Cam Center",
    "city": "Chokolivka",
    "url": "https://www.instagram.com/explore/locations/373627189382770/yamamoto-cadcam-center/"
  },
  {
    "id": "866716776802627",
    "name": "Кондитерская Pinkcat Sweetbar",
    "city": "Chokolivka",
    "url": "https://www.instagram.com/explore/locations/866716776802627/pinkcat-sweetbar/"
  },
  {
    "id": "776675821",
    "name": "карьерная 44",
    "city": "Chokolivka",
    "url": "https://www.instagram.com/explore/locations/776675821/44/"
  },
  {
    "id": "419690889",
    "name": "Kadetski Gai",
    "city": "Chokolivka",
    "url": "https://www.instagram.com/explore/locations/419690889/kadetski-gai/"
  },
  {
    "id": "1668061519902190",
    "name": "Bonco",
    "city": "Chokolivka",
    "url": "https://www.instagram.com/explore/locations/1668061519902190/bonco/"
  },
  {
    "id": "263983201",
    "name": "Школа #43",
    "city": "Chokolivka",
    "url": "https://www.instagram.com/explore/locations/263983201/43/"
  },
  {
    "id": "370401020213859",
    "name": "Matusenko Dress",
    "city": "Chokolivka",
    "url": "https://www.instagram.com/explore/locations/370401020213859/matusenko-dress/"
  },
  {
    "id": "101578834916027",
    "name": "Sorriso Dental Studio",
    "city": "Chokolivka",
    "url": "https://www.instagram.com/explore/locations/101578834916027/sorriso-dental-studio/"
  },
  {
    "id": "297536796",
    "name": "Фитнес клуб M-GYM",
    "city": "Chokolivka",
    "url": "https://www.instagram.com/explore/locations/297536796/m-gym/"
  },
  {
    "id": "534936633381807",
    "name": "Must Have Office",
    "city": "Chokolivka",
    "url": "https://www.instagram.com/explore/locations/534936633381807/must-have-office/"
  },
  {
    "id": "330443111086301",
    "name": "Амосова 4",
    "city": "Chokolivka",
    "url": "https://www.instagram.com/explore/locations/330443111086301/4/"
  },
  {
    "id": "1021493036",
    "name": "Lubavitch International School Perlyna - Перлина м.Київ",
    "city": "Chokolivka",
    "url": "https://www.instagram.com/explore/locations/1021493036/lubavitch-international-school-perlyna-/"
  },
  {
    "id": "105538041460268",
    "name": "pandaphotostudio__",
    "city": "Chokolivka",
    "url": "https://www.instagram.com/explore/locations/105538041460268/pandaphotostudio__/"
  },
  {
    "id": "100467438001778",
    "name": "MustHave",
    "city": "Chokolivka",
    "url": "https://www.instagram.com/explore/locations/100467438001778/musthave/"
  },
  {
    "id": "637498613295700",
    "name": "Black & White: місце зустрічі",
    "city": "Chokolivka",
    "url": "https://www.instagram.com/explore/locations/637498613295700/black-white/"
  },
  {
    "id": "1890915801125895",
    "name": "Tutti Beauty Club",
    "city": "Chokolivka",
    "url": "https://www.instagram.com/explore/locations/1890915801125895/tutti-beauty-club/"
  },
  {
    "id": "1034727172",
    "name": "Добробут_лдц",
    "city": "Chokolivka",
    "url": "https://www.instagram.com/explore/locations/1034727172/_/"
  },
  {
    "id": "875623446",
    "name": "Fiducia African Product/Foods Ukraine",
    "city": "Chokolivka",
    "url": "https://www.instagram.com/explore/locations/875623446/fiducia-african-productfoods-ukraine/"
  },
  {
    "id": "518591483",
    "name": "Навчально-науковий інститут управління МДУ",
    "city": "Chokolivka",
    "url": "https://www.instagram.com/explore/locations/518591483/-/"
  },
  {
    "id": "1954774161316700",
    "name": "VRtuality Park",
    "city": "Chokolivka",
    "url": "https://www.instagram.com/explore/locations/1954774161316700/vrtuality-park/"
  },
  {
    "id": "103478004586460",
    "name": "LaserVille",
    "city": "Chokolivka",
    "url": "https://www.instagram.com/explore/locations/103478004586460/laserville/"
  },
  {
    "id": "157435805071034",
    "name": "DP Creation",
    "city": "Chokolivka",
    "url": "https://www.instagram.com/explore/locations/157435805071034/dp-creation/"
  },
  {
    "id": "1024411299",
    "name": "Newsone TV",
    "city": "Chokolivka",
    "url": "https://www.instagram.com/explore/locations/1024411299/newsone-tv/"
  },
  {
    "id": "1182776275194033",
    "name": "InLight интерьерная фотостудия",
    "city": "Chokolivka",
    "url": "https://www.instagram.com/explore/locations/1182776275194033/inlight/"
  },
  {
    "id": "687543608277500",
    "name": "СТО «Ideal Service»",
    "city": "Chokolivka",
    "url": "https://www.instagram.com/explore/locations/687543608277500/ideal-service/"
  },
  {
    "id": "203798143843813",
    "name": "Інститут Історичної Освіти ім. М.П. Драгоманова / Institute of History Education National Pedagogical Dragomanov University",
    "city": "Chokolivka",
    "url": "https://www.instagram.com/explore/locations/203798143843813/institute-of-history-education-national-pedagogical-dragomanov-university/"
  },
  {
    "id": "1019104784",
    "name": "Up&Do",
    "city": "Chokolivka",
    "url": "https://www.instagram.com/explore/locations/1019104784/updo/"
  },
  {
    "id": "1555108071472218",
    "name": "Kinder Moda",
    "city": "Chokolivka",
    "url": "https://www.instagram.com/explore/locations/1555108071472218/kinder-moda/"
  },
  {
    "id": "1759468554377676",
    "name": "Griznes Auto Group - Авто из США, Европы, Литвы и Грузии",
    "city": "Chokolivka",
    "url": "https://www.instagram.com/explore/locations/1759468554377676/griznes-auto-group-/"
  },
  {
    "id": "279341596029431",
    "name": "Ушинского 40",
    "city": "Chokolivka",
    "url": "https://www.instagram.com/explore/locations/279341596029431/40/"
  },
  {
    "id": "415366989",
    "name": "Ukraina Kiev",
    "city": "Chokolivka",
    "url": "https://www.instagram.com/explore/locations/415366989/ukraina-kiev/"
  },
  {
    "id": "1022865258",
    "name": "Masters Academy",
    "city": "Chokolivka",
    "url": "https://www.instagram.com/explore/locations/1022865258/masters-academy/"
  },
  {
    "id": "611610042362646",
    "name": "ROYAL STORE 7777",
    "city": "Chokolivka",
    "url": "https://www.instagram.com/explore/locations/611610042362646/royal-store-7777/"
  },
  {
    "id": "513190018",
    "name": "2sharp",
    "city": "Chokolivka",
    "url": "https://www.instagram.com/explore/locations/513190018/2sharp/"
  },
  {
    "id": "367704076943887",
    "name": "Kidsauto",
    "city": "Chokolivka",
    "url": "https://www.instagram.com/explore/locations/367704076943887/kidsauto/"
  },
  {
    "id": "38618035",
    "name": "Syngenta",
    "city": "Chokolivka",
    "url": "https://www.instagram.com/explore/locations/38618035/syngenta/"
  },
  {
    "id": "110520090296863",
    "name": "Motostar",
    "city": "Chokolivka",
    "url": "https://www.instagram.com/explore/locations/110520090296863/motostar/"
  },
  {
    "id": "285476743",
    "name": "Aeroporto di Kiev-Žuljany",
    "city": "Chokolivka",
    "url": "https://www.instagram.com/explore/locations/285476743/aeroporto-di-kiev-zuljany/"
  },
  {
    "id": "1567198903589982",
    "name": "Merys beauty room",
    "city": "Chokolivka",
    "url": "https://www.instagram.com/explore/locations/1567198903589982/merys-beauty-room/"
  },
  {
    "id": "242851368",
    "name": "Аэропорт Жуляны, VIP Lounge",
    "city": "Chokolivka",
    "url": "https://www.instagram.com/explore/locations/242851368/vip-lounge/"
  },
  {
    "id": "2548251",
    "name": "L'kafa Cafe",
    "city": "Chokolivka",
    "url": "https://www.instagram.com/explore/locations/2548251/lkafa-cafe/"
  },
  {
    "id": "445661532644665",
    "name": "Beauty Trend",
    "city": "Chokolivka",
    "url": "https://www.instagram.com/explore/locations/445661532644665/beauty-trend/"
  },
  {
    "id": "1020522290",
    "name": "Salon NEXT",
    "city": "Chokolivka",
    "url": "https://www.instagram.com/explore/locations/1020522290/salon-next/"
  },
  {
    "id": "493795747772969",
    "name": "Лобановського 6",
    "city": "Chokolivka",
    "url": "https://www.instagram.com/explore/locations/493795747772969/6/"
  },
  {
    "id": "554788829",
    "name": "Pizza33 City Cafe",
    "city": "Chokolivka",
    "url": "https://www.instagram.com/explore/locations/554788829/pizza33-city-cafe/"
  },
  {
    "id": "107253160694551",
    "name": "Чоколовский Бульвар 41",
    "city": "Chokolivka",
    "url": "https://www.instagram.com/explore/locations/107253160694551/41/"
  },
  {
    "id": "208819572574423",
    "name": "Школа № 166",
    "city": "Chokolivka",
    "url": "https://www.instagram.com/explore/locations/208819572574423/no-166/"
  },
  {
    "id": "251429808792391",
    "name": "Olimp Store",
    "city": "Chokolivka",
    "url": "https://www.instagram.com/explore/locations/251429808792391/olimp-store/"
  },
  {
    "id": "538805613152557",
    "name": "Dog's fit club",
    "city": "Chokolivka",
    "url": "https://www.instagram.com/explore/locations/538805613152557/dogs-fit-club/"
  },
  {
    "id": "407140043",
    "name": "QALight",
    "city": "Chokolivka",
    "url": "https://www.instagram.com/explore/locations/407140043/qalight/"
  },
  {
    "id": "1921953428064153",
    "name": "Lyudishop Showroom & Beauty Bar ТРЦ Мармелад",
    "city": "Chokolivka",
    "url": "https://www.instagram.com/explore/locations/1921953428064153/lyudishop-showroom-beauty-bar/"
  },
  {
    "id": "101566205594659",
    "name": "Telemart.ua",
    "city": "Chokolivka",
    "url": "https://www.instagram.com/explore/locations/101566205594659/telemartua/"
  },
  {
    "id": "1091892414229374",
    "name": "IQsha Club - детский центр развития ребенка и частный детский сад",
    "city": "Chokolivka",
    "url": "https://www.instagram.com/explore/locations/1091892414229374/iqsha-club-/"
  },
  {
    "id": "492089127858083",
    "name": "Спеціалізована школа 187 м.Києва",
    "city": "Chokolivka",
    "url": "https://www.instagram.com/explore/locations/492089127858083/187/"
  },
  {
    "id": "499095631",
    "name": "Floriste Цветочный бутик",
    "city": "Chokolivka",
    "url": "https://www.instagram.com/explore/locations/499095631/floriste/"
  },
  {
    "id": "264199113",
    "name": "Barista School",
    "city": "Chokolivka",
    "url": "https://www.instagram.com/explore/locations/264199113/barista-school/"
  },
  {
    "id": "1032125583",
    "name": "Target Language Academy",
    "city": "Chokolivka",
    "url": "https://www.instagram.com/explore/locations/1032125583/target-language-academy/"
  },
  {
    "id": "1662053324017424",
    "name": "Bogomolets National Medical University , Europe",
    "city": "Chokolivka",
    "url": "https://www.instagram.com/explore/locations/1662053324017424/bogomolets-national-medical-university-europe/"
  },
  {
    "id": "290152576",
    "name": "Newton Studio",
    "city": "Chokolivka",
    "url": "https://www.instagram.com/explore/locations/290152576/newton-studio/"
  },
  {
    "id": "1017835143",
    "name": "Individ digital-agency",
    "city": "Chokolivka",
    "url": "https://www.instagram.com/explore/locations/1017835143/individ-digital-agency/"
  },
  {
    "id": "102360554919875",
    "name": "EUROLAB",
    "city": "Chokolivka",
    "url": "https://www.instagram.com/explore/locations/102360554919875/eurolab/"
  },
  {
    "id": "1472420116190198",
    "name": "pc.com.ua Магазин Комп'ютерів",
    "city": "Chokolivka",
    "url": "https://www.instagram.com/explore/locations/1472420116190198/pccomua/"
  },
  {
    "id": "1019629141",
    "name": "Delamark Жити еко - жити чисто",
    "city": "Chokolivka",
    "url": "https://www.instagram.com/explore/locations/1019629141/delamark-/"
  },
  {
    "id": "486872287",
    "name": "Astound Digital Careers",
    "city": "Chokolivka",
    "url": "https://www.instagram.com/explore/locations/486872287/astound-digital-careers/"
  },
  {
    "id": "416240805575532",
    "name": "Kerama Marazzi",
    "city": "Chokolivka",
    "url": "https://www.instagram.com/explore/locations/416240805575532/kerama-marazzi/"
  },
  {
    "id": "947890314",
    "name": "ICA Kyiv",
    "city": "Chokolivka",
    "url": "https://www.instagram.com/explore/locations/947890314/ica-kyiv/"
  },
  {
    "id": "161819314766374",
    "name": "Чоколовский Бульвар 16",
    "city": "Chokolivka",
    "url": "https://www.instagram.com/explore/locations/161819314766374/16/"
  },
  {
    "id": "108406671900442",
    "name": "mazanka_kiev",
    "city": "Chokolivka",
    "url": "https://www.instagram.com/explore/locations/108406671900442/mazanka_kiev/"
  },
  {
    "id": "295399987",
    "name": "Bionika",
    "city": "Chokolivka",
    "url": "https://www.instagram.com/explore/locations/295399987/bionika/"
  },
  {
    "id": "1028219417",
    "name": "Школа 174 Київ / Secondary School 174, Kyiv",
    "city": "Chokolivka",
    "url": "https://www.instagram.com/explore/locations/1028219417/174-secondary-school-174-kyiv/"
  },
  {
    "id": "1629956837294571",
    "name": "Hirosushi доставка суши",
    "city": "Chokolivka",
    "url": "https://www.instagram.com/explore/locations/1629956837294571/hirosushi/"
  }
]