[
  {
    "id": "213664707",
    "name": "Lviv, Ukraine",
    "city": "Leopol",
    "url": "https://www.instagram.com/explore/locations/213664707/lviv-ukraine/"
  },
  {
    "id": "102978628417730",
    "name": "Lviv, Ukraine",
    "city": "Leopol",
    "url": "https://www.instagram.com/explore/locations/102978628417730/lviv-ukraine/"
  },
  {
    "id": "107679977278403",
    "name": "Lviv, Ukraine",
    "city": "Leopol",
    "url": "https://www.instagram.com/explore/locations/107679977278403/lviv-ukraine/"
  },
  {
    "id": "743066341",
    "name": "Львiв",
    "city": "Leopol",
    "url": "https://www.instagram.com/explore/locations/743066341/i/"
  },
  {
    "id": "244230356260127",
    "name": "где-то",
    "city": "Leopol",
    "url": "https://www.instagram.com/explore/locations/244230356260127/-/"
  },
  {
    "id": "213950587",
    "name": "Lviv Railway station",
    "city": "Leopol",
    "url": "https://www.instagram.com/explore/locations/213950587/lviv-railway-station/"
  },
  {
    "id": "352054517",
    "name": "Lviv Polytechnic",
    "city": "Leopol",
    "url": "https://www.instagram.com/explore/locations/352054517/lviv-polytechnic/"
  },
  {
    "id": "101322408299363",
    "name": "Lviv City",
    "city": "Leopol",
    "url": "https://www.instagram.com/explore/locations/101322408299363/lviv-city/"
  },
  {
    "id": "456686424712480",
    "name": "Park. Art of Rest",
    "city": "Leopol",
    "url": "https://www.instagram.com/explore/locations/456686424712480/park-art-of-rest/"
  },
  {
    "id": "731970964251952",
    "name": "Kilinski restaurant",
    "city": "Leopol",
    "url": "https://www.instagram.com/explore/locations/731970964251952/kilinski-restaurant/"
  },
  {
    "id": "102160845096389",
    "name": "Teddy restaurant / Тедді ресторан",
    "city": "Leopol",
    "url": "https://www.instagram.com/explore/locations/102160845096389/teddy-restaurant/"
  },
  {
    "id": "337140803",
    "name": "Lviv University",
    "city": "Leopol",
    "url": "https://www.instagram.com/explore/locations/337140803/lviv-university/"
  },
  {
    "id": "146344166074411",
    "name": "BankHotel Lviv",
    "city": "Leopol",
    "url": "https://www.instagram.com/explore/locations/146344166074411/bankhotel-lviv/"
  },
  {
    "id": "253790968",
    "name": "St. George's Cathedral, Lviv",
    "city": "Leopol",
    "url": "https://www.instagram.com/explore/locations/253790968/st-georges-cathedral-lviv/"
  },
  {
    "id": "761494135",
    "name": "Lviv",
    "city": "Leopol",
    "url": "https://www.instagram.com/explore/locations/761494135/lviv/"
  },
  {
    "id": "840076046",
    "name": "Parc Strysky",
    "city": "Leopol",
    "url": "https://www.instagram.com/explore/locations/840076046/parc-strysky/"
  },
  {
    "id": "100735938427867",
    "name": "Lviv",
    "city": "Leopol",
    "url": "https://www.instagram.com/explore/locations/100735938427867/lviv/"
  },
  {
    "id": "241914290",
    "name": "Premier Hotel Dnister",
    "city": "Leopol",
    "url": "https://www.instagram.com/explore/locations/241914290/premier-hotel-dnister/"
  },
  {
    "id": "252087648",
    "name": "Львівський палац мистецтв Lviv Art Palace",
    "city": "Leopol",
    "url": "https://www.instagram.com/explore/locations/252087648/lviv-art-palace/"
  },
  {
    "id": "215903474",
    "name": "Stryis'kyi Park Lviv Ukraine",
    "city": "Leopol",
    "url": "https://www.instagram.com/explore/locations/215903474/stryiskyi-park-lviv-ukraine/"
  },
  {
    "id": "103630071456547",
    "name": "Leoland",
    "city": "Leopol",
    "url": "https://www.instagram.com/explore/locations/103630071456547/leoland/"
  },
  {
    "id": "492147305",
    "name": "Leopol, L'Vivs'Ka Oblast', Ukraine",
    "city": "Leopol",
    "url": "https://www.instagram.com/explore/locations/492147305/leopol-lvivska-oblast-ukraine/"
  },
  {
    "id": "1281165618616577",
    "name": "Музейно-Культурний Комплекс Пивної Історії - Львіварня",
    "city": "Leopol",
    "url": "https://www.instagram.com/explore/locations/1281165618616577/-/"
  },
  {
    "id": "423762474",
    "name": "Sport Life Героїв Упа",
    "city": "Leopol",
    "url": "https://www.instagram.com/explore/locations/423762474/sport-life/"
  },
  {
    "id": "249747881",
    "name": "Ukrainian Catholic University",
    "city": "Leopol",
    "url": "https://www.instagram.com/explore/locations/249747881/ukrainian-catholic-university/"
  },
  {
    "id": "1950514741836068",
    "name": "Палац Потоцьких The Potocki Palace",
    "city": "Leopol",
    "url": "https://www.instagram.com/explore/locations/1950514741836068/the-potocki-palace/"
  },
  {
    "id": "246344848",
    "name": "Lion's Castle Hotel, Готель Замок лева",
    "city": "Leopol",
    "url": "https://www.instagram.com/explore/locations/246344848/lions-castle-hotel/"
  },
  {
    "id": "2408321169218072",
    "name": "Rynok Square",
    "city": "Leopol",
    "url": "https://www.instagram.com/explore/locations/2408321169218072/rynok-square/"
  },
  {
    "id": "1944388199187177",
    "name": "Буковель Курорт/Bukovel Resort",
    "city": "Leopol",
    "url": "https://www.instagram.com/explore/locations/1944388199187177/bukovel-resort/"
  },
  {
    "id": "1012916572",
    "name": "Miss Princess",
    "city": "Leopol",
    "url": "https://www.instagram.com/explore/locations/1012916572/miss-princess/"
  },
  {
    "id": "101588501941958",
    "name": "Ucraina",
    "city": "Leopol",
    "url": "https://www.instagram.com/explore/locations/101588501941958/ucraina/"
  },
  {
    "id": "277871369527839",
    "name": "Multiplex",
    "city": "Leopol",
    "url": "https://www.instagram.com/explore/locations/277871369527839/multiplex/"
  },
  {
    "id": "393874526",
    "name": "SPA-готель Таурус",
    "city": "Leopol",
    "url": "https://www.instagram.com/explore/locations/393874526/spa-/"
  },
  {
    "id": "483386372112310",
    "name": "Львів залізничний вокзал \"Льві́в-Головни́й\"",
    "city": "Leopol",
    "url": "https://www.instagram.com/explore/locations/483386372112310/-/"
  },
  {
    "id": "101665335457917",
    "name": "Сироварня-ресторан",
    "city": "Leopol",
    "url": "https://www.instagram.com/explore/locations/101665335457917/-/"
  },
  {
    "id": "165164907333772",
    "name": "Дім Франка - Franko House",
    "city": "Leopol",
    "url": "https://www.instagram.com/explore/locations/165164907333772/-franko-house/"
  },
  {
    "id": "106143251128860",
    "name": "KIVSH",
    "city": "Leopol",
    "url": "https://www.instagram.com/explore/locations/106143251128860/kivsh/"
  },
  {
    "id": "225389626",
    "name": "Центр Львiв",
    "city": "Leopol",
    "url": "https://www.instagram.com/explore/locations/225389626/i/"
  },
  {
    "id": "498206057",
    "name": "Baguette/Багет",
    "city": "Leopol",
    "url": "https://www.instagram.com/explore/locations/498206057/baguette/"
  },
  {
    "id": "382544810",
    "name": "Potocki Palace",
    "city": "Leopol",
    "url": "https://www.instagram.com/explore/locations/382544810/potocki-palace/"
  },
  {
    "id": "1947886792105155",
    "name": "Україна - єдина",
    "city": "Leopol",
    "url": "https://www.instagram.com/explore/locations/1947886792105155/-/"
  },
  {
    "id": "462832697819390",
    "name": "Пологовий будинок 3-Ї Міської Лікарні",
    "city": "Leopol",
    "url": "https://www.instagram.com/explore/locations/462832697819390/3-/"
  },
  {
    "id": "281084019401870",
    "name": "Ковзанка Медик / Medyk Skating Rink",
    "city": "Leopol",
    "url": "https://www.instagram.com/explore/locations/281084019401870/medyk-skating-rink/"
  },
  {
    "id": "101033391890957",
    "name": "Smartass Lviv",
    "city": "Leopol",
    "url": "https://www.instagram.com/explore/locations/101033391890957/smartass-lviv/"
  },
  {
    "id": "1014670189",
    "name": "UCU Business School",
    "city": "Leopol",
    "url": "https://www.instagram.com/explore/locations/1014670189/ucu-business-school/"
  },
  {
    "id": "1682581675142952",
    "name": "Рясне-Руська, Львівська Область",
    "city": "Leopol",
    "url": "https://www.instagram.com/explore/locations/1682581675142952/-/"
  },
  {
    "id": "110626584411502",
    "name": "Secret Bar Lviv",
    "city": "Leopol",
    "url": "https://www.instagram.com/explore/locations/110626584411502/secret-bar-lviv/"
  },
  {
    "id": "134614046571322",
    "name": "Potocki Palace, Lviv",
    "city": "Leopol",
    "url": "https://www.instagram.com/explore/locations/134614046571322/potocki-palace-lviv/"
  },
  {
    "id": "220124147",
    "name": "Вокзал Львiв-Головний",
    "city": "Leopol",
    "url": "https://www.instagram.com/explore/locations/220124147/i-/"
  },
  {
    "id": "169785566409132",
    "name": "The Ivan Franko National University of Lviv",
    "city": "Leopol",
    "url": "https://www.instagram.com/explore/locations/169785566409132/the-ivan-franko-national-university-of-lviv/"
  },
  {
    "id": "945054502",
    "name": "Enjoy",
    "city": "Leopol",
    "url": "https://www.instagram.com/explore/locations/945054502/enjoy/"
  },
  {
    "id": "537972883332985",
    "name": "Excited",
    "city": "Leopol",
    "url": "https://www.instagram.com/explore/locations/537972883332985/excited/"
  },
  {
    "id": "216507050",
    "name": "Nota Bene Hotel",
    "city": "Leopol",
    "url": "https://www.instagram.com/explore/locations/216507050/nota-bene-hotel/"
  },
  {
    "id": "767017673",
    "name": "Leopolis",
    "city": "Leopol",
    "url": "https://www.instagram.com/explore/locations/767017673/leopolis/"
  },
  {
    "id": "226566424423749",
    "name": "Lem Station",
    "city": "Leopol",
    "url": "https://www.instagram.com/explore/locations/226566424423749/lem-station/"
  },
  {
    "id": "391997951",
    "name": "Салон краси \"Babor beauty SPA\"",
    "city": "Leopol",
    "url": "https://www.instagram.com/explore/locations/391997951/babor-beauty-spa/"
  },
  {
    "id": "113649453658166",
    "name": "Late Breakfast Club",
    "city": "Leopol",
    "url": "https://www.instagram.com/explore/locations/113649453658166/late-breakfast-club/"
  },
  {
    "id": "564504227",
    "name": "SKLAD SHOWROOM",
    "city": "Leopol",
    "url": "https://www.instagram.com/explore/locations/564504227/sklad-showroom/"
  },
  {
    "id": "100964175418506",
    "name": "Differ Sport Lifestyle Center",
    "city": "Leopol",
    "url": "https://www.instagram.com/explore/locations/100964175418506/differ-sport-lifestyle-center/"
  },
  {
    "id": "878011672405121",
    "name": "Краків / Kraków",
    "city": "Leopol",
    "url": "https://www.instagram.com/explore/locations/878011672405121/krakow/"
  },
  {
    "id": "287024148064065",
    "name": "ILike Dance Complex",
    "city": "Leopol",
    "url": "https://www.instagram.com/explore/locations/287024148064065/ilike-dance-complex/"
  },
  {
    "id": "1028261605",
    "name": "Plarium Ukraine",
    "city": "Leopol",
    "url": "https://www.instagram.com/explore/locations/1028261605/plarium-ukraine/"
  },
  {
    "id": "978587199012714",
    "name": "FILIN lounge",
    "city": "Leopol",
    "url": "https://www.instagram.com/explore/locations/978587199012714/filin-lounge/"
  },
  {
    "id": "1016829227",
    "name": "The House of Scientists",
    "city": "Leopol",
    "url": "https://www.instagram.com/explore/locations/1016829227/the-house-of-scientists/"
  },
  {
    "id": "1030065569",
    "name": "Home",
    "city": "Leopol",
    "url": "https://www.instagram.com/explore/locations/1030065569/home/"
  },
  {
    "id": "276960892945751",
    "name": "ЖК Avalon Garden",
    "city": "Leopol",
    "url": "https://www.instagram.com/explore/locations/276960892945751/avalon-garden/"
  },
  {
    "id": "507246302796016",
    "name": "Smartnails School",
    "city": "Leopol",
    "url": "https://www.instagram.com/explore/locations/507246302796016/smartnails-school/"
  },
  {
    "id": "84719001",
    "name": "H4",
    "city": "Leopol",
    "url": "https://www.instagram.com/explore/locations/84719001/h4/"
  },
  {
    "id": "293177904",
    "name": "Lvyv",
    "city": "Leopol",
    "url": "https://www.instagram.com/explore/locations/293177904/lvyv/"
  },
  {
    "id": "191726205039410",
    "name": "Ретро гараж Львів, Retro Garage Lviv",
    "city": "Leopol",
    "url": "https://www.instagram.com/explore/locations/191726205039410/retro-garage-lviv/"
  },
  {
    "id": "101831608306285",
    "name": "UNI FORCE",
    "city": "Leopol",
    "url": "https://www.instagram.com/explore/locations/101831608306285/uni-force/"
  },
  {
    "id": "103280614510372",
    "name": "Miss U Beauty",
    "city": "Leopol",
    "url": "https://www.instagram.com/explore/locations/103280614510372/miss-u-beauty/"
  },
  {
    "id": "456701208",
    "name": "Délice",
    "city": "Leopol",
    "url": "https://www.instagram.com/explore/locations/456701208/delice/"
  },
  {
    "id": "1034749112",
    "name": "Love & Lviv family restaurant",
    "city": "Leopol",
    "url": "https://www.instagram.com/explore/locations/1034749112/love-lviv-family-restaurant/"
  },
  {
    "id": "201237277191735",
    "name": "Львов ЖД вокзал \"Львов-Главный\"",
    "city": "Leopol",
    "url": "https://www.instagram.com/explore/locations/201237277191735/-/"
  },
  {
    "id": "1421367471271411",
    "name": "Prostir Lviv",
    "city": "Leopol",
    "url": "https://www.instagram.com/explore/locations/1421367471271411/prostir-lviv/"
  },
  {
    "id": "1644812748874850",
    "name": "Backstage.UNISEX",
    "city": "Leopol",
    "url": "https://www.instagram.com/explore/locations/1644812748874850/backstageunisex/"
  },
  {
    "id": "110747117364490",
    "name": "М. Львів, Вул. Героїв Упа, 73",
    "city": "Leopol",
    "url": "https://www.instagram.com/explore/locations/110747117364490/73/"
  },
  {
    "id": "246248557",
    "name": "Red Pepper",
    "city": "Leopol",
    "url": "https://www.instagram.com/explore/locations/246248557/red-pepper/"
  },
  {
    "id": "298986571019210",
    "name": "М. Львів, вул. Шевченка 17",
    "city": "Leopol",
    "url": "https://www.instagram.com/explore/locations/298986571019210/17/"
  },
  {
    "id": "227644780952070",
    "name": "SHINE, центр косметології",
    "city": "Leopol",
    "url": "https://www.instagram.com/explore/locations/227644780952070/shine/"
  },
  {
    "id": "115774486639221",
    "name": "Автостудія \"black Style\"",
    "city": "Leopol",
    "url": "https://www.instagram.com/explore/locations/115774486639221/black-style/"
  },
  {
    "id": "254222296",
    "name": "Ukrajina, Lvov",
    "city": "Leopol",
    "url": "https://www.instagram.com/explore/locations/254222296/ukrajina-lvov/"
  },
  {
    "id": "1870950543218618",
    "name": "Львiвський Палац Мистецтв, вул. Коперника, 17",
    "city": "Leopol",
    "url": "https://www.instagram.com/explore/locations/1870950543218618/i-17/"
  },
  {
    "id": "392560931506588",
    "name": "МолоДвіж Центр. Львів / MoloDvizh Center. Lviv",
    "city": "Leopol",
    "url": "https://www.instagram.com/explore/locations/392560931506588/molodvizh-center-lviv/"
  },
  {
    "id": "647262338",
    "name": "Ресторан Шопен Львів/ Restaurant Chopin Lviv",
    "city": "Leopol",
    "url": "https://www.instagram.com/explore/locations/647262338/restaurant-chopin-lviv/"
  },
  {
    "id": "2036830476596474",
    "name": "Potocki Palace, lviv",
    "city": "Leopol",
    "url": "https://www.instagram.com/explore/locations/2036830476596474/potocki-palace-lviv/"
  },
  {
    "id": "691195588",
    "name": "The Wall - найсучасніший скеледром України",
    "city": "Leopol",
    "url": "https://www.instagram.com/explore/locations/691195588/the-wall-/"
  },
  {
    "id": "108787068219864",
    "name": "Центр розвитку Baby Club Новояворівськ",
    "city": "Leopol",
    "url": "https://www.instagram.com/explore/locations/108787068219864/baby-club/"
  },
  {
    "id": "1008070251",
    "name": "Географічний Факультет, Вул. Дорошенка, 41",
    "city": "Leopol",
    "url": "https://www.instagram.com/explore/locations/1008070251/41/"
  },
  {
    "id": "729743101145364",
    "name": "Парк Динозаврів - Львів",
    "city": "Leopol",
    "url": "https://www.instagram.com/explore/locations/729743101145364/-/"
  },
  {
    "id": "1291124330927570",
    "name": "Lwów",
    "city": "Leopol",
    "url": "https://www.instagram.com/explore/locations/1291124330927570/lwow/"
  },
  {
    "id": "1019066083",
    "name": "LV Cafe jazz club",
    "city": "Leopol",
    "url": "https://www.instagram.com/explore/locations/1019066083/lv-cafe-jazz-club/"
  },
  {
    "id": "608719606",
    "name": "100 рентген",
    "city": "Leopol",
    "url": "https://www.instagram.com/explore/locations/608719606/100/"
  },
  {
    "id": "1025616701",
    "name": "Студія засмаги Bronze Львів",
    "city": "Leopol",
    "url": "https://www.instagram.com/explore/locations/1025616701/bronze/"
  },
  {
    "id": "131398337702684",
    "name": "Opera House Lviv",
    "city": "Leopol",
    "url": "https://www.instagram.com/explore/locations/131398337702684/opera-house-lviv/"
  },
  {
    "id": "199499693935338",
    "name": "Ресторан Soprano",
    "city": "Leopol",
    "url": "https://www.instagram.com/explore/locations/199499693935338/soprano/"
  },
  {
    "id": "508876729150446",
    "name": "Dynamo Blues - Steak House Lviv",
    "city": "Leopol",
    "url": "https://www.instagram.com/explore/locations/508876729150446/dynamo-blues-steak-house-lviv/"
  },
  {
    "id": "111678113600051",
    "name": "Studio 78. coffee",
    "city": "Leopol",
    "url": "https://www.instagram.com/explore/locations/111678113600051/studio-78-coffee/"
  },
  {
    "id": "1030097363702797",
    "name": "Студія манікюру NailOn",
    "city": "Leopol",
    "url": "https://www.instagram.com/explore/locations/1030097363702797/nailon/"
  },
  {
    "id": "107554348223241",
    "name": "1708pizza",
    "city": "Leopol",
    "url": "https://www.instagram.com/explore/locations/107554348223241/1708pizza/"
  },
  {
    "id": "1019679119",
    "name": "Етно-галерея Роксоляни Шимчук / Roksolyana Shymchuk Ethno-gallery",
    "city": "Leopol",
    "url": "https://www.instagram.com/explore/locations/1019679119/-roksolyana-shymchuk-ethno-gallery/"
  },
  {
    "id": "212115639711430",
    "name": "Школа-студія розкішного погляду \"NGlashes\"",
    "city": "Leopol",
    "url": "https://www.instagram.com/explore/locations/212115639711430/-nglashes/"
  },
  {
    "id": "1401072956623425",
    "name": "Bednarska beauty center",
    "city": "Leopol",
    "url": "https://www.instagram.com/explore/locations/1401072956623425/bednarska-beauty-center/"
  },
  {
    "id": "255125158470693",
    "name": "Fellner & Helmer - ресторація шляхетної кухні",
    "city": "Leopol",
    "url": "https://www.instagram.com/explore/locations/255125158470693/fellner-helmer-/"
  },
  {
    "id": "711087804",
    "name": "Львів, Вул. Менцинського, 3",
    "city": "Leopol",
    "url": "https://www.instagram.com/explore/locations/711087804/3/"
  },
  {
    "id": "1033442616852159",
    "name": "ANDRE TAN Lviv",
    "city": "Leopol",
    "url": "https://www.instagram.com/explore/locations/1033442616852159/andre-tan-lviv/"
  },
  {
    "id": "1858757714436451",
    "name": "Taurus City Hotel",
    "city": "Leopol",
    "url": "https://www.instagram.com/explore/locations/1858757714436451/taurus-city-hotel/"
  },
  {
    "id": "108142584262155",
    "name": "Smart Studio",
    "city": "Leopol",
    "url": "https://www.instagram.com/explore/locations/108142584262155/smart-studio/"
  },
  {
    "id": "469709163214185",
    "name": "SPA Б'юті Бутік \"Міледі\"",
    "city": "Leopol",
    "url": "https://www.instagram.com/explore/locations/469709163214185/spa/"
  },
  {
    "id": "297770680",
    "name": "Кульпарківська59",
    "city": "Leopol",
    "url": "https://www.instagram.com/explore/locations/297770680/59/"
  },
  {
    "id": "231670844234121",
    "name": "Ресторан-паб \"Чорний кіт\"",
    "city": "Leopol",
    "url": "https://www.instagram.com/explore/locations/231670844234121/-/"
  },
  {
    "id": "106986308202521",
    "name": "Discovery Patio / Діскавері Патіо",
    "city": "Leopol",
    "url": "https://www.instagram.com/explore/locations/106986308202521/discovery-patio/"
  },
  {
    "id": "434672368",
    "name": "UNDERGROUND",
    "city": "Leopol",
    "url": "https://www.instagram.com/explore/locations/434672368/underground/"
  },
  {
    "id": "307048056486303",
    "name": "Шевченка 60",
    "city": "Leopol",
    "url": "https://www.instagram.com/explore/locations/307048056486303/60/"
  },
  {
    "id": "262261735",
    "name": "Mediostar- Clinic of laser and aesthetic cosmetology - Медіостар",
    "city": "Leopol",
    "url": "https://www.instagram.com/explore/locations/262261735/mediostar-clinic-of-laser-and-aesthetic-cosmetology-/"
  },
  {
    "id": "2107391285970385",
    "name": "Gruner Hotel",
    "city": "Leopol",
    "url": "https://www.instagram.com/explore/locations/2107391285970385/gruner-hotel/"
  },
  {
    "id": "1013773115338236",
    "name": "Вище професійне училище 29 м. Львова",
    "city": "Leopol",
    "url": "https://www.instagram.com/explore/locations/1013773115338236/29/"
  },
  {
    "id": "283932057",
    "name": "3-Тя Міська Клінічна Лікарня, Пологове Відділення",
    "city": "Leopol",
    "url": "https://www.instagram.com/explore/locations/283932057/3-/"
  },
  {
    "id": "622071357975602",
    "name": "H2O detailing studio",
    "city": "Leopol",
    "url": "https://www.instagram.com/explore/locations/622071357975602/h2o-detailing-studio/"
  },
  {
    "id": "672715572809322",
    "name": "Lviv City",
    "city": "Leopol",
    "url": "https://www.instagram.com/explore/locations/672715572809322/lviv-city/"
  },
  {
    "id": "751723805",
    "name": "Zoo Cafe",
    "city": "Leopol",
    "url": "https://www.instagram.com/explore/locations/751723805/zoo-cafe/"
  },
  {
    "id": "420261663",
    "name": "Ivan Franko National University of Lviv - International Office",
    "city": "Leopol",
    "url": "https://www.instagram.com/explore/locations/420261663/ivan-franko-national-university-of-lviv-international-office/"
  },
  {
    "id": "1019425741",
    "name": "Кондитерська - Ресторан \"Фраєрка\"",
    "city": "Leopol",
    "url": "https://www.instagram.com/explore/locations/1019425741/-/"
  },
  {
    "id": "1228294010684700",
    "name": "Softserve Lviv 9",
    "city": "Leopol",
    "url": "https://www.instagram.com/explore/locations/1228294010684700/softserve-lviv-9/"
  },
  {
    "id": "974608055",
    "name": "Alfa Jazz Fest",
    "city": "Leopol",
    "url": "https://www.instagram.com/explore/locations/974608055/alfa-jazz-fest/"
  },
  {
    "id": "1578960305703945",
    "name": "Ukrainian Baptist Theological Seminary",
    "city": "Leopol",
    "url": "https://www.instagram.com/explore/locations/1578960305703945/ukrainian-baptist-theological-seminary/"
  },
  {
    "id": "127657207905439",
    "name": "Be_more",
    "city": "Leopol",
    "url": "https://www.instagram.com/explore/locations/127657207905439/be_more/"
  },
  {
    "id": "855943161243677",
    "name": "LWÓW",
    "city": "Leopol",
    "url": "https://www.instagram.com/explore/locations/855943161243677/lwow/"
  },
  {
    "id": "313429174",
    "name": "Ivan Franko National University",
    "city": "Leopol",
    "url": "https://www.instagram.com/explore/locations/313429174/ivan-franko-national-university/"
  },
  {
    "id": "982105181892812",
    "name": "LvivTech.City",
    "city": "Leopol",
    "url": "https://www.instagram.com/explore/locations/982105181892812/lvivtechcity/"
  },
  {
    "id": "251898575",
    "name": "Національний Університет Львівська Політехніка, Корпус 5",
    "city": "Leopol",
    "url": "https://www.instagram.com/explore/locations/251898575/5/"
  },
  {
    "id": "270512207020575",
    "name": "KREDENS CAFE",
    "city": "Leopol",
    "url": "https://www.instagram.com/explore/locations/270512207020575/kredens-cafe/"
  },
  {
    "id": "1027423964",
    "name": "Lviv Polytechnic National University",
    "city": "Leopol",
    "url": "https://www.instagram.com/explore/locations/1027423964/lviv-polytechnic-national-university/"
  },
  {
    "id": "102171714673871",
    "name": "Go Groom",
    "city": "Leopol",
    "url": "https://www.instagram.com/explore/locations/102171714673871/go-groom/"
  },
  {
    "id": "1649414508682055",
    "name": "KaVa",
    "city": "Leopol",
    "url": "https://www.instagram.com/explore/locations/1649414508682055/kava/"
  },
  {
    "id": "103799531526350",
    "name": "Fantasy kingdom",
    "city": "Leopol",
    "url": "https://www.instagram.com/explore/locations/103799531526350/fantasy-kingdom/"
  },
  {
    "id": "398077990257390",
    "name": "Школа 44",
    "city": "Leopol",
    "url": "https://www.instagram.com/explore/locations/398077990257390/44/"
  },
  {
    "id": "1030259098",
    "name": "Kvitna",
    "city": "Leopol",
    "url": "https://www.instagram.com/explore/locations/1030259098/kvitna/"
  },
  {
    "id": "416157881902052",
    "name": "Buhta Vikingiv",
    "city": "Leopol",
    "url": "https://www.instagram.com/explore/locations/416157881902052/buhta-vikingiv/"
  },
  {
    "id": "1006802120",
    "name": "GL Nail Studio",
    "city": "Leopol",
    "url": "https://www.instagram.com/explore/locations/1006802120/gl-nail-studio/"
  },
  {
    "id": "680520650",
    "name": "URBAN бібліотека",
    "city": "Leopol",
    "url": "https://www.instagram.com/explore/locations/680520650/urban/"
  },
  {
    "id": "856864874506003",
    "name": "Leopolis Jazz Fest",
    "city": "Leopol",
    "url": "https://www.instagram.com/explore/locations/856864874506003/leopolis-jazz-fest/"
  },
  {
    "id": "1014208079",
    "name": "Sport Ceh",
    "city": "Leopol",
    "url": "https://www.instagram.com/explore/locations/1014208079/sport-ceh/"
  },
  {
    "id": "1550382661958331",
    "name": "School Stiven Chen / Салон Краси & Школа перукарського мистецтва",
    "city": "Leopol",
    "url": "https://www.instagram.com/explore/locations/1550382661958331/school-stiven-chen/"
  },
  {
    "id": "907622729",
    "name": "Ukrainian National Forestry University",
    "city": "Leopol",
    "url": "https://www.instagram.com/explore/locations/907622729/ukrainian-national-forestry-university/"
  },
  {
    "id": "100399811758941",
    "name": "Магазин - салон «Все для Манікюру»",
    "city": "Leopol",
    "url": "https://www.instagram.com/explore/locations/100399811758941/-/"
  },
  {
    "id": "203333317220091",
    "name": "Revival Beauty&Nail Bar",
    "city": "Leopol",
    "url": "https://www.instagram.com/explore/locations/203333317220091/revival-beautynail-bar/"
  },
  {
    "id": "1015232840",
    "name": "Sports Stable \"granat\"",
    "city": "Leopol",
    "url": "https://www.instagram.com/explore/locations/1015232840/sports-stable-granat/"
  },
  {
    "id": "1004683066362090",
    "name": "Церква Святої Софії-Премудрості Божої",
    "city": "Leopol",
    "url": "https://www.instagram.com/explore/locations/1004683066362090/-/"
  },
  {
    "id": "2302139086730908",
    "name": "Profi tour",
    "city": "Leopol",
    "url": "https://www.instagram.com/explore/locations/2302139086730908/profi-tour/"
  },
  {
    "id": "445837096",
    "name": "MovaMedova",
    "city": "Leopol",
    "url": "https://www.instagram.com/explore/locations/445837096/movamedova/"
  },
  {
    "id": "419754101",
    "name": "Home Sweet Home",
    "city": "Leopol",
    "url": "https://www.instagram.com/explore/locations/419754101/home-sweet-home/"
  },
  {
    "id": "151085225634987",
    "name": "Музей-Арсенал",
    "city": "Leopol",
    "url": "https://www.instagram.com/explore/locations/151085225634987/-/"
  },
  {
    "id": "108122987738935",
    "name": "ANRIVO beauty studio",
    "city": "Leopol",
    "url": "https://www.instagram.com/explore/locations/108122987738935/anrivo-beauty-studio/"
  },
  {
    "id": "104164588784109",
    "name": "Ресторан «Faber»",
    "city": "Leopol",
    "url": "https://www.instagram.com/explore/locations/104164588784109/faber/"
  },
  {
    "id": "1499469813514627",
    "name": "beauty.space.lviv",
    "city": "Leopol",
    "url": "https://www.instagram.com/explore/locations/1499469813514627/beautyspacelviv/"
  },
  {
    "id": "2156838641236339",
    "name": "Komilfo salon expert L'Oréal",
    "city": "Leopol",
    "url": "https://www.instagram.com/explore/locations/2156838641236339/komilfo-salon-expert-loreal/"
  },
  {
    "id": "1728135867457266",
    "name": "Хобімонстр магазин-клуб настільних ігор у Львові",
    "city": "Leopol",
    "url": "https://www.instagram.com/explore/locations/1728135867457266/-/"
  },
  {
    "id": "646697659280764",
    "name": "Центр дермато-естетичної медицини \"Панацея\"",
    "city": "Leopol",
    "url": "https://www.instagram.com/explore/locations/646697659280764/-/"
  },
  {
    "id": "107489148117316",
    "name": "Fabian Barber Space 2",
    "city": "Leopol",
    "url": "https://www.instagram.com/explore/locations/107489148117316/fabian-barber-space-2/"
  },
  {
    "id": "135710160504250",
    "name": "Avant'age Cosmetologie",
    "city": "Leopol",
    "url": "https://www.instagram.com/explore/locations/135710160504250/avantage-cosmetologie/"
  },
  {
    "id": "114639623316654",
    "name": "ЦіKava",
    "city": "Leopol",
    "url": "https://www.instagram.com/explore/locations/114639623316654/kava/"
  },
  {
    "id": "102761946477212",
    "name": "SECRET FORÉST",
    "city": "Leopol",
    "url": "https://www.instagram.com/explore/locations/102761946477212/secret-forest/"
  },
  {
    "id": "1177536705631593",
    "name": "ITEAHub",
    "city": "Leopol",
    "url": "https://www.instagram.com/explore/locations/1177536705631593/iteahub/"
  },
  {
    "id": "535086080",
    "name": "Liviv Ukr.",
    "city": "Leopol",
    "url": "https://www.instagram.com/explore/locations/535086080/liviv-ukr/"
  },
  {
    "id": "342962353154384",
    "name": "Detailing Studio «Garage 66»",
    "city": "Leopol",
    "url": "https://www.instagram.com/explore/locations/342962353154384/detailing-studio-garage-66/"
  },
  {
    "id": "598931813597381",
    "name": "Rocket Espresso",
    "city": "Leopol",
    "url": "https://www.instagram.com/explore/locations/598931813597381/rocket-espresso/"
  },
  {
    "id": "668974319873623",
    "name": "Шугарінг Studio - Львів",
    "city": "Leopol",
    "url": "https://www.instagram.com/explore/locations/668974319873623/studio-/"
  },
  {
    "id": "2260831380851540",
    "name": "The LNU",
    "city": "Leopol",
    "url": "https://www.instagram.com/explore/locations/2260831380851540/the-lnu/"
  },
  {
    "id": "101648545237299",
    "name": "Lviv",
    "city": "Leopol",
    "url": "https://www.instagram.com/explore/locations/101648545237299/lviv/"
  },
  {
    "id": "391025161437820",
    "name": "Софіївка/Sofiivka",
    "city": "Leopol",
    "url": "https://www.instagram.com/explore/locations/391025161437820/sofiivka/"
  },
  {
    "id": "2000158540050548",
    "name": "Метро-паб Станція \"Університет\"",
    "city": "Leopol",
    "url": "https://www.instagram.com/explore/locations/2000158540050548/-/"
  },
  {
    "id": "1547824391977676",
    "name": "Sweet Nail Studio",
    "city": "Leopol",
    "url": "https://www.instagram.com/explore/locations/1547824391977676/sweet-nail-studio/"
  },
  {
    "id": "683375661788143",
    "name": "Факультет 3 ЛьвДУВС превентивна діяльність",
    "city": "Leopol",
    "url": "https://www.instagram.com/explore/locations/683375661788143/3/"
  },
  {
    "id": "1208694169189082",
    "name": "Фітнес-клуб FitMe Львів",
    "city": "Leopol",
    "url": "https://www.instagram.com/explore/locations/1208694169189082/-fitme/"
  },
  {
    "id": "704805313024712",
    "name": "PAWЛапа",
    "city": "Leopol",
    "url": "https://www.instagram.com/explore/locations/704805313024712/paw/"
  },
  {
    "id": "1587177727977842",
    "name": "Prime Beauty Studio",
    "city": "Leopol",
    "url": "https://www.instagram.com/explore/locations/1587177727977842/prime-beauty-studio/"
  },
  {
    "id": "1189180577832786",
    "name": "Tech StartUp School",
    "city": "Leopol",
    "url": "https://www.instagram.com/explore/locations/1189180577832786/tech-startup-school/"
  },
  {
    "id": "941105799393056",
    "name": "Beer Cultural Experience CenterLvivarnya",
    "city": "Leopol",
    "url": "https://www.instagram.com/explore/locations/941105799393056/beer-cultural-experience-centerlvivarnya/"
  },
  {
    "id": "1117055558393765",
    "name": "Sandra Dance SchoolPole dance Lviv",
    "city": "Leopol",
    "url": "https://www.instagram.com/explore/locations/1117055558393765/sandra-dance-schoolpole-dance-lviv/"
  },
  {
    "id": "544049214",
    "name": "Музично-меморіальний музей Соломії Крушельницької у Львові",
    "city": "Leopol",
    "url": "https://www.instagram.com/explore/locations/544049214/-/"
  },
  {
    "id": "1026223888",
    "name": "IHUB Lviv",
    "city": "Leopol",
    "url": "https://www.instagram.com/explore/locations/1026223888/ihub-lviv/"
  },
  {
    "id": "1194213847265514",
    "name": "Студія краси M&M",
    "city": "Leopol",
    "url": "https://www.instagram.com/explore/locations/1194213847265514/mm/"
  },
  {
    "id": "156141461706448",
    "name": "MUZcool альтернативна музична школа",
    "city": "Leopol",
    "url": "https://www.instagram.com/explore/locations/156141461706448/muzcool/"
  },
  {
    "id": "113188430252903",
    "name": "re:bro",
    "city": "Leopol",
    "url": "https://www.instagram.com/explore/locations/113188430252903/rebro/"
  },
  {
    "id": "102756734931926",
    "name": "«OakShop»",
    "city": "Leopol",
    "url": "https://www.instagram.com/explore/locations/102756734931926/oakshop/"
  },
  {
    "id": "110322217133269",
    "name": "Lemberg Craft Rest",
    "city": "Leopol",
    "url": "https://www.instagram.com/explore/locations/110322217133269/lemberg-craft-rest/"
  },
  {
    "id": "265690276",
    "name": "FAT Dragon",
    "city": "Leopol",
    "url": "https://www.instagram.com/explore/locations/265690276/fat-dragon/"
  },
  {
    "id": "2087375924926004",
    "name": "Привокзальний ринок / Pryvokzal'nyi Market",
    "city": "Leopol",
    "url": "https://www.instagram.com/explore/locations/2087375924926004/pryvokzalnyi-market/"
  },
  {
    "id": "338588449646005",
    "name": "Vanilla Sky Pole Dance Studio",
    "city": "Leopol",
    "url": "https://www.instagram.com/explore/locations/338588449646005/vanilla-sky-pole-dance-studio/"
  },
  {
    "id": "2942969",
    "name": "EPAM Systems",
    "city": "Leopol",
    "url": "https://www.instagram.com/explore/locations/2942969/epam-systems/"
  },
  {
    "id": "200979116966051",
    "name": "Манікюр-студія Нейл",
    "city": "Leopol",
    "url": "https://www.instagram.com/explore/locations/200979116966051/-/"
  },
  {
    "id": "106242884352593",
    "name": "Франшиза 4 Чебуреки",
    "city": "Leopol",
    "url": "https://www.instagram.com/explore/locations/106242884352593/4/"
  },
  {
    "id": "1005475141",
    "name": "Urbancoffeelviv",
    "city": "Leopol",
    "url": "https://www.instagram.com/explore/locations/1005475141/urbancoffeelviv/"
  },
  {
    "id": "278442742553979",
    "name": "ZLATAMEDical centr",
    "city": "Leopol",
    "url": "https://www.instagram.com/explore/locations/278442742553979/zlatamedical-centr/"
  },
  {
    "id": "1012543884",
    "name": "Ресторан-музей \"Сім поросят\"",
    "city": "Leopol",
    "url": "https://www.instagram.com/explore/locations/1012543884/-/"
  },
  {
    "id": "270615084",
    "name": "Музей-Садиба Михайла Грушевського",
    "city": "Leopol",
    "url": "https://www.instagram.com/explore/locations/270615084/-/"
  },
  {
    "id": "735605125",
    "name": "ZRK - Handmade",
    "city": "Leopol",
    "url": "https://www.instagram.com/explore/locations/735605125/zrk-handmade/"
  },
  {
    "id": "691635678",
    "name": "Слово і голос / Word and voice",
    "city": "Leopol",
    "url": "https://www.instagram.com/explore/locations/691635678/word-and-voice/"
  },
  {
    "id": "302578723265368",
    "name": "Vavruk Beauty Center",
    "city": "Leopol",
    "url": "https://www.instagram.com/explore/locations/302578723265368/vavruk-beauty-center/"
  },
  {
    "id": "590095871",
    "name": "Enigma Escape Game Львів - квест-кімнати у Львові",
    "city": "Leopol",
    "url": "https://www.instagram.com/explore/locations/590095871/enigma-escape-game-/"
  },
  {
    "id": "778654012339470",
    "name": "Студія йоги і танців Shakti Yoga Shala",
    "city": "Leopol",
    "url": "https://www.instagram.com/explore/locations/778654012339470/shakti-yoga-shala/"
  },
  {
    "id": "1169135873131907",
    "name": "Artichoke Art & Fashion School",
    "city": "Leopol",
    "url": "https://www.instagram.com/explore/locations/1169135873131907/artichoke-art-fashion-school/"
  },
  {
    "id": "357081664357334",
    "name": "EgoStyle",
    "city": "Leopol",
    "url": "https://www.instagram.com/explore/locations/357081664357334/egostyle/"
  },
  {
    "id": "240174828",
    "name": "Home Lviv",
    "city": "Leopol",
    "url": "https://www.instagram.com/explore/locations/240174828/home-lviv/"
  },
  {
    "id": "439294899",
    "name": "KAVA - твій формат відпочинку",
    "city": "Leopol",
    "url": "https://www.instagram.com/explore/locations/439294899/kava-/"
  },
  {
    "id": "154995671918924",
    "name": "Sheptytsky Center of Ukrainian Catholic University",
    "city": "Leopol",
    "url": "https://www.instagram.com/explore/locations/154995671918924/sheptytsky-center-of-ukrainian-catholic-university/"
  },
  {
    "id": "1909827409267439",
    "name": "Клуб-магазин настільних ігор „Octopus“",
    "city": "Leopol",
    "url": "https://www.instagram.com/explore/locations/1909827409267439/-octopus/"
  },
  {
    "id": "1066518113524109",
    "name": "Flower Esthetic Boutique",
    "city": "Leopol",
    "url": "https://www.instagram.com/explore/locations/1066518113524109/flower-esthetic-boutique/"
  },
  {
    "id": "298521977282130",
    "name": "BEON",
    "city": "Leopol",
    "url": "https://www.instagram.com/explore/locations/298521977282130/beon/"
  },
  {
    "id": "292231839",
    "name": "Vikar",
    "city": "Leopol",
    "url": "https://www.instagram.com/explore/locations/292231839/vikar/"
  },
  {
    "id": "1019217570",
    "name": "Montelimar Lviv",
    "city": "Leopol",
    "url": "https://www.instagram.com/explore/locations/1019217570/montelimar-lviv/"
  },
  {
    "id": "328394611149845",
    "name": "Кульпарківська 230",
    "city": "Leopol",
    "url": "https://www.instagram.com/explore/locations/328394611149845/230/"
  },
  {
    "id": "102006825634939",
    "name": "AL’S Barbershop Lviv",
    "city": "Leopol",
    "url": "https://www.instagram.com/explore/locations/102006825634939/als-barbershop-lviv/"
  },
  {
    "id": "303866205",
    "name": "AlfaJazz",
    "city": "Leopol",
    "url": "https://www.instagram.com/explore/locations/303866205/alfajazz/"
  },
  {
    "id": "1035549625",
    "name": "Anorr",
    "city": "Leopol",
    "url": "https://www.instagram.com/explore/locations/1035549625/anorr/"
  },
  {
    "id": "1794265280700920",
    "name": "Двiрцева площа",
    "city": "Leopol",
    "url": "https://www.instagram.com/explore/locations/1794265280700920/i/"
  },
  {
    "id": "108750913375400",
    "name": "Школа №55",
    "city": "Leopol",
    "url": "https://www.instagram.com/explore/locations/108750913375400/no55/"
  },
  {
    "id": "622785964545556",
    "name": "Alfa Jazz Fest 2016",
    "city": "Leopol",
    "url": "https://www.instagram.com/explore/locations/622785964545556/alfa-jazz-fest-2016/"
  },
  {
    "id": "171618930061224",
    "name": "Світ Кави Roastery and Cafe",
    "city": "Leopol",
    "url": "https://www.instagram.com/explore/locations/171618930061224/roastery-and-cafe/"
  },
  {
    "id": "105164187838113",
    "name": "L'viv",
    "city": "Leopol",
    "url": "https://www.instagram.com/explore/locations/105164187838113/lviv/"
  },
  {
    "id": "102854671335879",
    "name": "NO TABOO в центрі Львова",
    "city": "Leopol",
    "url": "https://www.instagram.com/explore/locations/102854671335879/no-taboo/"
  },
  {
    "id": "250642147",
    "name": "Puzata Khata",
    "city": "Leopol",
    "url": "https://www.instagram.com/explore/locations/250642147/puzata-khata/"
  },
  {
    "id": "580365332397454",
    "name": "Evil Art Tattoo Тату Львів",
    "city": "Leopol",
    "url": "https://www.instagram.com/explore/locations/580365332397454/evil-art-tattoo/"
  },
  {
    "id": "934435447",
    "name": "Hotel Leotel",
    "city": "Leopol",
    "url": "https://www.instagram.com/explore/locations/934435447/hotel-leotel/"
  },
  {
    "id": "283207556",
    "name": "Lviv National Art Gallery",
    "city": "Leopol",
    "url": "https://www.instagram.com/explore/locations/283207556/lviv-national-art-gallery/"
  },
  {
    "id": "1023090177",
    "name": "Stories Hub",
    "city": "Leopol",
    "url": "https://www.instagram.com/explore/locations/1023090177/stories-hub/"
  },
  {
    "id": "402173623478491",
    "name": "Smith & Tailor Ink Tattoo",
    "city": "Leopol",
    "url": "https://www.instagram.com/explore/locations/402173623478491/smith-tailor-ink-tattoo/"
  },
  {
    "id": "680097415780143",
    "name": "Здоров'я Поруч - медичний центр",
    "city": "Leopol",
    "url": "https://www.instagram.com/explore/locations/680097415780143/-/"
  },
  {
    "id": "101714404776764",
    "name": "Te Amo Lviv Coffee Shop",
    "city": "Leopol",
    "url": "https://www.instagram.com/explore/locations/101714404776764/te-amo-lviv-coffee-shop/"
  },
  {
    "id": "262465470814070",
    "name": "Raywell Lab- бьюті студія Львів",
    "city": "Leopol",
    "url": "https://www.instagram.com/explore/locations/262465470814070/raywell-lab-/"
  },
  {
    "id": "281175605",
    "name": "GlobalLogic Lviv",
    "city": "Leopol",
    "url": "https://www.instagram.com/explore/locations/281175605/globallogic-lviv/"
  },
  {
    "id": "635898260084353",
    "name": "Lviv Museum of Brewery",
    "city": "Leopol",
    "url": "https://www.instagram.com/explore/locations/635898260084353/lviv-museum-of-brewery/"
  },
  {
    "id": "696687787137581",
    "name": "Готель Цісар / Hotel Cisar",
    "city": "Leopol",
    "url": "https://www.instagram.com/explore/locations/696687787137581/hotel-cisar/"
  },
  {
    "id": "112548648811836",
    "name": "Lviv Cheese and Wine Festival/Свято Сиру і Вина у Львові",
    "city": "Leopol",
    "url": "https://www.instagram.com/explore/locations/112548648811836/lviv-cheese-and-wine-festival/"
  },
  {
    "id": "227078517666093",
    "name": "Kopernik",
    "city": "Leopol",
    "url": "https://www.instagram.com/explore/locations/227078517666093/kopernik/"
  },
  {
    "id": "1029765837",
    "name": "Reikartz Dworzec",
    "city": "Leopol",
    "url": "https://www.instagram.com/explore/locations/1029765837/reikartz-dworzec/"
  },
  {
    "id": "618813938541240",
    "name": "Pizza Celentano Ristorante Григоренка",
    "city": "Leopol",
    "url": "https://www.instagram.com/explore/locations/618813938541240/pizza-celentano-ristorante/"
  },
  {
    "id": "1030075233",
    "name": "Студія Краси DIAS",
    "city": "Leopol",
    "url": "https://www.instagram.com/explore/locations/1030075233/dias/"
  },
  {
    "id": "632321723787743",
    "name": "Leopolis Jazz",
    "city": "Leopol",
    "url": "https://www.instagram.com/explore/locations/632321723787743/leopolis-jazz/"
  },
  {
    "id": "293115501031226",
    "name": "Бельфіоро - Студія флористики та декору",
    "city": "Leopol",
    "url": "https://www.instagram.com/explore/locations/293115501031226/-/"
  },
  {
    "id": "101768528098675",
    "name": "Browbar lviv",
    "city": "Leopol",
    "url": "https://www.instagram.com/explore/locations/101768528098675/browbar-lviv/"
  },
  {
    "id": "101529718423065",
    "name": "ГориЩЕ - BBQ паб",
    "city": "Leopol",
    "url": "https://www.instagram.com/explore/locations/101529718423065/-bbq/"
  },
  {
    "id": "475920736514608",
    "name": "Бойківська гостина - ресторан",
    "city": "Leopol",
    "url": "https://www.instagram.com/explore/locations/475920736514608/-/"
  },
  {
    "id": "305292860263295",
    "name": "Залізнична, 20",
    "city": "Leopol",
    "url": "https://www.instagram.com/explore/locations/305292860263295/20/"
  },
  {
    "id": "1677535162297980",
    "name": "Milk Beauty Studio",
    "city": "Leopol",
    "url": "https://www.instagram.com/explore/locations/1677535162297980/milk-beauty-studio/"
  },
  {
    "id": "907434337",
    "name": "A DENT",
    "city": "Leopol",
    "url": "https://www.instagram.com/explore/locations/907434337/a-dent/"
  },
  {
    "id": "1451285014967846",
    "name": "Nail House",
    "city": "Leopol",
    "url": "https://www.instagram.com/explore/locations/1451285014967846/nail-house/"
  },
  {
    "id": "1050127998419198",
    "name": "Квест-кімнати Enigma Escape Game на Гоголя",
    "city": "Leopol",
    "url": "https://www.instagram.com/explore/locations/1050127998419198/-enigma-escape-game/"
  },
  {
    "id": "368821520345290",
    "name": "Food 100лиця",
    "city": "Leopol",
    "url": "https://www.instagram.com/explore/locations/368821520345290/food-100/"
  },
  {
    "id": "110838340516884",
    "name": "Love Ukraine",
    "city": "Leopol",
    "url": "https://www.instagram.com/explore/locations/110838340516884/love-ukraine/"
  },
  {
    "id": "288104555076711",
    "name": "MyHome",
    "city": "Leopol",
    "url": "https://www.instagram.com/explore/locations/288104555076711/myhome/"
  },
  {
    "id": "100266131406843",
    "name": "Wortex-робота за кордоном",
    "city": "Leopol",
    "url": "https://www.instagram.com/explore/locations/100266131406843/wortex-/"
  },
  {
    "id": "102437934892152",
    "name": "Гастро Кафе \"Piko Pesti\"",
    "city": "Leopol",
    "url": "https://www.instagram.com/explore/locations/102437934892152/piko-pesti/"
  },
  {
    "id": "2467659393257469",
    "name": "PM Gallery",
    "city": "Leopol",
    "url": "https://www.instagram.com/explore/locations/2467659393257469/pm-gallery/"
  },
  {
    "id": "11169387",
    "name": "Delice",
    "city": "Leopol",
    "url": "https://www.instagram.com/explore/locations/11169387/delice/"
  },
  {
    "id": "214916308",
    "name": "The Unitas Pub",
    "city": "Leopol",
    "url": "https://www.instagram.com/explore/locations/214916308/the-unitas-pub/"
  },
  {
    "id": "1132506773458694",
    "name": "Dreamers place",
    "city": "Leopol",
    "url": "https://www.instagram.com/explore/locations/1132506773458694/dreamers-place/"
  },
  {
    "id": "106782602084064",
    "name": "Moar",
    "city": "Leopol",
    "url": "https://www.instagram.com/explore/locations/106782602084064/moar/"
  },
  {
    "id": "166417380530009",
    "name": "80 окрема десантно-штурмова Галицька бригада ДШВ ЗСУ",
    "city": "Leopol",
    "url": "https://www.instagram.com/explore/locations/166417380530009/80-/"
  },
  {
    "id": "103728241099954",
    "name": "Здоров'я Людини-Реабілітаційний центр",
    "city": "Leopol",
    "url": "https://www.instagram.com/explore/locations/103728241099954/-/"
  },
  {
    "id": "104726988047848",
    "name": "Цікава / Tsikava",
    "city": "Leopol",
    "url": "https://www.instagram.com/explore/locations/104726988047848/tsikava/"
  },
  {
    "id": "2059759880956275",
    "name": "Студія VeAn tattoo Львів",
    "city": "Leopol",
    "url": "https://www.instagram.com/explore/locations/2059759880956275/vean-tattoo/"
  },
  {
    "id": "321095505361178",
    "name": "Сито-П'яно",
    "city": "Leopol",
    "url": "https://www.instagram.com/explore/locations/321095505361178/-/"
  },
  {
    "id": "100337741556221",
    "name": "Body Factory",
    "city": "Leopol",
    "url": "https://www.instagram.com/explore/locations/100337741556221/body-factory/"
  },
  {
    "id": "189214734280182",
    "name": "Beauty Platforma by Anna Ostapyuk",
    "city": "Leopol",
    "url": "https://www.instagram.com/explore/locations/189214734280182/beauty-platforma-by-anna-ostapyuk/"
  },
  {
    "id": "101121768427149",
    "name": "Bristol Brow Point",
    "city": "Leopol",
    "url": "https://www.instagram.com/explore/locations/101121768427149/bristol-brow-point/"
  },
  {
    "id": "341382079656470",
    "name": "MS Studio Лазерна Епіляція Львів Шугаринг Віск",
    "city": "Leopol",
    "url": "https://www.instagram.com/explore/locations/341382079656470/ms-studio/"
  },
  {
    "id": "1541599329192514",
    "name": "Sincerity beauty salon",
    "city": "Leopol",
    "url": "https://www.instagram.com/explore/locations/1541599329192514/sincerity-beauty-salon/"
  },
  {
    "id": "1173750059436243",
    "name": "Soprano Roof Terrace",
    "city": "Leopol",
    "url": "https://www.instagram.com/explore/locations/1173750059436243/soprano-roof-terrace/"
  },
  {
    "id": "5589194",
    "name": "Dnister Hotel",
    "city": "Leopol",
    "url": "https://www.instagram.com/explore/locations/5589194/dnister-hotel/"
  },
  {
    "id": "326314271452517",
    "name": "Sensation Dance Studio",
    "city": "Leopol",
    "url": "https://www.instagram.com/explore/locations/326314271452517/sensation-dance-studio/"
  },
  {
    "id": "471560406305665",
    "name": "Kormotech LLC / ТзОВ Кормотех",
    "city": "Leopol",
    "url": "https://www.instagram.com/explore/locations/471560406305665/kormotech-llc/"
  },
  {
    "id": "103584814516967",
    "name": "Студія масажу Pazen",
    "city": "Leopol",
    "url": "https://www.instagram.com/explore/locations/103584814516967/pazen/"
  },
  {
    "id": "111187490423287",
    "name": "Dolce_cupcakery",
    "city": "Leopol",
    "url": "https://www.instagram.com/explore/locations/111187490423287/dolce_cupcakery/"
  },
  {
    "id": "142573046412856",
    "name": "BISCOTTI",
    "city": "Leopol",
    "url": "https://www.instagram.com/explore/locations/142573046412856/biscotti/"
  },
  {
    "id": "1888909268056925",
    "name": "EcoKids дитячий клуб-садок",
    "city": "Leopol",
    "url": "https://www.instagram.com/explore/locations/1888909268056925/ecokids-/"
  },
  {
    "id": "176392685836872",
    "name": "«Автостудія Гараж 23»",
    "city": "Leopol",
    "url": "https://www.instagram.com/explore/locations/176392685836872/23/"
  },
  {
    "id": "2305323643022233",
    "name": "Львівський торговельно-економічний університет. Корпус №3",
    "city": "Leopol",
    "url": "https://www.instagram.com/explore/locations/2305323643022233/-no3/"
  },
  {
    "id": "110556341139144",
    "name": "Secret Bar Lviv",
    "city": "Leopol",
    "url": "https://www.instagram.com/explore/locations/110556341139144/secret-bar-lviv/"
  },
  {
    "id": "191029800931304",
    "name": "Alliance française de Lviv",
    "city": "Leopol",
    "url": "https://www.instagram.com/explore/locations/191029800931304/alliance-francaise-de-lviv/"
  },
  {
    "id": "111269188305923",
    "name": "KREDENS CAFE",
    "city": "Leopol",
    "url": "https://www.instagram.com/explore/locations/111269188305923/kredens-cafe/"
  },
  {
    "id": "130415510904394",
    "name": "KidsCan",
    "city": "Leopol",
    "url": "https://www.instagram.com/explore/locations/130415510904394/kidscan/"
  },
  {
    "id": "102181435431631",
    "name": "Eight Bar",
    "city": "Leopol",
    "url": "https://www.instagram.com/explore/locations/102181435431631/eight-bar/"
  },
  {
    "id": "137929503",
    "name": "FORMA fitness club",
    "city": "Leopol",
    "url": "https://www.instagram.com/explore/locations/137929503/forma-fitness-club/"
  },
  {
    "id": "1518205505137736",
    "name": "Boomerang Boardshop",
    "city": "Leopol",
    "url": "https://www.instagram.com/explore/locations/1518205505137736/boomerang-boardshop/"
  },
  {
    "id": "556792007674569",
    "name": "Церква \"ПеремогаЛьвів / Victory Christian Church L'viv Ukraine",
    "city": "Leopol",
    "url": "https://www.instagram.com/explore/locations/556792007674569/victory-christian-church-lviv-ukraine/"
  },
  {
    "id": "894592887370762",
    "name": "Family Residence Boutique Hotel",
    "city": "Leopol",
    "url": "https://www.instagram.com/explore/locations/894592887370762/family-residence-boutique-hotel/"
  },
  {
    "id": "1856455291303419",
    "name": "Bolero",
    "city": "Leopol",
    "url": "https://www.instagram.com/explore/locations/1856455291303419/bolero/"
  },
  {
    "id": "390213936",
    "name": "Львов-Главный",
    "city": "Leopol",
    "url": "https://www.instagram.com/explore/locations/390213936/-/"
  },
  {
    "id": "421472118187403",
    "name": "Механіко-Математичний факультет ЛНУ ім. Івана Франка",
    "city": "Leopol",
    "url": "https://www.instagram.com/explore/locations/421472118187403/-/"
  },
  {
    "id": "1020841539",
    "name": "Logos IT-Academy",
    "city": "Leopol",
    "url": "https://www.instagram.com/explore/locations/1020841539/logos-it-academy/"
  },
  {
    "id": "525420927946074",
    "name": "Prjsc \"Lviv Locomotive Repair Plant\"",
    "city": "Leopol",
    "url": "https://www.instagram.com/explore/locations/525420927946074/prjsc-lviv-locomotive-repair-plant/"
  },
  {
    "id": "543417762486725",
    "name": "Класична Гімназія, вул. Порохова,3",
    "city": "Leopol",
    "url": "https://www.instagram.com/explore/locations/543417762486725/3/"
  },
  {
    "id": "1019017683",
    "name": "Artfun Lviv",
    "city": "Leopol",
    "url": "https://www.instagram.com/explore/locations/1019017683/artfun-lviv/"
  },
  {
    "id": "641975790",
    "name": "Гуртожиток Ну \"лп8",
    "city": "Leopol",
    "url": "https://www.instagram.com/explore/locations/641975790/8/"
  },
  {
    "id": "1890784287800057",
    "name": "Bednarska beauty school Школа краси",
    "city": "Leopol",
    "url": "https://www.instagram.com/explore/locations/1890784287800057/bednarska-beauty-school/"
  },
  {
    "id": "1629390533981589",
    "name": "Yeti House Ceramic Studio",
    "city": "Leopol",
    "url": "https://www.instagram.com/explore/locations/1629390533981589/yeti-house-ceramic-studio/"
  },
  {
    "id": "1829136160707216",
    "name": "Lviv Croissants",
    "city": "Leopol",
    "url": "https://www.instagram.com/explore/locations/1829136160707216/lviv-croissants/"
  },
  {
    "id": "557552737",
    "name": "AstraNova",
    "city": "Leopol",
    "url": "https://www.instagram.com/explore/locations/557552737/astranova/"
  },
  {
    "id": "103790371996287",
    "name": "_uno_mas__",
    "city": "Leopol",
    "url": "https://www.instagram.com/explore/locations/103790371996287/_uno_mas__/"
  },
  {
    "id": "13668912",
    "name": "Del Pesto",
    "city": "Leopol",
    "url": "https://www.instagram.com/explore/locations/13668912/del-pesto/"
  },
  {
    "id": "1124033577645813",
    "name": "Beauty Lux Studio",
    "city": "Leopol",
    "url": "https://www.instagram.com/explore/locations/1124033577645813/beauty-lux-studio/"
  },
  {
    "id": "104656487648373",
    "name": "SOVA Aerial Studio",
    "city": "Leopol",
    "url": "https://www.instagram.com/explore/locations/104656487648373/sova-aerial-studio/"
  },
  {
    "id": "464009331",
    "name": "ZoomSupport Ukraine",
    "city": "Leopol",
    "url": "https://www.instagram.com/explore/locations/464009331/zoomsupport-ukraine/"
  },
  {
    "id": "394732631012684",
    "name": "Fix Mebli",
    "city": "Leopol",
    "url": "https://www.instagram.com/explore/locations/394732631012684/fix-mebli/"
  },
  {
    "id": "193336304927579",
    "name": "Національний університетЛьвівська політехніка , Корпус 14",
    "city": "Leopol",
    "url": "https://www.instagram.com/explore/locations/193336304927579/14/"
  },
  {
    "id": "1026968030",
    "name": "Стиліст Emiliia Kosterova",
    "city": "Leopol",
    "url": "https://www.instagram.com/explore/locations/1026968030/emiliia-kosterova/"
  },
  {
    "id": "106245497561190",
    "name": "Gelato Gelizko",
    "city": "Leopol",
    "url": "https://www.instagram.com/explore/locations/106245497561190/gelato-gelizko/"
  },
  {
    "id": "1181223151938451",
    "name": "BlackDiamond Nails Kharkov",
    "city": "Leopol",
    "url": "https://www.instagram.com/explore/locations/1181223151938451/blackdiamond-nails-kharkov/"
  },
  {
    "id": "313459959237187",
    "name": "вул. Сидора Голубовича, 37",
    "city": "Leopol",
    "url": "https://www.instagram.com/explore/locations/313459959237187/37/"
  },
  {
    "id": "182489525527455",
    "name": "SweetGinger - кафе-кондитерська",
    "city": "Leopol",
    "url": "https://www.instagram.com/explore/locations/182489525527455/sweetginger-/"
  },
  {
    "id": "2232177006830777",
    "name": "Ресторан STORY",
    "city": "Leopol",
    "url": "https://www.instagram.com/explore/locations/2232177006830777/story/"
  },
  {
    "id": "843164139209793",
    "name": "Леополіс-Тур",
    "city": "Leopol",
    "url": "https://www.instagram.com/explore/locations/843164139209793/-/"
  },
  {
    "id": "325155980680785",
    "name": "Daily Dose Of mmm",
    "city": "Leopol",
    "url": "https://www.instagram.com/explore/locations/325155980680785/daily-dose-of-mmm/"
  },
  {
    "id": "2045715405734197",
    "name": "Медіостар - клініка лазерної та естетичної косметології",
    "city": "Leopol",
    "url": "https://www.instagram.com/explore/locations/2045715405734197/-/"
  },
  {
    "id": "421425015",
    "name": "Гуртожиток 10",
    "city": "Leopol",
    "url": "https://www.instagram.com/explore/locations/421425015/10/"
  },
  {
    "id": "216480441700198",
    "name": "Bravo Model Management",
    "city": "Leopol",
    "url": "https://www.instagram.com/explore/locations/216480441700198/bravo-model-management/"
  },
  {
    "id": "108211714639378",
    "name": "botelier.wine",
    "city": "Leopol",
    "url": "https://www.instagram.com/explore/locations/108211714639378/botelierwine/"
  },
  {
    "id": "1682642231965979",
    "name": "Школа Курси DIAS",
    "city": "Leopol",
    "url": "https://www.instagram.com/explore/locations/1682642231965979/dias/"
  },
  {
    "id": "239956306772051",
    "name": "MK Beauty Hall",
    "city": "Leopol",
    "url": "https://www.instagram.com/explore/locations/239956306772051/mk-beauty-hall/"
  },
  {
    "id": "100955655723232",
    "name": "The Skin Cosmetology",
    "city": "Leopol",
    "url": "https://www.instagram.com/explore/locations/100955655723232/the-skin-cosmetology/"
  },
  {
    "id": "1027480362",
    "name": "She Loves It",
    "city": "Leopol",
    "url": "https://www.instagram.com/explore/locations/1027480362/she-loves-it/"
  },
  {
    "id": "2092666774383740",
    "name": "Школа №27",
    "city": "Leopol",
    "url": "https://www.instagram.com/explore/locations/2092666774383740/no27/"
  },
  {
    "id": "135449287034871",
    "name": "Турагенція Join UP / Львів / на Шептицьких, 25",
    "city": "Leopol",
    "url": "https://www.instagram.com/explore/locations/135449287034871/join-up-25/"
  },
  {
    "id": "636987723362285",
    "name": "BigShark.Shop.Lviv",
    "city": "Leopol",
    "url": "https://www.instagram.com/explore/locations/636987723362285/bigsharkshoplviv/"
  },
  {
    "id": "393829530977389",
    "name": "ProArt Frame Gallery - Багетна Майстерня",
    "city": "Leopol",
    "url": "https://www.instagram.com/explore/locations/393829530977389/proart-frame-gallery-/"
  },
  {
    "id": "432630573827767",
    "name": "Медичний центр «VeroMed»",
    "city": "Leopol",
    "url": "https://www.instagram.com/explore/locations/432630573827767/veromed/"
  },
  {
    "id": "111081621703698",
    "name": "it.shuttle.coworking",
    "city": "Leopol",
    "url": "https://www.instagram.com/explore/locations/111081621703698/itshuttlecoworking/"
  },
  {
    "id": "118992002841594",
    "name": "TLUM & KRAM",
    "city": "Leopol",
    "url": "https://www.instagram.com/explore/locations/118992002841594/tlum-kram/"
  },
  {
    "id": "101763071540753",
    "name": "Hi Paw hotel&care",
    "city": "Leopol",
    "url": "https://www.instagram.com/explore/locations/101763071540753/hi-paw-hotelcare/"
  },
  {
    "id": "1237996539574450",
    "name": "School Steven Chen'",
    "city": "Leopol",
    "url": "https://www.instagram.com/explore/locations/1237996539574450/school-steven-chen/"
  },
  {
    "id": "208873979287986",
    "name": "Strujskui Park",
    "city": "Leopol",
    "url": "https://www.instagram.com/explore/locations/208873979287986/strujskui-park/"
  },
  {
    "id": "366979220678510",
    "name": "Montclair art Lviv",
    "city": "Leopol",
    "url": "https://www.instagram.com/explore/locations/366979220678510/montclair-art-lviv/"
  },
  {
    "id": "1034455276",
    "name": "Kindgeek",
    "city": "Leopol",
    "url": "https://www.instagram.com/explore/locations/1034455276/kindgeek/"
  },
  {
    "id": "264135974276936",
    "name": "N-iX",
    "city": "Leopol",
    "url": "https://www.instagram.com/explore/locations/264135974276936/n-ix/"
  },
  {
    "id": "903443260000417",
    "name": "Зупинка Княгині Ольги-Сахарова",
    "city": "Leopol",
    "url": "https://www.instagram.com/explore/locations/903443260000417/-/"
  },
  {
    "id": "560484874007172",
    "name": "Поїхали з Нами - Головацького,3",
    "city": "Leopol",
    "url": "https://www.instagram.com/explore/locations/560484874007172/-3/"
  },
  {
    "id": "2208636732712876",
    "name": "Львівський університетЛьвівська ПолітехнікаКорпус 15",
    "city": "Leopol",
    "url": "https://www.instagram.com/explore/locations/2208636732712876/15/"
  },
  {
    "id": "108742957134789",
    "name": "PM Gallery",
    "city": "Leopol",
    "url": "https://www.instagram.com/explore/locations/108742957134789/pm-gallery/"
  },
  {
    "id": "353391868799946",
    "name": "Street Food So Good",
    "city": "Leopol",
    "url": "https://www.instagram.com/explore/locations/353391868799946/street-food-so-good/"
  },
  {
    "id": "1632665366994433",
    "name": "The Gradient",
    "city": "Leopol",
    "url": "https://www.instagram.com/explore/locations/1632665366994433/the-gradient/"
  },
  {
    "id": "277758948928757",
    "name": "Церква • Oxygen • Львів",
    "city": "Leopol",
    "url": "https://www.instagram.com/explore/locations/277758948928757/oxygen/"
  },
  {
    "id": "252653708",
    "name": "Науково-технічна бібліотека НУ \"Львівська політехніка\"",
    "city": "Leopol",
    "url": "https://www.instagram.com/explore/locations/252653708/-/"
  },
  {
    "id": "498272650652279",
    "name": "Shakti Yoga Shala (зал УФЙ)",
    "city": "Leopol",
    "url": "https://www.instagram.com/explore/locations/498272650652279/shakti-yoga-shala/"
  },
  {
    "id": "642011619313186",
    "name": "Kvadrat Sushi&Pizza Львів, Винники, Сокільники",
    "city": "Leopol",
    "url": "https://www.instagram.com/explore/locations/642011619313186/kvadrat-sushipizza/"
  },
  {
    "id": "115472474385192",
    "name": "Стумарі - кафе грузинської кухні, м. Львів",
    "city": "Leopol",
    "url": "https://www.instagram.com/explore/locations/115472474385192/-/"
  },
  {
    "id": "287245549",
    "name": "Premium Relax Club",
    "city": "Leopol",
    "url": "https://www.instagram.com/explore/locations/287245549/premium-relax-club/"
  },
  {
    "id": "625009394328968",
    "name": "Beauty Bar O.K",
    "city": "Leopol",
    "url": "https://www.instagram.com/explore/locations/625009394328968/beauty-bar-ok/"
  },
  {
    "id": "104865528857678",
    "name": "Розсадник - простір екопросвітництва та природотерапії",
    "city": "Leopol",
    "url": "https://www.instagram.com/explore/locations/104865528857678/-/"
  },
  {
    "id": "457949614337711",
    "name": "Luxury Multibrand Boutique",
    "city": "Leopol",
    "url": "https://www.instagram.com/explore/locations/457949614337711/luxury-multibrand-boutique/"
  },
  {
    "id": "108892677473133",
    "name": "Антоновича 31",
    "city": "Leopol",
    "url": "https://www.instagram.com/explore/locations/108892677473133/31/"
  },
  {
    "id": "294811020994879",
    "name": "SnowMania",
    "city": "Leopol",
    "url": "https://www.instagram.com/explore/locations/294811020994879/snowmania/"
  },
  {
    "id": "1003068926397730",
    "name": "Море Турів Львів-Центр",
    "city": "Leopol",
    "url": "https://www.instagram.com/explore/locations/1003068926397730/-/"
  },
  {
    "id": "174261516848446",
    "name": "Premium Lashes",
    "city": "Leopol",
    "url": "https://www.instagram.com/explore/locations/174261516848446/premium-lashes/"
  },
  {
    "id": "102485231160660",
    "name": "Lev City Hotel",
    "city": "Leopol",
    "url": "https://www.instagram.com/explore/locations/102485231160660/lev-city-hotel/"
  },
  {
    "id": "1865323340350096",
    "name": "INDGstudio",
    "city": "Leopol",
    "url": "https://www.instagram.com/explore/locations/1865323340350096/indgstudio/"
  },
  {
    "id": "992437619",
    "name": "Відділ \"Музей європейського мистецтва 19-21 ст.ЛНГМ",
    "city": "Leopol",
    "url": "https://www.instagram.com/explore/locations/992437619/19-21/"
  },
  {
    "id": "828917367213892",
    "name": "Abramova nail stories",
    "city": "Leopol",
    "url": "https://www.instagram.com/explore/locations/828917367213892/abramova-nail-stories/"
  },
  {
    "id": "1547608641992549",
    "name": "Магазин-Салон «Все для Манікюру»",
    "city": "Leopol",
    "url": "https://www.instagram.com/explore/locations/1547608641992549/-/"
  },
  {
    "id": "350273568879673",
    "name": "Львів, Вул. Героїв Упа 78.",
    "city": "Leopol",
    "url": "https://www.instagram.com/explore/locations/350273568879673/78/"
  },
  {
    "id": "102681959394319",
    "name": "Happy Bakery Lviv",
    "city": "Leopol",
    "url": "https://www.instagram.com/explore/locations/102681959394319/happy-bakery-lviv/"
  },
  {
    "id": "473136736184199",
    "name": "Trec Nutrition Ukraine",
    "city": "Leopol",
    "url": "https://www.instagram.com/explore/locations/473136736184199/trec-nutrition-ukraine/"
  },
  {
    "id": "109679241691952",
    "name": "Ojakhi Grill & Oven",
    "city": "Leopol",
    "url": "https://www.instagram.com/explore/locations/109679241691952/ojakhi-grill-oven/"
  },
  {
    "id": "108617827249153",
    "name": "Advanced · стоматологія",
    "city": "Leopol",
    "url": "https://www.instagram.com/explore/locations/108617827249153/advanced/"
  },
  {
    "id": "554994100",
    "name": "Князя Святослава 5",
    "city": "Leopol",
    "url": "https://www.instagram.com/explore/locations/554994100/5/"
  },
  {
    "id": "300925687428685",
    "name": "Lviv Croissants",
    "city": "Leopol",
    "url": "https://www.instagram.com/explore/locations/300925687428685/lviv-croissants/"
  },
  {
    "id": "2026077624125851",
    "name": "Івасик-Телесик / Ivasyk Telesyk",
    "city": "Leopol",
    "url": "https://www.instagram.com/explore/locations/2026077624125851/-ivasyk-telesyk/"
  },
  {
    "id": "1020325630",
    "name": "Футбол Life",
    "city": "Leopol",
    "url": "https://www.instagram.com/explore/locations/1020325630/life/"
  },
  {
    "id": "312704686224095",
    "name": "GlobalLogic LWO7",
    "city": "Leopol",
    "url": "https://www.instagram.com/explore/locations/312704686224095/globallogic-lwo7/"
  },
  {
    "id": "1244641168985749",
    "name": "Твоє Здоров'я - Медичний центр",
    "city": "Leopol",
    "url": "https://www.instagram.com/explore/locations/1244641168985749/-/"
  },
  {
    "id": "101549349338532",
    "name": "Sober Life",
    "city": "Leopol",
    "url": "https://www.instagram.com/explore/locations/101549349338532/sober-life/"
  },
  {
    "id": "272844909746338",
    "name": "ALLin lounge",
    "city": "Leopol",
    "url": "https://www.instagram.com/explore/locations/272844909746338/allin-lounge/"
  },
  {
    "id": "2153199088032724",
    "name": "Львівська майстерня шоколадуВиробництво/ Lviv Handmade Chocolate Factory",
    "city": "Leopol",
    "url": "https://www.instagram.com/explore/locations/2153199088032724/lviv-handmade-chocolate-factory/"
  },
  {
    "id": "162425268043496",
    "name": "Сушия/Sushiya",
    "city": "Leopol",
    "url": "https://www.instagram.com/explore/locations/162425268043496/sushiya/"
  },
  {
    "id": "312844132464143",
    "name": "Judo Club \"LionLviv",
    "city": "Leopol",
    "url": "https://www.instagram.com/explore/locations/312844132464143/judo-club-lionlviv/"
  },
  {
    "id": "939734843031399",
    "name": "Lviv Organ Hall",
    "city": "Leopol",
    "url": "https://www.instagram.com/explore/locations/939734843031399/lviv-organ-hall/"
  },
  {
    "id": "102355361913956",
    "name": "Black Honey",
    "city": "Leopol",
    "url": "https://www.instagram.com/explore/locations/102355361913956/black-honey/"
  },
  {
    "id": "267622597363050",
    "name": "Фотостудія MONO",
    "city": "Leopol",
    "url": "https://www.instagram.com/explore/locations/267622597363050/mono/"
  },
  {
    "id": "840208133",
    "name": "LadyLand",
    "city": "Leopol",
    "url": "https://www.instagram.com/explore/locations/840208133/ladyland/"
  },
  {
    "id": "298516382",
    "name": "Lviv Train Station",
    "city": "Leopol",
    "url": "https://www.instagram.com/explore/locations/298516382/lviv-train-station/"
  },
  {
    "id": "105882622181212",
    "name": "Sneaker Mate Lviv",
    "city": "Leopol",
    "url": "https://www.instagram.com/explore/locations/105882622181212/sneaker-mate-lviv/"
  },
  {
    "id": "238530507016352",
    "name": "Esco BAR Lviv Hookah Lounge",
    "city": "Leopol",
    "url": "https://www.instagram.com/explore/locations/238530507016352/esco-bar-lviv-hookah-lounge/"
  },
  {
    "id": "174996943387155",
    "name": "1 гуртожиток",
    "city": "Leopol",
    "url": "https://www.instagram.com/explore/locations/174996943387155/1/"
  },
  {
    "id": "111823733948893",
    "name": "UA Comix Store",
    "city": "Leopol",
    "url": "https://www.instagram.com/explore/locations/111823733948893/ua-comix-store/"
  },
  {
    "id": "147208432642517",
    "name": "Angel House Domeretska",
    "city": "Leopol",
    "url": "https://www.instagram.com/explore/locations/147208432642517/angel-house-domeretska/"
  },
  {
    "id": "236408484",
    "name": "Чорний Кiт",
    "city": "Leopol",
    "url": "https://www.instagram.com/explore/locations/236408484/i/"
  },
  {
    "id": "185273035410976",
    "name": "Dr.Kutna Maryana Clinic",
    "city": "Leopol",
    "url": "https://www.instagram.com/explore/locations/185273035410976/drkutna-maryana-clinic/"
  },
  {
    "id": "2073975489598381",
    "name": "Львів Вул Шевченка 80",
    "city": "Leopol",
    "url": "https://www.instagram.com/explore/locations/2073975489598381/80/"
  },
  {
    "id": "786304744741268",
    "name": "Школа права УКУ / UCU Law School",
    "city": "Leopol",
    "url": "https://www.instagram.com/explore/locations/786304744741268/ucu-law-school/"
  },
  {
    "id": "279620079215639",
    "name": "Львів Словацького 1",
    "city": "Leopol",
    "url": "https://www.instagram.com/explore/locations/279620079215639/1/"
  },
  {
    "id": "103058668089235",
    "name": "Impero Group",
    "city": "Leopol",
    "url": "https://www.instagram.com/explore/locations/103058668089235/impero-group/"
  },
  {
    "id": "1489003477842801",
    "name": "Bóho dress studio, прокат суконь",
    "city": "Leopol",
    "url": "https://www.instagram.com/explore/locations/1489003477842801/boho-dress-studio/"
  },
  {
    "id": "1269106116576642",
    "name": "Baby Boom",
    "city": "Leopol",
    "url": "https://www.instagram.com/explore/locations/1269106116576642/baby-boom/"
  },
  {
    "id": "939616982804334",
    "name": "KoloART Lviv",
    "city": "Leopol",
    "url": "https://www.instagram.com/explore/locations/939616982804334/koloart-lviv/"
  },
  {
    "id": "334471867321330",
    "name": "Гуртожиток НЛТУУ №4",
    "city": "Leopol",
    "url": "https://www.instagram.com/explore/locations/334471867321330/no4/"
  },
  {
    "id": "100273485063614",
    "name": "Jonim",
    "city": "Leopol",
    "url": "https://www.instagram.com/explore/locations/100273485063614/jonim/"
  },
  {
    "id": "1676621662609962",
    "name": "Стоматпрофі - команда спеціалістів / Stomatprofy dental clinic",
    "city": "Leopol",
    "url": "https://www.instagram.com/explore/locations/1676621662609962/-stomatprofy-dental-clinic/"
  },
  {
    "id": "468583846985294",
    "name": "Gentlemen's Club Barbershop",
    "city": "Leopol",
    "url": "https://www.instagram.com/explore/locations/468583846985294/gentlemens-club-barbershop/"
  },
  {
    "id": "577970865",
    "name": "Grushevskyi Cinema Jazz",
    "city": "Leopol",
    "url": "https://www.instagram.com/explore/locations/577970865/grushevskyi-cinema-jazz/"
  },
  {
    "id": "727558907",
    "name": "Potocki Palace, Lviv",
    "city": "Leopol",
    "url": "https://www.instagram.com/explore/locations/727558907/potocki-palace-lviv/"
  },
  {
    "id": "374815853299102",
    "name": "Apple Family UA",
    "city": "Leopol",
    "url": "https://www.instagram.com/explore/locations/374815853299102/apple-family-ua/"
  },
  {
    "id": "1028013131",
    "name": "Художньо-меморіальний музей Олекси Новаківського",
    "city": "Leopol",
    "url": "https://www.instagram.com/explore/locations/1028013131/-/"
  },
  {
    "id": "259036807301297",
    "name": "SHOco.",
    "city": "Leopol",
    "url": "https://www.instagram.com/explore/locations/259036807301297/shoco/"
  },
  {
    "id": "611194499380542",
    "name": "Arena LVIV",
    "city": "Leopol",
    "url": "https://www.instagram.com/explore/locations/611194499380542/arena-lviv/"
  },
  {
    "id": "2180908075531344",
    "name": "Зоомаркет Pets Life",
    "city": "Leopol",
    "url": "https://www.instagram.com/explore/locations/2180908075531344/pets-life/"
  },
  {
    "id": "345361235829452",
    "name": "Sharel Day Spa",
    "city": "Leopol",
    "url": "https://www.instagram.com/explore/locations/345361235829452/sharel-day-spa/"
  },
  {
    "id": "213704375167664",
    "name": "Black Honey",
    "city": "Leopol",
    "url": "https://www.instagram.com/explore/locations/213704375167664/black-honey/"
  },
  {
    "id": "548514748814395",
    "name": "5 Клінічна Лікарня",
    "city": "Leopol",
    "url": "https://www.instagram.com/explore/locations/548514748814395/5/"
  },
  {
    "id": "2008959489161954",
    "name": "Фортуна / Fortuna",
    "city": "Leopol",
    "url": "https://www.instagram.com/explore/locations/2008959489161954/fortuna/"
  },
  {
    "id": "1467553126638002",
    "name": "Стоматологічна студія Dentino",
    "city": "Leopol",
    "url": "https://www.instagram.com/explore/locations/1467553126638002/dentino/"
  },
  {
    "id": "157591808048327",
    "name": "Travel Room",
    "city": "Leopol",
    "url": "https://www.instagram.com/explore/locations/157591808048327/travel-room/"
  },
  {
    "id": "105532397843835",
    "name": "Blossom Studio Lviv",
    "city": "Leopol",
    "url": "https://www.instagram.com/explore/locations/105532397843835/blossom-studio-lviv/"
  },
  {
    "id": "105495754697034",
    "name": "Ukrainian Wine Festival/Фестиваль українського вина",
    "city": "Leopol",
    "url": "https://www.instagram.com/explore/locations/105495754697034/ukrainian-wine-festival/"
  },
  {
    "id": "1165742050268871",
    "name": "Дорошенка, 60",
    "city": "Leopol",
    "url": "https://www.instagram.com/explore/locations/1165742050268871/60/"
  },
  {
    "id": "111300525564091",
    "name": "Galizien",
    "city": "Leopol",
    "url": "https://www.instagram.com/explore/locations/111300525564091/galizien/"
  },
  {
    "id": "417473611",
    "name": "Мовний дайвінг English 24/7",
    "city": "Leopol",
    "url": "https://www.instagram.com/explore/locations/417473611/english-247/"
  },
  {
    "id": "313722712401831",
    "name": "Duzhe Radio",
    "city": "Leopol",
    "url": "https://www.instagram.com/explore/locations/313722712401831/duzhe-radio/"
  },
  {
    "id": "111884354830794",
    "name": "Музикант.укр - магазин для музикантів",
    "city": "Leopol",
    "url": "https://www.instagram.com/explore/locations/111884354830794/-/"
  },
  {
    "id": "2159717477643091",
    "name": "SAFE restaurant",
    "city": "Leopol",
    "url": "https://www.instagram.com/explore/locations/2159717477643091/safe-restaurant/"
  },
  {
    "id": "985513941613352",
    "name": "Nail BLOOM",
    "city": "Leopol",
    "url": "https://www.instagram.com/explore/locations/985513941613352/nail-bloom/"
  },
  {
    "id": "2072555423061935",
    "name": "FitCurves Залізнична 7г",
    "city": "Leopol",
    "url": "https://www.instagram.com/explore/locations/2072555423061935/fitcurves-7/"
  },
  {
    "id": "1155366491189193",
    "name": "Науково-технічна бібліотека НЛТУ України",
    "city": "Leopol",
    "url": "https://www.instagram.com/explore/locations/1155366491189193/-/"
  },
  {
    "id": "1120743508081900",
    "name": "Beauty-like",
    "city": "Leopol",
    "url": "https://www.instagram.com/explore/locations/1120743508081900/beauty-like/"
  },
  {
    "id": "551193188394298",
    "name": "Львівська Академія Старт_IT",
    "city": "Leopol",
    "url": "https://www.instagram.com/explore/locations/551193188394298/_it/"
  },
  {
    "id": "396083050794028",
    "name": "SpaOffice",
    "city": "Leopol",
    "url": "https://www.instagram.com/explore/locations/396083050794028/spaoffice/"
  },
  {
    "id": "446904956",
    "name": "HUMAN WORLD",
    "city": "Leopol",
    "url": "https://www.instagram.com/explore/locations/446904956/human-world/"
  },
  {
    "id": "104608254893706",
    "name": "Taurus City",
    "city": "Leopol",
    "url": "https://www.instagram.com/explore/locations/104608254893706/taurus-city/"
  },
  {
    "id": "103700087680144",
    "name": "Drogobych",
    "city": "Leopol",
    "url": "https://www.instagram.com/explore/locations/103700087680144/drogobych/"
  },
  {
    "id": "2143712559189067",
    "name": "BetterPlace",
    "city": "Leopol",
    "url": "https://www.instagram.com/explore/locations/2143712559189067/betterplace/"
  },
  {
    "id": "156886664453168",
    "name": "Школа 80",
    "city": "Leopol",
    "url": "https://www.instagram.com/explore/locations/156886664453168/80/"
  },
  {
    "id": "258736811176519",
    "name": "Стоматологічна клініка Еліт-S / Elit-S Dental Clinic",
    "city": "Leopol",
    "url": "https://www.instagram.com/explore/locations/258736811176519/-s-elit-s-dental-clinic/"
  },
  {
    "id": "111846651527762",
    "name": "Lovito Тату Студія Львів",
    "city": "Leopol",
    "url": "https://www.instagram.com/explore/locations/111846651527762/lovito/"
  },
  {
    "id": "454944294",
    "name": "Львів 1715 Ресторан \"Robert Doms\"",
    "city": "Leopol",
    "url": "https://www.instagram.com/explore/locations/454944294/1715-robert-doms/"
  },
  {
    "id": "1062101250664863",
    "name": "Манкушка - Mankushka: King of Wraps",
    "city": "Leopol",
    "url": "https://www.instagram.com/explore/locations/1062101250664863/-mankushka-king-of-wraps/"
  },
  {
    "id": "209807692217446",
    "name": "Gazda Cafe",
    "city": "Leopol",
    "url": "https://www.instagram.com/explore/locations/209807692217446/gazda-cafe/"
  },
  {
    "id": "653097891820315",
    "name": "Сімейна амбулаторія ВУЛИК - Львів",
    "city": "Leopol",
    "url": "https://www.instagram.com/explore/locations/653097891820315/-/"
  },
  {
    "id": "1771512826473547",
    "name": "Lviv Croissants",
    "city": "Leopol",
    "url": "https://www.instagram.com/explore/locations/1771512826473547/lviv-croissants/"
  },
  {
    "id": "329454117706915",
    "name": "Barbershop.Mister.Perfect",
    "city": "Leopol",
    "url": "https://www.instagram.com/explore/locations/329454117706915/barbershopmisterperfect/"
  },
  {
    "id": "108050031437946",
    "name": "Apple Market",
    "city": "Leopol",
    "url": "https://www.instagram.com/explore/locations/108050031437946/apple-market/"
  },
  {
    "id": "561827163",
    "name": "Бутик-салон \"Миледи\"",
    "city": "Leopol",
    "url": "https://www.instagram.com/explore/locations/561827163/-/"
  },
  {
    "id": "976866439079152",
    "name": "Regno",
    "city": "Leopol",
    "url": "https://www.instagram.com/explore/locations/976866439079152/regno/"
  },
  {
    "id": "759526967723553",
    "name": "My Love",
    "city": "Leopol",
    "url": "https://www.instagram.com/explore/locations/759526967723553/my-love/"
  },
  {
    "id": "1695080884059014",
    "name": "Lead-Up",
    "city": "Leopol",
    "url": "https://www.instagram.com/explore/locations/1695080884059014/lead-up/"
  },
  {
    "id": "288741318545288",
    "name": "Icoola - відновлені гаджети з гарантією",
    "city": "Leopol",
    "url": "https://www.instagram.com/explore/locations/288741318545288/icoola-/"
  },
  {
    "id": "842845596068854",
    "name": "H4 by Vania Kurtyak",
    "city": "Leopol",
    "url": "https://www.instagram.com/explore/locations/842845596068854/h4-by-vania-kurtyak/"
  },
  {
    "id": "116752808190821",
    "name": "Mary Ballet Lviv",
    "city": "Leopol",
    "url": "https://www.instagram.com/explore/locations/116752808190821/mary-ballet-lviv/"
  },
  {
    "id": "127081087412956",
    "name": "OTAKOYI",
    "city": "Leopol",
    "url": "https://www.instagram.com/explore/locations/127081087412956/otakoyi/"
  },
  {
    "id": "840353709",
    "name": "Innocode People",
    "city": "Leopol",
    "url": "https://www.instagram.com/explore/locations/840353709/innocode-people/"
  },
  {
    "id": "106427501114674",
    "name": "Салон-Перукарня \"софіяВул. Шевченка 49,львів",
    "city": "Leopol",
    "url": "https://www.instagram.com/explore/locations/106427501114674/-49/"
  },
  {
    "id": "267283936",
    "name": "Lion's Castle",
    "city": "Leopol",
    "url": "https://www.instagram.com/explore/locations/267283936/lions-castle/"
  },
  {
    "id": "501872046966098",
    "name": "BestSalon",
    "city": "Leopol",
    "url": "https://www.instagram.com/explore/locations/501872046966098/bestsalon/"
  },
  {
    "id": "101170108620342",
    "name": "Ispecial",
    "city": "Leopol",
    "url": "https://www.instagram.com/explore/locations/101170108620342/ispecial/"
  },
  {
    "id": "160574991160812",
    "name": "Єфремова, 37",
    "city": "Leopol",
    "url": "https://www.instagram.com/explore/locations/160574991160812/37/"
  },
  {
    "id": "340875873368159",
    "name": "Fly Kids / Флай Кидс",
    "city": "Leopol",
    "url": "https://www.instagram.com/explore/locations/340875873368159/fly-kids/"
  },
  {
    "id": "486792900",
    "name": "Lviv Opera",
    "city": "Leopol",
    "url": "https://www.instagram.com/explore/locations/486792900/lviv-opera/"
  },
  {
    "id": "130988537657269",
    "name": "PM Gallery catalog",
    "city": "Leopol",
    "url": "https://www.instagram.com/explore/locations/130988537657269/pm-gallery-catalog/"
  },
  {
    "id": "1055114081192285",
    "name": "Lviv Runday",
    "city": "Leopol",
    "url": "https://www.instagram.com/explore/locations/1055114081192285/lviv-runday/"
  },
  {
    "id": "321798258466283",
    "name": "inkttoo",
    "city": "Leopol",
    "url": "https://www.instagram.com/explore/locations/321798258466283/inkttoo/"
  },
  {
    "id": "284717419",
    "name": "VTMN agency",
    "city": "Leopol",
    "url": "https://www.instagram.com/explore/locations/284717419/vtmn-agency/"
  },
  {
    "id": "395712514553918",
    "name": "Pizza Celentano Ristorante Велика Британія",
    "city": "Leopol",
    "url": "https://www.instagram.com/explore/locations/395712514553918/pizza-celentano-ristorante/"
  },
  {
    "id": "265685960",
    "name": "Музей Пивоварiння Львiвське 1715",
    "city": "Leopol",
    "url": "https://www.instagram.com/explore/locations/265685960/i-i-1715/"
  },
  {
    "id": "1784469681579522",
    "name": "М. Львів, пл. Двірцева 1",
    "city": "Leopol",
    "url": "https://www.instagram.com/explore/locations/1784469681579522/1/"
  },
  {
    "id": "100751641764828",
    "name": "Ліцей 51 ім. Івана Франка Львівської міської ради",
    "city": "Leopol",
    "url": "https://www.instagram.com/explore/locations/100751641764828/51/"
  },
  {
    "id": "349495249154997",
    "name": "Faculty of Foreign Languages",
    "city": "Leopol",
    "url": "https://www.instagram.com/explore/locations/349495249154997/faculty-of-foreign-languages/"
  },
  {
    "id": "107226792226844",
    "name": "Журавель Asia Grill in Lviv",
    "city": "Leopol",
    "url": "https://www.instagram.com/explore/locations/107226792226844/asia-grill-in-lviv/"
  },
  {
    "id": "100684095725088",
    "name": "JS Beauty Studio - Студія Краси",
    "city": "Leopol",
    "url": "https://www.instagram.com/explore/locations/100684095725088/js-beauty-studio-/"
  },
  {
    "id": "2050413335003207",
    "name": "JamRecordz Studio",
    "city": "Leopol",
    "url": "https://www.instagram.com/explore/locations/2050413335003207/jamrecordz-studio/"
  },
  {
    "id": "885658944956473",
    "name": "Paradise Beauty club",
    "city": "Leopol",
    "url": "https://www.instagram.com/explore/locations/885658944956473/paradise-beauty-club/"
  },
  {
    "id": "406096735915563",
    "name": "Patyk.museum",
    "city": "Leopol",
    "url": "https://www.instagram.com/explore/locations/406096735915563/patykmuseum/"
  },
  {
    "id": "118805506195784",
    "name": "Тонування авто Black Style Локація Центр",
    "city": "Leopol",
    "url": "https://www.instagram.com/explore/locations/118805506195784/black-style/"
  },
  {
    "id": "295866411021260",
    "name": "Lavanda Ladies",
    "city": "Leopol",
    "url": "https://www.instagram.com/explore/locations/295866411021260/lavanda-ladies/"
  },
  {
    "id": "237943321",
    "name": "Львiвська Майстерня Шоколаду",
    "city": "Leopol",
    "url": "https://www.instagram.com/explore/locations/237943321/i/"
  },
  {
    "id": "230580174151718",
    "name": "Туристична агенція «ЛІТО 365»",
    "city": "Leopol",
    "url": "https://www.instagram.com/explore/locations/230580174151718/365/"
  },
  {
    "id": "1381400801926474",
    "name": "Навчально-медичний центр \"Персона Люкс Україна\"",
    "city": "Leopol",
    "url": "https://www.instagram.com/explore/locations/1381400801926474/-/"
  },
  {
    "id": "541622802555659",
    "name": "HAPPY",
    "city": "Leopol",
    "url": "https://www.instagram.com/explore/locations/541622802555659/happy/"
  },
  {
    "id": "369498393",
    "name": "Fashion Club",
    "city": "Leopol",
    "url": "https://www.instagram.com/explore/locations/369498393/fashion-club/"
  },
  {
    "id": "584098152009585",
    "name": "Скверик на Японській / Square on Yaponska street",
    "city": "Leopol",
    "url": "https://www.instagram.com/explore/locations/584098152009585/square-on-yaponska-street/"
  },
  {
    "id": "392089761160289",
    "name": "Disciples Church",
    "city": "Leopol",
    "url": "https://www.instagram.com/explore/locations/392089761160289/disciples-church/"
  },
  {
    "id": "1012899895",
    "name": "Hotel Edem Lviv",
    "city": "Leopol",
    "url": "https://www.instagram.com/explore/locations/1012899895/hotel-edem-lviv/"
  }
]