[
  {
    "id": "213613846",
    "name": "ТРЦ DREAM",
    "city": "PrigorodKurenevka",
    "url": "https://www.instagram.com/explore/locations/213613846/dream/"
  },
  {
    "id": "1137450966422428",
    "name": "Forest",
    "city": "PrigorodKurenevka",
    "url": "https://www.instagram.com/explore/locations/1137450966422428/forest/"
  },
  {
    "id": "243176814",
    "name": "Obolon",
    "city": "PrigorodKurenevka",
    "url": "https://www.instagram.com/explore/locations/243176814/obolon/"
  },
  {
    "id": "1059547700855323",
    "name": "UNIT.City",
    "city": "PrigorodKurenevka",
    "url": "https://www.instagram.com/explore/locations/1059547700855323/unitcity/"
  },
  {
    "id": "671564986309886",
    "name": "Vynohradar",
    "city": "PrigorodKurenevka",
    "url": "https://www.instagram.com/explore/locations/671564986309886/vynohradar/"
  },
  {
    "id": "291013892",
    "name": "Obolon Residences",
    "city": "PrigorodKurenevka",
    "url": "https://www.instagram.com/explore/locations/291013892/obolon-residences/"
  },
  {
    "id": "275273379495909",
    "name": "Freedom Hall",
    "city": "PrigorodKurenevka",
    "url": "https://www.instagram.com/explore/locations/275273379495909/freedom-hall/"
  },
  {
    "id": "275785372",
    "name": "Shuliavska",
    "city": "PrigorodKurenevka",
    "url": "https://www.instagram.com/explore/locations/275785372/shuliavska/"
  },
  {
    "id": "682942808498011",
    "name": "Minskyi Masyv",
    "city": "PrigorodKurenevka",
    "url": "https://www.instagram.com/explore/locations/682942808498011/minskyi-masyv/"
  },
  {
    "id": "1021804804",
    "name": "ТРЦ \"Караван OutletКиїв",
    "city": "PrigorodKurenevka",
    "url": "https://www.instagram.com/explore/locations/1021804804/outlet/"
  },
  {
    "id": "215831685",
    "name": "ICON Rental Studio",
    "city": "PrigorodKurenevka",
    "url": "https://www.instagram.com/explore/locations/215831685/icon-rental-studio/"
  },
  {
    "id": "213943499",
    "name": "Heroiv Dnipra",
    "city": "PrigorodKurenevka",
    "url": "https://www.instagram.com/explore/locations/213943499/heroiv-dnipra/"
  },
  {
    "id": "228447749",
    "name": "Аквапарк юрского периода Dream Island",
    "city": "PrigorodKurenevka",
    "url": "https://www.instagram.com/explore/locations/228447749/dream-island/"
  },
  {
    "id": "645611725484611",
    "name": "Denmark",
    "city": "PrigorodKurenevka",
    "url": "https://www.instagram.com/explore/locations/645611725484611/denmark/"
  },
  {
    "id": "108538100968095",
    "name": "Kült studio",
    "city": "PrigorodKurenevka",
    "url": "https://www.instagram.com/explore/locations/108538100968095/kult-studio/"
  },
  {
    "id": "234805990",
    "name": "Sport Life. Dream Town",
    "city": "PrigorodKurenevka",
    "url": "https://www.instagram.com/explore/locations/234805990/sport-life-dream-town/"
  },
  {
    "id": "720614615",
    "name": "Planet Earth",
    "city": "PrigorodKurenevka",
    "url": "https://www.instagram.com/explore/locations/720614615/planet-earth/"
  },
  {
    "id": "337222975",
    "name": "Kyiv National Economic University",
    "city": "PrigorodKurenevka",
    "url": "https://www.instagram.com/explore/locations/337222975/kyiv-national-economic-university/"
  },
  {
    "id": "1228263290620393",
    "name": "Obolon, Kiev",
    "city": "PrigorodKurenevka",
    "url": "https://www.instagram.com/explore/locations/1228263290620393/obolon-kiev/"
  },
  {
    "id": "347091642",
    "name": "Petrivka, Kiev",
    "city": "PrigorodKurenevka",
    "url": "https://www.instagram.com/explore/locations/347091642/petrivka-kiev/"
  },
  {
    "id": "287805463",
    "name": "Minska",
    "city": "PrigorodKurenevka",
    "url": "https://www.instagram.com/explore/locations/287805463/minska/"
  },
  {
    "id": "2260181040705960",
    "name": "ТРЦ Smart Plaza Obolon",
    "city": "PrigorodKurenevka",
    "url": "https://www.instagram.com/explore/locations/2260181040705960/smart-plaza-obolon/"
  },
  {
    "id": "188602165096010",
    "name": "Pochayna Event Hall",
    "city": "PrigorodKurenevka",
    "url": "https://www.instagram.com/explore/locations/188602165096010/pochayna-event-hall/"
  },
  {
    "id": "145403675595664",
    "name": "Kiev Ukraina",
    "city": "PrigorodKurenevka",
    "url": "https://www.instagram.com/explore/locations/145403675595664/kiev-ukraina/"
  },
  {
    "id": "240131804",
    "name": "Borys Grinchenko Kyiv University",
    "city": "PrigorodKurenevka",
    "url": "https://www.instagram.com/explore/locations/240131804/borys-grinchenko-kyiv-university/"
  },
  {
    "id": "266866877",
    "name": "Kiyv Obolon",
    "city": "PrigorodKurenevka",
    "url": "https://www.instagram.com/explore/locations/266866877/kiyv-obolon/"
  },
  {
    "id": "106983501531020",
    "name": "Бelkin",
    "city": "PrigorodKurenevka",
    "url": "https://www.instagram.com/explore/locations/106983501531020/elkin/"
  },
  {
    "id": "314584344",
    "name": "Тц Дрим Таун 2",
    "city": "PrigorodKurenevka",
    "url": "https://www.instagram.com/explore/locations/314584344/2/"
  },
  {
    "id": "293868061",
    "name": "Dorohozhychi",
    "city": "PrigorodKurenevka",
    "url": "https://www.instagram.com/explore/locations/293868061/dorohozhychi/"
  },
  {
    "id": "214202302",
    "name": "Docker pub",
    "city": "PrigorodKurenevka",
    "url": "https://www.instagram.com/explore/locations/214202302/docker-pub/"
  },
  {
    "id": "414582591924328",
    "name": "Навчально-науковий інститут міжнародних відносин КНУ імені Тараса Шевченка",
    "city": "PrigorodKurenevka",
    "url": "https://www.instagram.com/explore/locations/414582591924328/-/"
  },
  {
    "id": "215305462",
    "name": "Obolonskyi District",
    "city": "PrigorodKurenevka",
    "url": "https://www.instagram.com/explore/locations/215305462/obolonskyi-district/"
  },
  {
    "id": "733142333560407",
    "name": "DREAM LAND Дитячий розважальний центр",
    "city": "PrigorodKurenevka",
    "url": "https://www.instagram.com/explore/locations/733142333560407/dream-land/"
  },
  {
    "id": "105715955137938",
    "name": "Apollo Next",
    "city": "PrigorodKurenevka",
    "url": "https://www.instagram.com/explore/locations/105715955137938/apollo-next/"
  },
  {
    "id": "290041030",
    "name": "Syrets",
    "city": "PrigorodKurenevka",
    "url": "https://www.instagram.com/explore/locations/290041030/syrets/"
  },
  {
    "id": "214495979",
    "name": "Ресторан Argentina Grill",
    "city": "PrigorodKurenevka",
    "url": "https://www.instagram.com/explore/locations/214495979/argentina-grill/"
  },
  {
    "id": "1006342623",
    "name": "Tayger Pizza Bar",
    "city": "PrigorodKurenevka",
    "url": "https://www.instagram.com/explore/locations/1006342623/tayger-pizza-bar/"
  },
  {
    "id": "1447802205291431",
    "name": "лес Пуща-Водица",
    "city": "PrigorodKurenevka",
    "url": "https://www.instagram.com/explore/locations/1447802205291431/-/"
  },
  {
    "id": "240460329",
    "name": "Жилой комплекс «Зеленый остров-2»",
    "city": "PrigorodKurenevka",
    "url": "https://www.instagram.com/explore/locations/240460329/-2/"
  },
  {
    "id": "581186728719224",
    "name": "Multiplex",
    "city": "PrigorodKurenevka",
    "url": "https://www.instagram.com/explore/locations/581186728719224/multiplex/"
  },
  {
    "id": "676549466063317",
    "name": "Pochayna Event Hall",
    "city": "PrigorodKurenevka",
    "url": "https://www.instagram.com/explore/locations/676549466063317/pochayna-event-hall/"
  },
  {
    "id": "1032100592",
    "name": "RONIN",
    "city": "PrigorodKurenevka",
    "url": "https://www.instagram.com/explore/locations/1032100592/ronin/"
  },
  {
    "id": "1019479523",
    "name": "Obolon",
    "city": "PrigorodKurenevka",
    "url": "https://www.instagram.com/explore/locations/1019479523/obolon/"
  },
  {
    "id": "538800642973537",
    "name": "Prynada Ukrainian Cafe",
    "city": "PrigorodKurenevka",
    "url": "https://www.instagram.com/explore/locations/538800642973537/prynada-ukrainian-cafe/"
  },
  {
    "id": "543971205741977",
    "name": "Kurenivka",
    "city": "PrigorodKurenevka",
    "url": "https://www.instagram.com/explore/locations/543971205741977/kurenivka/"
  },
  {
    "id": "239180053232653",
    "name": "Разом до перемоги - Україна понад усе",
    "city": "PrigorodKurenevka",
    "url": "https://www.instagram.com/explore/locations/239180053232653/-/"
  },
  {
    "id": "107953887232991",
    "name": "Night Lights",
    "city": "PrigorodKurenevka",
    "url": "https://www.instagram.com/explore/locations/107953887232991/night-lights/"
  },
  {
    "id": "43732151935",
    "name": "U.S. Embassy Kyiv Ukraine",
    "city": "PrigorodKurenevka",
    "url": "https://www.instagram.com/explore/locations/43732151935/us-embassy-kyiv-ukraine/"
  },
  {
    "id": "946950302058942",
    "name": "Old Car Land",
    "city": "PrigorodKurenevka",
    "url": "https://www.instagram.com/explore/locations/946950302058942/old-car-land/"
  },
  {
    "id": "575139272693291",
    "name": "КНП КЛ15 Пологовий будинок 2 \"Мостицький\"",
    "city": "PrigorodKurenevka",
    "url": "https://www.instagram.com/explore/locations/575139272693291/15-2/"
  },
  {
    "id": "1003025727",
    "name": "Obolon (company)",
    "city": "PrigorodKurenevka",
    "url": "https://www.instagram.com/explore/locations/1003025727/obolon-company/"
  },
  {
    "id": "1102819853197477",
    "name": "KFC - Dream Town",
    "city": "PrigorodKurenevka",
    "url": "https://www.instagram.com/explore/locations/1102819853197477/kfc-dream-town/"
  },
  {
    "id": "324617677645730",
    "name": "Калнишевського 7 ЖК",
    "city": "PrigorodKurenevka",
    "url": "https://www.instagram.com/explore/locations/324617677645730/7/"
  },
  {
    "id": "263944036",
    "name": "Babi Yar",
    "city": "PrigorodKurenevka",
    "url": "https://www.instagram.com/explore/locations/263944036/babi-yar/"
  },
  {
    "id": "102749208172780",
    "name": "ТЦ Gorodok Gallery",
    "city": "PrigorodKurenevka",
    "url": "https://www.instagram.com/explore/locations/102749208172780/gorodok-gallery/"
  },
  {
    "id": "502595960137129",
    "name": "Very Well Cafe",
    "city": "PrigorodKurenevka",
    "url": "https://www.instagram.com/explore/locations/502595960137129/very-well-cafe/"
  },
  {
    "id": "1018147114",
    "name": "UBI Conference Hall",
    "city": "PrigorodKurenevka",
    "url": "https://www.instagram.com/explore/locations/1018147114/ubi-conference-hall/"
  },
  {
    "id": "109286281196160",
    "name": "Dream Town 2",
    "city": "PrigorodKurenevka",
    "url": "https://www.instagram.com/explore/locations/109286281196160/dream-town-2/"
  },
  {
    "id": "1035617456",
    "name": "Priorka",
    "city": "PrigorodKurenevka",
    "url": "https://www.instagram.com/explore/locations/1035617456/priorka/"
  },
  {
    "id": "260760656",
    "name": "G13 project studio",
    "city": "PrigorodKurenevka",
    "url": "https://www.instagram.com/explore/locations/260760656/g13-project-studio/"
  },
  {
    "id": "438283446",
    "name": "Keller Bar",
    "city": "PrigorodKurenevka",
    "url": "https://www.instagram.com/explore/locations/438283446/keller-bar/"
  },
  {
    "id": "827326840770211",
    "name": "Tbiliso",
    "city": "PrigorodKurenevka",
    "url": "https://www.instagram.com/explore/locations/827326840770211/tbiliso/"
  },
  {
    "id": "826735281015486",
    "name": "Dream Town 1",
    "city": "PrigorodKurenevka",
    "url": "https://www.instagram.com/explore/locations/826735281015486/dream-town-1/"
  },
  {
    "id": "334698813906857",
    "name": "Кайф - это когда тебя понимают",
    "city": "PrigorodKurenevka",
    "url": "https://www.instagram.com/explore/locations/334698813906857/-/"
  },
  {
    "id": "473496217",
    "name": "KROK University",
    "city": "PrigorodKurenevka",
    "url": "https://www.instagram.com/explore/locations/473496217/krok-university/"
  },
  {
    "id": "155342415201867",
    "name": "SODAbar",
    "city": "PrigorodKurenevka",
    "url": "https://www.instagram.com/explore/locations/155342415201867/sodabar/"
  },
  {
    "id": "249033543",
    "name": "Kyiv School of Economics",
    "city": "PrigorodKurenevka",
    "url": "https://www.instagram.com/explore/locations/249033543/kyiv-school-of-economics/"
  },
  {
    "id": "239865535",
    "name": "Студия F2F",
    "city": "PrigorodKurenevka",
    "url": "https://www.instagram.com/explore/locations/239865535/f2f/"
  },
  {
    "id": "695902620617591",
    "name": "This is Пивбар",
    "city": "PrigorodKurenevka",
    "url": "https://www.instagram.com/explore/locations/695902620617591/this-is/"
  },
  {
    "id": "113617047446882",
    "name": "Smartass Obolon",
    "city": "PrigorodKurenevka",
    "url": "https://www.instagram.com/explore/locations/113617047446882/smartass-obolon/"
  },
  {
    "id": "890806684",
    "name": "Ar-Rahma Mosque, Kiev",
    "city": "PrigorodKurenevka",
    "url": "https://www.instagram.com/explore/locations/890806684/ar-rahma-mosque-kiev/"
  },
  {
    "id": "2276877249241637",
    "name": "SinCity",
    "city": "PrigorodKurenevka",
    "url": "https://www.instagram.com/explore/locations/2276877249241637/sincity/"
  },
  {
    "id": "1368009773229069",
    "name": "Kyiv Flower Market",
    "city": "PrigorodKurenevka",
    "url": "https://www.instagram.com/explore/locations/1368009773229069/kyiv-flower-market/"
  },
  {
    "id": "1407146586087814",
    "name": "UTAS",
    "city": "PrigorodKurenevka",
    "url": "https://www.instagram.com/explore/locations/1407146586087814/utas/"
  },
  {
    "id": "111309964542301",
    "name": "V dental & beauty clinic",
    "city": "PrigorodKurenevka",
    "url": "https://www.instagram.com/explore/locations/111309964542301/v-dental-beauty-clinic/"
  },
  {
    "id": "111678314670475",
    "name": "Universal Studio",
    "city": "PrigorodKurenevka",
    "url": "https://www.instagram.com/explore/locations/111678314670475/universal-studio/"
  },
  {
    "id": "835019020172243",
    "name": "OASIS Героїв Дніпра",
    "city": "PrigorodKurenevka",
    "url": "https://www.instagram.com/explore/locations/835019020172243/oasis/"
  },
  {
    "id": "408456716639584",
    "name": "Евразия - японська та європейська кухня",
    "city": "PrigorodKurenevka",
    "url": "https://www.instagram.com/explore/locations/408456716639584/-/"
  },
  {
    "id": "103199548024350",
    "name": "Park Land- Затишний ресторан.",
    "city": "PrigorodKurenevka",
    "url": "https://www.instagram.com/explore/locations/103199548024350/park-land-/"
  },
  {
    "id": "579910772691610",
    "name": "Pozhar Dance School",
    "city": "PrigorodKurenevka",
    "url": "https://www.instagram.com/explore/locations/579910772691610/pozhar-dance-school/"
  },
  {
    "id": "265548713",
    "name": "Kyiv Half Marathon",
    "city": "PrigorodKurenevka",
    "url": "https://www.instagram.com/explore/locations/265548713/kyiv-half-marathon/"
  },
  {
    "id": "104719731022802",
    "name": "Черно-белое и немного цвета",
    "city": "PrigorodKurenevka",
    "url": "https://www.instagram.com/explore/locations/104719731022802/-/"
  },
  {
    "id": "106177637432616",
    "name": "БФК LAKE PLAZA",
    "city": "PrigorodKurenevka",
    "url": "https://www.instagram.com/explore/locations/106177637432616/lake-plaza/"
  },
  {
    "id": "794544204234240",
    "name": "Balcone coffee bar",
    "city": "PrigorodKurenevka",
    "url": "https://www.instagram.com/explore/locations/794544204234240/balcone-coffee-bar/"
  },
  {
    "id": "264006780640871",
    "name": "Gym4U",
    "city": "PrigorodKurenevka",
    "url": "https://www.instagram.com/explore/locations/264006780640871/gym4u/"
  },
  {
    "id": "363469635",
    "name": "Где-то В Лесу...",
    "city": "PrigorodKurenevka",
    "url": "https://www.instagram.com/explore/locations/363469635/-/"
  },
  {
    "id": "126117204644912",
    "name": "Villa Verde",
    "city": "PrigorodKurenevka",
    "url": "https://www.instagram.com/explore/locations/126117204644912/villa-verde/"
  },
  {
    "id": "263838839",
    "name": "Petrivka",
    "city": "PrigorodKurenevka",
    "url": "https://www.instagram.com/explore/locations/263838839/petrivka/"
  },
  {
    "id": "1029038044",
    "name": "Золотой-Шафран",
    "city": "PrigorodKurenevka",
    "url": "https://www.instagram.com/explore/locations/1029038044/-/"
  },
  {
    "id": "234464899",
    "name": "Perets",
    "city": "PrigorodKurenevka",
    "url": "https://www.instagram.com/explore/locations/234464899/perets/"
  },
  {
    "id": "482760999",
    "name": "Spartabox Podol",
    "city": "PrigorodKurenevka",
    "url": "https://www.instagram.com/explore/locations/482760999/spartabox-podol/"
  },
  {
    "id": "1016235880",
    "name": "Promenada Center",
    "city": "PrigorodKurenevka",
    "url": "https://www.instagram.com/explore/locations/1016235880/promenada-center/"
  },
  {
    "id": "1859048404349728",
    "name": "ЖК «Герцен-Парк»",
    "city": "PrigorodKurenevka",
    "url": "https://www.instagram.com/explore/locations/1859048404349728/-/"
  },
  {
    "id": "280898860",
    "name": "Totem Dance",
    "city": "PrigorodKurenevka",
    "url": "https://www.instagram.com/explore/locations/280898860/totem-dance/"
  },
  {
    "id": "104625384727434",
    "name": "WO Beauty Station",
    "city": "PrigorodKurenevka",
    "url": "https://www.instagram.com/explore/locations/104625384727434/wo-beauty-station/"
  },
  {
    "id": "299051315",
    "name": "Роддом 2",
    "city": "PrigorodKurenevka",
    "url": "https://www.instagram.com/explore/locations/299051315/2/"
  },
  {
    "id": "227120372",
    "name": "Institute of Journalism",
    "city": "PrigorodKurenevka",
    "url": "https://www.instagram.com/explore/locations/227120372/institute-of-journalism/"
  },
  {
    "id": "244584612",
    "name": "nrj.ua",
    "city": "PrigorodKurenevka",
    "url": "https://www.instagram.com/explore/locations/244584612/nrjua/"
  },
  {
    "id": "100130751705936",
    "name": "Blueberry",
    "city": "PrigorodKurenevka",
    "url": "https://www.instagram.com/explore/locations/100130751705936/blueberry/"
  },
  {
    "id": "634902104",
    "name": "My Own Way",
    "city": "PrigorodKurenevka",
    "url": "https://www.instagram.com/explore/locations/634902104/my-own-way/"
  },
  {
    "id": "619369768262243",
    "name": "Evolve Salon&Store",
    "city": "PrigorodKurenevka",
    "url": "https://www.instagram.com/explore/locations/619369768262243/evolve-salonstore/"
  },
  {
    "id": "980878196",
    "name": "Roslynka",
    "city": "PrigorodKurenevka",
    "url": "https://www.instagram.com/explore/locations/980878196/roslynka/"
  },
  {
    "id": "1319140504868302",
    "name": "Киев дрим таун1",
    "city": "PrigorodKurenevka",
    "url": "https://www.instagram.com/explore/locations/1319140504868302/1/"
  },
  {
    "id": "100678591351737",
    "name": "Nahirna22",
    "city": "PrigorodKurenevka",
    "url": "https://www.instagram.com/explore/locations/100678591351737/nahirna22/"
  },
  {
    "id": "102103401994850",
    "name": "YUG",
    "city": "PrigorodKurenevka",
    "url": "https://www.instagram.com/explore/locations/102103401994850/yug/"
  },
  {
    "id": "58598456",
    "name": "Dream Town",
    "city": "PrigorodKurenevka",
    "url": "https://www.instagram.com/explore/locations/58598456/dream-town/"
  },
  {
    "id": "378846785576103",
    "name": "Інтер'єрна-Фотостудія Щастя",
    "city": "PrigorodKurenevka",
    "url": "https://www.instagram.com/explore/locations/378846785576103/-/"
  },
  {
    "id": "723854627969111",
    "name": "drugstore",
    "city": "PrigorodKurenevka",
    "url": "https://www.instagram.com/explore/locations/723854627969111/drugstore/"
  },
  {
    "id": "905896752920233",
    "name": "Парк імені Івана Котляревського // Kotliarevskyi Park",
    "city": "PrigorodKurenevka",
    "url": "https://www.instagram.com/explore/locations/905896752920233/kotliarevskyi-park/"
  },
  {
    "id": "103601921430305",
    "name": "Trx,fly Yoga,Kiev",
    "city": "PrigorodKurenevka",
    "url": "https://www.instagram.com/explore/locations/103601921430305/trxfly-yogakiev/"
  },
  {
    "id": "221219577",
    "name": "Фан-Бар \"БанкаСырец",
    "city": "PrigorodKurenevka",
    "url": "https://www.instagram.com/explore/locations/221219577/-/"
  },
  {
    "id": "750607075126807",
    "name": "Sultan Food",
    "city": "PrigorodKurenevka",
    "url": "https://www.instagram.com/explore/locations/750607075126807/sultan-food/"
  },
  {
    "id": "1014896888",
    "name": "Тренировки по плаванию и дыхательной гимнастике в воде плавита-садхана",
    "city": "PrigorodKurenevka",
    "url": "https://www.instagram.com/explore/locations/1014896888/-/"
  },
  {
    "id": "220010342",
    "name": "Боулинг клуб \"Brooklyn\"",
    "city": "PrigorodKurenevka",
    "url": "https://www.instagram.com/explore/locations/220010342/brooklyn/"
  },
  {
    "id": "1028002798",
    "name": "ЖКЗамковецкий, ул. вул. Сергія Данченка, 28-Б, общалка владельцев квартир",
    "city": "PrigorodKurenevka",
    "url": "https://www.instagram.com/explore/locations/1028002798/28-/"
  },
  {
    "id": "222567832",
    "name": "Macdonalds Kiev, Ukraine",
    "city": "PrigorodKurenevka",
    "url": "https://www.instagram.com/explore/locations/222567832/macdonalds-kiev-ukraine/"
  },
  {
    "id": "625023256",
    "name": "Dance studio Luck out club",
    "city": "PrigorodKurenevka",
    "url": "https://www.instagram.com/explore/locations/625023256/dance-studio-luck-out-club/"
  },
  {
    "id": "105349678734377",
    "name": "Freedom Hall Kyiv",
    "city": "PrigorodKurenevka",
    "url": "https://www.instagram.com/explore/locations/105349678734377/freedom-hall-kyiv/"
  },
  {
    "id": "106652488454035",
    "name": "Aderstudio",
    "city": "PrigorodKurenevka",
    "url": "https://www.instagram.com/explore/locations/106652488454035/aderstudio/"
  },
  {
    "id": "936377400",
    "name": "NV",
    "city": "PrigorodKurenevka",
    "url": "https://www.instagram.com/explore/locations/936377400/nv/"
  },
  {
    "id": "1624451227860574",
    "name": "Ресторан Argentina Grill",
    "city": "PrigorodKurenevka",
    "url": "https://www.instagram.com/explore/locations/1624451227860574/argentina-grill/"
  },
  {
    "id": "265001605",
    "name": "Myway Dance Academy",
    "city": "PrigorodKurenevka",
    "url": "https://www.instagram.com/explore/locations/265001605/myway-dance-academy/"
  },
  {
    "id": "191441234208863",
    "name": "Institute of International Relations - Kyiv",
    "city": "PrigorodKurenevka",
    "url": "https://www.instagram.com/explore/locations/191441234208863/institute-of-international-relations-kyiv/"
  },
  {
    "id": "249173678",
    "name": "Kyiv, Podil'skiy Place",
    "city": "PrigorodKurenevka",
    "url": "https://www.instagram.com/explore/locations/249173678/kyiv-podilskiy-place/"
  },
  {
    "id": "245116437",
    "name": "Sportlife Куреневка",
    "city": "PrigorodKurenevka",
    "url": "https://www.instagram.com/explore/locations/245116437/sportlife/"
  },
  {
    "id": "176789626283599",
    "name": "Вышгородская 12",
    "city": "PrigorodKurenevka",
    "url": "https://www.instagram.com/explore/locations/176789626283599/12/"
  },
  {
    "id": "1021296904",
    "name": "Героев Сталинграда 27 L'kafa",
    "city": "PrigorodKurenevka",
    "url": "https://www.instagram.com/explore/locations/1021296904/27-lkafa/"
  },
  {
    "id": "853648756",
    "name": "Forest Club",
    "city": "PrigorodKurenevka",
    "url": "https://www.instagram.com/explore/locations/853648756/forest-club/"
  },
  {
    "id": "112354257022420",
    "name": "Mushlya Cafe",
    "city": "PrigorodKurenevka",
    "url": "https://www.instagram.com/explore/locations/112354257022420/mushlya-cafe/"
  },
  {
    "id": "163290577097958",
    "name": "BRP Centre Kyiv",
    "city": "PrigorodKurenevka",
    "url": "https://www.instagram.com/explore/locations/163290577097958/brp-centre-kyiv/"
  },
  {
    "id": "109325370646544",
    "name": "FixPrice",
    "city": "PrigorodKurenevka",
    "url": "https://www.instagram.com/explore/locations/109325370646544/fixprice/"
  },
  {
    "id": "173304366798218",
    "name": "Киев Трц Дрим Таун Dress Market Week",
    "city": "PrigorodKurenevka",
    "url": "https://www.instagram.com/explore/locations/173304366798218/dress-market-week/"
  },
  {
    "id": "225418613",
    "name": "Mcdonald's - Kiev",
    "city": "PrigorodKurenevka",
    "url": "https://www.instagram.com/explore/locations/225418613/mcdonalds-kiev/"
  },
  {
    "id": "1022399522",
    "name": "Салон краси \"Fresh\"",
    "city": "PrigorodKurenevka",
    "url": "https://www.instagram.com/explore/locations/1022399522/fresh/"
  },
  {
    "id": "237015745",
    "name": "RollHouse - щодня смачніше",
    "city": "PrigorodKurenevka",
    "url": "https://www.instagram.com/explore/locations/237015745/rollhouse-/"
  },
  {
    "id": "102797897961752",
    "name": "Food & Party",
    "city": "PrigorodKurenevka",
    "url": "https://www.instagram.com/explore/locations/102797897961752/food-party/"
  },
  {
    "id": "280635942",
    "name": "Шахтерская 5",
    "city": "PrigorodKurenevka",
    "url": "https://www.instagram.com/explore/locations/280635942/5/"
  },
  {
    "id": "226935205",
    "name": "Бизнес-центр \"Форум Парк Плаза\"",
    "city": "PrigorodKurenevka",
    "url": "https://www.instagram.com/explore/locations/226935205/-/"
  },
  {
    "id": "100164321381750",
    "name": "UNIT.Home",
    "city": "PrigorodKurenevka",
    "url": "https://www.instagram.com/explore/locations/100164321381750/unithome/"
  },
  {
    "id": "225211176",
    "name": "Перший Нацiональний",
    "city": "PrigorodKurenevka",
    "url": "https://www.instagram.com/explore/locations/225211176/i/"
  },
  {
    "id": "566965474",
    "name": "Школа 24",
    "city": "PrigorodKurenevka",
    "url": "https://www.instagram.com/explore/locations/566965474/24/"
  },
  {
    "id": "680996545420265",
    "name": "Пруды \"Кинь - Грусть\".",
    "city": "PrigorodKurenevka",
    "url": "https://www.instagram.com/explore/locations/680996545420265/-/"
  },
  {
    "id": "435684280113796",
    "name": "The LOFT",
    "city": "PrigorodKurenevka",
    "url": "https://www.instagram.com/explore/locations/435684280113796/the-loft/"
  },
  {
    "id": "926343687",
    "name": "М'ясний ресторан \"YAK на крилах\"",
    "city": "PrigorodKurenevka",
    "url": "https://www.instagram.com/explore/locations/926343687/yak/"
  },
  {
    "id": "549187315519986",
    "name": "Роддом №4",
    "city": "PrigorodKurenevka",
    "url": "https://www.instagram.com/explore/locations/549187315519986/no4/"
  },
  {
    "id": "212205176203297",
    "name": "ТРЦ Dream Town1",
    "city": "PrigorodKurenevka",
    "url": "https://www.instagram.com/explore/locations/212205176203297/dream-town1/"
  },
  {
    "id": "1125443867524783",
    "name": "ART Club",
    "city": "PrigorodKurenevka",
    "url": "https://www.instagram.com/explore/locations/1125443867524783/art-club/"
  },
  {
    "id": "1010804525",
    "name": "Ishvara Yoga",
    "city": "PrigorodKurenevka",
    "url": "https://www.instagram.com/explore/locations/1010804525/ishvara-yoga/"
  },
  {
    "id": "633564958",
    "name": "DeCoupaGe cafe",
    "city": "PrigorodKurenevka",
    "url": "https://www.instagram.com/explore/locations/633564958/decoupage-cafe/"
  },
  {
    "id": "437105656638179",
    "name": "Киев, Маршала Тимошенко, 9",
    "city": "PrigorodKurenevka",
    "url": "https://www.instagram.com/explore/locations/437105656638179/9/"
  },
  {
    "id": "1021270731",
    "name": "Sport Life Obolon",
    "city": "PrigorodKurenevka",
    "url": "https://www.instagram.com/explore/locations/1021270731/sport-life-obolon/"
  },
  {
    "id": "250489195",
    "name": "Киевский городской родильный дом 2",
    "city": "PrigorodKurenevka",
    "url": "https://www.instagram.com/explore/locations/250489195/2/"
  },
  {
    "id": "226935179",
    "name": "Гипермаркет Караван UA",
    "city": "PrigorodKurenevka",
    "url": "https://www.instagram.com/explore/locations/226935179/ua/"
  },
  {
    "id": "2015495575431514",
    "name": "BonBon Beauty Salon",
    "city": "PrigorodKurenevka",
    "url": "https://www.instagram.com/explore/locations/2015495575431514/bonbon-beauty-salon/"
  },
  {
    "id": "663307153867698",
    "name": "This is Пивбар",
    "city": "PrigorodKurenevka",
    "url": "https://www.instagram.com/explore/locations/663307153867698/this-is/"
  },
  {
    "id": "263832059",
    "name": "Grace Clinic",
    "city": "PrigorodKurenevka",
    "url": "https://www.instagram.com/explore/locations/263832059/grace-clinic/"
  },
  {
    "id": "115468683158118",
    "name": "Happy Kid's Park",
    "city": "PrigorodKurenevka",
    "url": "https://www.instagram.com/explore/locations/115468683158118/happy-kids-park/"
  },
  {
    "id": "1027683733",
    "name": "Baixa Do Meio",
    "city": "PrigorodKurenevka",
    "url": "https://www.instagram.com/explore/locations/1027683733/baixa-do-meio/"
  },
  {
    "id": "559262751207485",
    "name": "DIVAS PLACE",
    "city": "PrigorodKurenevka",
    "url": "https://www.instagram.com/explore/locations/559262751207485/divas-place/"
  },
  {
    "id": "401886049",
    "name": "GREEN ZONE - Салон красоты и стиля",
    "city": "PrigorodKurenevka",
    "url": "https://www.instagram.com/explore/locations/401886049/green-zone-/"
  },
  {
    "id": "220440168488312",
    "name": "Вул. Вишгородська,12",
    "city": "PrigorodKurenevka",
    "url": "https://www.instagram.com/explore/locations/220440168488312/12/"
  },
  {
    "id": "310476562327239",
    "name": "Valeria's Secret студия танца и фитнеса",
    "city": "PrigorodKurenevka",
    "url": "https://www.instagram.com/explore/locations/310476562327239/valerias-secret/"
  },
  {
    "id": "973225742791028",
    "name": "UNIT Factory",
    "city": "PrigorodKurenevka",
    "url": "https://www.instagram.com/explore/locations/973225742791028/unit-factory/"
  },
  {
    "id": "2227145674273040",
    "name": "Кирилівська церква / St. Cyril's Church",
    "city": "PrigorodKurenevka",
    "url": "https://www.instagram.com/explore/locations/2227145674273040/st-cyrils-church/"
  },
  {
    "id": "214684729",
    "name": "Mafia",
    "city": "PrigorodKurenevka",
    "url": "https://www.instagram.com/explore/locations/214684729/mafia/"
  },
  {
    "id": "1026274875",
    "name": "Beauty Bar London",
    "city": "PrigorodKurenevka",
    "url": "https://www.instagram.com/explore/locations/1026274875/beauty-bar-london/"
  },
  {
    "id": "268156780475544",
    "name": "Home",
    "city": "PrigorodKurenevka",
    "url": "https://www.instagram.com/explore/locations/268156780475544/home/"
  },
  {
    "id": "764233295",
    "name": "Kiev Kherishatick",
    "city": "PrigorodKurenevka",
    "url": "https://www.instagram.com/explore/locations/764233295/kiev-kherishatick/"
  },
  {
    "id": "2113290798993523",
    "name": "EndorphineBar",
    "city": "PrigorodKurenevka",
    "url": "https://www.instagram.com/explore/locations/2113290798993523/endorphinebar/"
  },
  {
    "id": "274469252959195",
    "name": "Чайхона Базар На Героев Сталинграда 16в",
    "city": "PrigorodKurenevka",
    "url": "https://www.instagram.com/explore/locations/274469252959195/16/"
  },
  {
    "id": "1403254943042429",
    "name": "Beauty studio ТВІЙ СТИЛЬ",
    "city": "PrigorodKurenevka",
    "url": "https://www.instagram.com/explore/locations/1403254943042429/beauty-studio/"
  },
  {
    "id": "2175053602571876",
    "name": "ТРЦ «Oasis»",
    "city": "PrigorodKurenevka",
    "url": "https://www.instagram.com/explore/locations/2175053602571876/oasis/"
  },
  {
    "id": "530019937",
    "name": "ExitGames.ua",
    "city": "PrigorodKurenevka",
    "url": "https://www.instagram.com/explore/locations/530019937/exitgamesua/"
  },
  {
    "id": "330472218",
    "name": "Студия Танца И Творчества M44",
    "city": "PrigorodKurenevka",
    "url": "https://www.instagram.com/explore/locations/330472218/m44/"
  },
  {
    "id": "103773754298935",
    "name": "FICUS",
    "city": "PrigorodKurenevka",
    "url": "https://www.instagram.com/explore/locations/103773754298935/ficus/"
  },
  {
    "id": "1561803457172188",
    "name": "Smart Medical Center",
    "city": "PrigorodKurenevka",
    "url": "https://www.instagram.com/explore/locations/1561803457172188/smart-medical-center/"
  },
  {
    "id": "440397023407409",
    "name": "DR. SULIK beauty & clinic",
    "city": "PrigorodKurenevka",
    "url": "https://www.instagram.com/explore/locations/440397023407409/dr-sulik-beauty-clinic/"
  },
  {
    "id": "1018989785",
    "name": "Хіт FM",
    "city": "PrigorodKurenevka",
    "url": "https://www.instagram.com/explore/locations/1018989785/fm/"
  },
  {
    "id": "126236098022146",
    "name": "Фотостудия Favore Киев",
    "city": "PrigorodKurenevka",
    "url": "https://www.instagram.com/explore/locations/126236098022146/favore/"
  },
  {
    "id": "134349843095373",
    "name": "Tex.com service",
    "city": "PrigorodKurenevka",
    "url": "https://www.instagram.com/explore/locations/134349843095373/texcom-service/"
  },
  {
    "id": "352798775458843",
    "name": "Новий Канал / Noviy TV Channel",
    "city": "PrigorodKurenevka",
    "url": "https://www.instagram.com/explore/locations/352798775458843/noviy-tv-channel/"
  },
  {
    "id": "237324120497670",
    "name": "Fly Kids / Флай Кідс",
    "city": "PrigorodKurenevka",
    "url": "https://www.instagram.com/explore/locations/237324120497670/fly-kids/"
  },
  {
    "id": "957985231016293",
    "name": "M8 Bar",
    "city": "PrigorodKurenevka",
    "url": "https://www.instagram.com/explore/locations/957985231016293/m8-bar/"
  },
  {
    "id": "101823924898336",
    "name": "Beerland",
    "city": "PrigorodKurenevka",
    "url": "https://www.instagram.com/explore/locations/101823924898336/beerland/"
  },
  {
    "id": "114012413645989",
    "name": "Do Not Disturb",
    "city": "PrigorodKurenevka",
    "url": "https://www.instagram.com/explore/locations/114012413645989/do-not-disturb/"
  },
  {
    "id": "483376732156596",
    "name": "Event Hall Pochayna",
    "city": "PrigorodKurenevka",
    "url": "https://www.instagram.com/explore/locations/483376732156596/event-hall-pochayna/"
  },
  {
    "id": "87436185",
    "name": "NOT Basement",
    "city": "PrigorodKurenevka",
    "url": "https://www.instagram.com/explore/locations/87436185/not-basement/"
  },
  {
    "id": "206636609908404",
    "name": "Детская Железная Дорога Ул.парково-Сырецкая Киев",
    "city": "PrigorodKurenevka",
    "url": "https://www.instagram.com/explore/locations/206636609908404/-/"
  },
  {
    "id": "119819055408893",
    "name": "Non branded cafe",
    "city": "PrigorodKurenevka",
    "url": "https://www.instagram.com/explore/locations/119819055408893/non-branded-cafe/"
  },
  {
    "id": "160395467708142",
    "name": "СТО \"Мотор NissaN - Infiniti",
    "city": "PrigorodKurenevka",
    "url": "https://www.instagram.com/explore/locations/160395467708142/nissan-infiniti/"
  },
  {
    "id": "131990913489321",
    "name": "KISS FM UKRAINE",
    "city": "PrigorodKurenevka",
    "url": "https://www.instagram.com/explore/locations/131990913489321/kiss-fm-ukraine/"
  },
  {
    "id": "1014185944",
    "name": "English Prime",
    "city": "PrigorodKurenevka",
    "url": "https://www.instagram.com/explore/locations/1014185944/english-prime/"
  },
  {
    "id": "1029889782",
    "name": "Gym Planet",
    "city": "PrigorodKurenevka",
    "url": "https://www.instagram.com/explore/locations/1029889782/gym-planet/"
  },
  {
    "id": "148049508572201",
    "name": "Kyivstar",
    "city": "PrigorodKurenevka",
    "url": "https://www.instagram.com/explore/locations/148049508572201/kyivstar/"
  },
  {
    "id": "769823610060669",
    "name": "Smart Plaza",
    "city": "PrigorodKurenevka",
    "url": "https://www.instagram.com/explore/locations/769823610060669/smart-plaza/"
  },
  {
    "id": "220809719",
    "name": "L'kafa",
    "city": "PrigorodKurenevka",
    "url": "https://www.instagram.com/explore/locations/220809719/lkafa/"
  },
  {
    "id": "104122611406017",
    "name": "DOG & Grand CrossFit - Почайна",
    "city": "PrigorodKurenevka",
    "url": "https://www.instagram.com/explore/locations/104122611406017/dog-grand-crossfit-/"
  },
  {
    "id": "419343014765188",
    "name": "Pole dance studio \"Dance District\"",
    "city": "PrigorodKurenevka",
    "url": "https://www.instagram.com/explore/locations/419343014765188/pole-dance-studio-dance-district/"
  },
  {
    "id": "255655920",
    "name": "Фитнес-программа РЫВОК",
    "city": "PrigorodKurenevka",
    "url": "https://www.instagram.com/explore/locations/255655920/-/"
  },
  {
    "id": "14505636",
    "name": "Гетьмана Вадима 1",
    "city": "PrigorodKurenevka",
    "url": "https://www.instagram.com/explore/locations/14505636/1/"
  },
  {
    "id": "227951794752470",
    "name": "DIAMOND lounge",
    "city": "PrigorodKurenevka",
    "url": "https://www.instagram.com/explore/locations/227951794752470/diamond-lounge/"
  },
  {
    "id": "244686252563902",
    "name": "Pesto Cafe Орнамент",
    "city": "PrigorodKurenevka",
    "url": "https://www.instagram.com/explore/locations/244686252563902/pesto-cafe/"
  },
  {
    "id": "1088139611234973",
    "name": "Avtoliga.com.ua",
    "city": "PrigorodKurenevka",
    "url": "https://www.instagram.com/explore/locations/1088139611234973/avtoligacomua/"
  },
  {
    "id": "112956263907549",
    "name": "Магазин обуви Lazarkova_shop",
    "city": "PrigorodKurenevka",
    "url": "https://www.instagram.com/explore/locations/112956263907549/lazarkova_shop/"
  },
  {
    "id": "519434398401873",
    "name": "Mimi Photostudio",
    "city": "PrigorodKurenevka",
    "url": "https://www.instagram.com/explore/locations/519434398401873/mimi-photostudio/"
  },
  {
    "id": "1082424571908941",
    "name": "ЖК Navigator",
    "city": "PrigorodKurenevka",
    "url": "https://www.instagram.com/explore/locations/1082424571908941/navigator/"
  },
  {
    "id": "1718964605085512",
    "name": "Ліцей 168",
    "city": "PrigorodKurenevka",
    "url": "https://www.instagram.com/explore/locations/1718964605085512/168/"
  },
  {
    "id": "1022684077",
    "name": "UBI Fashion Center",
    "city": "PrigorodKurenevka",
    "url": "https://www.instagram.com/explore/locations/1022684077/ubi-fashion-center/"
  },
  {
    "id": "371924860",
    "name": "Храм Нью-Навадвипа Мандир",
    "city": "PrigorodKurenevka",
    "url": "https://www.instagram.com/explore/locations/371924860/-/"
  },
  {
    "id": "973167846159632",
    "name": "Pesto Café",
    "city": "PrigorodKurenevka",
    "url": "https://www.instagram.com/explore/locations/973167846159632/pesto-cafe/"
  },
  {
    "id": "121777841775363",
    "name": "Национальный Историко-Культурный Заповедник \"качановка\"",
    "city": "PrigorodKurenevka",
    "url": "https://www.instagram.com/explore/locations/121777841775363/-/"
  },
  {
    "id": "891189074357687",
    "name": "VRM Оболонь",
    "city": "PrigorodKurenevka",
    "url": "https://www.instagram.com/explore/locations/891189074357687/vrm/"
  },
  {
    "id": "4718426",
    "name": "GoodWine",
    "city": "PrigorodKurenevka",
    "url": "https://www.instagram.com/explore/locations/4718426/goodwine/"
  },
  {
    "id": "1028980723",
    "name": "PATRIOT Rental",
    "city": "PrigorodKurenevka",
    "url": "https://www.instagram.com/explore/locations/1028980723/patriot-rental/"
  },
  {
    "id": "960657944",
    "name": "Гімназія 34 Либідь ім. Максименка",
    "city": "PrigorodKurenevka",
    "url": "https://www.instagram.com/explore/locations/960657944/34/"
  },
  {
    "id": "189577298139914",
    "name": "Babyn Yar Holocaust Memorial Center",
    "city": "PrigorodKurenevka",
    "url": "https://www.instagram.com/explore/locations/189577298139914/babyn-yar-holocaust-memorial-center/"
  },
  {
    "id": "2116665241730788",
    "name": "PLOV lounge & banquet hall",
    "city": "PrigorodKurenevka",
    "url": "https://www.instagram.com/explore/locations/2116665241730788/plov-lounge-banquet-hall/"
  },
  {
    "id": "589980538056734",
    "name": "Farmak",
    "city": "PrigorodKurenevka",
    "url": "https://www.instagram.com/explore/locations/589980538056734/farmak/"
  },
  {
    "id": "1025782788",
    "name": "LeoVET",
    "city": "PrigorodKurenevka",
    "url": "https://www.instagram.com/explore/locations/1025782788/leovet/"
  },
  {
    "id": "636875199",
    "name": "Dream Town, Oskar",
    "city": "PrigorodKurenevka",
    "url": "https://www.instagram.com/explore/locations/636875199/dream-town-oskar/"
  },
  {
    "id": "1151838981561523",
    "name": "DUDA Bar",
    "city": "PrigorodKurenevka",
    "url": "https://www.instagram.com/explore/locations/1151838981561523/duda-bar/"
  },
  {
    "id": "105984428522019",
    "name": "LAGOM studio",
    "city": "PrigorodKurenevka",
    "url": "https://www.instagram.com/explore/locations/105984428522019/lagom-studio/"
  },
  {
    "id": "301748083558880",
    "name": "STILLALIVE",
    "city": "PrigorodKurenevka",
    "url": "https://www.instagram.com/explore/locations/301748083558880/stillalive/"
  },
  {
    "id": "2211803462441325",
    "name": "Дитячий клуб \"ZkidZКиїв. Рітейл Парк Петрівка",
    "city": "PrigorodKurenevka",
    "url": "https://www.instagram.com/explore/locations/2211803462441325/zkidz/"
  },
  {
    "id": "544084362449949",
    "name": "The Girls Hairdressers Obolon'",
    "city": "PrigorodKurenevka",
    "url": "https://www.instagram.com/explore/locations/544084362449949/the-girls-hairdressers-obolon/"
  },
  {
    "id": "656681514",
    "name": "Tuning Studio Vilex",
    "city": "PrigorodKurenevka",
    "url": "https://www.instagram.com/explore/locations/656681514/tuning-studio-vilex/"
  },
  {
    "id": "237915945",
    "name": "BEER.Live Ресторан-броварня",
    "city": "PrigorodKurenevka",
    "url": "https://www.instagram.com/explore/locations/237915945/beerlive-/"
  },
  {
    "id": "1401921260061180",
    "name": "Кинь-Грусть",
    "city": "PrigorodKurenevka",
    "url": "https://www.instagram.com/explore/locations/1401921260061180/-/"
  },
  {
    "id": "325974315",
    "name": "NMU named after O.O.Bogomolets",
    "city": "PrigorodKurenevka",
    "url": "https://www.instagram.com/explore/locations/325974315/nmu-named-after-oobogomolets/"
  },
  {
    "id": "1504660019613443",
    "name": "Dream Town 1",
    "city": "PrigorodKurenevka",
    "url": "https://www.instagram.com/explore/locations/1504660019613443/dream-town-1/"
  },
  {
    "id": "362257247530735",
    "name": "I Love Sound",
    "city": "PrigorodKurenevka",
    "url": "https://www.instagram.com/explore/locations/362257247530735/i-love-sound/"
  },
  {
    "id": "1858846764232398",
    "name": "MadHeads",
    "city": "PrigorodKurenevka",
    "url": "https://www.instagram.com/explore/locations/1858846764232398/madheads/"
  },
  {
    "id": "829629288",
    "name": "Арт-Пікнік в Пушкінському парку",
    "city": "PrigorodKurenevka",
    "url": "https://www.instagram.com/explore/locations/829629288/-/"
  },
  {
    "id": "104630168713305",
    "name": "Спортклуб PULSE365",
    "city": "PrigorodKurenevka",
    "url": "https://www.instagram.com/explore/locations/104630168713305/pulse365/"
  },
  {
    "id": "1023100626",
    "name": "Lima Hookah кальянная чайная",
    "city": "PrigorodKurenevka",
    "url": "https://www.instagram.com/explore/locations/1023100626/lima-hookah/"
  },
  {
    "id": "632570710473970",
    "name": "TUI DreamTown1",
    "city": "PrigorodKurenevka",
    "url": "https://www.instagram.com/explore/locations/632570710473970/tui-dreamtown1/"
  },
  {
    "id": "433662944",
    "name": "Singaevska",
    "city": "PrigorodKurenevka",
    "url": "https://www.instagram.com/explore/locations/433662944/singaevska/"
  },
  {
    "id": "1017453444",
    "name": "Gyros Food Bar",
    "city": "PrigorodKurenevka",
    "url": "https://www.instagram.com/explore/locations/1017453444/gyros-food-bar/"
  },
  {
    "id": "1810224462590462",
    "name": "Nezabarom",
    "city": "PrigorodKurenevka",
    "url": "https://www.instagram.com/explore/locations/1810224462590462/nezabarom/"
  },
  {
    "id": "291864120680476",
    "name": "EPILAND Оболонь",
    "city": "PrigorodKurenevka",
    "url": "https://www.instagram.com/explore/locations/291864120680476/epiland/"
  },
  {
    "id": "1035534887",
    "name": "Roomyana Beauty Club",
    "city": "PrigorodKurenevka",
    "url": "https://www.instagram.com/explore/locations/1035534887/roomyana-beauty-club/"
  },
  {
    "id": "274473144",
    "name": "Mezhigorie",
    "city": "PrigorodKurenevka",
    "url": "https://www.instagram.com/explore/locations/274473144/mezhigorie/"
  },
  {
    "id": "1600946120200868",
    "name": "Школа І-ІІІ ступенів № 8",
    "city": "PrigorodKurenevka",
    "url": "https://www.instagram.com/explore/locations/1600946120200868/-no-8/"
  },
  {
    "id": "102404535187136",
    "name": "Politehnikum Bistro",
    "city": "PrigorodKurenevka",
    "url": "https://www.instagram.com/explore/locations/102404535187136/politehnikum-bistro/"
  },
  {
    "id": "100247695061631",
    "name": "Smart Hub Obolon",
    "city": "PrigorodKurenevka",
    "url": "https://www.instagram.com/explore/locations/100247695061631/smart-hub-obolon/"
  },
  {
    "id": "1019417779",
    "name": "Ліцей 29 Оболонського Району М.києва Імені Петра Калнишевского",
    "city": "PrigorodKurenevka",
    "url": "https://www.instagram.com/explore/locations/1019417779/29/"
  },
  {
    "id": "2299247096786647",
    "name": "Автосервіс MANIC MECHANICS",
    "city": "PrigorodKurenevka",
    "url": "https://www.instagram.com/explore/locations/2299247096786647/manic-mechanics/"
  },
  {
    "id": "740108227",
    "name": "Run Ukraine",
    "city": "PrigorodKurenevka",
    "url": "https://www.instagram.com/explore/locations/740108227/run-ukraine/"
  },
  {
    "id": "761636007564722",
    "name": "Салон красоты \"Iren\"",
    "city": "PrigorodKurenevka",
    "url": "https://www.instagram.com/explore/locations/761636007564722/iren/"
  },
  {
    "id": "106095730860641",
    "name": "Accent Beauty Buro",
    "city": "PrigorodKurenevka",
    "url": "https://www.instagram.com/explore/locations/106095730860641/accent-beauty-buro/"
  },
  {
    "id": "1043536542433657",
    "name": "Ліцей 14 імені українського професора Грушевського Сергія Федоровича",
    "city": "PrigorodKurenevka",
    "url": "https://www.instagram.com/explore/locations/1043536542433657/14/"
  },
  {
    "id": "238889377",
    "name": "Каток Dream Town",
    "city": "PrigorodKurenevka",
    "url": "https://www.instagram.com/explore/locations/238889377/dream-town/"
  },
  {
    "id": "240050823057577",
    "name": "TI Coach Alla Nosenko - Total Immersion Swimming Ukraine",
    "city": "PrigorodKurenevka",
    "url": "https://www.instagram.com/explore/locations/240050823057577/ti-coach-alla-nosenko-total-immersion-swimming-ukraine/"
  },
  {
    "id": "1569422530021594",
    "name": "Школатанців \"Dream TeamКиїв",
    "city": "PrigorodKurenevka",
    "url": "https://www.instagram.com/explore/locations/1569422530021594/dream-team/"
  },
  {
    "id": "109471351275879",
    "name": "Gastrofamily Food Market",
    "city": "PrigorodKurenevka",
    "url": "https://www.instagram.com/explore/locations/109471351275879/gastrofamily-food-market/"
  },
  {
    "id": "1000876831",
    "name": "Pesto Cafe",
    "city": "PrigorodKurenevka",
    "url": "https://www.instagram.com/explore/locations/1000876831/pesto-cafe/"
  },
  {
    "id": "421675044891391",
    "name": "Yuppie Studio -Зачіска та Макіяж",
    "city": "PrigorodKurenevka",
    "url": "https://www.instagram.com/explore/locations/421675044891391/yuppie-studio-/"
  },
  {
    "id": "1770209959692607",
    "name": "Pesto Cafe ТЦ Променада",
    "city": "PrigorodKurenevka",
    "url": "https://www.instagram.com/explore/locations/1770209959692607/pesto-cafe/"
  },
  {
    "id": "643218729366907",
    "name": "Atlonica",
    "city": "PrigorodKurenevka",
    "url": "https://www.instagram.com/explore/locations/643218729366907/atlonica/"
  },
  {
    "id": "625304124532147",
    "name": "Оскар / Oskar",
    "city": "PrigorodKurenevka",
    "url": "https://www.instagram.com/explore/locations/625304124532147/oskar/"
  },
  {
    "id": "252817202",
    "name": "Фрунзе 160",
    "city": "PrigorodKurenevka",
    "url": "https://www.instagram.com/explore/locations/252817202/160/"
  },
  {
    "id": "1009915701",
    "name": "Tiger",
    "city": "PrigorodKurenevka",
    "url": "https://www.instagram.com/explore/locations/1009915701/tiger/"
  },
  {
    "id": "245488322608509",
    "name": "Jugendhub",
    "city": "PrigorodKurenevka",
    "url": "https://www.instagram.com/explore/locations/245488322608509/jugendhub/"
  },
  {
    "id": "366212435",
    "name": "Embassy of the United States, Kiev",
    "city": "PrigorodKurenevka",
    "url": "https://www.instagram.com/explore/locations/366212435/embassy-of-the-united-states-kiev/"
  },
  {
    "id": "1032100441",
    "name": "BOYKO Beauty Salon & School",
    "city": "PrigorodKurenevka",
    "url": "https://www.instagram.com/explore/locations/1032100441/boyko-beauty-salon-school/"
  },
  {
    "id": "1333618353409998",
    "name": "Acars.ua - авто із США",
    "city": "PrigorodKurenevka",
    "url": "https://www.instagram.com/explore/locations/1333618353409998/acarsua-/"
  },
  {
    "id": "188578878222954",
    "name": "Спорт. клуб Aurum",
    "city": "PrigorodKurenevka",
    "url": "https://www.instagram.com/explore/locations/188578878222954/aurum/"
  },
  {
    "id": "220049871",
    "name": "Sportland",
    "city": "PrigorodKurenevka",
    "url": "https://www.instagram.com/explore/locations/220049871/sportland/"
  },
  {
    "id": "300419640565914",
    "name": "Проспект Степана Бандери, 21",
    "city": "PrigorodKurenevka",
    "url": "https://www.instagram.com/explore/locations/300419640565914/21/"
  },
  {
    "id": "1994093790678077",
    "name": "Mirteks",
    "city": "PrigorodKurenevka",
    "url": "https://www.instagram.com/explore/locations/1994093790678077/mirteks/"
  },
  {
    "id": "6223707",
    "name": "Kiss FM Radio",
    "city": "PrigorodKurenevka",
    "url": "https://www.instagram.com/explore/locations/6223707/kiss-fm-radio/"
  },
  {
    "id": "222165984",
    "name": "Ул. Дегтяревская, 25А",
    "city": "PrigorodKurenevka",
    "url": "https://www.instagram.com/explore/locations/222165984/25/"
  },
  {
    "id": "209632132838318",
    "name": "Фитнес клуб \"атлетико\", Ижакевича, 1/24",
    "city": "PrigorodKurenevka",
    "url": "https://www.instagram.com/explore/locations/209632132838318/124/"
  },
  {
    "id": "1761869884076600",
    "name": "Салон красоты BeautyBar Lipinka",
    "city": "PrigorodKurenevka",
    "url": "https://www.instagram.com/explore/locations/1761869884076600/beautybar-lipinka/"
  },
  {
    "id": "1024735662",
    "name": "MEL Online School",
    "city": "PrigorodKurenevka",
    "url": "https://www.instagram.com/explore/locations/1024735662/mel-online-school/"
  },
  {
    "id": "114169070426679",
    "name": "F.Zone Beauty Clinic",
    "city": "PrigorodKurenevka",
    "url": "https://www.instagram.com/explore/locations/114169070426679/fzone-beauty-clinic/"
  },
  {
    "id": "107731058239862",
    "name": "The_Studio",
    "city": "PrigorodKurenevka",
    "url": "https://www.instagram.com/explore/locations/107731058239862/the_studio/"
  },
  {
    "id": "1027048604",
    "name": "Espressoholic",
    "city": "PrigorodKurenevka",
    "url": "https://www.instagram.com/explore/locations/1027048604/espressoholic/"
  },
  {
    "id": "112539400099169",
    "name": "Soul Freedom - Pole Dance Studio",
    "city": "PrigorodKurenevka",
    "url": "https://www.instagram.com/explore/locations/112539400099169/soul-freedom-pole-dance-studio/"
  },
  {
    "id": "544664989391469",
    "name": "GREEN ZONE salon - Салон краси та стилю",
    "city": "PrigorodKurenevka",
    "url": "https://www.instagram.com/explore/locations/544664989391469/green-zone-salon-/"
  },
  {
    "id": "37188997",
    "name": "Fitness Life",
    "city": "PrigorodKurenevka",
    "url": "https://www.instagram.com/explore/locations/37188997/fitness-life/"
  },
  {
    "id": "1025085430",
    "name": "Школа #1",
    "city": "PrigorodKurenevka",
    "url": "https://www.instagram.com/explore/locations/1025085430/1/"
  },
  {
    "id": "239970378",
    "name": "Golden Park",
    "city": "PrigorodKurenevka",
    "url": "https://www.instagram.com/explore/locations/239970378/golden-park/"
  },
  {
    "id": "104064211334534",
    "name": "DARI beauty bar",
    "city": "PrigorodKurenevka",
    "url": "https://www.instagram.com/explore/locations/104064211334534/dari-beauty-bar/"
  },
  {
    "id": "33454729",
    "name": "Лицей 157",
    "city": "PrigorodKurenevka",
    "url": "https://www.instagram.com/explore/locations/33454729/157/"
  },
  {
    "id": "221994918",
    "name": "Institute of International Relations",
    "city": "PrigorodKurenevka",
    "url": "https://www.instagram.com/explore/locations/221994918/institute-of-international-relations/"
  },
  {
    "id": "268685729",
    "name": "Atletiko",
    "city": "PrigorodKurenevka",
    "url": "https://www.instagram.com/explore/locations/268685729/atletiko/"
  },
  {
    "id": "525530135",
    "name": "TUI-Турагенцiя м.Оболонь",
    "city": "PrigorodKurenevka",
    "url": "https://www.instagram.com/explore/locations/525530135/tui-i/"
  },
  {
    "id": "84569304",
    "name": "Il Molino",
    "city": "PrigorodKurenevka",
    "url": "https://www.instagram.com/explore/locations/84569304/il-molino/"
  },
  {
    "id": "107208147297791",
    "name": "Girls&Boys Kids Models School",
    "city": "PrigorodKurenevka",
    "url": "https://www.instagram.com/explore/locations/107208147297791/girlsboys-kids-models-school/"
  },
  {
    "id": "2260666510860950",
    "name": "Autocafe.drive",
    "city": "PrigorodKurenevka",
    "url": "https://www.instagram.com/explore/locations/2260666510860950/autocafedrive/"
  },
  {
    "id": "932208950246992",
    "name": "Nlsn & Frnds Cf",
    "city": "PrigorodKurenevka",
    "url": "https://www.instagram.com/explore/locations/932208950246992/nlsn-frnds-cf/"
  },
  {
    "id": "1030910867",
    "name": "adidas Ukraine",
    "city": "PrigorodKurenevka",
    "url": "https://www.instagram.com/explore/locations/1030910867/adidas-ukraine/"
  },
  {
    "id": "256182239",
    "name": "mental dRive studio",
    "city": "PrigorodKurenevka",
    "url": "https://www.instagram.com/explore/locations/256182239/mental-drive-studio/"
  },
  {
    "id": "1002850501",
    "name": "Prof Color - Магазин косметики",
    "city": "PrigorodKurenevka",
    "url": "https://www.instagram.com/explore/locations/1002850501/prof-color-/"
  },
  {
    "id": "814796578884891",
    "name": "FEIZ салон красоты",
    "city": "PrigorodKurenevka",
    "url": "https://www.instagram.com/explore/locations/814796578884891/feiz/"
  },
  {
    "id": "317530262240076",
    "name": "avtozvuk.ua - AutoBaza",
    "city": "PrigorodKurenevka",
    "url": "https://www.instagram.com/explore/locations/317530262240076/avtozvukua-autobaza/"
  },
  {
    "id": "102595937912152",
    "name": "Київ Жк Замковецький Вул.сергія Данченка 32",
    "city": "PrigorodKurenevka",
    "url": "https://www.instagram.com/explore/locations/102595937912152/32/"
  },
  {
    "id": "223340134",
    "name": "Пивная #1 на Оболони",
    "city": "PrigorodKurenevka",
    "url": "https://www.instagram.com/explore/locations/223340134/1/"
  },
  {
    "id": "982179218558544",
    "name": "Turbo Rollerdrome Karavan",
    "city": "PrigorodKurenevka",
    "url": "https://www.instagram.com/explore/locations/982179218558544/turbo-rollerdrome-karavan/"
  },
  {
    "id": "1020509408",
    "name": "Promodo",
    "city": "PrigorodKurenevka",
    "url": "https://www.instagram.com/explore/locations/1020509408/promodo/"
  },
  {
    "id": "187010295177320",
    "name": "ТЦ Dream Town",
    "city": "PrigorodKurenevka",
    "url": "https://www.instagram.com/explore/locations/187010295177320/dream-town/"
  },
  {
    "id": "108961623789050",
    "name": "Sladkie Radosti",
    "city": "PrigorodKurenevka",
    "url": "https://www.instagram.com/explore/locations/108961623789050/sladkie-radosti/"
  },
  {
    "id": "145251701000723",
    "name": "Artmosfera Art Studio",
    "city": "PrigorodKurenevka",
    "url": "https://www.instagram.com/explore/locations/145251701000723/artmosfera-art-studio/"
  },
  {
    "id": "124556125609132",
    "name": "KSE Graduate Business School",
    "city": "PrigorodKurenevka",
    "url": "https://www.instagram.com/explore/locations/124556125609132/kse-graduate-business-school/"
  },
  {
    "id": "295255641139907",
    "name": "Soul&Body Center",
    "city": "PrigorodKurenevka",
    "url": "https://www.instagram.com/explore/locations/295255641139907/soulbody-center/"
  },
  {
    "id": "345931958893505",
    "name": "RamYoga",
    "city": "PrigorodKurenevka",
    "url": "https://www.instagram.com/explore/locations/345931958893505/ramyoga/"
  },
  {
    "id": "637258836484495",
    "name": "Art Coffee",
    "city": "PrigorodKurenevka",
    "url": "https://www.instagram.com/explore/locations/637258836484495/art-coffee/"
  },
  {
    "id": "153270761406028",
    "name": "Київ FM",
    "city": "PrigorodKurenevka",
    "url": "https://www.instagram.com/explore/locations/153270761406028/fm/"
  },
  {
    "id": "95820693",
    "name": "Проспект Правды 19А",
    "city": "PrigorodKurenevka",
    "url": "https://www.instagram.com/explore/locations/95820693/19/"
  },
  {
    "id": "539964552861923",
    "name": "Faculty of Journalism. Borys Grinchenko Kyiv Metropolitan University",
    "city": "PrigorodKurenevka",
    "url": "https://www.instagram.com/explore/locations/539964552861923/faculty-of-journalism-borys-grinchenko-kyiv-metropolitan-university/"
  },
  {
    "id": "406809617",
    "name": "BES Ukraine",
    "city": "PrigorodKurenevka",
    "url": "https://www.instagram.com/explore/locations/406809617/bes-ukraine/"
  },
  {
    "id": "266227827169943",
    "name": "Gorodok Innovation Gallery Kids",
    "city": "PrigorodKurenevka",
    "url": "https://www.instagram.com/explore/locations/266227827169943/gorodok-innovation-gallery-kids/"
  },
  {
    "id": "95160880",
    "name": "Гимназия 143",
    "city": "PrigorodKurenevka",
    "url": "https://www.instagram.com/explore/locations/95160880/143/"
  },
  {
    "id": "320051743",
    "name": "Petrov Vodkin Grill&Bar",
    "city": "PrigorodKurenevka",
    "url": "https://www.instagram.com/explore/locations/320051743/petrov-vodkin-grillbar/"
  },
  {
    "id": "766237606880962",
    "name": "Рижская 1, Больница 9",
    "city": "PrigorodKurenevka",
    "url": "https://www.instagram.com/explore/locations/766237606880962/1-9/"
  },
  {
    "id": "391987742",
    "name": "Moto-Pro Ukraine.",
    "city": "PrigorodKurenevka",
    "url": "https://www.instagram.com/explore/locations/391987742/moto-pro-ukraine/"
  },
  {
    "id": "717327619",
    "name": "Ліцей 240 \"Соціуммісто Київ",
    "city": "PrigorodKurenevka",
    "url": "https://www.instagram.com/explore/locations/717327619/240/"
  },
  {
    "id": "879154066",
    "name": "Medicalaser",
    "city": "PrigorodKurenevka",
    "url": "https://www.instagram.com/explore/locations/879154066/medicalaser/"
  },
  {
    "id": "772550542",
    "name": "Школа 285 м. Києва",
    "city": "PrigorodKurenevka",
    "url": "https://www.instagram.com/explore/locations/772550542/285/"
  },
  {
    "id": "502814880073261",
    "name": "Парк аттракционов Дрим Таун 2",
    "city": "PrigorodKurenevka",
    "url": "https://www.instagram.com/explore/locations/502814880073261/2/"
  },
  {
    "id": "105316365335180",
    "name": "Belkin",
    "city": "PrigorodKurenevka",
    "url": "https://www.instagram.com/explore/locations/105316365335180/belkin/"
  },
  {
    "id": "1923200947937218",
    "name": "19/90",
    "city": "PrigorodKurenevka",
    "url": "https://www.instagram.com/explore/locations/1923200947937218/1990/"
  },
  {
    "id": "1262199437136424",
    "name": "FORS dance studio",
    "city": "PrigorodKurenevka",
    "url": "https://www.instagram.com/explore/locations/1262199437136424/fors-dance-studio/"
  },
  {
    "id": "264545451",
    "name": "Конференц-зал Інком",
    "city": "PrigorodKurenevka",
    "url": "https://www.instagram.com/explore/locations/264545451/-/"
  },
  {
    "id": "120525874316129",
    "name": "Art Cafe Bar",
    "city": "PrigorodKurenevka",
    "url": "https://www.instagram.com/explore/locations/120525874316129/art-cafe-bar/"
  },
  {
    "id": "115923072409102",
    "name": "Business Center AVENUE53",
    "city": "PrigorodKurenevka",
    "url": "https://www.instagram.com/explore/locations/115923072409102/business-center-avenue53/"
  },
  {
    "id": "2190493651231261",
    "name": "Школа №194 «Перспектива»",
    "city": "PrigorodKurenevka",
    "url": "https://www.instagram.com/explore/locations/2190493651231261/no194/"
  },
  {
    "id": "749033258636861",
    "name": "Свято-Покровский храм",
    "city": "PrigorodKurenevka",
    "url": "https://www.instagram.com/explore/locations/749033258636861/-/"
  },
  {
    "id": "210876049122176",
    "name": "Стоматологія Zemdent",
    "city": "PrigorodKurenevka",
    "url": "https://www.instagram.com/explore/locations/210876049122176/zemdent/"
  },
  {
    "id": "100364685908832",
    "name": "Esco.bar.kyiv",
    "city": "PrigorodKurenevka",
    "url": "https://www.instagram.com/explore/locations/100364685908832/escobarkyiv/"
  },
  {
    "id": "277852923",
    "name": "Beerwood",
    "city": "PrigorodKurenevka",
    "url": "https://www.instagram.com/explore/locations/277852923/beerwood/"
  },
  {
    "id": "252653042",
    "name": "ТРЦ \"Dream Town- 2",
    "city": "PrigorodKurenevka",
    "url": "https://www.instagram.com/explore/locations/252653042/dream-town-2/"
  },
  {
    "id": "541851389482675",
    "name": "Velvet Hands",
    "city": "PrigorodKurenevka",
    "url": "https://www.instagram.com/explore/locations/541851389482675/velvet-hands/"
  },
  {
    "id": "105752159942994",
    "name": "Салон краси «Zmina»",
    "city": "PrigorodKurenevka",
    "url": "https://www.instagram.com/explore/locations/105752159942994/zmina/"
  },
  {
    "id": "689364964561284",
    "name": "Самогон-Бар, Героев Сталинграда",
    "city": "PrigorodKurenevka",
    "url": "https://www.instagram.com/explore/locations/689364964561284/-/"
  },
  {
    "id": "111799934480252",
    "name": "AstroBowling",
    "city": "PrigorodKurenevka",
    "url": "https://www.instagram.com/explore/locations/111799934480252/astrobowling/"
  },
  {
    "id": "214252787",
    "name": "UMH group",
    "city": "PrigorodKurenevka",
    "url": "https://www.instagram.com/explore/locations/214252787/umh-group/"
  },
  {
    "id": "291720169",
    "name": "Киев Школа #239",
    "city": "PrigorodKurenevka",
    "url": "https://www.instagram.com/explore/locations/291720169/239/"
  },
  {
    "id": "102415682341604",
    "name": "Nails & Cocktails Smart",
    "city": "PrigorodKurenevka",
    "url": "https://www.instagram.com/explore/locations/102415682341604/nails-cocktails-smart/"
  },
  {
    "id": "333494143870144",
    "name": "Ісламський Культурний Центр / Islamic Cultural Center / المركز الثقافي الإسلامي",
    "city": "PrigorodKurenevka",
    "url": "https://www.instagram.com/explore/locations/333494143870144/islamic-cultural-center/"
  },
  {
    "id": "649995052",
    "name": "Smiyan",
    "city": "PrigorodKurenevka",
    "url": "https://www.instagram.com/explore/locations/649995052/smiyan/"
  },
  {
    "id": "104453067994451",
    "name": "RDK",
    "city": "PrigorodKurenevka",
    "url": "https://www.instagram.com/explore/locations/104453067994451/rdk/"
  },
  {
    "id": "103176194370855",
    "name": "An.tre cafe bar",
    "city": "PrigorodKurenevka",
    "url": "https://www.instagram.com/explore/locations/103176194370855/antre-cafe-bar/"
  },
  {
    "id": "1032160110154146",
    "name": "Skypark",
    "city": "PrigorodKurenevka",
    "url": "https://www.instagram.com/explore/locations/1032160110154146/skypark/"
  },
  {
    "id": "101818691198367",
    "name": "Kaffee Klatsch",
    "city": "PrigorodKurenevka",
    "url": "https://www.instagram.com/explore/locations/101818691198367/kaffee-klatsch/"
  },
  {
    "id": "229947037046522",
    "name": "Babin Yar",
    "city": "PrigorodKurenevka",
    "url": "https://www.instagram.com/explore/locations/229947037046522/babin-yar/"
  },
  {
    "id": "195647391070530",
    "name": "Toscana WINE BAR",
    "city": "PrigorodKurenevka",
    "url": "https://www.instagram.com/explore/locations/195647391070530/toscana-wine-bar/"
  },
  {
    "id": "892980217518819",
    "name": "ТАВР Медіа - TAVR Media",
    "city": "PrigorodKurenevka",
    "url": "https://www.instagram.com/explore/locations/892980217518819/-tavr-media/"
  },
  {
    "id": "957507397714185",
    "name": "Ресторан Adjika KTV",
    "city": "PrigorodKurenevka",
    "url": "https://www.instagram.com/explore/locations/957507397714185/adjika-ktv/"
  },
  {
    "id": "210577315479154",
    "name": "NOICE Ресторан у серці Оболоні",
    "city": "PrigorodKurenevka",
    "url": "https://www.instagram.com/explore/locations/210577315479154/noice/"
  },
  {
    "id": "104710785713749",
    "name": "Hazbin Hotel",
    "city": "PrigorodKurenevka",
    "url": "https://www.instagram.com/explore/locations/104710785713749/hazbin-hotel/"
  },
  {
    "id": "1207268029337671",
    "name": "Автозаводская 27",
    "city": "PrigorodKurenevka",
    "url": "https://www.instagram.com/explore/locations/1207268029337671/27/"
  },
  {
    "id": "220225295257160",
    "name": "Fly Park ТРЦ Караван",
    "city": "PrigorodKurenevka",
    "url": "https://www.instagram.com/explore/locations/220225295257160/fly-park/"
  },
  {
    "id": "45077679",
    "name": "Ubisoft Ukraine",
    "city": "PrigorodKurenevka",
    "url": "https://www.instagram.com/explore/locations/45077679/ubisoft-ukraine/"
  },
  {
    "id": "465645096793812",
    "name": "Інститут Blue Mountain / Феншуй Школа Форм",
    "city": "PrigorodKurenevka",
    "url": "https://www.instagram.com/explore/locations/465645096793812/blue-mountain/"
  },
  {
    "id": "53066893",
    "name": "L'kafa Cafe",
    "city": "PrigorodKurenevka",
    "url": "https://www.instagram.com/explore/locations/53066893/lkafa-cafe/"
  },
  {
    "id": "16659774",
    "name": "Luciano",
    "city": "PrigorodKurenevka",
    "url": "https://www.instagram.com/explore/locations/16659774/luciano/"
  },
  {
    "id": "105706991986661",
    "name": "Welcome Ukraine",
    "city": "PrigorodKurenevka",
    "url": "https://www.instagram.com/explore/locations/105706991986661/welcome-ukraine/"
  },
  {
    "id": "107603731857262",
    "name": "AIR Studio",
    "city": "PrigorodKurenevka",
    "url": "https://www.instagram.com/explore/locations/107603731857262/air-studio/"
  },
  {
    "id": "1010413660",
    "name": "Спорт-Клуб \"sem\"",
    "city": "PrigorodKurenevka",
    "url": "https://www.instagram.com/explore/locations/1010413660/-sem/"
  },
  {
    "id": "112708960176500",
    "name": "NANI beauty salon",
    "city": "PrigorodKurenevka",
    "url": "https://www.instagram.com/explore/locations/112708960176500/nani-beauty-salon/"
  },
  {
    "id": "788008540",
    "name": "ЖК Богатирський Stolitsa Group",
    "city": "PrigorodKurenevka",
    "url": "https://www.instagram.com/explore/locations/788008540/stolitsa-group/"
  },
  {
    "id": "300833813434608",
    "name": "Parkovyi Bridge",
    "city": "PrigorodKurenevka",
    "url": "https://www.instagram.com/explore/locations/300833813434608/parkovyi-bridge/"
  },
  {
    "id": "219353284",
    "name": "Freedom",
    "city": "PrigorodKurenevka",
    "url": "https://www.instagram.com/explore/locations/219353284/freedom/"
  },
  {
    "id": "111144078171017",
    "name": "newzags",
    "city": "PrigorodKurenevka",
    "url": "https://www.instagram.com/explore/locations/111144078171017/newzags/"
  },
  {
    "id": "1027013332",
    "name": "Sciedece",
    "city": "PrigorodKurenevka",
    "url": "https://www.instagram.com/explore/locations/1027013332/sciedece/"
  },
  {
    "id": "284325376",
    "name": "Дендропарк, Киев, Нивки-Сырец",
    "city": "PrigorodKurenevka",
    "url": "https://www.instagram.com/explore/locations/284325376/-/"
  },
  {
    "id": "103236351400818",
    "name": "Sea Time",
    "city": "PrigorodKurenevka",
    "url": "https://www.instagram.com/explore/locations/103236351400818/sea-time/"
  },
  {
    "id": "2265699520340117",
    "name": "101-ша окрема бригада охорони генерального штабу збройних сил україни",
    "city": "PrigorodKurenevka",
    "url": "https://www.instagram.com/explore/locations/2265699520340117/101-/"
  },
  {
    "id": "1034365585",
    "name": "LEM GLAM nail studio",
    "city": "PrigorodKurenevka",
    "url": "https://www.instagram.com/explore/locations/1034365585/lem-glam-nail-studio/"
  },
  {
    "id": "323589384856289",
    "name": "il Molino",
    "city": "PrigorodKurenevka",
    "url": "https://www.instagram.com/explore/locations/323589384856289/il-molino/"
  },
  {
    "id": "787418180",
    "name": "Арт-Пікнік Слави Фролової",
    "city": "PrigorodKurenevka",
    "url": "https://www.instagram.com/explore/locations/787418180/-/"
  },
  {
    "id": "114417383618958",
    "name": "H&M",
    "city": "PrigorodKurenevka",
    "url": "https://www.instagram.com/explore/locations/114417383618958/hm/"
  },
  {
    "id": "327880171359386",
    "name": "Школа №16",
    "city": "PrigorodKurenevka",
    "url": "https://www.instagram.com/explore/locations/327880171359386/no16/"
  },
  {
    "id": "180772449034677",
    "name": "Тату Студия Vean Чернигов",
    "city": "PrigorodKurenevka",
    "url": "https://www.instagram.com/explore/locations/180772449034677/vean/"
  },
  {
    "id": "702416810137803",
    "name": "Dream TownLife",
    "city": "PrigorodKurenevka",
    "url": "https://www.instagram.com/explore/locations/702416810137803/dream-townlife/"
  },
  {
    "id": "212106126036316",
    "name": "Школа «SPLASH»",
    "city": "PrigorodKurenevka",
    "url": "https://www.instagram.com/explore/locations/212106126036316/splash/"
  },
  {
    "id": "102941081416356",
    "name": "«Baby House»",
    "city": "PrigorodKurenevka",
    "url": "https://www.instagram.com/explore/locations/102941081416356/baby-house/"
  },
  {
    "id": "271952804",
    "name": "PZU Україна",
    "city": "PrigorodKurenevka",
    "url": "https://www.instagram.com/explore/locations/271952804/pzu/"
  },
  {
    "id": "106421217475851",
    "name": "STAGEKYIV",
    "city": "PrigorodKurenevka",
    "url": "https://www.instagram.com/explore/locations/106421217475851/stagekyiv/"
  },
  {
    "id": "270669551",
    "name": "TUI Ukraine",
    "city": "PrigorodKurenevka",
    "url": "https://www.instagram.com/explore/locations/270669551/tui-ukraine/"
  },
  {
    "id": "320840208271939",
    "name": "DataHub. Коворкинг.",
    "city": "PrigorodKurenevka",
    "url": "https://www.instagram.com/explore/locations/320840208271939/datahub/"
  },
  {
    "id": "1012246991",
    "name": "Ліцей 242 Подільського району м. Києва",
    "city": "PrigorodKurenevka",
    "url": "https://www.instagram.com/explore/locations/1012246991/242/"
  },
  {
    "id": "101798588811944",
    "name": "Smartass_obolon",
    "city": "PrigorodKurenevka",
    "url": "https://www.instagram.com/explore/locations/101798588811944/smartass_obolon/"
  },
  {
    "id": "274112245",
    "name": "Hillsong Kiev",
    "city": "PrigorodKurenevka",
    "url": "https://www.instagram.com/explore/locations/274112245/hillsong-kiev/"
  },
  {
    "id": "495569817489666",
    "name": "Школа акробатики Jump Up",
    "city": "PrigorodKurenevka",
    "url": "https://www.instagram.com/explore/locations/495569817489666/jump-up/"
  },
  {
    "id": "1015470817",
    "name": "Platinum Detailing Kiev",
    "city": "PrigorodKurenevka",
    "url": "https://www.instagram.com/explore/locations/1015470817/platinum-detailing-kiev/"
  },
  {
    "id": "1139706106111937",
    "name": "This is Пивбар",
    "city": "PrigorodKurenevka",
    "url": "https://www.instagram.com/explore/locations/1139706106111937/this-is/"
  },
  {
    "id": "121134971836325",
    "name": "ZIFIR",
    "city": "PrigorodKurenevka",
    "url": "https://www.instagram.com/explore/locations/121134971836325/zifir/"
  },
  {
    "id": "100762988994619",
    "name": "SETALIGHT",
    "city": "PrigorodKurenevka",
    "url": "https://www.instagram.com/explore/locations/100762988994619/setalight/"
  },
  {
    "id": "101668591438708",
    "name": "BLW Barbershop",
    "city": "PrigorodKurenevka",
    "url": "https://www.instagram.com/explore/locations/101668591438708/blw-barbershop/"
  },
  {
    "id": "362275650898724",
    "name": "Why Cocktail Bar",
    "city": "PrigorodKurenevka",
    "url": "https://www.instagram.com/explore/locations/362275650898724/why-cocktail-bar/"
  },
  {
    "id": "377852946",
    "name": "Boyko Beauty School",
    "city": "PrigorodKurenevka",
    "url": "https://www.instagram.com/explore/locations/377852946/boyko-beauty-school/"
  },
  {
    "id": "185124751565504",
    "name": "AIR Media-Tech Ukraine",
    "city": "PrigorodKurenevka",
    "url": "https://www.instagram.com/explore/locations/185124751565504/air-media-tech-ukraine/"
  },
  {
    "id": "957827930",
    "name": "BBDO Ukraine",
    "city": "PrigorodKurenevka",
    "url": "https://www.instagram.com/explore/locations/957827930/bbdo-ukraine/"
  },
  {
    "id": "1017034471",
    "name": "New Boxing Studio. Бокс, кик-боксинг, тайский бокс в Киеве",
    "city": "PrigorodKurenevka",
    "url": "https://www.instagram.com/explore/locations/1017034471/new-boxing-studio-/"
  },
  {
    "id": "100632845569292",
    "name": "Why Bar",
    "city": "PrigorodKurenevka",
    "url": "https://www.instagram.com/explore/locations/100632845569292/why-bar/"
  },
  {
    "id": "647908672212425",
    "name": "Стоматологическая клиника MK-Dental",
    "city": "PrigorodKurenevka",
    "url": "https://www.instagram.com/explore/locations/647908672212425/mk-dental/"
  },
  {
    "id": "444444352553629",
    "name": "Кальян-Бар #НаСвязи",
    "city": "PrigorodKurenevka",
    "url": "https://www.instagram.com/explore/locations/444444352553629/-/"
  },
  {
    "id": "857616552",
    "name": "T-Lab Professional Academy Kiev",
    "city": "PrigorodKurenevka",
    "url": "https://www.instagram.com/explore/locations/857616552/t-lab-professional-academy-kiev/"
  },
  {
    "id": "1027038288",
    "name": "Національний еколого-натуралістичний центр учнівської молоді МОН України",
    "city": "PrigorodKurenevka",
    "url": "https://www.instagram.com/explore/locations/1027038288/-/"
  },
  {
    "id": "914145538",
    "name": "Aura nails",
    "city": "PrigorodKurenevka",
    "url": "https://www.instagram.com/explore/locations/914145538/aura-nails/"
  },
  {
    "id": "1961337357454721",
    "name": "Pole Dance Studio Heaven Подол",
    "city": "PrigorodKurenevka",
    "url": "https://www.instagram.com/explore/locations/1961337357454721/pole-dance-studio-heaven/"
  },
  {
    "id": "568556939867150",
    "name": "Garazh",
    "city": "PrigorodKurenevka",
    "url": "https://www.instagram.com/explore/locations/568556939867150/garazh/"
  },
  {
    "id": "105714755590265",
    "name": "Барбершоп «Koruptsiya»",
    "city": "PrigorodKurenevka",
    "url": "https://www.instagram.com/explore/locations/105714755590265/koruptsiya/"
  },
  {
    "id": "751913326",
    "name": "Minska",
    "city": "PrigorodKurenevka",
    "url": "https://www.instagram.com/explore/locations/751913326/minska/"
  },
  {
    "id": "102882698151824",
    "name": "Лето 2020",
    "city": "PrigorodKurenevka",
    "url": "https://www.instagram.com/explore/locations/102882698151824/2020/"
  },
  {
    "id": "977147065639862",
    "name": "Телеканал ATR",
    "city": "PrigorodKurenevka",
    "url": "https://www.instagram.com/explore/locations/977147065639862/atr/"
  },
  {
    "id": "258686155",
    "name": "Helen Marlen Backstage",
    "city": "PrigorodKurenevka",
    "url": "https://www.instagram.com/explore/locations/258686155/helen-marlen-backstage/"
  },
  {
    "id": "1035645148",
    "name": "Make-up Artist Academy",
    "city": "PrigorodKurenevka",
    "url": "https://www.instagram.com/explore/locations/1035645148/make-up-artist-academy/"
  },
  {
    "id": "970992816364374",
    "name": "Skymall",
    "city": "PrigorodKurenevka",
    "url": "https://www.instagram.com/explore/locations/970992816364374/skymall/"
  },
  {
    "id": "702149274",
    "name": "PostMix студія звукозапису, репбаза",
    "city": "PrigorodKurenevka",
    "url": "https://www.instagram.com/explore/locations/702149274/postmix/"
  },
  {
    "id": "237792558",
    "name": "Timestudia",
    "city": "PrigorodKurenevka",
    "url": "https://www.instagram.com/explore/locations/237792558/timestudia/"
  },
  {
    "id": "531742756",
    "name": "Ул. Западинская ,9-а",
    "city": "PrigorodKurenevka",
    "url": "https://www.instagram.com/explore/locations/531742756/9-/"
  },
  {
    "id": "109410491515377",
    "name": "Malibu FIT Київ",
    "city": "PrigorodKurenevka",
    "url": "https://www.instagram.com/explore/locations/109410491515377/malibu-fit/"
  },
  {
    "id": "105915051173092",
    "name": "Goauto",
    "city": "PrigorodKurenevka",
    "url": "https://www.instagram.com/explore/locations/105915051173092/goauto/"
  },
  {
    "id": "266596235",
    "name": "UPstage Chiptuning",
    "city": "PrigorodKurenevka",
    "url": "https://www.instagram.com/explore/locations/266596235/upstage-chiptuning/"
  },
  {
    "id": "1531077660285406",
    "name": "САЛОН КРАСИ LALI",
    "city": "PrigorodKurenevka",
    "url": "https://www.instagram.com/explore/locations/1531077660285406/lali/"
  },
  {
    "id": "265580091",
    "name": "Babi Yar, Kiev, Ukraine",
    "city": "PrigorodKurenevka",
    "url": "https://www.instagram.com/explore/locations/265580091/babi-yar-kiev-ukraine/"
  },
  {
    "id": "1695118200540565",
    "name": "Mendeleev Restaurant",
    "city": "PrigorodKurenevka",
    "url": "https://www.instagram.com/explore/locations/1695118200540565/mendeleev-restaurant/"
  },
  {
    "id": "119752308091811",
    "name": "Bakerstreet bakery",
    "city": "PrigorodKurenevka",
    "url": "https://www.instagram.com/explore/locations/119752308091811/bakerstreet-bakery/"
  },
  {
    "id": "298446692",
    "name": "Dream Town, aqua park",
    "city": "PrigorodKurenevka",
    "url": "https://www.instagram.com/explore/locations/298446692/dream-town-aqua-park/"
  },
  {
    "id": "1672088586153676",
    "name": "Fly Kids / Флай Кидс Киев",
    "city": "PrigorodKurenevka",
    "url": "https://www.instagram.com/explore/locations/1672088586153676/fly-kids/"
  },
  {
    "id": "103912411745346",
    "name": "DrumHub школа барабанів",
    "city": "PrigorodKurenevka",
    "url": "https://www.instagram.com/explore/locations/103912411745346/drumhub/"
  },
  {
    "id": "1379488525521519",
    "name": "Kiwi Flower Shop",
    "city": "PrigorodKurenevka",
    "url": "https://www.instagram.com/explore/locations/1379488525521519/kiwi-flower-shop/"
  },
  {
    "id": "105445734164567",
    "name": "Unit School of Business",
    "city": "PrigorodKurenevka",
    "url": "https://www.instagram.com/explore/locations/105445734164567/unit-school-of-business/"
  },
  {
    "id": "265884417275103",
    "name": "NoTaboo Petrovka",
    "city": "PrigorodKurenevka",
    "url": "https://www.instagram.com/explore/locations/265884417275103/notaboo-petrovka/"
  },
  {
    "id": "306111890192476",
    "name": "il Molino",
    "city": "PrigorodKurenevka",
    "url": "https://www.instagram.com/explore/locations/306111890192476/il-molino/"
  },
  {
    "id": "100440325624029",
    "name": "Vcentri HUB: Оболонь",
    "city": "PrigorodKurenevka",
    "url": "https://www.instagram.com/explore/locations/100440325624029/vcentri-hub/"
  },
  {
    "id": "1920498098210817",
    "name": "Театр-студія \"11\"",
    "city": "PrigorodKurenevka",
    "url": "https://www.instagram.com/explore/locations/1920498098210817/-11/"
  },
  {
    "id": "225873390",
    "name": "Dreamtown 2",
    "city": "PrigorodKurenevka",
    "url": "https://www.instagram.com/explore/locations/225873390/dreamtown-2/"
  },
  {
    "id": "345151226189143",
    "name": "Стадион Подол-Арена",
    "city": "PrigorodKurenevka",
    "url": "https://www.instagram.com/explore/locations/345151226189143/-/"
  },
  {
    "id": "391529711653115",
    "name": "Детский сад \"Happy Time\"",
    "city": "PrigorodKurenevka",
    "url": "https://www.instagram.com/explore/locations/391529711653115/happy-time/"
  },
  {
    "id": "105770457844824",
    "name": "FAYNO",
    "city": "PrigorodKurenevka",
    "url": "https://www.instagram.com/explore/locations/105770457844824/fayno/"
  },
  {
    "id": "113284240091348",
    "name": "3 b Cafe",
    "city": "PrigorodKurenevka",
    "url": "https://www.instagram.com/explore/locations/113284240091348/3-b-cafe/"
  },
  {
    "id": "2000594783557208",
    "name": "Kiss Fm Ukraine",
    "city": "PrigorodKurenevka",
    "url": "https://www.instagram.com/explore/locations/2000594783557208/kiss-fm-ukraine/"
  },
  {
    "id": "572680434",
    "name": "Киев Довженко 3",
    "city": "PrigorodKurenevka",
    "url": "https://www.instagram.com/explore/locations/572680434/3/"
  },
  {
    "id": "101258791486388",
    "name": "BLACK MILK KAVA",
    "city": "PrigorodKurenevka",
    "url": "https://www.instagram.com/explore/locations/101258791486388/black-milk-kava/"
  },
  {
    "id": "1015746364",
    "name": "Kozhynka. Кожа для вашего вдохновения",
    "city": "PrigorodKurenevka",
    "url": "https://www.instagram.com/explore/locations/1015746364/kozhynka/"
  },
  {
    "id": "1563612080399946",
    "name": "720 Production",
    "city": "PrigorodKurenevka",
    "url": "https://www.instagram.com/explore/locations/1563612080399946/720-production/"
  },
  {
    "id": "341373213280189",
    "name": "Гуртожиток №2 НПУ ім. Драгоманова",
    "city": "PrigorodKurenevka",
    "url": "https://www.instagram.com/explore/locations/341373213280189/no2/"
  },
  {
    "id": "270649995",
    "name": "Маршала Тимошенко 19",
    "city": "PrigorodKurenevka",
    "url": "https://www.instagram.com/explore/locations/270649995/19/"
  },
  {
    "id": "102176841472215",
    "name": "Malbec",
    "city": "PrigorodKurenevka",
    "url": "https://www.instagram.com/explore/locations/102176841472215/malbec/"
  },
  {
    "id": "331152647367245",
    "name": "Starlightmedia",
    "city": "PrigorodKurenevka",
    "url": "https://www.instagram.com/explore/locations/331152647367245/starlightmedia/"
  },
  {
    "id": "240087611",
    "name": "Mafia",
    "city": "PrigorodKurenevka",
    "url": "https://www.instagram.com/explore/locations/240087611/mafia/"
  },
  {
    "id": "449704435421528",
    "name": "Free Art",
    "city": "PrigorodKurenevka",
    "url": "https://www.instagram.com/explore/locations/449704435421528/free-art/"
  },
  {
    "id": "1018609069",
    "name": "Kids-Park",
    "city": "PrigorodKurenevka",
    "url": "https://www.instagram.com/explore/locations/1018609069/kids-park/"
  },
  {
    "id": "282187859",
    "name": "Шутова 9 А",
    "city": "PrigorodKurenevka",
    "url": "https://www.instagram.com/explore/locations/282187859/9/"
  },
  {
    "id": "551204158",
    "name": "Приватний дитячий садок \"DimReggio\"",
    "city": "PrigorodKurenevka",
    "url": "https://www.instagram.com/explore/locations/551204158/dimreggio/"
  },
  {
    "id": "1021644953",
    "name": "SoftServe Kyiv",
    "city": "PrigorodKurenevka",
    "url": "https://www.instagram.com/explore/locations/1021644953/softserve-kyiv/"
  },
  {
    "id": "267428217",
    "name": "Porcelain Esthetics",
    "city": "PrigorodKurenevka",
    "url": "https://www.instagram.com/explore/locations/267428217/porcelain-esthetics/"
  },
  {
    "id": "859530633",
    "name": "Київський Міський Центр Крові | Kyiv City Blood Centre",
    "city": "PrigorodKurenevka",
    "url": "https://www.instagram.com/explore/locations/859530633/kyiv-city-blood-centre/"
  },
  {
    "id": "383303781783733",
    "name": "Курси крою та шиттяAlesya-Art",
    "city": "PrigorodKurenevka",
    "url": "https://www.instagram.com/explore/locations/383303781783733/alesya-art/"
  },
  {
    "id": "1416628605066796",
    "name": "Rescue Now ENG",
    "city": "PrigorodKurenevka",
    "url": "https://www.instagram.com/explore/locations/1416628605066796/rescue-now-eng/"
  },
  {
    "id": "102682414464730",
    "name": "Гарматная 4",
    "city": "PrigorodKurenevka",
    "url": "https://www.instagram.com/explore/locations/102682414464730/4/"
  },
  {
    "id": "1842414669150018",
    "name": "STASH",
    "city": "PrigorodKurenevka",
    "url": "https://www.instagram.com/explore/locations/1842414669150018/stash/"
  },
  {
    "id": "109092623874737",
    "name": "Beauty Salon Yvonne",
    "city": "PrigorodKurenevka",
    "url": "https://www.instagram.com/explore/locations/109092623874737/beauty-salon-yvonne/"
  },
  {
    "id": "312195438919685",
    "name": "BORN Ridershop",
    "city": "PrigorodKurenevka",
    "url": "https://www.instagram.com/explore/locations/312195438919685/born-ridershop/"
  },
  {
    "id": "105779380970369",
    "name": "SPORT LIFE",
    "city": "PrigorodKurenevka",
    "url": "https://www.instagram.com/explore/locations/105779380970369/sport-life/"
  },
  {
    "id": "263163054",
    "name": "Салон краси RE CODE",
    "city": "PrigorodKurenevka",
    "url": "https://www.instagram.com/explore/locations/263163054/re-code/"
  },
  {
    "id": "562493487616793",
    "name": "Pesto Cafe Gorodok",
    "city": "PrigorodKurenevka",
    "url": "https://www.instagram.com/explore/locations/562493487616793/pesto-cafe-gorodok/"
  },
  {
    "id": "1002209484",
    "name": "Porcelain Dent",
    "city": "PrigorodKurenevka",
    "url": "https://www.instagram.com/explore/locations/1002209484/porcelain-dent/"
  },
  {
    "id": "236853707",
    "name": "\"НАШЕ РАДИО(Киев- 107,9 FM)",
    "city": "PrigorodKurenevka",
    "url": "https://www.instagram.com/explore/locations/236853707/-1079-fm/"
  },
  {
    "id": "252650957",
    "name": "Dovzhenko Film Studios",
    "city": "PrigorodKurenevka",
    "url": "https://www.instagram.com/explore/locations/252650957/dovzhenko-film-studios/"
  },
  {
    "id": "791421770",
    "name": "OPIUM POLE DANCE",
    "city": "PrigorodKurenevka",
    "url": "https://www.instagram.com/explore/locations/791421770/opium-pole-dance/"
  },
  {
    "id": "1942369339407477",
    "name": "FullFit School - международная школа фитнеса",
    "city": "PrigorodKurenevka",
    "url": "https://www.instagram.com/explore/locations/1942369339407477/fullfit-school-/"
  },
  {
    "id": "316572205905308",
    "name": "Кнеу Гуртожиток 3",
    "city": "PrigorodKurenevka",
    "url": "https://www.instagram.com/explore/locations/316572205905308/3/"
  },
  {
    "id": "379671011",
    "name": "River-Cafe",
    "city": "PrigorodKurenevka",
    "url": "https://www.instagram.com/explore/locations/379671011/river-cafe/"
  },
  {
    "id": "100984494644791",
    "name": "Obolonsky",
    "city": "PrigorodKurenevka",
    "url": "https://www.instagram.com/explore/locations/100984494644791/obolonsky/"
  },
  {
    "id": "106153484210870",
    "name": "salonpassage",
    "city": "PrigorodKurenevka",
    "url": "https://www.instagram.com/explore/locations/106153484210870/salonpassage/"
  },
  {
    "id": "317266003",
    "name": "India in Ukraine (Embassy of India, Ukraine)",
    "city": "PrigorodKurenevka",
    "url": "https://www.instagram.com/explore/locations/317266003/india-in-ukraine-embassy-of-india-ukraine/"
  },
  {
    "id": "1617171691628359",
    "name": "Київська Біблійна Церква Вертикаль / Vertical Bible Church Kyiv",
    "city": "PrigorodKurenevka",
    "url": "https://www.instagram.com/explore/locations/1617171691628359/vertical-bible-church-kyiv/"
  },
  {
    "id": "23421690",
    "name": "Проспект Оболонский 28",
    "city": "PrigorodKurenevka",
    "url": "https://www.instagram.com/explore/locations/23421690/28/"
  },
  {
    "id": "115601331",
    "name": "L'kafa Cafe",
    "city": "PrigorodKurenevka",
    "url": "https://www.instagram.com/explore/locations/115601331/lkafa-cafe/"
  },
  {
    "id": "100227412267825",
    "name": "K2 Detailing студия",
    "city": "PrigorodKurenevka",
    "url": "https://www.instagram.com/explore/locations/100227412267825/k2-detailing/"
  },
  {
    "id": "372308369809794",
    "name": "Hope Training Center",
    "city": "PrigorodKurenevka",
    "url": "https://www.instagram.com/explore/locations/372308369809794/hope-training-center/"
  },
  {
    "id": "243941128",
    "name": "Степана Руданского 4-6",
    "city": "PrigorodKurenevka",
    "url": "https://www.instagram.com/explore/locations/243941128/4-6/"
  },
  {
    "id": "460676083",
    "name": "Фітнес студія Fitroom - Сирець",
    "city": "PrigorodKurenevka",
    "url": "https://www.instagram.com/explore/locations/460676083/fitroom-/"
  }
]