[
  {
    "id": "753752135",
    "name": "Lutsk",
    "city": "Lutsk",
    "url": "https://www.instagram.com/explore/locations/753752135/lutsk/"
  },
  {
    "id": "662714673",
    "name": "Volyn Oblast",
    "city": "Lutsk",
    "url": "https://www.instagram.com/explore/locations/662714673/volyn-oblast/"
  },
  {
    "id": "218209633",
    "name": "Luck, Ukraine",
    "city": "Lutsk",
    "url": "https://www.instagram.com/explore/locations/218209633/luck-ukraine/"
  },
  {
    "id": "964593456948146",
    "name": "Luts'k",
    "city": "Lutsk",
    "url": "https://www.instagram.com/explore/locations/964593456948146/lutsk/"
  },
  {
    "id": "2165591346798626",
    "name": "Луцьк • Lutsk • Ukraine",
    "city": "Lutsk",
    "url": "https://www.instagram.com/explore/locations/2165591346798626/lutsk-ukraine/"
  },
  {
    "id": "2278776358816609",
    "name": "Парк iм. Лесi Українки",
    "city": "Lutsk",
    "url": "https://www.instagram.com/explore/locations/2278776358816609/i-i/"
  },
  {
    "id": "371955936655787",
    "name": "MOJO Sky Garden",
    "city": "Lutsk",
    "url": "https://www.instagram.com/explore/locations/371955936655787/mojo-sky-garden/"
  },
  {
    "id": "270090477",
    "name": "Lubart's Castle",
    "city": "Lutsk",
    "url": "https://www.instagram.com/explore/locations/270090477/lubarts-castle/"
  },
  {
    "id": "775350689529399",
    "name": "Show Basilic LUTSK",
    "city": "Lutsk",
    "url": "https://www.instagram.com/explore/locations/775350689529399/show-basilic-lutsk/"
  },
  {
    "id": "1276469555816796",
    "name": "PURPUR",
    "city": "Lutsk",
    "url": "https://www.instagram.com/explore/locations/1276469555816796/purpur/"
  },
  {
    "id": "2070717366282384",
    "name": "Mr.Benedict Cafe",
    "city": "Lutsk",
    "url": "https://www.instagram.com/explore/locations/2070717366282384/mrbenedict-cafe/"
  },
  {
    "id": "245506498807171",
    "name": "BAR 11",
    "city": "Lutsk",
    "url": "https://www.instagram.com/explore/locations/245506498807171/bar-11/"
  },
  {
    "id": "318243292264876",
    "name": "MOJO Family",
    "city": "Lutsk",
    "url": "https://www.instagram.com/explore/locations/318243292264876/mojo-family/"
  },
  {
    "id": "597418737",
    "name": "Opera Dance Club & Karaoke Restaurant. Lutsk",
    "city": "Lutsk",
    "url": "https://www.instagram.com/explore/locations/597418737/opera-dance-club-karaoke-restaurant-lutsk/"
  },
  {
    "id": "267190630548318",
    "name": "Sky8ar Family",
    "city": "Lutsk",
    "url": "https://www.instagram.com/explore/locations/267190630548318/sky8ar-family/"
  },
  {
    "id": "251071646",
    "name": "Avanhard Stadium (Lutsk)",
    "city": "Lutsk",
    "url": "https://www.instagram.com/explore/locations/251071646/avanhard-stadium-lutsk/"
  },
  {
    "id": "102960608645904",
    "name": "Idealist Coffee Lutsk",
    "city": "Lutsk",
    "url": "https://www.instagram.com/explore/locations/102960608645904/idealist-coffee-lutsk/"
  },
  {
    "id": "130027083835040",
    "name": "Бандерштат - фестиваль українського духу",
    "city": "Lutsk",
    "url": "https://www.instagram.com/explore/locations/130027083835040/-/"
  },
  {
    "id": "974384649260026",
    "name": "Где-То,где очень Красиво.",
    "city": "Lutsk",
    "url": "https://www.instagram.com/explore/locations/974384649260026/-/"
  },
  {
    "id": "294232734",
    "name": "Lesya Ukrainka street, Lutsk",
    "city": "Lutsk",
    "url": "https://www.instagram.com/explore/locations/294232734/lesya-ukrainka-street-lutsk/"
  },
  {
    "id": "242279709498595",
    "name": "Versailles Karaoke-Disco-Club",
    "city": "Lutsk",
    "url": "https://www.instagram.com/explore/locations/242279709498595/versailles-karaoke-disco-club/"
  },
  {
    "id": "585924578504721",
    "name": "MOJO Disco & Karaoke",
    "city": "Lutsk",
    "url": "https://www.instagram.com/explore/locations/585924578504721/mojo-disco-karaoke/"
  },
  {
    "id": "113078220070534",
    "name": "Lutsk, Volyn’. Ukraine",
    "city": "Lutsk",
    "url": "https://www.instagram.com/explore/locations/113078220070534/lutsk-volyn-ukraine/"
  },
  {
    "id": "470160714",
    "name": "Luts'k",
    "city": "Lutsk",
    "url": "https://www.instagram.com/explore/locations/470160714/lutsk/"
  },
  {
    "id": "313083257",
    "name": "Lviv",
    "city": "Lutsk",
    "url": "https://www.instagram.com/explore/locations/313083257/lviv/"
  },
  {
    "id": "262316189",
    "name": "Show Bazilik",
    "city": "Lutsk",
    "url": "https://www.instagram.com/explore/locations/262316189/show-bazilik/"
  },
  {
    "id": "548371905",
    "name": "Дядя PIZZA",
    "city": "Lutsk",
    "url": "https://www.instagram.com/explore/locations/548371905/pizza/"
  },
  {
    "id": "1698969110334307",
    "name": "Euroholding",
    "city": "Lutsk",
    "url": "https://www.instagram.com/explore/locations/1698969110334307/euroholding/"
  },
  {
    "id": "325937131545689",
    "name": "Зоопарк / Zoo",
    "city": "Lutsk",
    "url": "https://www.instagram.com/explore/locations/325937131545689/zoo/"
  },
  {
    "id": "1617810644971091",
    "name": "Noble Restaurant",
    "city": "Lutsk",
    "url": "https://www.instagram.com/explore/locations/1617810644971091/noble-restaurant/"
  },
  {
    "id": "112284810295194",
    "name": "UNO specialty coffee & all day brunch",
    "city": "Lutsk",
    "url": "https://www.instagram.com/explore/locations/112284810295194/uno-specialty-coffee-all-day-brunch/"
  },
  {
    "id": "1161708300589968",
    "name": "Sport Life Луцк",
    "city": "Lutsk",
    "url": "https://www.instagram.com/explore/locations/1161708300589968/sport-life/"
  },
  {
    "id": "735318814",
    "name": "ПАБ \"лучеsк\"",
    "city": "Lutsk",
    "url": "https://www.instagram.com/explore/locations/735318814/s/"
  },
  {
    "id": "902128183465630",
    "name": "Луцький Замок 14 Ст.",
    "city": "Lutsk",
    "url": "https://www.instagram.com/explore/locations/902128183465630/14/"
  },
  {
    "id": "1529218047134462",
    "name": "Multiplex",
    "city": "Lutsk",
    "url": "https://www.instagram.com/explore/locations/1529218047134462/multiplex/"
  },
  {
    "id": "356557998174265",
    "name": "ISALE LUTSK, пр. Волі, 15",
    "city": "Lutsk",
    "url": "https://www.instagram.com/explore/locations/356557998174265/isale-lutsk-15/"
  },
  {
    "id": "106926310804538",
    "name": "Vivasan Луцьк",
    "city": "Lutsk",
    "url": "https://www.instagram.com/explore/locations/106926310804538/vivasan/"
  },
  {
    "id": "880674348678494",
    "name": "Фотостудія Луцьк FRESH Studio Ukraine Фотопроект Фотосесія Прокат Суконь",
    "city": "Lutsk",
    "url": "https://www.instagram.com/explore/locations/880674348678494/fresh-studio-ukraine/"
  },
  {
    "id": "1820653188246895",
    "name": "NOBLE Boutique Hotel",
    "city": "Lutsk",
    "url": "https://www.instagram.com/explore/locations/1820653188246895/noble-boutique-hotel/"
  },
  {
    "id": "127396224532896",
    "name": "George's Club",
    "city": "Lutsk",
    "url": "https://www.instagram.com/explore/locations/127396224532896/georges-club/"
  },
  {
    "id": "741369643",
    "name": "Піцерія Solo",
    "city": "Lutsk",
    "url": "https://www.instagram.com/explore/locations/741369643/solo/"
  },
  {
    "id": "1656408874675913",
    "name": "Show Basilic / Шоу Базилік",
    "city": "Lutsk",
    "url": "https://www.instagram.com/explore/locations/1656408874675913/show-basilic/"
  },
  {
    "id": "1911621375539455",
    "name": "Euroholding Business",
    "city": "Lutsk",
    "url": "https://www.instagram.com/explore/locations/1911621375539455/euroholding-business/"
  },
  {
    "id": "499989738",
    "name": "Пивний клуб \"Кораблик - Оболонь\"",
    "city": "Lutsk",
    "url": "https://www.instagram.com/explore/locations/499989738/-/"
  },
  {
    "id": "109138457998230",
    "name": "Lutsk, Ukraine",
    "city": "Lutsk",
    "url": "https://www.instagram.com/explore/locations/109138457998230/lutsk-ukraine/"
  },
  {
    "id": "101706751181164",
    "name": "Салон краси Номер 1",
    "city": "Lutsk",
    "url": "https://www.instagram.com/explore/locations/101706751181164/1/"
  },
  {
    "id": "310155536433395",
    "name": "ЖК Яровиця - Офис Продаж",
    "city": "Lutsk",
    "url": "https://www.instagram.com/explore/locations/310155536433395/-/"
  },
  {
    "id": "471546603048712",
    "name": "піцерія ФЕЛІЧІТА ЛУЦЬК 5",
    "city": "Lutsk",
    "url": "https://www.instagram.com/explore/locations/471546603048712/5/"
  },
  {
    "id": "890031367",
    "name": "СІТY PARK",
    "city": "Lutsk",
    "url": "https://www.instagram.com/explore/locations/890031367/y-park/"
  },
  {
    "id": "102983205437160",
    "name": "KULT vintage",
    "city": "Lutsk",
    "url": "https://www.instagram.com/explore/locations/102983205437160/kult-vintage/"
  },
  {
    "id": "880342341985891",
    "name": "Кінотеатр PremierCity",
    "city": "Lutsk",
    "url": "https://www.instagram.com/explore/locations/880342341985891/premiercity/"
  },
  {
    "id": "106195331004438",
    "name": "Луцька Венецiя",
    "city": "Lutsk",
    "url": "https://www.instagram.com/explore/locations/106195331004438/i/"
  },
  {
    "id": "1727132567559215",
    "name": "Sky Bar\"",
    "city": "Lutsk",
    "url": "https://www.instagram.com/explore/locations/1727132567559215/sky-bar/"
  },
  {
    "id": "735266542",
    "name": "Боулінг-клуб StrikeCity",
    "city": "Lutsk",
    "url": "https://www.instagram.com/explore/locations/735266542/-strikecity/"
  },
  {
    "id": "1929840757320621",
    "name": "ANT Sport Health Academy",
    "city": "Lutsk",
    "url": "https://www.instagram.com/explore/locations/1929840757320621/ant-sport-health-academy/"
  },
  {
    "id": "2019869958062369",
    "name": "MOJO Hall",
    "city": "Lutsk",
    "url": "https://www.instagram.com/explore/locations/2019869958062369/mojo-hall/"
  },
  {
    "id": "111912243584268",
    "name": "Ring Cafe",
    "city": "Lutsk",
    "url": "https://www.instagram.com/explore/locations/111912243584268/ring-cafe/"
  },
  {
    "id": "107275841655282",
    "name": "G.Bar Луцьк",
    "city": "Lutsk",
    "url": "https://www.instagram.com/explore/locations/107275841655282/gbar/"
  },
  {
    "id": "1729879277050195",
    "name": "Grand Central food terminal",
    "city": "Lutsk",
    "url": "https://www.instagram.com/explore/locations/1729879277050195/grand-central-food-terminal/"
  },
  {
    "id": "290419258066764",
    "name": "Loftcafe",
    "city": "Lutsk",
    "url": "https://www.instagram.com/explore/locations/290419258066764/loftcafe/"
  },
  {
    "id": "262949205",
    "name": "Pizzeria Felicita",
    "city": "Lutsk",
    "url": "https://www.instagram.com/explore/locations/262949205/pizzeria-felicita/"
  },
  {
    "id": "549704325224119",
    "name": "IСервіс Луцьк - Айсервіс - Магазин та СЦ Apple у Луцьку",
    "city": "Lutsk",
    "url": "https://www.instagram.com/explore/locations/549704325224119/i-apple/"
  },
  {
    "id": "206078119829325",
    "name": "Kava Avenue",
    "city": "Lutsk",
    "url": "https://www.instagram.com/explore/locations/206078119829325/kava-avenue/"
  },
  {
    "id": "109585647973842",
    "name": "ЦЕНТР КРАСИ VONA",
    "city": "Lutsk",
    "url": "https://www.instagram.com/explore/locations/109585647973842/vona/"
  },
  {
    "id": "158383134879920",
    "name": "Абу-Дабі лаунж бар",
    "city": "Lutsk",
    "url": "https://www.instagram.com/explore/locations/158383134879920/-/"
  },
  {
    "id": "118565643272872",
    "name": "Офіс-центр Plato",
    "city": "Lutsk",
    "url": "https://www.instagram.com/explore/locations/118565643272872/-plato/"
  },
  {
    "id": "254726965004516",
    "name": "Волинський обласний ліцей з посиленою військово-фізичною підготовкою",
    "city": "Lutsk",
    "url": "https://www.instagram.com/explore/locations/254726965004516/-/"
  },
  {
    "id": "1257110520967759",
    "name": "8 Березня",
    "city": "Lutsk",
    "url": "https://www.instagram.com/explore/locations/1257110520967759/8/"
  },
  {
    "id": "1037217719625463",
    "name": "МОРЕ ТУРІВ LUTSK",
    "city": "Lutsk",
    "url": "https://www.instagram.com/explore/locations/1037217719625463/lutsk/"
  },
  {
    "id": "970197093107369",
    "name": "Bartone Studio - Фотостудія Луцьк",
    "city": "Lutsk",
    "url": "https://www.instagram.com/explore/locations/970197093107369/bartone-studio-/"
  },
  {
    "id": "409117105959558",
    "name": "Луцький ліцей # 4 імені Модеста Левицького",
    "city": "Lutsk",
    "url": "https://www.instagram.com/explore/locations/409117105959558/4/"
  },
  {
    "id": "206461696743624",
    "name": "VeAn tattoo Studio Lutsk",
    "city": "Lutsk",
    "url": "https://www.instagram.com/explore/locations/206461696743624/vean-tattoo-studio-lutsk/"
  },
  {
    "id": "112665753470240",
    "name": "Луцький клінічний пологовий будинок/ Lutsk Clinical Maternity Hospital",
    "city": "Lutsk",
    "url": "https://www.instagram.com/explore/locations/112665753470240/lutsk-clinical-maternity-hospital/"
  },
  {
    "id": "2131505903788584",
    "name": "Smartum центр розвитку інтелекту Луцьк",
    "city": "Lutsk",
    "url": "https://www.instagram.com/explore/locations/2131505903788584/smartum/"
  },
  {
    "id": "931519326977412",
    "name": "WINETIME",
    "city": "Lutsk",
    "url": "https://www.instagram.com/explore/locations/931519326977412/winetime/"
  },
  {
    "id": "250703358667596",
    "name": "РОТОНДА BEACH CLUB",
    "city": "Lutsk",
    "url": "https://www.instagram.com/explore/locations/250703358667596/beach-club/"
  },
  {
    "id": "372085466482790",
    "name": "Хімчистка KIMS м.Луцьк, пр.Волі, 42, ТЦ \"Гранд Волинь\"",
    "city": "Lutsk",
    "url": "https://www.instagram.com/explore/locations/372085466482790/kims-42/"
  },
  {
    "id": "173386560211772",
    "name": "АтлетiКо / AtletiKo",
    "city": "Lutsk",
    "url": "https://www.instagram.com/explore/locations/173386560211772/i-atletiko/"
  },
  {
    "id": "1040439029498816",
    "name": "Queens SHOW",
    "city": "Lutsk",
    "url": "https://www.instagram.com/explore/locations/1040439029498816/queens-show/"
  },
  {
    "id": "620853607",
    "name": "Lutsk, Volia Prospect",
    "city": "Lutsk",
    "url": "https://www.instagram.com/explore/locations/620853607/lutsk-volia-prospect/"
  },
  {
    "id": "100167451469698",
    "name": "MOJO Boutique Hotel",
    "city": "Lutsk",
    "url": "https://www.instagram.com/explore/locations/100167451469698/mojo-boutique-hotel/"
  },
  {
    "id": "310030266084994",
    "name": "Rotonda Lutsk",
    "city": "Lutsk",
    "url": "https://www.instagram.com/explore/locations/310030266084994/rotonda-lutsk/"
  },
  {
    "id": "174713339824498",
    "name": "Passage Interdit",
    "city": "Lutsk",
    "url": "https://www.instagram.com/explore/locations/174713339824498/passage-interdit/"
  },
  {
    "id": "104581400991876",
    "name": "Ring Coffee",
    "city": "Lutsk",
    "url": "https://www.instagram.com/explore/locations/104581400991876/ring-coffee/"
  },
  {
    "id": "159225504638075",
    "name": "Нічний диско клуб El Mundo",
    "city": "Lutsk",
    "url": "https://www.instagram.com/explore/locations/159225504638075/el-mundo/"
  },
  {
    "id": "117112599220975",
    "name": "Port city",
    "city": "Lutsk",
    "url": "https://www.instagram.com/explore/locations/117112599220975/port-city/"
  },
  {
    "id": "337195736",
    "name": "Винниченка 26 А",
    "city": "Lutsk",
    "url": "https://www.instagram.com/explore/locations/337195736/26/"
  },
  {
    "id": "181522995378581",
    "name": "Бизнес-центр \"Директория\"",
    "city": "Lutsk",
    "url": "https://www.instagram.com/explore/locations/181522995378581/-/"
  },
  {
    "id": "2247614938827589",
    "name": "Школа №9",
    "city": "Lutsk",
    "url": "https://www.instagram.com/explore/locations/2247614938827589/no9/"
  },
  {
    "id": "107157747438627",
    "name": "umami.ua",
    "city": "Lutsk",
    "url": "https://www.instagram.com/explore/locations/107157747438627/umamiua/"
  },
  {
    "id": "597403787401173",
    "name": "Red Barber",
    "city": "Lutsk",
    "url": "https://www.instagram.com/explore/locations/597403787401173/red-barber/"
  },
  {
    "id": "136659936947164",
    "name": "Луцьк, Вул.лесі Українки, 57",
    "city": "Lutsk",
    "url": "https://www.instagram.com/explore/locations/136659936947164/57/"
  },
  {
    "id": "1874807779439128",
    "name": "Oksana Korotka aesthetic medical center",
    "city": "Lutsk",
    "url": "https://www.instagram.com/explore/locations/1874807779439128/oksana-korotka-aesthetic-medical-center/"
  },
  {
    "id": "1753193221667242",
    "name": "A. Tan Lutsk",
    "city": "Lutsk",
    "url": "https://www.instagram.com/explore/locations/1753193221667242/a-tan-lutsk/"
  },
  {
    "id": "1013757405",
    "name": "Дитячий розважальний центр FigliMigli",
    "city": "Lutsk",
    "url": "https://www.instagram.com/explore/locations/1013757405/figlimigli/"
  },
  {
    "id": "247419746008851",
    "name": "Луцьк Вул.коперника 8а",
    "city": "Lutsk",
    "url": "https://www.instagram.com/explore/locations/247419746008851/8/"
  },
  {
    "id": "1033626514",
    "name": "Pub Oldskull",
    "city": "Lutsk",
    "url": "https://www.instagram.com/explore/locations/1033626514/pub-oldskull/"
  },
  {
    "id": "1011728249034630",
    "name": "Замкова площа / Zamkova square",
    "city": "Lutsk",
    "url": "https://www.instagram.com/explore/locations/1011728249034630/zamkova-square/"
  },
  {
    "id": "276037639747113",
    "name": "Selfie Lutsk",
    "city": "Lutsk",
    "url": "https://www.instagram.com/explore/locations/276037639747113/selfie-lutsk/"
  },
  {
    "id": "280799373",
    "name": "Show Basilic",
    "city": "Lutsk",
    "url": "https://www.instagram.com/explore/locations/280799373/show-basilic/"
  },
  {
    "id": "324630974652744",
    "name": "Barbershop Gentlemen's Club Lutsk",
    "city": "Lutsk",
    "url": "https://www.instagram.com/explore/locations/324630974652744/barbershop-gentlemens-club-lutsk/"
  },
  {
    "id": "711159984",
    "name": "Lutsk Center",
    "city": "Lutsk",
    "url": "https://www.instagram.com/explore/locations/711159984/lutsk-center/"
  },
  {
    "id": "244860995387909",
    "name": "Кафе суспільного впливу misto.cafe",
    "city": "Lutsk",
    "url": "https://www.instagram.com/explore/locations/244860995387909/mistocafe/"
  },
  {
    "id": "114175236802257",
    "name": "Underground Dance Center - UDC Луцьк",
    "city": "Lutsk",
    "url": "https://www.instagram.com/explore/locations/114175236802257/underground-dance-center-udc/"
  },
  {
    "id": "410964592774564",
    "name": "Стоматологічна майстерня Plombir",
    "city": "Lutsk",
    "url": "https://www.instagram.com/explore/locations/410964592774564/plombir/"
  },
  {
    "id": "103148931093743",
    "name": "showroom_mens_secret_",
    "city": "Lutsk",
    "url": "https://www.instagram.com/explore/locations/103148931093743/showroom_mens_secret_/"
  },
  {
    "id": "2237790046540123",
    "name": "Frisor Barbershop Lutsk",
    "city": "Lutsk",
    "url": "https://www.instagram.com/explore/locations/2237790046540123/frisor-barbershop-lutsk/"
  },
  {
    "id": "109630767213853",
    "name": "New York Street Pizza Луцьк",
    "city": "Lutsk",
    "url": "https://www.instagram.com/explore/locations/109630767213853/new-york-street-pizza/"
  },
  {
    "id": "2172759996378500",
    "name": "Fashion Men",
    "city": "Lutsk",
    "url": "https://www.instagram.com/explore/locations/2172759996378500/fashion-men/"
  },
  {
    "id": "101553278689518",
    "name": "Луцьк, В. Винниченка 65",
    "city": "Lutsk",
    "url": "https://www.instagram.com/explore/locations/101553278689518/65/"
  },
  {
    "id": "166215600900431",
    "name": "Pur•Pur",
    "city": "Lutsk",
    "url": "https://www.instagram.com/explore/locations/166215600900431/purpur/"
  },
  {
    "id": "100815128175412",
    "name": "Nuts by Max",
    "city": "Lutsk",
    "url": "https://www.instagram.com/explore/locations/100815128175412/nuts-by-max/"
  },
  {
    "id": "107270391209007",
    "name": "LAFA",
    "city": "Lutsk",
    "url": "https://www.instagram.com/explore/locations/107270391209007/lafa/"
  },
  {
    "id": "104949314648958",
    "name": "Oh no",
    "city": "Lutsk",
    "url": "https://www.instagram.com/explore/locations/104949314648958/oh-no/"
  },
  {
    "id": "1715534125367043",
    "name": "Isale Lutsk",
    "city": "Lutsk",
    "url": "https://www.instagram.com/explore/locations/1715534125367043/isale-lutsk/"
  },
  {
    "id": "316757739142409",
    "name": "Винниченка 67а",
    "city": "Lutsk",
    "url": "https://www.instagram.com/explore/locations/316757739142409/67/"
  },
  {
    "id": "282631212",
    "name": "Opera Club Lutsk",
    "city": "Lutsk",
    "url": "https://www.instagram.com/explore/locations/282631212/opera-club-lutsk/"
  },
  {
    "id": "23273188",
    "name": "ДЯДЯ PIZZA",
    "city": "Lutsk",
    "url": "https://www.instagram.com/explore/locations/23273188/pizza/"
  },
  {
    "id": "947443971",
    "name": "Lutheran Church, Lutsk",
    "city": "Lutsk",
    "url": "https://www.instagram.com/explore/locations/947443971/lutheran-church-lutsk/"
  },
  {
    "id": "1022919875",
    "name": "LevanSpace Lutsk",
    "city": "Lutsk",
    "url": "https://www.instagram.com/explore/locations/1022919875/levanspace-lutsk/"
  },
  {
    "id": "1025072264",
    "name": "Спеціалізована школа № 1 м.Луцька",
    "city": "Lutsk",
    "url": "https://www.instagram.com/explore/locations/1025072264/no-1/"
  },
  {
    "id": "208287983310596",
    "name": "Lutsk Food Fest",
    "city": "Lutsk",
    "url": "https://www.instagram.com/explore/locations/208287983310596/lutsk-food-fest/"
  },
  {
    "id": "116562376448768",
    "name": "Ring Cafe",
    "city": "Lutsk",
    "url": "https://www.instagram.com/explore/locations/116562376448768/ring-cafe/"
  },
  {
    "id": "874507816219617",
    "name": "West Wiz Крилова, 1/20",
    "city": "Lutsk",
    "url": "https://www.instagram.com/explore/locations/874507816219617/west-wiz-120/"
  },
  {
    "id": "322871601602841",
    "name": "Обласна дитячо-юнацька спортивна школа",
    "city": "Lutsk",
    "url": "https://www.instagram.com/explore/locations/322871601602841/-/"
  },
  {
    "id": "309704313140595",
    "name": "Школа англійської мови BeStar",
    "city": "Lutsk",
    "url": "https://www.instagram.com/explore/locations/309704313140595/bestar/"
  },
  {
    "id": "1013785664",
    "name": "Арена розваг GeneratorCity",
    "city": "Lutsk",
    "url": "https://www.instagram.com/explore/locations/1013785664/generatorcity/"
  },
  {
    "id": "296980180650785",
    "name": "Heplerplace",
    "city": "Lutsk",
    "url": "https://www.instagram.com/explore/locations/296980180650785/heplerplace/"
  },
  {
    "id": "2243567252369819",
    "name": "Steffany.ua",
    "city": "Lutsk",
    "url": "https://www.instagram.com/explore/locations/2243567252369819/steffanyua/"
  },
  {
    "id": "110240638143829",
    "name": "Ресторація ДІМ 48",
    "city": "Lutsk",
    "url": "https://www.instagram.com/explore/locations/110240638143829/48/"
  },
  {
    "id": "2334474759955524",
    "name": "GoodMorning",
    "city": "Lutsk",
    "url": "https://www.instagram.com/explore/locations/2334474759955524/goodmorning/"
  },
  {
    "id": "1019328817",
    "name": "Mens Style Salon \"Fashion Men\"",
    "city": "Lutsk",
    "url": "https://www.instagram.com/explore/locations/1019328817/mens-style-salon-fashion-men/"
  },
  {
    "id": "1063597380356138",
    "name": "Simply Crazy Production",
    "city": "Lutsk",
    "url": "https://www.instagram.com/explore/locations/1063597380356138/simply-crazy-production/"
  },
  {
    "id": "466925897",
    "name": "26 Школа",
    "city": "Lutsk",
    "url": "https://www.instagram.com/explore/locations/466925897/26/"
  },
  {
    "id": "247617715730108",
    "name": "Fashion MenMen's Style Salon",
    "city": "Lutsk",
    "url": "https://www.instagram.com/explore/locations/247617715730108/fashion-menmens-style-salon/"
  },
  {
    "id": "1377448452401112",
    "name": "Гранде - якісні меблі у Луцьку",
    "city": "Lutsk",
    "url": "https://www.instagram.com/explore/locations/1377448452401112/-/"
  },
  {
    "id": "386911474",
    "name": "Ring Dj Cafe",
    "city": "Lutsk",
    "url": "https://www.instagram.com/explore/locations/386911474/ring-dj-cafe/"
  },
  {
    "id": "107677751059422",
    "name": "lyba. Подарунки у Луцьку",
    "city": "Lutsk",
    "url": "https://www.instagram.com/explore/locations/107677751059422/lyba/"
  },
  {
    "id": "138392253377861",
    "name": "Ресторан-кондитерська \"Круаж\"",
    "city": "Lutsk",
    "url": "https://www.instagram.com/explore/locations/138392253377861/-/"
  },
  {
    "id": "1025004654",
    "name": "STILE DI VITA",
    "city": "Lutsk",
    "url": "https://www.instagram.com/explore/locations/1025004654/stile-di-vita/"
  },
  {
    "id": "1360845450650982",
    "name": "Force Arena",
    "city": "Lutsk",
    "url": "https://www.instagram.com/explore/locations/1360845450650982/force-arena/"
  },
  {
    "id": "1791331054518561",
    "name": "Фабрика - лофт фотостудия",
    "city": "Lutsk",
    "url": "https://www.instagram.com/explore/locations/1791331054518561/-/"
  },
  {
    "id": "609370865867480",
    "name": "Rovantsi",
    "city": "Lutsk",
    "url": "https://www.instagram.com/explore/locations/609370865867480/rovantsi/"
  },
  {
    "id": "250723535497282",
    "name": "Теплий Дім ПСП-все для опалення,водопостачання,кондиціюванння та вентиляції",
    "city": "Lutsk",
    "url": "https://www.instagram.com/explore/locations/250723535497282/-/"
  },
  {
    "id": "211369755969605",
    "name": "Auto Spa",
    "city": "Lutsk",
    "url": "https://www.instagram.com/explore/locations/211369755969605/auto-spa/"
  },
  {
    "id": "20998895",
    "name": "Solo",
    "city": "Lutsk",
    "url": "https://www.instagram.com/explore/locations/20998895/solo/"
  },
  {
    "id": "710167426047916",
    "name": "Клуб \"Цитра• Zitter Jazz Club",
    "city": "Lutsk",
    "url": "https://www.instagram.com/explore/locations/710167426047916/zitter-jazz-club/"
  },
  {
    "id": "183758152168513",
    "name": "Піцерія Фелічіта ЛУЦЬК 4",
    "city": "Lutsk",
    "url": "https://www.instagram.com/explore/locations/183758152168513/4/"
  },
  {
    "id": "202277656633299",
    "name": "Свято-Троицкий собор",
    "city": "Lutsk",
    "url": "https://www.instagram.com/explore/locations/202277656633299/-/"
  },
  {
    "id": "1581438332161261",
    "name": "Doctor Dent Lutsk",
    "city": "Lutsk",
    "url": "https://www.instagram.com/explore/locations/1581438332161261/doctor-dent-lutsk/"
  },
  {
    "id": "604102663403020",
    "name": "LK Dental Center",
    "city": "Lutsk",
    "url": "https://www.instagram.com/explore/locations/604102663403020/lk-dental-center/"
  },
  {
    "id": "612153595846931",
    "name": "Луцьк Лесі Українки52 Студія Краси Beauty Time",
    "city": "Lutsk",
    "url": "https://www.instagram.com/explore/locations/612153595846931/52-beauty-time/"
  },
  {
    "id": "519872758",
    "name": "Versailles Lutsk Ukraine",
    "city": "Lutsk",
    "url": "https://www.instagram.com/explore/locations/519872758/versailles-lutsk-ukraine/"
  },
  {
    "id": "1031693598",
    "name": "Wedding Room Луцьк",
    "city": "Lutsk",
    "url": "https://www.instagram.com/explore/locations/1031693598/wedding-room/"
  },
  {
    "id": "1022397083",
    "name": "Volyn Boarding Liceum",
    "city": "Lutsk",
    "url": "https://www.instagram.com/explore/locations/1022397083/volyn-boarding-liceum/"
  },
  {
    "id": "1093807470789162",
    "name": "СтадіонАвангард/ Avangard stadium",
    "city": "Lutsk",
    "url": "https://www.instagram.com/explore/locations/1093807470789162/avangard-stadium/"
  },
  {
    "id": "476994352813489",
    "name": "Салон Авангард Professional",
    "city": "Lutsk",
    "url": "https://www.instagram.com/explore/locations/476994352813489/professional/"
  },
  {
    "id": "116355489744801",
    "name": "ThinkGlobal Lutsk",
    "city": "Lutsk",
    "url": "https://www.instagram.com/explore/locations/116355489744801/thinkglobal-lutsk/"
  },
  {
    "id": "222643578253580",
    "name": "Школа №22",
    "city": "Lutsk",
    "url": "https://www.instagram.com/explore/locations/222643578253580/no22/"
  },
  {
    "id": "119790911948543",
    "name": "Педагогічний Факультет СНУ імені Лесі Українки Винниченка 30",
    "city": "Lutsk",
    "url": "https://www.instagram.com/explore/locations/119790911948543/30/"
  },
  {
    "id": "144365716179387",
    "name": "hashtag.bar",
    "city": "Lutsk",
    "url": "https://www.instagram.com/explore/locations/144365716179387/hashtagbar/"
  },
  {
    "id": "287357704685695",
    "name": "Луцький НВК 26",
    "city": "Lutsk",
    "url": "https://www.instagram.com/explore/locations/287357704685695/26/"
  },
  {
    "id": "2006620476043227",
    "name": "Кав'ярня-кондитерія Старе Місто",
    "city": "Lutsk",
    "url": "https://www.instagram.com/explore/locations/2006620476043227/-/"
  },
  {
    "id": "1006690966",
    "name": "Журнал People UA",
    "city": "Lutsk",
    "url": "https://www.instagram.com/explore/locations/1006690966/people-ua/"
  },
  {
    "id": "289640031575821",
    "name": "Lviv Croissants",
    "city": "Lutsk",
    "url": "https://www.instagram.com/explore/locations/289640031575821/lviv-croissants/"
  },
  {
    "id": "442447064",
    "name": "Hair Stayle Studio Sergiy Chirik\"",
    "city": "Lutsk",
    "url": "https://www.instagram.com/explore/locations/442447064/hair-stayle-studio-sergiy-chirik/"
  },
  {
    "id": "106274028062569",
    "name": "Не про ХЛІБ 55",
    "city": "Lutsk",
    "url": "https://www.instagram.com/explore/locations/106274028062569/55/"
  },
  {
    "id": "1026134672",
    "name": "піцерія ФЕЛІЧІТА ЛУЦЬК 2",
    "city": "Lutsk",
    "url": "https://www.instagram.com/explore/locations/1026134672/2/"
  },
  {
    "id": "1032433344",
    "name": "BOXY Магазин Упаковки",
    "city": "Lutsk",
    "url": "https://www.instagram.com/explore/locations/1032433344/boxy/"
  },
  {
    "id": "274992686454872",
    "name": "Гуртожиток №6 СНУ ім. Лесі Українки",
    "city": "Lutsk",
    "url": "https://www.instagram.com/explore/locations/274992686454872/no6/"
  },
  {
    "id": "2278477182223664",
    "name": "Теревенi",
    "city": "Lutsk",
    "url": "https://www.instagram.com/explore/locations/2278477182223664/i/"
  },
  {
    "id": "304009864",
    "name": "Felichita",
    "city": "Lutsk",
    "url": "https://www.instagram.com/explore/locations/304009864/felichita/"
  },
  {
    "id": "226184411207529",
    "name": "ВолиньToday",
    "city": "Lutsk",
    "url": "https://www.instagram.com/explore/locations/226184411207529/today/"
  },
  {
    "id": "172284673548628",
    "name": "Paradise cocktail bar",
    "city": "Lutsk",
    "url": "https://www.instagram.com/explore/locations/172284673548628/paradise-cocktail-bar/"
  },
  {
    "id": "1211435552230237",
    "name": "Глушець, 49",
    "city": "Lutsk",
    "url": "https://www.instagram.com/explore/locations/1211435552230237/49/"
  },
  {
    "id": "1486682624741933",
    "name": "Парк-Меморіал В Луцьку",
    "city": "Lutsk",
    "url": "https://www.instagram.com/explore/locations/1486682624741933/-/"
  },
  {
    "id": "2046705705544817",
    "name": "Стоматологія Dentistry",
    "city": "Lutsk",
    "url": "https://www.instagram.com/explore/locations/2046705705544817/dentistry/"
  },
  {
    "id": "119291738731084",
    "name": "Школа 15 луцьк",
    "city": "Lutsk",
    "url": "https://www.instagram.com/explore/locations/119291738731084/15/"
  },
  {
    "id": "1240590725992033",
    "name": "\"Порт-Сити\"",
    "city": "Lutsk",
    "url": "https://www.instagram.com/explore/locations/1240590725992033/-/"
  },
  {
    "id": "414884155536096",
    "name": "Кав'ярня \"Doppio\", м. Луцьк",
    "city": "Lutsk",
    "url": "https://www.instagram.com/explore/locations/414884155536096/doppio/"
  },
  {
    "id": "152491392199007",
    "name": "GARDA",
    "city": "Lutsk",
    "url": "https://www.instagram.com/explore/locations/152491392199007/garda/"
  },
  {
    "id": "414272709372729",
    "name": "Andre Tan Lutsk",
    "city": "Lutsk",
    "url": "https://www.instagram.com/explore/locations/414272709372729/andre-tan-lutsk/"
  },
  {
    "id": "152170478555362",
    "name": "Versailles Hotel",
    "city": "Lutsk",
    "url": "https://www.instagram.com/explore/locations/152170478555362/versailles-hotel/"
  },
  {
    "id": "445050742664124",
    "name": "Волинський обласний молодіжний центр YouthСфера",
    "city": "Lutsk",
    "url": "https://www.instagram.com/explore/locations/445050742664124/youth/"
  },
  {
    "id": "100998161845143",
    "name": "Victoria's Secret Lutsk",
    "city": "Lutsk",
    "url": "https://www.instagram.com/explore/locations/100998161845143/victorias-secret-lutsk/"
  },
  {
    "id": "1030563782",
    "name": "Рівненська 25",
    "city": "Lutsk",
    "url": "https://www.instagram.com/explore/locations/1030563782/25/"
  },
  {
    "id": "124540641645657",
    "name": "Луцька Музична школа 1 ім. Ф.шопена",
    "city": "Lutsk",
    "url": "https://www.instagram.com/explore/locations/124540641645657/1/"
  },
  {
    "id": "1028347558",
    "name": "Царство Боже - Kingdom of God",
    "city": "Lutsk",
    "url": "https://www.instagram.com/explore/locations/1028347558/-kingdom-of-god/"
  },
  {
    "id": "1895209317364561",
    "name": "Салон краси Luna",
    "city": "Lutsk",
    "url": "https://www.instagram.com/explore/locations/1895209317364561/luna/"
  },
  {
    "id": "122600787483789",
    "name": "Piana Vyshnia / П'яна Вишня",
    "city": "Lutsk",
    "url": "https://www.instagram.com/explore/locations/122600787483789/piana-vyshnia/"
  },
  {
    "id": "236409000",
    "name": "Maydan Club",
    "city": "Lutsk",
    "url": "https://www.instagram.com/explore/locations/236409000/maydan-club/"
  },
  {
    "id": "247460378995743",
    "name": "Луцький НВК №9",
    "city": "Lutsk",
    "url": "https://www.instagram.com/explore/locations/247460378995743/no9/"
  },
  {
    "id": "499402651",
    "name": "Hollywood Nightclub",
    "city": "Lutsk",
    "url": "https://www.instagram.com/explore/locations/499402651/hollywood-nightclub/"
  },
  {
    "id": "839626293164050",
    "name": "Свято-Покровский храм",
    "city": "Lutsk",
    "url": "https://www.instagram.com/explore/locations/839626293164050/-/"
  },
  {
    "id": "2054366248183640",
    "name": "WOKA Asia Food Lutsk",
    "city": "Lutsk",
    "url": "https://www.instagram.com/explore/locations/2054366248183640/woka-asia-food-lutsk/"
  },
  {
    "id": "2016105265320879",
    "name": "Nail Me Studio",
    "city": "Lutsk",
    "url": "https://www.instagram.com/explore/locations/2016105265320879/nail-me-studio/"
  },
  {
    "id": "966862177",
    "name": "Brow Bar Луцьк",
    "city": "Lutsk",
    "url": "https://www.instagram.com/explore/locations/966862177/brow-bar/"
  },
  {
    "id": "1613568298713594",
    "name": "Луцька спеціалізована школа №5",
    "city": "Lutsk",
    "url": "https://www.instagram.com/explore/locations/1613568298713594/no5/"
  },
  {
    "id": "471494156986435",
    "name": "Pizza Pub",
    "city": "Lutsk",
    "url": "https://www.instagram.com/explore/locations/471494156986435/pizza-pub/"
  },
  {
    "id": "2288486904529156",
    "name": "Салон краси NOVA",
    "city": "Lutsk",
    "url": "https://www.instagram.com/explore/locations/2288486904529156/nova/"
  },
  {
    "id": "333836853849792",
    "name": "Арцеулова 16",
    "city": "Lutsk",
    "url": "https://www.instagram.com/explore/locations/333836853849792/16/"
  },
  {
    "id": "580718875679756",
    "name": "просп. Президента Грушевського, 6",
    "city": "Lutsk",
    "url": "https://www.instagram.com/explore/locations/580718875679756/6/"
  },
  {
    "id": "1732846880344895",
    "name": "Ring Coffee Sweet",
    "city": "Lutsk",
    "url": "https://www.instagram.com/explore/locations/1732846880344895/ring-coffee-sweet/"
  },
  {
    "id": "120061754418971",
    "name": "Tattoolamarchlutsk",
    "city": "Lutsk",
    "url": "https://www.instagram.com/explore/locations/120061754418971/tattoolamarchlutsk/"
  },
  {
    "id": "465849130437843",
    "name": "SUNNY TOUR",
    "city": "Lutsk",
    "url": "https://www.instagram.com/explore/locations/465849130437843/sunny-tour/"
  },
  {
    "id": "273514139978793",
    "name": "Тренінг центр EGO",
    "city": "Lutsk",
    "url": "https://www.instagram.com/explore/locations/273514139978793/ego/"
  },
  {
    "id": "564258703778029",
    "name": "ЖК Luceoria",
    "city": "Lutsk",
    "url": "https://www.instagram.com/explore/locations/564258703778029/luceoria/"
  },
  {
    "id": "1022429120",
    "name": "піцерія ФЕЛІЧІТА ЛУЦЬК 3",
    "city": "Lutsk",
    "url": "https://www.instagram.com/explore/locations/1022429120/3/"
  },
  {
    "id": "569665423213327",
    "name": "INFIT в м. Луцьк - мережа магазинів спортивного харчування",
    "city": "Lutsk",
    "url": "https://www.instagram.com/explore/locations/569665423213327/infit-/"
  },
  {
    "id": "251072394",
    "name": "Partyzan agency",
    "city": "Lutsk",
    "url": "https://www.instagram.com/explore/locations/251072394/partyzan-agency/"
  },
  {
    "id": "993427467380345",
    "name": "Angelo bianco wedding agency",
    "city": "Lutsk",
    "url": "https://www.instagram.com/explore/locations/993427467380345/angelo-bianco-wedding-agency/"
  },
  {
    "id": "111549490430838",
    "name": "blondi_beauty_hair_studio",
    "city": "Lutsk",
    "url": "https://www.instagram.com/explore/locations/111549490430838/blondi_beauty_hair_studio/"
  },
  {
    "id": "108171555356890",
    "name": "Avon Луцьк Головний офісВинниченка,65",
    "city": "Lutsk",
    "url": "https://www.instagram.com/explore/locations/108171555356890/avon-65/"
  },
  {
    "id": "101424461750562",
    "name": "Berry Coffee",
    "city": "Lutsk",
    "url": "https://www.instagram.com/explore/locations/101424461750562/berry-coffee/"
  },
  {
    "id": "1551876721581031",
    "name": "Магазин Товарів Для Немовлят Twins",
    "city": "Lutsk",
    "url": "https://www.instagram.com/explore/locations/1551876721581031/twins/"
  },
  {
    "id": "1022220056",
    "name": "піцерія ФЕЛІЧІТА ЛУЦЬК 4",
    "city": "Lutsk",
    "url": "https://www.instagram.com/explore/locations/1022220056/4/"
  },
  {
    "id": "637891962",
    "name": "Mr.Travel - агенція мандрів",
    "city": "Lutsk",
    "url": "https://www.instagram.com/explore/locations/637891962/mrtravel-/"
  },
  {
    "id": "1589878881226252",
    "name": "Сім23, Сімі",
    "city": "Lutsk",
    "url": "https://www.instagram.com/explore/locations/1589878881226252/23/"
  },
  {
    "id": "1926347584273392",
    "name": "Номер 1. Косметика",
    "city": "Lutsk",
    "url": "https://www.instagram.com/explore/locations/1926347584273392/1/"
  },
  {
    "id": "1067129913412853",
    "name": "𝐍𝐮́𝐝𝐳𝐨𝐯𝐲́ 𝐚𝐝𝐫𝐞𝐬𝐚́𝐫 𝐈𝐃 𝟎𝟗𝟕𝟔𝟖-𝟎",
    "city": "Lutsk",
    "url": "https://www.instagram.com/explore/locations/1067129913412853/nudzovy-adresar-id-09768-0/"
  },
  {
    "id": "240423759754513",
    "name": "WOW Gladko",
    "city": "Lutsk",
    "url": "https://www.instagram.com/explore/locations/240423759754513/wow-gladko/"
  },
  {
    "id": "414605835063716",
    "name": "Simple bar",
    "city": "Lutsk",
    "url": "https://www.instagram.com/explore/locations/414605835063716/simple-bar/"
  },
  {
    "id": "596882764166539",
    "name": "Zagorod",
    "city": "Lutsk",
    "url": "https://www.instagram.com/explore/locations/596882764166539/zagorod/"
  },
  {
    "id": "787155953",
    "name": "MZM Models",
    "city": "Lutsk",
    "url": "https://www.instagram.com/explore/locations/787155953/mzm-models/"
  },
  {
    "id": "984362434",
    "name": "Saint Peter and Paul Cathedral, Lutsk",
    "city": "Lutsk",
    "url": "https://www.instagram.com/explore/locations/984362434/saint-peter-and-paul-cathedral-lutsk/"
  },
  {
    "id": "1906789329581556",
    "name": "Garikoff",
    "city": "Lutsk",
    "url": "https://www.instagram.com/explore/locations/1906789329581556/garikoff/"
  },
  {
    "id": "1871433716500053",
    "name": "Шевченка 13а Луцьк",
    "city": "Lutsk",
    "url": "https://www.instagram.com/explore/locations/1871433716500053/13/"
  },
  {
    "id": "110303417250215",
    "name": "Great Nails Studio",
    "city": "Lutsk",
    "url": "https://www.instagram.com/explore/locations/110303417250215/great-nails-studio/"
  },
  {
    "id": "819067518278586",
    "name": "Free Place In Tour",
    "city": "Lutsk",
    "url": "https://www.instagram.com/explore/locations/819067518278586/free-place-in-tour/"
  },
  {
    "id": "630170590961106",
    "name": "Kvadrat Sushi&Pizza Луцьк",
    "city": "Lutsk",
    "url": "https://www.instagram.com/explore/locations/630170590961106/kvadrat-sushipizza/"
  },
  {
    "id": "1850454525226761",
    "name": "interior city",
    "city": "Lutsk",
    "url": "https://www.instagram.com/explore/locations/1850454525226761/interior-city/"
  },
  {
    "id": "168121320453104",
    "name": "Intertrade авто з США",
    "city": "Lutsk",
    "url": "https://www.instagram.com/explore/locations/168121320453104/intertrade/"
  },
  {
    "id": "283137452201336",
    "name": "Сули-Гули Ресторан",
    "city": "Lutsk",
    "url": "https://www.instagram.com/explore/locations/283137452201336/-/"
  },
  {
    "id": "158345681356025",
    "name": "Імперія-Тур - Луцьк",
    "city": "Lutsk",
    "url": "https://www.instagram.com/explore/locations/158345681356025/-/"
  },
  {
    "id": "179033538812710",
    "name": "Maydan",
    "city": "Lutsk",
    "url": "https://www.instagram.com/explore/locations/179033538812710/maydan/"
  },
  {
    "id": "115384541864424",
    "name": "Florian Travel Lutsk",
    "city": "Lutsk",
    "url": "https://www.instagram.com/explore/locations/115384541864424/florian-travel-lutsk/"
  },
  {
    "id": "103893941202878",
    "name": "Nail Me Studio",
    "city": "Lutsk",
    "url": "https://www.instagram.com/explore/locations/103893941202878/nail-me-studio/"
  },
  {
    "id": "602011076645458",
    "name": "Multi cook",
    "city": "Lutsk",
    "url": "https://www.instagram.com/explore/locations/602011076645458/multi-cook/"
  },
  {
    "id": "104555721428490",
    "name": "3.14'zza",
    "city": "Lutsk",
    "url": "https://www.instagram.com/explore/locations/104555721428490/314zza/"
  },
  {
    "id": "339772446179823",
    "name": "ESTEL Lutsk Studio",
    "city": "Lutsk",
    "url": "https://www.instagram.com/explore/locations/339772446179823/estel-lutsk-studio/"
  },
  {
    "id": "289041161460772",
    "name": "Mariastore",
    "city": "Lutsk",
    "url": "https://www.instagram.com/explore/locations/289041161460772/mariastore/"
  },
  {
    "id": "189362298389369",
    "name": "м.Луцьк пр.Волі 43",
    "city": "Lutsk",
    "url": "https://www.instagram.com/explore/locations/189362298389369/43/"
  },
  {
    "id": "107684940868205",
    "name": "Vitamin BOOM",
    "city": "Lutsk",
    "url": "https://www.instagram.com/explore/locations/107684940868205/vitamin-boom/"
  },
  {
    "id": "106685278015765",
    "name": "StarCup",
    "city": "Lutsk",
    "url": "https://www.instagram.com/explore/locations/106685278015765/starcup/"
  },
  {
    "id": "101927574689058",
    "name": "DENT AC Dentistry",
    "city": "Lutsk",
    "url": "https://www.instagram.com/explore/locations/101927574689058/dent-ac-dentistry/"
  },
  {
    "id": "1101255969931133",
    "name": "Premier City",
    "city": "Lutsk",
    "url": "https://www.instagram.com/explore/locations/1101255969931133/premier-city/"
  },
  {
    "id": "322059998204094",
    "name": "Aqua Plus",
    "city": "Lutsk",
    "url": "https://www.instagram.com/explore/locations/322059998204094/aqua-plus/"
  },
  {
    "id": "238252903",
    "name": "Opera Dance Club",
    "city": "Lutsk",
    "url": "https://www.instagram.com/explore/locations/238252903/opera-dance-club/"
  },
  {
    "id": "102386244",
    "name": "Творча кав'ярня \"Druzi Forever\"",
    "city": "Lutsk",
    "url": "https://www.instagram.com/explore/locations/102386244/druzi-forever/"
  },
  {
    "id": "106643397772039",
    "name": "tapas_yoga_lutsk",
    "city": "Lutsk",
    "url": "https://www.instagram.com/explore/locations/106643397772039/tapas_yoga_lutsk/"
  },
  {
    "id": "100608134731102",
    "name": "ЖК RIVER HOUSE",
    "city": "Lutsk",
    "url": "https://www.instagram.com/explore/locations/100608134731102/river-house/"
  },
  {
    "id": "254255221825591",
    "name": "Ковельська 22",
    "city": "Lutsk",
    "url": "https://www.instagram.com/explore/locations/254255221825591/22/"
  },
  {
    "id": "1669289026531839",
    "name": "Soprano",
    "city": "Lutsk",
    "url": "https://www.instagram.com/explore/locations/1669289026531839/soprano/"
  },
  {
    "id": "101211605915747",
    "name": "Сантехніка та техніка BUZA",
    "city": "Lutsk",
    "url": "https://www.instagram.com/explore/locations/101211605915747/buza/"
  },
  {
    "id": "638512813017216",
    "name": "WOWeffect Гранд Волинь",
    "city": "Lutsk",
    "url": "https://www.instagram.com/explore/locations/638512813017216/woweffect/"
  },
  {
    "id": "100293151688893",
    "name": "TK.promo30",
    "city": "Lutsk",
    "url": "https://www.instagram.com/explore/locations/100293151688893/tkpromo30/"
  },
  {
    "id": "1719337401681447",
    "name": "Grace Model House",
    "city": "Lutsk",
    "url": "https://www.instagram.com/explore/locations/1719337401681447/grace-model-house/"
  },
  {
    "id": "1032646083536670",
    "name": "Школа №3",
    "city": "Lutsk",
    "url": "https://www.instagram.com/explore/locations/1032646083536670/no3/"
  },
  {
    "id": "1858987481084880",
    "name": "PIZZA ПАБ",
    "city": "Lutsk",
    "url": "https://www.instagram.com/explore/locations/1858987481084880/pizza/"
  },
  {
    "id": "247151213",
    "name": "Ukraina Hotel",
    "city": "Lutsk",
    "url": "https://www.instagram.com/explore/locations/247151213/ukraina-hotel/"
  },
  {
    "id": "101254581366898",
    "name": "VCG",
    "city": "Lutsk",
    "url": "https://www.instagram.com/explore/locations/101254581366898/vcg/"
  },
  {
    "id": "231178557339393",
    "name": "Lss557",
    "city": "Lutsk",
    "url": "https://www.instagram.com/explore/locations/231178557339393/lss557/"
  },
  {
    "id": "1083059718542676",
    "name": "Art Ladies",
    "city": "Lutsk",
    "url": "https://www.instagram.com/explore/locations/1083059718542676/art-ladies/"
  },
  {
    "id": "1429736327271796",
    "name": "EbabyDay магазин дитячих товарів м. Луцьк",
    "city": "Lutsk",
    "url": "https://www.instagram.com/explore/locations/1429736327271796/ebabyday/"
  },
  {
    "id": "194976868087702",
    "name": "Beauty Center Oriflame",
    "city": "Lutsk",
    "url": "https://www.instagram.com/explore/locations/194976868087702/beauty-center-oriflame/"
  },
  {
    "id": "467552063765952",
    "name": "Specialized school #1",
    "city": "Lutsk",
    "url": "https://www.instagram.com/explore/locations/467552063765952/specialized-school-1/"
  },
  {
    "id": "100232011326979",
    "name": "BeautifulUkraine",
    "city": "Lutsk",
    "url": "https://www.instagram.com/explore/locations/100232011326979/beautifulukraine/"
  },
  {
    "id": "1254002697970382",
    "name": "Салон краси \"Malena\"",
    "city": "Lutsk",
    "url": "https://www.instagram.com/explore/locations/1254002697970382/malena/"
  },
  {
    "id": "900152133467417",
    "name": "ЗОШ №15",
    "city": "Lutsk",
    "url": "https://www.instagram.com/explore/locations/900152133467417/no15/"
  },
  {
    "id": "682795051913449",
    "name": "Ring Coffee",
    "city": "Lutsk",
    "url": "https://www.instagram.com/explore/locations/682795051913449/ring-coffee/"
  },
  {
    "id": "83255525",
    "name": "Opera",
    "city": "Lutsk",
    "url": "https://www.instagram.com/explore/locations/83255525/opera/"
  },
  {
    "id": "109988321179217",
    "name": "Barbermach Стрижки & Догляд",
    "city": "Lutsk",
    "url": "https://www.instagram.com/explore/locations/109988321179217/barbermach/"
  },
  {
    "id": "106885334866732",
    "name": "Медичний центр Medcraft",
    "city": "Lutsk",
    "url": "https://www.instagram.com/explore/locations/106885334866732/medcraft/"
  },
  {
    "id": "621521268338074",
    "name": "Medical Center Оксана Коротка",
    "city": "Lutsk",
    "url": "https://www.instagram.com/explore/locations/621521268338074/medical-center/"
  },
  {
    "id": "320947928252997",
    "name": "TUI Турагенція Порт Сіті - м. Луцьк",
    "city": "Lutsk",
    "url": "https://www.instagram.com/explore/locations/320947928252997/tui-/"
  },
  {
    "id": "1025769491",
    "name": "iPhone House Lutsk",
    "city": "Lutsk",
    "url": "https://www.instagram.com/explore/locations/1025769491/iphone-house-lutsk/"
  },
  {
    "id": "112708133507125",
    "name": "Шоу-рум Danyliuk Store",
    "city": "Lutsk",
    "url": "https://www.instagram.com/explore/locations/112708133507125/-danyliuk-store/"
  },
  {
    "id": "908422752673812",
    "name": "Kangen water Луцьк",
    "city": "Lutsk",
    "url": "https://www.instagram.com/explore/locations/908422752673812/kangen-water/"
  },
  {
    "id": "508200649381786",
    "name": "Луцьк Вул Лесі Українки52",
    "city": "Lutsk",
    "url": "https://www.instagram.com/explore/locations/508200649381786/52/"
  },
  {
    "id": "127157834634348",
    "name": "Луцьк Соборності, 28",
    "city": "Lutsk",
    "url": "https://www.instagram.com/explore/locations/127157834634348/28/"
  },
  {
    "id": "1023674899",
    "name": "Innerspace. Простір для роботи, творчості та відпочинку",
    "city": "Lutsk",
    "url": "https://www.instagram.com/explore/locations/1023674899/innerspace/"
  },
  {
    "id": "682306618804563",
    "name": "Оптика Vision",
    "city": "Lutsk",
    "url": "https://www.instagram.com/explore/locations/682306618804563/vision/"
  },
  {
    "id": "529828337538021",
    "name": "Lamark - shoes & accessories",
    "city": "Lutsk",
    "url": "https://www.instagram.com/explore/locations/529828337538021/lamark-shoes-accessories/"
  },
  {
    "id": "368013983533796",
    "name": "EVO derm",
    "city": "Lutsk",
    "url": "https://www.instagram.com/explore/locations/368013983533796/evo-derm/"
  },
  {
    "id": "109500440440539",
    "name": "Bar_banyaa",
    "city": "Lutsk",
    "url": "https://www.instagram.com/explore/locations/109500440440539/bar_banyaa/"
  },
  {
    "id": "1889558007781846",
    "name": "Yeahno",
    "city": "Lutsk",
    "url": "https://www.instagram.com/explore/locations/1889558007781846/yeahno/"
  },
  {
    "id": "581835775311282",
    "name": "Fashion men",
    "city": "Lutsk",
    "url": "https://www.instagram.com/explore/locations/581835775311282/fashion-men/"
  },
  {
    "id": "1853634071410047",
    "name": "Bandershtat/Бандерштат",
    "city": "Lutsk",
    "url": "https://www.instagram.com/explore/locations/1853634071410047/bandershtat/"
  },
  {
    "id": "554006541603361",
    "name": "Youth club \"WATERWALKERS\"",
    "city": "Lutsk",
    "url": "https://www.instagram.com/explore/locations/554006541603361/youth-club-waterwalkers/"
  },
  {
    "id": "100348096393279",
    "name": "Студія вакуумного масажу Lavender",
    "city": "Lutsk",
    "url": "https://www.instagram.com/explore/locations/100348096393279/lavender/"
  },
  {
    "id": "448907045849675",
    "name": "Студія краси Unique Style",
    "city": "Lutsk",
    "url": "https://www.instagram.com/explore/locations/448907045849675/unique-style/"
  },
  {
    "id": "282604639025918",
    "name": "вул. Степана Бандери, 15",
    "city": "Lutsk",
    "url": "https://www.instagram.com/explore/locations/282604639025918/15/"
  },
  {
    "id": "110314758508577",
    "name": "4444 Ribas Rooms",
    "city": "Lutsk",
    "url": "https://www.instagram.com/explore/locations/110314758508577/4444-ribas-rooms/"
  },
  {
    "id": "792065171168221",
    "name": "Aqua Print",
    "city": "Lutsk",
    "url": "https://www.instagram.com/explore/locations/792065171168221/aqua-print/"
  },
  {
    "id": "111889467609218",
    "name": "Pizza Celentano Lutsk",
    "city": "Lutsk",
    "url": "https://www.instagram.com/explore/locations/111889467609218/pizza-celentano-lutsk/"
  },
  {
    "id": "2097158970353311",
    "name": "socksy_lutsk",
    "city": "Lutsk",
    "url": "https://www.instagram.com/explore/locations/2097158970353311/socksy_lutsk/"
  },
  {
    "id": "116880466388707",
    "name": "Луцьк Проспект Перемоги, 18",
    "city": "Lutsk",
    "url": "https://www.instagram.com/explore/locations/116880466388707/18/"
  },
  {
    "id": "1085980064770226",
    "name": "Join Tour Турагенція Луцьк",
    "city": "Lutsk",
    "url": "https://www.instagram.com/explore/locations/1085980064770226/join-tour/"
  },
  {
    "id": "115501349991523",
    "name": "Школа Years",
    "city": "Lutsk",
    "url": "https://www.instagram.com/explore/locations/115501349991523/years/"
  },
  {
    "id": "1367099603315257",
    "name": "Волинський обласний еколого - натуралістичний центр",
    "city": "Lutsk",
    "url": "https://www.instagram.com/explore/locations/1367099603315257/-/"
  },
  {
    "id": "587484591417235",
    "name": "Auto Detailing Studio \"Carclean Ukraine\"",
    "city": "Lutsk",
    "url": "https://www.instagram.com/explore/locations/587484591417235/auto-detailing-studio-carclean-ukraine/"
  },
  {
    "id": "109092792955104",
    "name": "Бізнес-Центр \"директорія\"",
    "city": "Lutsk",
    "url": "https://www.instagram.com/explore/locations/109092792955104/-/"
  },
  {
    "id": "105167870995098",
    "name": "ТА Travel Bar - Туристичне Агентство Луцьк",
    "city": "Lutsk",
    "url": "https://www.instagram.com/explore/locations/105167870995098/travel-bar-/"
  },
  {
    "id": "525336675",
    "name": "Тренажерний Зал Joy Fitness",
    "city": "Lutsk",
    "url": "https://www.instagram.com/explore/locations/525336675/joy-fitness/"
  },
  {
    "id": "185759058687246",
    "name": "Brow House Tatuoage Makeup Studio",
    "city": "Lutsk",
    "url": "https://www.instagram.com/explore/locations/185759058687246/brow-house-tatuoage-makeup-studio/"
  },
  {
    "id": "103841611353357",
    "name": "It Step School Луцьк - школа нового покоління",
    "city": "Lutsk",
    "url": "https://www.instagram.com/explore/locations/103841611353357/it-step-school-/"
  },
  {
    "id": "1022232355",
    "name": "Sun Travel",
    "city": "Lutsk",
    "url": "https://www.instagram.com/explore/locations/1022232355/sun-travel/"
  },
  {
    "id": "179639646245808",
    "name": "Ветеринарна клініка Олтан-вет",
    "city": "Lutsk",
    "url": "https://www.instagram.com/explore/locations/179639646245808/-/"
  },
  {
    "id": "168981654022159",
    "name": "lemongrass: тайська кухня",
    "city": "Lutsk",
    "url": "https://www.instagram.com/explore/locations/168981654022159/lemongrass/"
  },
  {
    "id": "135982528626659",
    "name": "VERDI - декор і флористика",
    "city": "Lutsk",
    "url": "https://www.instagram.com/explore/locations/135982528626659/verdi-/"
  },
  {
    "id": "621507951207304",
    "name": "Space Mag",
    "city": "Lutsk",
    "url": "https://www.instagram.com/explore/locations/621507951207304/space-mag/"
  },
  {
    "id": "101262421803410",
    "name": "Dimas Sound Garage",
    "city": "Lutsk",
    "url": "https://www.instagram.com/explore/locations/101262421803410/dimas-sound-garage/"
  },
  {
    "id": "1955998174478540",
    "name": "Кибер-Арена",
    "city": "Lutsk",
    "url": "https://www.instagram.com/explore/locations/1955998174478540/-/"
  },
  {
    "id": "1325293214281959",
    "name": "RikDom",
    "city": "Lutsk",
    "url": "https://www.instagram.com/explore/locations/1325293214281959/rikdom/"
  },
  {
    "id": "551309101714857",
    "name": "Парк імені 900-Річчя Луцька",
    "city": "Lutsk",
    "url": "https://www.instagram.com/explore/locations/551309101714857/900-/"
  },
  {
    "id": "1715801905383432",
    "name": "НВК ЗОШ №9",
    "city": "Lutsk",
    "url": "https://www.instagram.com/explore/locations/1715801905383432/no9/"
  },
  {
    "id": "566177527055937",
    "name": "Vclinic",
    "city": "Lutsk",
    "url": "https://www.instagram.com/explore/locations/566177527055937/vclinic/"
  },
  {
    "id": "102323024483918",
    "name": "Салон Гранітних мийок Adamant",
    "city": "Lutsk",
    "url": "https://www.instagram.com/explore/locations/102323024483918/adamant/"
  },
  {
    "id": "103035937985697",
    "name": "Центр дитячого розвитку \"Happy School\"",
    "city": "Lutsk",
    "url": "https://www.instagram.com/explore/locations/103035937985697/happy-school/"
  },
  {
    "id": "1145635132150395",
    "name": "Луцьк,волі 27",
    "city": "Lutsk",
    "url": "https://www.instagram.com/explore/locations/1145635132150395/27/"
  },
  {
    "id": "371507103",
    "name": "Тц Гранд Волынь , Бутик Luna",
    "city": "Lutsk",
    "url": "https://www.instagram.com/explore/locations/371507103/luna/"
  },
  {
    "id": "1115767135150082",
    "name": "Євродек-М",
    "city": "Lutsk",
    "url": "https://www.instagram.com/explore/locations/1115767135150082/-/"
  },
  {
    "id": "1031214092",
    "name": "Gravity Space",
    "city": "Lutsk",
    "url": "https://www.instagram.com/explore/locations/1031214092/gravity-space/"
  },
  {
    "id": "219132752",
    "name": "Korablik",
    "city": "Lutsk",
    "url": "https://www.instagram.com/explore/locations/219132752/korablik/"
  },
  {
    "id": "100545308082221",
    "name": "Parasol'ka",
    "city": "Lutsk",
    "url": "https://www.instagram.com/explore/locations/100545308082221/parasolka/"
  },
  {
    "id": "266525608",
    "name": "Тренажерний зал \"Metal Gym\"",
    "city": "Lutsk",
    "url": "https://www.instagram.com/explore/locations/266525608/metal-gym/"
  },
  {
    "id": "175168676666359",
    "name": "Vega-art-cafe \"Your mantra\"",
    "city": "Lutsk",
    "url": "https://www.instagram.com/explore/locations/175168676666359/vega-art-cafe-your-mantra/"
  },
  {
    "id": "304285177105376",
    "name": "23/7",
    "city": "Lutsk",
    "url": "https://www.instagram.com/explore/locations/304285177105376/237/"
  },
  {
    "id": "1976122559110649",
    "name": "прсп Грушевського 30",
    "city": "Lutsk",
    "url": "https://www.instagram.com/explore/locations/1976122559110649/30/"
  },
  {
    "id": "103063314408178",
    "name": "Ринок автозапчастин \"Формула- м. Луцьк",
    "city": "Lutsk",
    "url": "https://www.instagram.com/explore/locations/103063314408178/-/"
  },
  {
    "id": "274632532710844",
    "name": "Волинська торгово-промислова палата",
    "city": "Lutsk",
    "url": "https://www.instagram.com/explore/locations/274632532710844/-/"
  },
  {
    "id": "657361645",
    "name": "Проспект Перемоги 12",
    "city": "Lutsk",
    "url": "https://www.instagram.com/explore/locations/657361645/12/"
  },
  {
    "id": "279520986110503",
    "name": "СК-ДЕНС",
    "city": "Lutsk",
    "url": "https://www.instagram.com/explore/locations/279520986110503/-/"
  },
  {
    "id": "476554935874673",
    "name": "Луцьк Вишків ABC",
    "city": "Lutsk",
    "url": "https://www.instagram.com/explore/locations/476554935874673/abc/"
  },
  {
    "id": "2091670890902627",
    "name": "Культурно-мистецький центр \"Красне\"",
    "city": "Lutsk",
    "url": "https://www.instagram.com/explore/locations/2091670890902627/-/"
  },
  {
    "id": "237468710",
    "name": "Rose Cafe Lutsk",
    "city": "Lutsk",
    "url": "https://www.instagram.com/explore/locations/237468710/rose-cafe-lutsk/"
  },
  {
    "id": "284742375757313",
    "name": "Beauty Space Team",
    "city": "Lutsk",
    "url": "https://www.instagram.com/explore/locations/284742375757313/beauty-space-team/"
  },
  {
    "id": "105821100833281",
    "name": "Magenta print",
    "city": "Lutsk",
    "url": "https://www.instagram.com/explore/locations/105821100833281/magenta-print/"
  },
  {
    "id": "329919470790912",
    "name": "ТА \"Венера-Тур\"",
    "city": "Lutsk",
    "url": "https://www.instagram.com/explore/locations/329919470790912/-/"
  },
  {
    "id": "185217788643649",
    "name": "ОСББ \"Київський Майдан 11\", м.Луцьк",
    "city": "Lutsk",
    "url": "https://www.instagram.com/explore/locations/185217788643649/11/"
  },
  {
    "id": "111494183518910",
    "name": "Ring Burger",
    "city": "Lutsk",
    "url": "https://www.instagram.com/explore/locations/111494183518910/ring-burger/"
  },
  {
    "id": "103265792267866",
    "name": "Estetuka Tila",
    "city": "Lutsk",
    "url": "https://www.instagram.com/explore/locations/103265792267866/estetuka-tila/"
  },
  {
    "id": "1931313453642831",
    "name": "Freshbeauty.space",
    "city": "Lutsk",
    "url": "https://www.instagram.com/explore/locations/1931313453642831/freshbeautyspace/"
  },
  {
    "id": "102090821243876",
    "name": "Esthetic Garage",
    "city": "Lutsk",
    "url": "https://www.instagram.com/explore/locations/102090821243876/esthetic-garage/"
  },
  {
    "id": "1704065309818233",
    "name": "Lucky Bull",
    "city": "Lutsk",
    "url": "https://www.instagram.com/explore/locations/1704065309818233/lucky-bull/"
  },
  {
    "id": "1206208152780941",
    "name": "Apple Лайф Луцьк",
    "city": "Lutsk",
    "url": "https://www.instagram.com/explore/locations/1206208152780941/apple/"
  },
  {
    "id": "1450294605275008",
    "name": "Volyň",
    "city": "Lutsk",
    "url": "https://www.instagram.com/explore/locations/1450294605275008/volyn/"
  },
  {
    "id": "493665894090851",
    "name": "Kicks Space",
    "city": "Lutsk",
    "url": "https://www.instagram.com/explore/locations/493665894090851/kicks-space/"
  },
  {
    "id": "1025779576",
    "name": "Rupes Bigfoot Distributor in Ukraine",
    "city": "Lutsk",
    "url": "https://www.instagram.com/explore/locations/1025779576/rupes-bigfoot-distributor-in-ukraine/"
  },
  {
    "id": "284482835497677",
    "name": "Дядя Pizza",
    "city": "Lutsk",
    "url": "https://www.instagram.com/explore/locations/284482835497677/pizza/"
  },
  {
    "id": "976296167",
    "name": "Diamond",
    "city": "Lutsk",
    "url": "https://www.instagram.com/explore/locations/976296167/diamond/"
  },
  {
    "id": "114973636554285",
    "name": "Your Planet",
    "city": "Lutsk",
    "url": "https://www.instagram.com/explore/locations/114973636554285/your-planet/"
  },
  {
    "id": "101376851756993",
    "name": "Оле-Арт",
    "city": "Lutsk",
    "url": "https://www.instagram.com/explore/locations/101376851756993/-/"
  },
  {
    "id": "2162249587122195",
    "name": "Центр раннього інтелектуально-естетичного розвитку \"Світлинка\"",
    "city": "Lutsk",
    "url": "https://www.instagram.com/explore/locations/2162249587122195/-/"
  },
  {
    "id": "1548025188577991",
    "name": "Omlet",
    "city": "Lutsk",
    "url": "https://www.instagram.com/explore/locations/1548025188577991/omlet/"
  },
  {
    "id": "217030592204908",
    "name": "GABAR",
    "city": "Lutsk",
    "url": "https://www.instagram.com/explore/locations/217030592204908/gabar/"
  },
  {
    "id": "333395443841894",
    "name": "Nail Me",
    "city": "Lutsk",
    "url": "https://www.instagram.com/explore/locations/333395443841894/nail-me/"
  },
  {
    "id": "123737024873764",
    "name": "Korona Vytauta",
    "city": "Lutsk",
    "url": "https://www.instagram.com/explore/locations/123737024873764/korona-vytauta/"
  },
  {
    "id": "1006116765",
    "name": "Antica",
    "city": "Lutsk",
    "url": "https://www.instagram.com/explore/locations/1006116765/antica/"
  },
  {
    "id": "242185542",
    "name": "Night club XXI century",
    "city": "Lutsk",
    "url": "https://www.instagram.com/explore/locations/242185542/night-club-xxi-century/"
  },
  {
    "id": "122366630847267",
    "name": "Фітнес центр •Sport Time•",
    "city": "Lutsk",
    "url": "https://www.instagram.com/explore/locations/122366630847267/sport-time/"
  },
  {
    "id": "103422521624082",
    "name": "All_in_beauty_center",
    "city": "Lutsk",
    "url": "https://www.instagram.com/explore/locations/103422521624082/all_in_beauty_center/"
  },
  {
    "id": "245647926091008",
    "name": "Reserved",
    "city": "Lutsk",
    "url": "https://www.instagram.com/explore/locations/245647926091008/reserved/"
  },
  {
    "id": "1655422894537762",
    "name": "Франс.уа - Луцьк",
    "city": "Lutsk",
    "url": "https://www.instagram.com/explore/locations/1655422894537762/-/"
  },
  {
    "id": "104526277742997",
    "name": "ZUBY dental studio",
    "city": "Lutsk",
    "url": "https://www.instagram.com/explore/locations/104526277742997/zuby-dental-studio/"
  },
  {
    "id": "230159050333362",
    "name": "Декор-Центр",
    "city": "Lutsk",
    "url": "https://www.instagram.com/explore/locations/230159050333362/-/"
  },
  {
    "id": "224331921534498",
    "name": "Sushi Yummy Pizza / Суші Ямі Піца",
    "city": "Lutsk",
    "url": "https://www.instagram.com/explore/locations/224331921534498/sushi-yummy-pizza/"
  },
  {
    "id": "112456884412686",
    "name": "Flower Station",
    "city": "Lutsk",
    "url": "https://www.instagram.com/explore/locations/112456884412686/flower-station/"
  },
  {
    "id": "1762411270474960",
    "name": "Школа №5",
    "city": "Lutsk",
    "url": "https://www.instagram.com/explore/locations/1762411270474960/no5/"
  },
  {
    "id": "429718874446180",
    "name": "Яровиця 4",
    "city": "Lutsk",
    "url": "https://www.instagram.com/explore/locations/429718874446180/4/"
  },
  {
    "id": "280115483834656",
    "name": "«Fo» Ресторація + Автомийка",
    "city": "Lutsk",
    "url": "https://www.instagram.com/explore/locations/280115483834656/fo/"
  },
  {
    "id": "173778273120877",
    "name": "Butik Shop",
    "city": "Lutsk",
    "url": "https://www.instagram.com/explore/locations/173778273120877/butik-shop/"
  },
  {
    "id": "109273570653948",
    "name": "Салон краси Beauty Zone - Б'юті Зон",
    "city": "Lutsk",
    "url": "https://www.instagram.com/explore/locations/109273570653948/beauty-zone-/"
  },
  {
    "id": "520320181667250",
    "name": "Gala Lashes",
    "city": "Lutsk",
    "url": "https://www.instagram.com/explore/locations/520320181667250/gala-lashes/"
  },
  {
    "id": "111351610703822",
    "name": "Перемоги 21",
    "city": "Lutsk",
    "url": "https://www.instagram.com/explore/locations/111351610703822/21/"
  },
  {
    "id": "101921541975965",
    "name": "Kraft 13",
    "city": "Lutsk",
    "url": "https://www.instagram.com/explore/locations/101921541975965/kraft-13/"
  },
  {
    "id": "1032264940",
    "name": "Beauty Art",
    "city": "Lutsk",
    "url": "https://www.instagram.com/explore/locations/1032264940/beauty-art/"
  },
  {
    "id": "1418164748319754",
    "name": "Vivasan",
    "city": "Lutsk",
    "url": "https://www.instagram.com/explore/locations/1418164748319754/vivasan/"
  },
  {
    "id": "266958110691794",
    "name": "Карабас Барабас, Волі 48",
    "city": "Lutsk",
    "url": "https://www.instagram.com/explore/locations/266958110691794/48/"
  },
  {
    "id": "432429550459625",
    "name": "MZMmodels School",
    "city": "Lutsk",
    "url": "https://www.instagram.com/explore/locations/432429550459625/mzmmodels-school/"
  },
  {
    "id": "102699694862327",
    "name": "Луцьк, Ковельська 2, Офіс-Склад Avon",
    "city": "Lutsk",
    "url": "https://www.instagram.com/explore/locations/102699694862327/2-avon/"
  },
  {
    "id": "1655886651368514",
    "name": "Sport Estet",
    "city": "Lutsk",
    "url": "https://www.instagram.com/explore/locations/1655886651368514/sport-estet/"
  },
  {
    "id": "108578373878301",
    "name": "Сирне Королівство - Луцьк",
    "city": "Lutsk",
    "url": "https://www.instagram.com/explore/locations/108578373878301/-/"
  },
  {
    "id": "100119064808977",
    "name": "Kokos Tour - Туристична компанія",
    "city": "Lutsk",
    "url": "https://www.instagram.com/explore/locations/100119064808977/kokos-tour-/"
  },
  {
    "id": "723642854426220",
    "name": "Parkas: магазин курток зі США",
    "city": "Lutsk",
    "url": "https://www.instagram.com/explore/locations/723642854426220/parkas/"
  },
  {
    "id": "106886740919901",
    "name": "Enjoy_the_world_lutsk",
    "city": "Lutsk",
    "url": "https://www.instagram.com/explore/locations/106886740919901/enjoy_the_world_lutsk/"
  },
  {
    "id": "110075305057954",
    "name": "Promenad Cafe Lutsk",
    "city": "Lutsk",
    "url": "https://www.instagram.com/explore/locations/110075305057954/promenad-cafe-lutsk/"
  },
  {
    "id": "335514292988340",
    "name": "Personality Concept Store Lutsk",
    "city": "Lutsk",
    "url": "https://www.instagram.com/explore/locations/335514292988340/personality-concept-store-lutsk/"
  },
  {
    "id": "2264289940516280",
    "name": "Салон «Гардини» м.Луцьк вул.Конякіна,30 ТЦ \"Варшавський\"",
    "city": "Lutsk",
    "url": "https://www.instagram.com/explore/locations/2264289940516280/30/"
  },
  {
    "id": "2099341877014317",
    "name": "Grimerka Studio",
    "city": "Lutsk",
    "url": "https://www.instagram.com/explore/locations/2099341877014317/grimerka-studio/"
  },
  {
    "id": "610172358",
    "name": "Zeman Lutsk",
    "city": "Lutsk",
    "url": "https://www.instagram.com/explore/locations/610172358/zeman-lutsk/"
  },
  {
    "id": "122045351796321",
    "name": "TUI Lutsk Цум",
    "city": "Lutsk",
    "url": "https://www.instagram.com/explore/locations/122045351796321/tui-lutsk/"
  },
  {
    "id": "495951377441970",
    "name": "Sikachova Nails",
    "city": "Lutsk",
    "url": "https://www.instagram.com/explore/locations/495951377441970/sikachova-nails/"
  },
  {
    "id": "112415270243114",
    "name": "Луцьк Шопена 22а",
    "city": "Lutsk",
    "url": "https://www.instagram.com/explore/locations/112415270243114/22/"
  },
  {
    "id": "1022822157",
    "name": "Бізнес-центр \"Фабрика\"",
    "city": "Lutsk",
    "url": "https://www.instagram.com/explore/locations/1022822157/-/"
  },
  {
    "id": "112423246831956",
    "name": "Корчма STEAK HOUSE",
    "city": "Lutsk",
    "url": "https://www.instagram.com/explore/locations/112423246831956/steak-house/"
  },
  {
    "id": "111893693618174",
    "name": "Hwoya",
    "city": "Lutsk",
    "url": "https://www.instagram.com/explore/locations/111893693618174/hwoya/"
  },
  {
    "id": "100961899103437",
    "name": "Бізнес-центр Прайм",
    "city": "Lutsk",
    "url": "https://www.instagram.com/explore/locations/100961899103437/-/"
  },
  {
    "id": "2069058230063926",
    "name": "ЖК Panorama",
    "city": "Lutsk",
    "url": "https://www.instagram.com/explore/locations/2069058230063926/panorama/"
  },
  {
    "id": "110360714064483",
    "name": "Набережна,4",
    "city": "Lutsk",
    "url": "https://www.instagram.com/explore/locations/110360714064483/4/"
  },
  {
    "id": "1738164463170159",
    "name": "Dress Code",
    "city": "Lutsk",
    "url": "https://www.instagram.com/explore/locations/1738164463170159/dress-code/"
  },
  {
    "id": "1707214176195963",
    "name": "Волинь24",
    "city": "Lutsk",
    "url": "https://www.instagram.com/explore/locations/1707214176195963/24/"
  },
  {
    "id": "101181731500131",
    "name": "With love",
    "city": "Lutsk",
    "url": "https://www.instagram.com/explore/locations/101181731500131/with-love/"
  },
  {
    "id": "2135623356698735",
    "name": "Візи та працевлаштування у Європі. Exosystem",
    "city": "Lutsk",
    "url": "https://www.instagram.com/explore/locations/2135623356698735/exosystem/"
  },
  {
    "id": "775363239498463",
    "name": "Hair Style Studio SergiyChirik",
    "city": "Lutsk",
    "url": "https://www.instagram.com/explore/locations/775363239498463/hair-style-studio-sergiychirik/"
  },
  {
    "id": "103946334456863",
    "name": "Kantora Beauty",
    "city": "Lutsk",
    "url": "https://www.instagram.com/explore/locations/103946334456863/kantora-beauty/"
  },
  {
    "id": "2325818690777354",
    "name": "Шопена 24",
    "city": "Lutsk",
    "url": "https://www.instagram.com/explore/locations/2325818690777354/24/"
  },
  {
    "id": "1840276542929515",
    "name": "Hug Cafe",
    "city": "Lutsk",
    "url": "https://www.instagram.com/explore/locations/1840276542929515/hug-cafe/"
  },
  {
    "id": "1441733166058390",
    "name": "Аптека-музей (Луцк)",
    "city": "Lutsk",
    "url": "https://www.instagram.com/explore/locations/1441733166058390/-/"
  },
  {
    "id": "110929715021754",
    "name": "Лео-сад. Приватний дитячий садок у Луцьку",
    "city": "Lutsk",
    "url": "https://www.instagram.com/explore/locations/110929715021754/-/"
  },
  {
    "id": "292928318240318",
    "name": "Nails for you",
    "city": "Lutsk",
    "url": "https://www.instagram.com/explore/locations/292928318240318/nails-for-you/"
  },
  {
    "id": "273092806892898",
    "name": "JYSK Ukraine",
    "city": "Lutsk",
    "url": "https://www.instagram.com/explore/locations/273092806892898/jysk-ukraine/"
  },
  {
    "id": "117308732180259",
    "name": "Кетілі Пурі - Грузія з доставкою м. Луцьк",
    "city": "Lutsk",
    "url": "https://www.instagram.com/explore/locations/117308732180259/-/"
  },
  {
    "id": "1021788833",
    "name": "Luceoria",
    "city": "Lutsk",
    "url": "https://www.instagram.com/explore/locations/1021788833/luceoria/"
  },
  {
    "id": "1892682344380973",
    "name": "Frans.ya",
    "city": "Lutsk",
    "url": "https://www.instagram.com/explore/locations/1892682344380973/fransya/"
  },
  {
    "id": "109792794586853",
    "name": "Profident",
    "city": "Lutsk",
    "url": "https://www.instagram.com/explore/locations/109792794586853/profident/"
  },
  {
    "id": "102941601759698",
    "name": "Магазин Тканей \"Zigzag\"",
    "city": "Lutsk",
    "url": "https://www.instagram.com/explore/locations/102941601759698/zigzag/"
  },
  {
    "id": "274939535",
    "name": "ART ROOM Fotostudio",
    "city": "Lutsk",
    "url": "https://www.instagram.com/explore/locations/274939535/art-room-fotostudio/"
  },
  {
    "id": "655296718257082",
    "name": "«Це Кава» Луцьк, Лесі Українки 10",
    "city": "Lutsk",
    "url": "https://www.instagram.com/explore/locations/655296718257082/10/"
  },
  {
    "id": "1401669869863608",
    "name": "Проспект Перемоги 20",
    "city": "Lutsk",
    "url": "https://www.instagram.com/explore/locations/1401669869863608/20/"
  },
  {
    "id": "100465632185194",
    "name": "IPeople Луцьк",
    "city": "Lutsk",
    "url": "https://www.instagram.com/explore/locations/100465632185194/ipeople/"
  },
  {
    "id": "220254515206517",
    "name": "Happy Kids Club",
    "city": "Lutsk",
    "url": "https://www.instagram.com/explore/locations/220254515206517/happy-kids-club/"
  },
  {
    "id": "922131124",
    "name": "Поїхали з Нами м. Луцьк вул. Єршова 11 ТЦ \"Глобус\"",
    "city": "Lutsk",
    "url": "https://www.instagram.com/explore/locations/922131124/11/"
  },
  {
    "id": "1030468577",
    "name": "Школа №11",
    "city": "Lutsk",
    "url": "https://www.instagram.com/explore/locations/1030468577/no11/"
  },
  {
    "id": "235671193611441",
    "name": "Ivanna Dar",
    "city": "Lutsk",
    "url": "https://www.instagram.com/explore/locations/235671193611441/ivanna-dar/"
  },
  {
    "id": "363608813726485",
    "name": "Maidan Pub",
    "city": "Lutsk",
    "url": "https://www.instagram.com/explore/locations/363608813726485/maidan-pub/"
  },
  {
    "id": "158376271344118",
    "name": "Луцьк, Вул Шевченка, 3 Волинська Дитячо-Юнацька Спортивна Школа",
    "city": "Lutsk",
    "url": "https://www.instagram.com/explore/locations/158376271344118/3-/"
  },
  {
    "id": "1647325038694932",
    "name": "Салон краси Diva",
    "city": "Lutsk",
    "url": "https://www.instagram.com/explore/locations/1647325038694932/diva/"
  },
  {
    "id": "109334807279941",
    "name": "Blondi Beauty & Hair Studio",
    "city": "Lutsk",
    "url": "https://www.instagram.com/explore/locations/109334807279941/blondi-beauty-hair-studio/"
  },
  {
    "id": "181773982501517",
    "name": "BLOOM LE ROOM",
    "city": "Lutsk",
    "url": "https://www.instagram.com/explore/locations/181773982501517/bloom-le-room/"
  },
  {
    "id": "151746665315156",
    "name": "КЗЗСО «Луцька гімназія # 12 Луцької міської ради»",
    "city": "Lutsk",
    "url": "https://www.instagram.com/explore/locations/151746665315156/12/"
  },
  {
    "id": "693188534100116",
    "name": "Yoga Studio Anahata",
    "city": "Lutsk",
    "url": "https://www.instagram.com/explore/locations/693188534100116/yoga-studio-anahata/"
  },
  {
    "id": "1806344846074699",
    "name": "Кав'ярня Alvaro",
    "city": "Lutsk",
    "url": "https://www.instagram.com/explore/locations/1806344846074699/alvaro/"
  },
  {
    "id": "161988087859927",
    "name": "101km",
    "city": "Lutsk",
    "url": "https://www.instagram.com/explore/locations/161988087859927/101km/"
  },
  {
    "id": "319771395506325",
    "name": "Mohito",
    "city": "Lutsk",
    "url": "https://www.instagram.com/explore/locations/319771395506325/mohito/"
  },
  {
    "id": "103403197772746",
    "name": "Present Box",
    "city": "Lutsk",
    "url": "https://www.instagram.com/explore/locations/103403197772746/present-box/"
  },
  {
    "id": "594427161067348",
    "name": "The Spiceroom Lutsk",
    "city": "Lutsk",
    "url": "https://www.instagram.com/explore/locations/594427161067348/the-spiceroom-lutsk/"
  },
  {
    "id": "112256534927237",
    "name": "ЗERNO етно бутик",
    "city": "Lutsk",
    "url": "https://www.instagram.com/explore/locations/112256534927237/erno/"
  },
  {
    "id": "312330136200551",
    "name": "Луцьк, Грушевського, 1",
    "city": "Lutsk",
    "url": "https://www.instagram.com/explore/locations/312330136200551/1/"
  },
  {
    "id": "152866555232510",
    "name": "GUSAR production",
    "city": "Lutsk",
    "url": "https://www.instagram.com/explore/locations/152866555232510/gusar-production/"
  },
  {
    "id": "1076087799149388",
    "name": "Freshline Lutsk",
    "city": "Lutsk",
    "url": "https://www.instagram.com/explore/locations/1076087799149388/freshline-lutsk/"
  },
  {
    "id": "1873120122940492",
    "name": "Family Weekend",
    "city": "Lutsk",
    "url": "https://www.instagram.com/explore/locations/1873120122940492/family-weekend/"
  },
  {
    "id": "270032643033454",
    "name": "ВолиньPost",
    "city": "Lutsk",
    "url": "https://www.instagram.com/explore/locations/270032643033454/post/"
  },
  {
    "id": "120720279327620",
    "name": "Home Comfort",
    "city": "Lutsk",
    "url": "https://www.instagram.com/explore/locations/120720279327620/home-comfort/"
  },
  {
    "id": "483138058866266",
    "name": "Голівуд / Hollywood",
    "city": "Lutsk",
    "url": "https://www.instagram.com/explore/locations/483138058866266/hollywood/"
  },
  {
    "id": "1907110802948343",
    "name": "Grill Pub Lutsk",
    "city": "Lutsk",
    "url": "https://www.instagram.com/explore/locations/1907110802948343/grill-pub-lutsk/"
  },
  {
    "id": "800161373708814",
    "name": "Альпініст / Alpinist",
    "city": "Lutsk",
    "url": "https://www.instagram.com/explore/locations/800161373708814/alpinist/"
  },
  {
    "id": "1807729859489908",
    "name": "Alina May - Beauty Studio & School",
    "city": "Lutsk",
    "url": "https://www.instagram.com/explore/locations/1807729859489908/alina-may-beauty-studio-school/"
  },
  {
    "id": "302658270517908",
    "name": "Bionic Dental Clinic -Стома-",
    "city": "Lutsk",
    "url": "https://www.instagram.com/explore/locations/302658270517908/bionic-dental-clinic-/"
  },
  {
    "id": "2081504688655087",
    "name": "Салон краси La fleur",
    "city": "Lutsk",
    "url": "https://www.instagram.com/explore/locations/2081504688655087/la-fleur/"
  },
  {
    "id": "753284308344971",
    "name": "Beauty Sisters, Студія краси",
    "city": "Lutsk",
    "url": "https://www.instagram.com/explore/locations/753284308344971/beauty-sisters/"
  },
  {
    "id": "1028720199",
    "name": "Lesya Ukrainka Estearn European National University",
    "city": "Lutsk",
    "url": "https://www.instagram.com/explore/locations/1028720199/lesya-ukrainka-estearn-european-national-university/"
  },
  {
    "id": "109928295021059",
    "name": "Lucky Фарб",
    "city": "Lutsk",
    "url": "https://www.instagram.com/explore/locations/109928295021059/lucky/"
  },
  {
    "id": "142556285602136",
    "name": "Hair Repair",
    "city": "Lutsk",
    "url": "https://www.instagram.com/explore/locations/142556285602136/hair-repair/"
  },
  {
    "id": "100530588302321",
    "name": "Medison Rent",
    "city": "Lutsk",
    "url": "https://www.instagram.com/explore/locations/100530588302321/medison-rent/"
  },
  {
    "id": "568817875",
    "name": "Косметик-центр",
    "city": "Lutsk",
    "url": "https://www.instagram.com/explore/locations/568817875/-/"
  },
  {
    "id": "802676144",
    "name": "VisitLutsk.com",
    "city": "Lutsk",
    "url": "https://www.instagram.com/explore/locations/802676144/visitlutskcom/"
  },
  {
    "id": "101328365262542",
    "name": "sanct_bernhard_ukraine",
    "city": "Lutsk",
    "url": "https://www.instagram.com/explore/locations/101328365262542/sanct_bernhard_ukraine/"
  },
  {
    "id": "232781767177907",
    "name": "Beauty & Health",
    "city": "Lutsk",
    "url": "https://www.instagram.com/explore/locations/232781767177907/beauty-health/"
  },
  {
    "id": "103955784644207",
    "name": "Medison Store",
    "city": "Lutsk",
    "url": "https://www.instagram.com/explore/locations/103955784644207/medison-store/"
  },
  {
    "id": "301197457012101",
    "name": "Platinum MedicalЛуцьк",
    "city": "Lutsk",
    "url": "https://www.instagram.com/explore/locations/301197457012101/platinum-medical/"
  },
  {
    "id": "105890402122064",
    "name": "Volleyball game",
    "city": "Lutsk",
    "url": "https://www.instagram.com/explore/locations/105890402122064/volleyball-game/"
  },
  {
    "id": "317281512247858",
    "name": "Zoo Lutsk",
    "city": "Lutsk",
    "url": "https://www.instagram.com/explore/locations/317281512247858/zoo-lutsk/"
  },
  {
    "id": "325817078",
    "name": "L'viv",
    "city": "Lutsk",
    "url": "https://www.instagram.com/explore/locations/325817078/lviv/"
  },
  {
    "id": "1015769278",
    "name": "PMBA Бізнес-Академія",
    "city": "Lutsk",
    "url": "https://www.instagram.com/explore/locations/1015769278/pmba-/"
  },
  {
    "id": "1035104148",
    "name": "Nanolex Distributor in Ukraine",
    "city": "Lutsk",
    "url": "https://www.instagram.com/explore/locations/1035104148/nanolex-distributor-in-ukraine/"
  },
  {
    "id": "1029331973",
    "name": "Magnifico Luck",
    "city": "Lutsk",
    "url": "https://www.instagram.com/explore/locations/1029331973/magnifico-luck/"
  },
  {
    "id": "264361983915493",
    "name": "Луцьк Рівненська 54",
    "city": "Lutsk",
    "url": "https://www.instagram.com/explore/locations/264361983915493/54/"
  },
  {
    "id": "136885259499064",
    "name": "Travel Agency by Katya Pavlova",
    "city": "Lutsk",
    "url": "https://www.instagram.com/explore/locations/136885259499064/travel-agency-by-katya-pavlova/"
  },
  {
    "id": "346279472175582",
    "name": "Комп‘ютерна Академія IT Step",
    "city": "Lutsk",
    "url": "https://www.instagram.com/explore/locations/346279472175582/it-step/"
  },
  {
    "id": "505551166",
    "name": "Felicita Pizza E Cucina",
    "city": "Lutsk",
    "url": "https://www.instagram.com/explore/locations/505551166/felicita-pizza-e-cucina/"
  },
  {
    "id": "2003535733230319",
    "name": "Promin Grand Central",
    "city": "Lutsk",
    "url": "https://www.instagram.com/explore/locations/2003535733230319/promin-grand-central/"
  },
  {
    "id": "2218018798477738",
    "name": "Palleta",
    "city": "Lutsk",
    "url": "https://www.instagram.com/explore/locations/2218018798477738/palleta/"
  },
  {
    "id": "1831567900413017",
    "name": "Annetka nails Lutsk",
    "city": "Lutsk",
    "url": "https://www.instagram.com/explore/locations/1831567900413017/annetka-nails-lutsk/"
  },
  {
    "id": "114536216912325",
    "name": "Історичний ф-тет ВНУ",
    "city": "Lutsk",
    "url": "https://www.instagram.com/explore/locations/114536216912325/-/"
  },
  {
    "id": "670381963131342",
    "name": "Луцьк, Пр. Перемоги 3д",
    "city": "Lutsk",
    "url": "https://www.instagram.com/explore/locations/670381963131342/3/"
  },
  {
    "id": "168451197181744",
    "name": "Студія тату VeAn Луцьк",
    "city": "Lutsk",
    "url": "https://www.instagram.com/explore/locations/168451197181744/vean/"
  },
  {
    "id": "105214055712865",
    "name": "Abrykos Кав’ярня - кондитерська",
    "city": "Lutsk",
    "url": "https://www.instagram.com/explore/locations/105214055712865/abrykos-/"
  },
  {
    "id": "126680691364330",
    "name": "Restaurant “Ukraine”",
    "city": "Lutsk",
    "url": "https://www.instagram.com/explore/locations/126680691364330/restaurant-ukraine/"
  },
  {
    "id": "2082871878616491",
    "name": "Beauty salon “diva”",
    "city": "Lutsk",
    "url": "https://www.instagram.com/explore/locations/2082871878616491/beauty-salon-diva/"
  },
  {
    "id": "346327562187488",
    "name": "Design studio 96",
    "city": "Lutsk",
    "url": "https://www.instagram.com/explore/locations/346327562187488/design-studio-96/"
  },
  {
    "id": "105228990920451",
    "name": "JYSK Ukraine",
    "city": "Lutsk",
    "url": "https://www.instagram.com/explore/locations/105228990920451/jysk-ukraine/"
  },
  {
    "id": "1909409666003457",
    "name": "Школа №2 Луцьк",
    "city": "Lutsk",
    "url": "https://www.instagram.com/explore/locations/1909409666003457/no2/"
  },
  {
    "id": "186623385247497",
    "name": "Салон итальянской обуви \"Soprano\"",
    "city": "Lutsk",
    "url": "https://www.instagram.com/explore/locations/186623385247497/soprano/"
  },
  {
    "id": "325984148183703",
    "name": "ЗупинкаШкола #5",
    "city": "Lutsk",
    "url": "https://www.instagram.com/explore/locations/325984148183703/5/"
  },
  {
    "id": "587562261756928",
    "name": "LC Waikiki",
    "city": "Lutsk",
    "url": "https://www.instagram.com/explore/locations/587562261756928/lc-waikiki/"
  },
  {
    "id": "1864793326886681",
    "name": "Babyshop.lutsk",
    "city": "Lutsk",
    "url": "https://www.instagram.com/explore/locations/1864793326886681/babyshoplutsk/"
  },
  {
    "id": "2011611918966782",
    "name": "Lss",
    "city": "Lutsk",
    "url": "https://www.instagram.com/explore/locations/2011611918966782/lss/"
  },
  {
    "id": "396208307849280",
    "name": "Kava Avenue",
    "city": "Lutsk",
    "url": "https://www.instagram.com/explore/locations/396208307849280/kava-avenue/"
  },
  {
    "id": "100738995020450",
    "name": "Pro.massage.lutsk",
    "city": "Lutsk",
    "url": "https://www.instagram.com/explore/locations/100738995020450/promassagelutsk/"
  },
  {
    "id": "233687200406151",
    "name": "PVS",
    "city": "Lutsk",
    "url": "https://www.instagram.com/explore/locations/233687200406151/pvs/"
  },
  {
    "id": "341123762958496",
    "name": "KABANOSY",
    "city": "Lutsk",
    "url": "https://www.instagram.com/explore/locations/341123762958496/kabanosy/"
  },
  {
    "id": "260188271287638",
    "name": "Винниченка 24",
    "city": "Lutsk",
    "url": "https://www.instagram.com/explore/locations/260188271287638/24/"
  },
  {
    "id": "2396251010427937",
    "name": "Луцьк, Ковельська 4",
    "city": "Lutsk",
    "url": "https://www.instagram.com/explore/locations/2396251010427937/4/"
  },
  {
    "id": "241862490039092",
    "name": "Eternity Roses",
    "city": "Lutsk",
    "url": "https://www.instagram.com/explore/locations/241862490039092/eternity-roses/"
  },
  {
    "id": "265949533273927",
    "name": "Driveon.service",
    "city": "Lutsk",
    "url": "https://www.instagram.com/explore/locations/265949533273927/driveonservice/"
  },
  {
    "id": "114090277115336",
    "name": "ROZETKA",
    "city": "Lutsk",
    "url": "https://www.instagram.com/explore/locations/114090277115336/rozetka/"
  },
  {
    "id": "120287112693845",
    "name": "Synthetic",
    "city": "Lutsk",
    "url": "https://www.instagram.com/explore/locations/120287112693845/synthetic/"
  },
  {
    "id": "2184748611800043",
    "name": "вул. Винниченка, 47",
    "city": "Lutsk",
    "url": "https://www.instagram.com/explore/locations/2184748611800043/47/"
  },
  {
    "id": "403497644",
    "name": "Estadio Avanhard",
    "city": "Lutsk",
    "url": "https://www.instagram.com/explore/locations/403497644/estadio-avanhard/"
  },
  {
    "id": "101569725288054",
    "name": "LAFA",
    "city": "Lutsk",
    "url": "https://www.instagram.com/explore/locations/101569725288054/lafa/"
  }
]