[
  {
    "id": "237159769",
    "name": "Brovary",
    "city": "Brovary",
    "url": "https://www.instagram.com/explore/locations/237159769/brovary/"
  },
  {
    "id": "1898736673695673",
    "name": "Житловий комплекс Krona Park / \"Крона Парк\"",
    "city": "Brovary",
    "url": "https://www.instagram.com/explore/locations/1898736673695673/krona-park/"
  },
  {
    "id": "100182484793435",
    "name": "ТЦ MARK MALL",
    "city": "Brovary",
    "url": "https://www.instagram.com/explore/locations/100182484793435/mark-mall/"
  },
  {
    "id": "444160589344447",
    "name": "Uno Pizza&grill",
    "city": "Brovary",
    "url": "https://www.instagram.com/explore/locations/444160589344447/uno-pizzagrill/"
  },
  {
    "id": "1008138689342435",
    "name": "Black Wood - Grill Bar",
    "city": "Brovary",
    "url": "https://www.instagram.com/explore/locations/1008138689342435/black-wood-grill-bar/"
  },
  {
    "id": "1022630867",
    "name": "SOUS CAFE",
    "city": "Brovary",
    "url": "https://www.instagram.com/explore/locations/1022630867/sous-cafe/"
  },
  {
    "id": "1674192979542539",
    "name": "TotalFitness",
    "city": "Brovary",
    "url": "https://www.instagram.com/explore/locations/1674192979542539/totalfitness/"
  },
  {
    "id": "100764065",
    "name": "Party Bar 911",
    "city": "Brovary",
    "url": "https://www.instagram.com/explore/locations/100764065/party-bar-911/"
  },
  {
    "id": "960331874",
    "name": "Ресторан La Terrassa Cafe",
    "city": "Brovary",
    "url": "https://www.instagram.com/explore/locations/960331874/la-terrassa-cafe/"
  },
  {
    "id": "1033099237",
    "name": "Житловий Комплекс \"Palladium\"",
    "city": "Brovary",
    "url": "https://www.instagram.com/explore/locations/1033099237/palladium/"
  },
  {
    "id": "235791512",
    "name": "Brovary City",
    "city": "Brovary",
    "url": "https://www.instagram.com/explore/locations/235791512/brovary-city/"
  },
  {
    "id": "994748017233735",
    "name": "Secret Place",
    "city": "Brovary",
    "url": "https://www.instagram.com/explore/locations/994748017233735/secret-place/"
  },
  {
    "id": "1952894631659313",
    "name": "Green Fit",
    "city": "Brovary",
    "url": "https://www.instagram.com/explore/locations/1952894631659313/green-fit/"
  },
  {
    "id": "788039922",
    "name": "Brick Cake",
    "city": "Brovary",
    "url": "https://www.instagram.com/explore/locations/788039922/brick-cake/"
  },
  {
    "id": "1028434605",
    "name": "Концерт-Холл \"Терминал\"",
    "city": "Brovary",
    "url": "https://www.instagram.com/explore/locations/1028434605/-/"
  },
  {
    "id": "369552622",
    "name": "Goll Gym",
    "city": "Brovary",
    "url": "https://www.instagram.com/explore/locations/369552622/goll-gym/"
  },
  {
    "id": "108015431346559",
    "name": "Simon Coffee Bar",
    "city": "Brovary",
    "url": "https://www.instagram.com/explore/locations/108015431346559/simon-coffee-bar/"
  },
  {
    "id": "101054235029652",
    "name": "Guffo",
    "city": "Brovary",
    "url": "https://www.instagram.com/explore/locations/101054235029652/guffo/"
  },
  {
    "id": "178870802722387",
    "name": "Bizzu - Салон для Животных Бровари",
    "city": "Brovary",
    "url": "https://www.instagram.com/explore/locations/178870802722387/bizzu-/"
  },
  {
    "id": "127604411170278",
    "name": "Лісовий Квартал. вул. Київська 247",
    "city": "Brovary",
    "url": "https://www.instagram.com/explore/locations/127604411170278/247/"
  },
  {
    "id": "459984817703234",
    "name": "ТЦ “БУТІК”－Бровари",
    "city": "Brovary",
    "url": "https://www.instagram.com/explore/locations/459984817703234/-/"
  },
  {
    "id": "681532667",
    "name": "VIP Studio: салон краси в м.Бровари",
    "city": "Brovary",
    "url": "https://www.instagram.com/explore/locations/681532667/vip-studio/"
  },
  {
    "id": "824909314568793",
    "name": "Салон красоты La Familia salon - семейная парикмахерская, Гагарина Бровары",
    "city": "Brovary",
    "url": "https://www.instagram.com/explore/locations/824909314568793/la-familia-salon-/"
  },
  {
    "id": "238252516",
    "name": "Картинг-Центр \"Терминал\"",
    "city": "Brovary",
    "url": "https://www.instagram.com/explore/locations/238252516/-/"
  },
  {
    "id": "107821764817311",
    "name": "Kaif 221",
    "city": "Brovary",
    "url": "https://www.instagram.com/explore/locations/107821764817311/kaif-221/"
  },
  {
    "id": "1024377644",
    "name": "Варшава Pole Dance",
    "city": "Brovary",
    "url": "https://www.instagram.com/explore/locations/1024377644/pole-dance/"
  },
  {
    "id": "113964546964177",
    "name": "by_magic.salon",
    "city": "Brovary",
    "url": "https://www.instagram.com/explore/locations/113964546964177/by_magicsalon/"
  },
  {
    "id": "1805727786380002",
    "name": "Bright",
    "city": "Brovary",
    "url": "https://www.instagram.com/explore/locations/1805727786380002/bright/"
  },
  {
    "id": "109921058095204",
    "name": "Студія La Familia salon VIP - мережа салонів краси, Київська 161, Бровари",
    "city": "Brovary",
    "url": "https://www.instagram.com/explore/locations/109921058095204/la-familia-salon-vip-161/"
  },
  {
    "id": "1004224076300633",
    "name": "МАНГАЛ-ПАРК",
    "city": "Brovary",
    "url": "https://www.instagram.com/explore/locations/1004224076300633/-/"
  },
  {
    "id": "267203714205034",
    "name": "Newtone Brovary",
    "city": "Brovary",
    "url": "https://www.instagram.com/explore/locations/267203714205034/newtone-brovary/"
  },
  {
    "id": "108483527318958",
    "name": "Ах, Odessa",
    "city": "Brovary",
    "url": "https://www.instagram.com/explore/locations/108483527318958/odessa/"
  },
  {
    "id": "1027624012",
    "name": "Rodos",
    "city": "Brovary",
    "url": "https://www.instagram.com/explore/locations/1027624012/rodos/"
  },
  {
    "id": "287297955047647",
    "name": "Beauty Box",
    "city": "Brovary",
    "url": "https://www.instagram.com/explore/locations/287297955047647/beauty-box/"
  },
  {
    "id": "184903901911404",
    "name": "Photo & Beauty Studio Loft",
    "city": "Brovary",
    "url": "https://www.instagram.com/explore/locations/184903901911404/photo-beauty-studio-loft/"
  },
  {
    "id": "951489749",
    "name": "Грушевського 7, Бровари",
    "city": "Brovary",
    "url": "https://www.instagram.com/explore/locations/951489749/7/"
  },
  {
    "id": "243941059395365",
    "name": "Клініка естетичної медицини \"Niagara\"",
    "city": "Brovary",
    "url": "https://www.instagram.com/explore/locations/243941059395365/niagara/"
  },
  {
    "id": "1027622957349981",
    "name": "Фермер - ресторація пива та м'яса, м. Бровари",
    "city": "Brovary",
    "url": "https://www.instagram.com/explore/locations/1027622957349981/-/"
  },
  {
    "id": "912795318846395",
    "name": "English Outdoor",
    "city": "Brovary",
    "url": "https://www.instagram.com/explore/locations/912795318846395/english-outdoor/"
  },
  {
    "id": "218413032335426",
    "name": "Грушевского 9/1 Бровары",
    "city": "Brovary",
    "url": "https://www.instagram.com/explore/locations/218413032335426/91/"
  },
  {
    "id": "383134282182855",
    "name": "Shpagat Dance Studio Бровары",
    "city": "Brovary",
    "url": "https://www.instagram.com/explore/locations/383134282182855/shpagat-dance-studio/"
  },
  {
    "id": "111489806951910",
    "name": "Together Hub",
    "city": "Brovary",
    "url": "https://www.instagram.com/explore/locations/111489806951910/together-hub/"
  },
  {
    "id": "1026476473",
    "name": "YU-NA studio",
    "city": "Brovary",
    "url": "https://www.instagram.com/explore/locations/1026476473/yu-na-studio/"
  },
  {
    "id": "1019582928",
    "name": "Салон краси Voyage",
    "city": "Brovary",
    "url": "https://www.instagram.com/explore/locations/1019582928/voyage/"
  },
  {
    "id": "107613284149996",
    "name": "Жк Лісовий Квартал Будинок 249",
    "city": "Brovary",
    "url": "https://www.instagram.com/explore/locations/107613284149996/249/"
  },
  {
    "id": "2162651197385383",
    "name": "Лісовий Квартал 245",
    "city": "Brovary",
    "url": "https://www.instagram.com/explore/locations/2162651197385383/245/"
  },
  {
    "id": "440413859830577",
    "name": "NEFORMAT sport club",
    "city": "Brovary",
    "url": "https://www.instagram.com/explore/locations/440413859830577/neformat-sport-club/"
  },
  {
    "id": "321446095466614",
    "name": "Sk Patriot",
    "city": "Brovary",
    "url": "https://www.instagram.com/explore/locations/321446095466614/sk-patriot/"
  },
  {
    "id": "303262238",
    "name": "Terminal Mall, Brovary",
    "city": "Brovary",
    "url": "https://www.instagram.com/explore/locations/303262238/terminal-mall-brovary/"
  },
  {
    "id": "2011237105854154",
    "name": "Pizzburg",
    "city": "Brovary",
    "url": "https://www.instagram.com/explore/locations/2011237105854154/pizzburg/"
  },
  {
    "id": "110026547150126",
    "name": "Rock School",
    "city": "Brovary",
    "url": "https://www.instagram.com/explore/locations/110026547150126/rock-school/"
  },
  {
    "id": "307923409639014",
    "name": "BBQ Бровари",
    "city": "Brovary",
    "url": "https://www.instagram.com/explore/locations/307923409639014/bbq/"
  },
  {
    "id": "101471902145364",
    "name": "i.ne.tilki",
    "city": "Brovary",
    "url": "https://www.instagram.com/explore/locations/101471902145364/inetilki/"
  },
  {
    "id": "957537733",
    "name": "Grand Sport Hotel - Бровары",
    "city": "Brovary",
    "url": "https://www.instagram.com/explore/locations/957537733/grand-sport-hotel-/"
  },
  {
    "id": "967244064",
    "name": "ОРЕХ, паб-кофейня",
    "city": "Brovary",
    "url": "https://www.instagram.com/explore/locations/967244064/-/"
  },
  {
    "id": "185682972035593",
    "name": "Бровары Гагарина 30 Легкоатлетический Манеж",
    "city": "Brovary",
    "url": "https://www.instagram.com/explore/locations/185682972035593/30/"
  },
  {
    "id": "894036211",
    "name": "Бровары, ул. Шевченко , 10, Бассейн \"купава\"",
    "city": "Brovary",
    "url": "https://www.instagram.com/explore/locations/894036211/10/"
  },
  {
    "id": "1023266663",
    "name": "Art Customs Service",
    "city": "Brovary",
    "url": "https://www.instagram.com/explore/locations/1023266663/art-customs-service/"
  },
  {
    "id": "103340584764578",
    "name": "Beauty Hub - Територія краси",
    "city": "Brovary",
    "url": "https://www.instagram.com/explore/locations/103340584764578/beauty-hub-/"
  },
  {
    "id": "1024258395",
    "name": "Gloria-Home",
    "city": "Brovary",
    "url": "https://www.instagram.com/explore/locations/1024258395/gloria-home/"
  },
  {
    "id": "565138847006755",
    "name": "Центр красоты LA",
    "city": "Brovary",
    "url": "https://www.instagram.com/explore/locations/565138847006755/la/"
  },
  {
    "id": "115276880118606",
    "name": "Love & Sushi",
    "city": "Brovary",
    "url": "https://www.instagram.com/explore/locations/115276880118606/love-sushi/"
  },
  {
    "id": "110768113690888",
    "name": "Салон краси \"Your Style\"",
    "city": "Brovary",
    "url": "https://www.instagram.com/explore/locations/110768113690888/your-style/"
  },
  {
    "id": "1022689751",
    "name": "VIPdar",
    "city": "Brovary",
    "url": "https://www.instagram.com/explore/locations/1022689751/vipdar/"
  },
  {
    "id": "343662309695318",
    "name": "Студия тату и пирсинга VeAn Tattoo Бровары",
    "city": "Brovary",
    "url": "https://www.instagram.com/explore/locations/343662309695318/vean-tattoo/"
  },
  {
    "id": "446530132414487",
    "name": "Tattoo Space / Мама Не Ругай",
    "city": "Brovary",
    "url": "https://www.instagram.com/explore/locations/446530132414487/tattoo-space/"
  },
  {
    "id": "1026002814",
    "name": "Фотостудия Арт-Квартира",
    "city": "Brovary",
    "url": "https://www.instagram.com/explore/locations/1026002814/-/"
  },
  {
    "id": "111940933501375",
    "name": "KaiFood bar brovary",
    "city": "Brovary",
    "url": "https://www.instagram.com/explore/locations/111940933501375/kaifood-bar-brovary/"
  },
  {
    "id": "309208149806014",
    "name": "Школа #10",
    "city": "Brovary",
    "url": "https://www.instagram.com/explore/locations/309208149806014/10/"
  },
  {
    "id": "329276330272567",
    "name": "Felicità Creative Studio",
    "city": "Brovary",
    "url": "https://www.instagram.com/explore/locations/329276330272567/felicita-creative-studio/"
  },
  {
    "id": "1571220216306036",
    "name": "Frisor Barbershop Brovary",
    "city": "Brovary",
    "url": "https://www.instagram.com/explore/locations/1571220216306036/frisor-barbershop-brovary/"
  },
  {
    "id": "101317112302031",
    "name": "Monomax School",
    "city": "Brovary",
    "url": "https://www.instagram.com/explore/locations/101317112302031/monomax-school/"
  },
  {
    "id": "1023163085",
    "name": "Gastro Bar Biblioteka",
    "city": "Brovary",
    "url": "https://www.instagram.com/explore/locations/1023163085/gastro-bar-biblioteka/"
  },
  {
    "id": "1004465526",
    "name": "СТО AFS service",
    "city": "Brovary",
    "url": "https://www.instagram.com/explore/locations/1004465526/afs-service/"
  },
  {
    "id": "655822281257734",
    "name": "Lounge Bar Wood",
    "city": "Brovary",
    "url": "https://www.instagram.com/explore/locations/655822281257734/lounge-bar-wood/"
  },
  {
    "id": "106265754324802",
    "name": "Студия танца на Пилоне MM Dreams",
    "city": "Brovary",
    "url": "https://www.instagram.com/explore/locations/106265754324802/mm-dreams/"
  },
  {
    "id": "419285190",
    "name": "Школа #7 Бровары",
    "city": "Brovary",
    "url": "https://www.instagram.com/explore/locations/419285190/7/"
  },
  {
    "id": "1019582588",
    "name": "Madam's Wedding",
    "city": "Brovary",
    "url": "https://www.instagram.com/explore/locations/1019582588/madams-wedding/"
  },
  {
    "id": "353049211559162",
    "name": "Бровар-Хоф",
    "city": "Brovary",
    "url": "https://www.instagram.com/explore/locations/353049211559162/-/"
  },
  {
    "id": "1022033837",
    "name": "Житловий будинок: Грушевського, 21",
    "city": "Brovary",
    "url": "https://www.instagram.com/explore/locations/1022033837/21/"
  },
  {
    "id": "386928625038295",
    "name": "STEM-школа Inventor Бровари",
    "city": "Brovary",
    "url": "https://www.instagram.com/explore/locations/386928625038295/stem-inventor/"
  },
  {
    "id": "112464317257124",
    "name": "Бровари, Трц \"термінал- Льодова Арена",
    "city": "Brovary",
    "url": "https://www.instagram.com/explore/locations/112464317257124/-/"
  },
  {
    "id": "318652082029260",
    "name": "Житловий комплекс Madison Gardens / Медісон Гарденс",
    "city": "Brovary",
    "url": "https://www.instagram.com/explore/locations/318652082029260/madison-gardens/"
  },
  {
    "id": "194392201045376",
    "name": "Office Avon",
    "city": "Brovary",
    "url": "https://www.instagram.com/explore/locations/194392201045376/office-avon/"
  },
  {
    "id": "143597062957018",
    "name": "Бровари, Сергія Москаленка 16",
    "city": "Brovary",
    "url": "https://www.instagram.com/explore/locations/143597062957018/16/"
  },
  {
    "id": "672904673095819",
    "name": "ЖК Krona Park 2",
    "city": "Brovary",
    "url": "https://www.instagram.com/explore/locations/672904673095819/krona-park-2/"
  },
  {
    "id": "98047556",
    "name": "Radio Intense",
    "city": "Brovary",
    "url": "https://www.instagram.com/explore/locations/98047556/radio-intense/"
  },
  {
    "id": "1617227301831437",
    "name": "Голландiя 1594",
    "city": "Brovary",
    "url": "https://www.instagram.com/explore/locations/1617227301831437/i-1594/"
  },
  {
    "id": "125664231454158",
    "name": "Бровари, Вул. Київська 243 А",
    "city": "Brovary",
    "url": "https://www.instagram.com/explore/locations/125664231454158/243/"
  },
  {
    "id": "2392027930886200",
    "name": "Big Cup",
    "city": "Brovary",
    "url": "https://www.instagram.com/explore/locations/2392027930886200/big-cup/"
  },
  {
    "id": "1621006364797216",
    "name": "Feel The Beat",
    "city": "Brovary",
    "url": "https://www.instagram.com/explore/locations/1621006364797216/feel-the-beat/"
  },
  {
    "id": "105521164142643",
    "name": "ТепЛиця - Культурно-інноваційна платформа",
    "city": "Brovary",
    "url": "https://www.instagram.com/explore/locations/105521164142643/-/"
  },
  {
    "id": "498254490382465",
    "name": "Oliver Grill&Wine Cafe - Бровары",
    "city": "Brovary",
    "url": "https://www.instagram.com/explore/locations/498254490382465/oliver-grillwine-cafe-/"
  },
  {
    "id": "1388459421272580",
    "name": "La Familia salon - мережа салонів краси, Москаленко 25 Бровары",
    "city": "Brovary",
    "url": "https://www.instagram.com/explore/locations/1388459421272580/la-familia-salon-25/"
  },
  {
    "id": "2032222097104072",
    "name": "Alpha medical",
    "city": "Brovary",
    "url": "https://www.instagram.com/explore/locations/2032222097104072/alpha-medical/"
  },
  {
    "id": "105089004423708",
    "name": "Desired Skin",
    "city": "Brovary",
    "url": "https://www.instagram.com/explore/locations/105089004423708/desired-skin/"
  },
  {
    "id": "106078081357210",
    "name": "Mimi Coffee Pinza",
    "city": "Brovary",
    "url": "https://www.instagram.com/explore/locations/106078081357210/mimi-coffee-pinza/"
  },
  {
    "id": "995927120484111",
    "name": "Глибочицька 17",
    "city": "Brovary",
    "url": "https://www.instagram.com/explore/locations/995927120484111/17/"
  },
  {
    "id": "497817133899878",
    "name": "Школа #9, Бровари",
    "city": "Brovary",
    "url": "https://www.instagram.com/explore/locations/497817133899878/9/"
  },
  {
    "id": "701838330200798",
    "name": "У Лiсi",
    "city": "Brovary",
    "url": "https://www.instagram.com/explore/locations/701838330200798/ii/"
  },
  {
    "id": "196792553673968",
    "name": "Дитячий клуб SmileFeet",
    "city": "Brovary",
    "url": "https://www.instagram.com/explore/locations/196792553673968/smilefeet/"
  },
  {
    "id": "441108976438195",
    "name": "Бровары, Черновола 2а",
    "city": "Brovary",
    "url": "https://www.instagram.com/explore/locations/441108976438195/2/"
  },
  {
    "id": "328579927996046",
    "name": "Центр сенсорної інтеграції та корекції мовлення «Tomatis-Brovary»",
    "city": "Brovary",
    "url": "https://www.instagram.com/explore/locations/328579927996046/tomatis-brovary/"
  },
  {
    "id": "217285112980441",
    "name": "Beauty Base Studio",
    "city": "Brovary",
    "url": "https://www.instagram.com/explore/locations/217285112980441/beauty-base-studio/"
  },
  {
    "id": "107194724873126",
    "name": "KAIF 221",
    "city": "Brovary",
    "url": "https://www.instagram.com/explore/locations/107194724873126/kaif-221/"
  },
  {
    "id": "347972782276899",
    "name": "Studio Bamboo",
    "city": "Brovary",
    "url": "https://www.instagram.com/explore/locations/347972782276899/studio-bamboo/"
  },
  {
    "id": "174547079797457",
    "name": "Kuznya club brovary",
    "city": "Brovary",
    "url": "https://www.instagram.com/explore/locations/174547079797457/kuznya-club-brovary/"
  },
  {
    "id": "106607914408370",
    "name": "Ilona_Vakarchuk permanent make up centre",
    "city": "Brovary",
    "url": "https://www.instagram.com/explore/locations/106607914408370/ilona_vakarchuk-permanent-make-up-centre/"
  },
  {
    "id": "1016822478",
    "name": "Профі-Сервіс",
    "city": "Brovary",
    "url": "https://www.instagram.com/explore/locations/1016822478/-/"
  },
  {
    "id": "110636570778623",
    "name": "Студия флористики и Handmade",
    "city": "Brovary",
    "url": "https://www.instagram.com/explore/locations/110636570778623/handmade/"
  },
  {
    "id": "1201217086714224",
    "name": "Бровары, Киевская ул., 245",
    "city": "Brovary",
    "url": "https://www.instagram.com/explore/locations/1201217086714224/245/"
  },
  {
    "id": "102729791122131",
    "name": "Make Up Room L.Pohodzey",
    "city": "Brovary",
    "url": "https://www.instagram.com/explore/locations/102729791122131/make-up-room-lpohodzey/"
  },
  {
    "id": "1028263241",
    "name": "QueensClub",
    "city": "Brovary",
    "url": "https://www.instagram.com/explore/locations/1028263241/queensclub/"
  },
  {
    "id": "166803614087247",
    "name": "Студія танців - Brovary Social Dance",
    "city": "Brovary",
    "url": "https://www.instagram.com/explore/locations/166803614087247/-brovary-social-dance/"
  },
  {
    "id": "436390583359435",
    "name": "Star Pizza Brovary",
    "city": "Brovary",
    "url": "https://www.instagram.com/explore/locations/436390583359435/star-pizza-brovary/"
  },
  {
    "id": "153231991923119",
    "name": "СТО Дарница 1 Бровары",
    "city": "Brovary",
    "url": "https://www.instagram.com/explore/locations/153231991923119/1/"
  },
  {
    "id": "1713025782297754",
    "name": "MOVA - англійська в Броварах",
    "city": "Brovary",
    "url": "https://www.instagram.com/explore/locations/1713025782297754/mova-/"
  },
  {
    "id": "683840305135821",
    "name": "Decopak майстерня неперевершених вражень",
    "city": "Brovary",
    "url": "https://www.instagram.com/explore/locations/683840305135821/decopak/"
  },
  {
    "id": "104991515646349",
    "name": "Академія It STEP, Бровари",
    "city": "Brovary",
    "url": "https://www.instagram.com/explore/locations/104991515646349/it-step/"
  },
  {
    "id": "414458072646873",
    "name": "ЖК Лавандовий / Lavandoviy",
    "city": "Brovary",
    "url": "https://www.instagram.com/explore/locations/414458072646873/lavandoviy/"
  },
  {
    "id": "1748084061902719",
    "name": "Brovary, S.moskalenka 16 Brovarskiy Rinok In Torgmash.",
    "city": "Brovary",
    "url": "https://www.instagram.com/explore/locations/1748084061902719/brovary-smoskalenka-16-brovarskiy-rinok-in-torgmash/"
  },
  {
    "id": "110843645450822",
    "name": "Princess Spa Brovary",
    "city": "Brovary",
    "url": "https://www.instagram.com/explore/locations/110843645450822/princess-spa-brovary/"
  },
  {
    "id": "101411135631429",
    "name": "Pole dance Бровари NEON TWINS",
    "city": "Brovary",
    "url": "https://www.instagram.com/explore/locations/101411135631429/pole-dance-neon-twins/"
  },
  {
    "id": "963778732",
    "name": "Body-Flex в Броварах",
    "city": "Brovary",
    "url": "https://www.instagram.com/explore/locations/963778732/body-flex/"
  },
  {
    "id": "280624755965045",
    "name": "Piano.Coffee",
    "city": "Brovary",
    "url": "https://www.instagram.com/explore/locations/280624755965045/pianocoffee/"
  },
  {
    "id": "940664712989721",
    "name": "ART AUTO Expert",
    "city": "Brovary",
    "url": "https://www.instagram.com/explore/locations/940664712989721/art-auto-expert/"
  },
  {
    "id": "135426805",
    "name": "Queens",
    "city": "Brovary",
    "url": "https://www.instagram.com/explore/locations/135426805/queens/"
  },
  {
    "id": "181718682713718",
    "name": "Бровари вул. Київська 234",
    "city": "Brovary",
    "url": "https://www.instagram.com/explore/locations/181718682713718/234/"
  },
  {
    "id": "367566463590684",
    "name": "The Lash&brow Beauty Bar",
    "city": "Brovary",
    "url": "https://www.instagram.com/explore/locations/367566463590684/the-lashbrow-beauty-bar/"
  },
  {
    "id": "111411074895133",
    "name": "Косметолог Бровари «Skin care by Prudska»",
    "city": "Brovary",
    "url": "https://www.instagram.com/explore/locations/111411074895133/skin-care-by-prudska/"
  },
  {
    "id": "1896519620612083",
    "name": "Domino’s Pizza",
    "city": "Brovary",
    "url": "https://www.instagram.com/explore/locations/1896519620612083/dominos-pizza/"
  },
  {
    "id": "36478963",
    "name": "Ресторан Limon",
    "city": "Brovary",
    "url": "https://www.instagram.com/explore/locations/36478963/limon/"
  },
  {
    "id": "375729142846006",
    "name": "Базилик Family Cafe",
    "city": "Brovary",
    "url": "https://www.instagram.com/explore/locations/375729142846006/family-cafe/"
  },
  {
    "id": "940709266115060",
    "name": "АПК-Ресурс",
    "city": "Brovary",
    "url": "https://www.instagram.com/explore/locations/940709266115060/-/"
  },
  {
    "id": "256343044780858",
    "name": "Holland1594",
    "city": "Brovary",
    "url": "https://www.instagram.com/explore/locations/256343044780858/holland1594/"
  },
  {
    "id": "281920628844711",
    "name": "Маникюр Покрытие гель-лаком Наращивание Коррекция Бровары",
    "city": "Brovary",
    "url": "https://www.instagram.com/explore/locations/281920628844711/-/"
  },
  {
    "id": "104010689233953",
    "name": "desna.drive",
    "city": "Brovary",
    "url": "https://www.instagram.com/explore/locations/104010689233953/desnadrive/"
  },
  {
    "id": "105257658891321",
    "name": "Nova_krasatakava",
    "city": "Brovary",
    "url": "https://www.instagram.com/explore/locations/105257658891321/nova_krasatakava/"
  },
  {
    "id": "2072244533006793",
    "name": "Броварська Загальноосвітня школа І-ІІІ ст. №2",
    "city": "Brovary",
    "url": "https://www.instagram.com/explore/locations/2072244533006793/-no2/"
  },
  {
    "id": "1024204801",
    "name": "Drago.Lounge Coffee",
    "city": "Brovary",
    "url": "https://www.instagram.com/explore/locations/1024204801/dragolounge-coffee/"
  },
  {
    "id": "104686150913206",
    "name": "kvitka_brovary",
    "city": "Brovary",
    "url": "https://www.instagram.com/explore/locations/104686150913206/kvitka_brovary/"
  },
  {
    "id": "741088917",
    "name": "Brovary",
    "city": "Brovary",
    "url": "https://www.instagram.com/explore/locations/741088917/brovary/"
  },
  {
    "id": "1135159049901450",
    "name": "Фитнес-центр «Тонус»",
    "city": "Brovary",
    "url": "https://www.instagram.com/explore/locations/1135159049901450/-/"
  },
  {
    "id": "106999731653219",
    "name": "ultralounge_brovary",
    "city": "Brovary",
    "url": "https://www.instagram.com/explore/locations/106999731653219/ultralounge_brovary/"
  },
  {
    "id": "1005893951",
    "name": "Салон-парикмахерская \"Эя\"",
    "city": "Brovary",
    "url": "https://www.instagram.com/explore/locations/1005893951/-/"
  },
  {
    "id": "270505950287475",
    "name": "Ds_avto.ua",
    "city": "Brovary",
    "url": "https://www.instagram.com/explore/locations/270505950287475/ds_avtoua/"
  },
  {
    "id": "107928544379895",
    "name": "Artero Ukraine",
    "city": "Brovary",
    "url": "https://www.instagram.com/explore/locations/107928544379895/artero-ukraine/"
  },
  {
    "id": "104541082393528",
    "name": "BlackWood Kids",
    "city": "Brovary",
    "url": "https://www.instagram.com/explore/locations/104541082393528/blackwood-kids/"
  },
  {
    "id": "2044521162446860",
    "name": "Студія манікюру by Tetyanu Sunduk",
    "city": "Brovary",
    "url": "https://www.instagram.com/explore/locations/2044521162446860/by-tetyanu-sunduk/"
  },
  {
    "id": "7659436",
    "name": "Pozitiv",
    "city": "Brovary",
    "url": "https://www.instagram.com/explore/locations/7659436/pozitiv/"
  },
  {
    "id": "760921636",
    "name": "Forest",
    "city": "Brovary",
    "url": "https://www.instagram.com/explore/locations/760921636/forest/"
  },
  {
    "id": "265156547",
    "name": "Party Bar Biblioteka",
    "city": "Brovary",
    "url": "https://www.instagram.com/explore/locations/265156547/party-bar-biblioteka/"
  },
  {
    "id": "500285690779003",
    "name": "Brovary",
    "city": "Brovary",
    "url": "https://www.instagram.com/explore/locations/500285690779003/brovary/"
  },
  {
    "id": "1033376546",
    "name": "Симоненко, 4, жк \"купава\"",
    "city": "Brovary",
    "url": "https://www.instagram.com/explore/locations/1033376546/4/"
  },
  {
    "id": "257047185",
    "name": "Max Mayar",
    "city": "Brovary",
    "url": "https://www.instagram.com/explore/locations/257047185/max-mayar/"
  },
  {
    "id": "1035296055",
    "name": "Стоматологія Dobrodent Бровари",
    "city": "Brovary",
    "url": "https://www.instagram.com/explore/locations/1035296055/dobrodent/"
  },
  {
    "id": "248019692746472",
    "name": "G-Room Груминг Бровары",
    "city": "Brovary",
    "url": "https://www.instagram.com/explore/locations/248019692746472/g-room/"
  },
  {
    "id": "273742386490536",
    "name": "Rebrew",
    "city": "Brovary",
    "url": "https://www.instagram.com/explore/locations/273742386490536/rebrew/"
  },
  {
    "id": "104233308763748",
    "name": "Space of dreams",
    "city": "Brovary",
    "url": "https://www.instagram.com/explore/locations/104233308763748/space-of-dreams/"
  },
  {
    "id": "349600182208272",
    "name": "Голландська пекарня 21.3",
    "city": "Brovary",
    "url": "https://www.instagram.com/explore/locations/349600182208272/213/"
  },
  {
    "id": "109169340473281",
    "name": "Бровакар Дизель Сервіс \"Diesel BOX\"",
    "city": "Brovary",
    "url": "https://www.instagram.com/explore/locations/109169340473281/diesel-box/"
  },
  {
    "id": "866944833474551",
    "name": "Tattoo Studio Beytattoo",
    "city": "Brovary",
    "url": "https://www.instagram.com/explore/locations/866944833474551/tattoo-studio-beytattoo/"
  },
  {
    "id": "476147639555379",
    "name": "Школа N9",
    "city": "Brovary",
    "url": "https://www.instagram.com/explore/locations/476147639555379/n9/"
  },
  {
    "id": "1894378417323904",
    "name": "Pizzburg",
    "city": "Brovary",
    "url": "https://www.instagram.com/explore/locations/1894378417323904/pizzburg/"
  },
  {
    "id": "100109915382044",
    "name": "Стоматологія PEARL м.Бровари",
    "city": "Brovary",
    "url": "https://www.instagram.com/explore/locations/100109915382044/pearl/"
  },
  {
    "id": "2412649882207326",
    "name": "Va Leria Магазин аніме-товарів та дитячого одягу",
    "city": "Brovary",
    "url": "https://www.instagram.com/explore/locations/2412649882207326/va-leria-/"
  },
  {
    "id": "246227441",
    "name": "Школа #5",
    "city": "Brovary",
    "url": "https://www.instagram.com/explore/locations/246227441/5/"
  },
  {
    "id": "404223516756744",
    "name": "Pineapple service",
    "city": "Brovary",
    "url": "https://www.instagram.com/explore/locations/404223516756744/pineapple-service/"
  },
  {
    "id": "505811783231943",
    "name": "Броварський ліцей 7",
    "city": "Brovary",
    "url": "https://www.instagram.com/explore/locations/505811783231943/7/"
  },
  {
    "id": "234767671225253",
    "name": "Масаж у Броварах «Fabrika Tela»",
    "city": "Brovary",
    "url": "https://www.instagram.com/explore/locations/234767671225253/fabrika-tela/"
  },
  {
    "id": "105189414313271",
    "name": "FRIDA Studio",
    "city": "Brovary",
    "url": "https://www.instagram.com/explore/locations/105189414313271/frida-studio/"
  },
  {
    "id": "1041852492575793",
    "name": "Сімейна школа Kids Hub",
    "city": "Brovary",
    "url": "https://www.instagram.com/explore/locations/1041852492575793/kids-hub/"
  },
  {
    "id": "107161728215776",
    "name": "S&S CozyBar",
    "city": "Brovary",
    "url": "https://www.instagram.com/explore/locations/107161728215776/ss-cozybar/"
  },
  {
    "id": "101201592377330",
    "name": "ЗІРКА - Студія краси та стилю",
    "city": "Brovary",
    "url": "https://www.instagram.com/explore/locations/101201592377330/-/"
  },
  {
    "id": "1036155926473686",
    "name": "Бровары, Киевская 243",
    "city": "Brovary",
    "url": "https://www.instagram.com/explore/locations/1036155926473686/243/"
  },
  {
    "id": "101757865955967",
    "name": "Honest Bro Coffee-bar",
    "city": "Brovary",
    "url": "https://www.instagram.com/explore/locations/101757865955967/honest-bro-coffee-bar/"
  },
  {
    "id": "261547053",
    "name": "Terminal",
    "city": "Brovary",
    "url": "https://www.instagram.com/explore/locations/261547053/terminal/"
  },
  {
    "id": "106275528311385",
    "name": "DROVA Gastro PUB",
    "city": "Brovary",
    "url": "https://www.instagram.com/explore/locations/106275528311385/drova-gastro-pub/"
  },
  {
    "id": "236937603510942",
    "name": "ЧеloveчеК",
    "city": "Brovary",
    "url": "https://www.instagram.com/explore/locations/236937603510942/love/"
  },
  {
    "id": "212913745893086",
    "name": "Короленко 72",
    "city": "Brovary",
    "url": "https://www.instagram.com/explore/locations/212913745893086/72/"
  },
  {
    "id": "114814483394679",
    "name": "GEOstudio",
    "city": "Brovary",
    "url": "https://www.instagram.com/explore/locations/114814483394679/geostudio/"
  },
  {
    "id": "1277876885668037",
    "name": "Вкусnotella",
    "city": "Brovary",
    "url": "https://www.instagram.com/explore/locations/1277876885668037/notella/"
  },
  {
    "id": "108239674238427",
    "name": "Fútbol pub",
    "city": "Brovary",
    "url": "https://www.instagram.com/explore/locations/108239674238427/futbol-pub/"
  },
  {
    "id": "108291890662120",
    "name": "SPACE Jump",
    "city": "Brovary",
    "url": "https://www.instagram.com/explore/locations/108291890662120/space-jump/"
  },
  {
    "id": "250663482288441",
    "name": "Боулінг-клуб «Термінал»",
    "city": "Brovary",
    "url": "https://www.instagram.com/explore/locations/250663482288441/-/"
  },
  {
    "id": "104362709219813",
    "name": "Автосервіс Bosch Service “Бровакар”",
    "city": "Brovary",
    "url": "https://www.instagram.com/explore/locations/104362709219813/bosch-service/"
  },
  {
    "id": "377405236015904",
    "name": "Ногтевая студия Karina Siladi Aesthetics of nails",
    "city": "Brovary",
    "url": "https://www.instagram.com/explore/locations/377405236015904/karina-siladi-aesthetics-of-nails/"
  },
  {
    "id": "1269912856410056",
    "name": "Salon Colibri",
    "city": "Brovary",
    "url": "https://www.instagram.com/explore/locations/1269912856410056/salon-colibri/"
  },
  {
    "id": "266535860410797",
    "name": "Цирюльникъ Barbershop",
    "city": "Brovary",
    "url": "https://www.instagram.com/explore/locations/266535860410797/barbershop/"
  },
  {
    "id": "306743396485281",
    "name": "Бровари Pole dance DreAms",
    "city": "Brovary",
    "url": "https://www.instagram.com/explore/locations/306743396485281/pole-dance-dreams/"
  },
  {
    "id": "118901617974842",
    "name": "TWINS Ресторан",
    "city": "Brovary",
    "url": "https://www.instagram.com/explore/locations/118901617974842/twins/"
  },
  {
    "id": "102499671153181",
    "name": "Lex Group",
    "city": "Brovary",
    "url": "https://www.instagram.com/explore/locations/102499671153181/lex-group/"
  },
  {
    "id": "382731198887089",
    "name": "Кіоск Букет,вул..Короленка,64",
    "city": "Brovary",
    "url": "https://www.instagram.com/explore/locations/382731198887089/64/"
  },
  {
    "id": "757888587706772",
    "name": "Pizzburg",
    "city": "Brovary",
    "url": "https://www.instagram.com/explore/locations/757888587706772/pizzburg/"
  },
  {
    "id": "111966140666030",
    "name": "Киевская 261,beautyportal",
    "city": "Brovary",
    "url": "https://www.instagram.com/explore/locations/111966140666030/261beautyportal/"
  },
  {
    "id": "104707420867586",
    "name": "MOGUT Bar",
    "city": "Brovary",
    "url": "https://www.instagram.com/explore/locations/104707420867586/mogut-bar/"
  },
  {
    "id": "1696135303781468",
    "name": "Квітковий магазин \"Квіти 24\"",
    "city": "Brovary",
    "url": "https://www.instagram.com/explore/locations/1696135303781468/24/"
  },
  {
    "id": "105185077522849",
    "name": "Гагарина 11",
    "city": "Brovary",
    "url": "https://www.instagram.com/explore/locations/105185077522849/11/"
  },
  {
    "id": "323808551656192",
    "name": "КП Оздоровчо-Реабілітаційний Центр",
    "city": "Brovary",
    "url": "https://www.instagram.com/explore/locations/323808551656192/-/"
  },
  {
    "id": "260711241214045",
    "name": "Пеко - Грузинська кухня",
    "city": "Brovary",
    "url": "https://www.instagram.com/explore/locations/260711241214045/-/"
  },
  {
    "id": "252806694",
    "name": "Qween's Club",
    "city": "Brovary",
    "url": "https://www.instagram.com/explore/locations/252806694/qweens-club/"
  },
  {
    "id": "272268823235875",
    "name": "Pomidoro's Бровари",
    "city": "Brovary",
    "url": "https://www.instagram.com/explore/locations/272268823235875/pomidoros/"
  },
  {
    "id": "220981974766585",
    "name": "Зая Зая - сервіс повітряних кульок",
    "city": "Brovary",
    "url": "https://www.instagram.com/explore/locations/220981974766585/-/"
  },
  {
    "id": "840199074",
    "name": "FISHMASSAGE",
    "city": "Brovary",
    "url": "https://www.instagram.com/explore/locations/840199074/fishmassage/"
  },
  {
    "id": "1299358540127939",
    "name": "Nail service",
    "city": "Brovary",
    "url": "https://www.instagram.com/explore/locations/1299358540127939/nail-service/"
  },
  {
    "id": "360502891184156",
    "name": "Школа #8",
    "city": "Brovary",
    "url": "https://www.instagram.com/explore/locations/360502891184156/8/"
  },
  {
    "id": "115346573639674",
    "name": "lasvegas_bro",
    "city": "Brovary",
    "url": "https://www.instagram.com/explore/locations/115346573639674/lasvegas_bro/"
  },
  {
    "id": "167667207188670",
    "name": "Family Sun Club",
    "city": "Brovary",
    "url": "https://www.instagram.com/explore/locations/167667207188670/family-sun-club/"
  },
  {
    "id": "2320558338220280",
    "name": "WELL DONE Brovary",
    "city": "Brovary",
    "url": "https://www.instagram.com/explore/locations/2320558338220280/well-done-brovary/"
  },
  {
    "id": "101974312560237",
    "name": "Pure beauty house",
    "city": "Brovary",
    "url": "https://www.instagram.com/explore/locations/101974312560237/pure-beauty-house/"
  },
  {
    "id": "2068042963442479",
    "name": "Sjtattooart",
    "city": "Brovary",
    "url": "https://www.instagram.com/explore/locations/2068042963442479/sjtattooart/"
  },
  {
    "id": "238296236599664",
    "name": "Лофт Бар Full House Бровары",
    "city": "Brovary",
    "url": "https://www.instagram.com/explore/locations/238296236599664/full-house/"
  },
  {
    "id": "867129823451629",
    "name": "Beauty Box",
    "city": "Brovary",
    "url": "https://www.instagram.com/explore/locations/867129823451629/beauty-box/"
  },
  {
    "id": "253252856",
    "name": "Terminal Ice Arena",
    "city": "Brovary",
    "url": "https://www.instagram.com/explore/locations/253252856/terminal-ice-arena/"
  },
  {
    "id": "852809144872664",
    "name": "Салон-Магазин \"квіти\"",
    "city": "Brovary",
    "url": "https://www.instagram.com/explore/locations/852809144872664/-/"
  },
  {
    "id": "115880763141503",
    "name": "Star.studio",
    "city": "Brovary",
    "url": "https://www.instagram.com/explore/locations/115880763141503/starstudio/"
  },
  {
    "id": "1178167558888788",
    "name": "Kuznya",
    "city": "Brovary",
    "url": "https://www.instagram.com/explore/locations/1178167558888788/kuznya/"
  },
  {
    "id": "1267090586660900",
    "name": "Strong Family Brovary - workout",
    "city": "Brovary",
    "url": "https://www.instagram.com/explore/locations/1267090586660900/strong-family-brovary-workout/"
  },
  {
    "id": "108204714835938",
    "name": "VR BRO - клуб віртуальної реальності",
    "city": "Brovary",
    "url": "https://www.instagram.com/explore/locations/108204714835938/vr-bro-/"
  },
  {
    "id": "120333869876925",
    "name": "Diaservice",
    "city": "Brovary",
    "url": "https://www.instagram.com/explore/locations/120333869876925/diaservice/"
  },
  {
    "id": "1081767948584215",
    "name": "Rozaluxlab.",
    "city": "Brovary",
    "url": "https://www.instagram.com/explore/locations/1081767948584215/rozaluxlab/"
  },
  {
    "id": "10539608",
    "name": "Oliver Twist",
    "city": "Brovary",
    "url": "https://www.instagram.com/explore/locations/10539608/oliver-twist/"
  },
  {
    "id": "183122408867968",
    "name": "СТОМега-Сервіс Бровари",
    "city": "Brovary",
    "url": "https://www.instagram.com/explore/locations/183122408867968/-/"
  },
  {
    "id": "107347274971590",
    "name": "WOW SUSHI",
    "city": "Brovary",
    "url": "https://www.instagram.com/explore/locations/107347274971590/wow-sushi/"
  },
  {
    "id": "124405081324311",
    "name": "Studio Ilona Vakarchuk",
    "city": "Brovary",
    "url": "https://www.instagram.com/explore/locations/124405081324311/studio-ilona-vakarchuk/"
  },
  {
    "id": "167999026937468",
    "name": "Салон краси Nadin",
    "city": "Brovary",
    "url": "https://www.instagram.com/explore/locations/167999026937468/nadin/"
  },
  {
    "id": "114617300081613",
    "name": "Шо-Шо Простір для творчості",
    "city": "Brovary",
    "url": "https://www.instagram.com/explore/locations/114617300081613/-/"
  },
  {
    "id": "111022820253499",
    "name": "СвітЛиця культурно-просвітницький центр",
    "city": "Brovary",
    "url": "https://www.instagram.com/explore/locations/111022820253499/-/"
  },
  {
    "id": "695653500478303",
    "name": "Естетика - Медичний центр",
    "city": "Brovary",
    "url": "https://www.instagram.com/explore/locations/695653500478303/-/"
  },
  {
    "id": "266140064",
    "name": "La Terrassa Cafe",
    "city": "Brovary",
    "url": "https://www.instagram.com/explore/locations/266140064/la-terrassa-cafe/"
  },
  {
    "id": "102886364419110",
    "name": "Сімейний HUB РозвитОk",
    "city": "Brovary",
    "url": "https://www.instagram.com/explore/locations/102886364419110/hub-k/"
  },
  {
    "id": "270846263629070",
    "name": "Brovary city",
    "city": "Brovary",
    "url": "https://www.instagram.com/explore/locations/270846263629070/brovary-city/"
  },
  {
    "id": "721070016",
    "name": "Трасса Е-95",
    "city": "Brovary",
    "url": "https://www.instagram.com/explore/locations/721070016/-95/"
  },
  {
    "id": "979823712137494",
    "name": "Дитячий центр розвитку Smile Kids",
    "city": "Brovary",
    "url": "https://www.instagram.com/explore/locations/979823712137494/smile-kids/"
  },
  {
    "id": "1953088891368534",
    "name": "Студия-Школа красоты Viktoria-beauty.club",
    "city": "Brovary",
    "url": "https://www.instagram.com/explore/locations/1953088891368534/-viktoria-beautyclub/"
  },
  {
    "id": "1024336007",
    "name": "Ресторан \"Limon\"",
    "city": "Brovary",
    "url": "https://www.instagram.com/explore/locations/1024336007/limon/"
  },
  {
    "id": "1594190600611035",
    "name": "Galaxy",
    "city": "Brovary",
    "url": "https://www.instagram.com/explore/locations/1594190600611035/galaxy/"
  },
  {
    "id": "248886769228473",
    "name": "Крутi емоції",
    "city": "Brovary",
    "url": "https://www.instagram.com/explore/locations/248886769228473/i/"
  },
  {
    "id": "121543981909529",
    "name": "ЗAWOD",
    "city": "Brovary",
    "url": "https://www.instagram.com/explore/locations/121543981909529/awod/"
  },
  {
    "id": "287753258521573",
    "name": "ЦирюльникЪ Вarbershoр",
    "city": "Brovary",
    "url": "https://www.instagram.com/explore/locations/287753258521573/arbersho/"
  },
  {
    "id": "104029065204587",
    "name": "FamilyCare Центр Корекції та Розвитку",
    "city": "Brovary",
    "url": "https://www.instagram.com/explore/locations/104029065204587/familycare/"
  },
  {
    "id": "296031730736012",
    "name": "Lash&Brow BAR Ю",
    "city": "Brovary",
    "url": "https://www.instagram.com/explore/locations/296031730736012/lashbrow-bar/"
  },
  {
    "id": "510627782619302",
    "name": "Бровари, Вул. Чубинського, 3",
    "city": "Brovary",
    "url": "https://www.instagram.com/explore/locations/510627782619302/3/"
  },
  {
    "id": "1853609067998014",
    "name": "USP | Service",
    "city": "Brovary",
    "url": "https://www.instagram.com/explore/locations/1853609067998014/usp-service/"
  },
  {
    "id": "114998708310415",
    "name": "Danceex",
    "city": "Brovary",
    "url": "https://www.instagram.com/explore/locations/114998708310415/danceex/"
  },
  {
    "id": "2062008394035142",
    "name": "Студия красоты EnBeauty",
    "city": "Brovary",
    "url": "https://www.instagram.com/explore/locations/2062008394035142/enbeauty/"
  },
  {
    "id": "126112604972970",
    "name": "Queens Night Club",
    "city": "Brovary",
    "url": "https://www.instagram.com/explore/locations/126112604972970/queens-night-club/"
  },
  {
    "id": "1019142440",
    "name": "Sushiki Бровари",
    "city": "Brovary",
    "url": "https://www.instagram.com/explore/locations/1019142440/sushiki/"
  },
  {
    "id": "232112160608387",
    "name": "Бровари Нeзалeжності 17",
    "city": "Brovary",
    "url": "https://www.instagram.com/explore/locations/232112160608387/ee-17/"
  },
  {
    "id": "107084048691642",
    "name": "Loveyourself.clinic",
    "city": "Brovary",
    "url": "https://www.instagram.com/explore/locations/107084048691642/loveyourselfclinic/"
  },
  {
    "id": "151362058049740",
    "name": "Фітнес-клуб Charge",
    "city": "Brovary",
    "url": "https://www.instagram.com/explore/locations/151362058049740/-charge/"
  },
  {
    "id": "106784828190215",
    "name": "Uno Pizza Grill",
    "city": "Brovary",
    "url": "https://www.instagram.com/explore/locations/106784828190215/uno-pizza-grill/"
  },
  {
    "id": "101186281271566",
    "name": "Romstal Бровары",
    "city": "Brovary",
    "url": "https://www.instagram.com/explore/locations/101186281271566/romstal/"
  },
  {
    "id": "102164722974091",
    "name": "Bubble CAFÉ",
    "city": "Brovary",
    "url": "https://www.instagram.com/explore/locations/102164722974091/bubble-cafe/"
  },
  {
    "id": "100836784858769",
    "name": "Girls Like This",
    "city": "Brovary",
    "url": "https://www.instagram.com/explore/locations/100836784858769/girls-like-this/"
  },
  {
    "id": "214715437",
    "name": "Terminal Brovari",
    "city": "Brovary",
    "url": "https://www.instagram.com/explore/locations/214715437/terminal-brovari/"
  },
  {
    "id": "2068558366804381",
    "name": "Студія масажу Massage Bar Бровари",
    "city": "Brovary",
    "url": "https://www.instagram.com/explore/locations/2068558366804381/massage-bar/"
  },
  {
    "id": "258389241513948",
    "name": "Has#Tag Cafe",
    "city": "Brovary",
    "url": "https://www.instagram.com/explore/locations/258389241513948/hastag-cafe/"
  },
  {
    "id": "1080803151997100",
    "name": "Alumeta Group",
    "city": "Brovary",
    "url": "https://www.instagram.com/explore/locations/1080803151997100/alumeta-group/"
  },
  {
    "id": "860502010773064",
    "name": "Киевская Область Город Бровары Кафе У Лici\"",
    "city": "Brovary",
    "url": "https://www.instagram.com/explore/locations/860502010773064/ici/"
  },
  {
    "id": "425367944546836",
    "name": "Броварський ліцей 6",
    "city": "Brovary",
    "url": "https://www.instagram.com/explore/locations/425367944546836/6/"
  },
  {
    "id": "681178298920152",
    "name": "М. Бровари вул. Шевченка, 10 ФОЗ «плавальний Басейн Купава»",
    "city": "Brovary",
    "url": "https://www.instagram.com/explore/locations/681178298920152/10/"
  },
  {
    "id": "109885321256892",
    "name": "Bandarlogy",
    "city": "Brovary",
    "url": "https://www.instagram.com/explore/locations/109885321256892/bandarlogy/"
  },
  {
    "id": "638477492",
    "name": "ОСББ \"Шевченко 4-А\"",
    "city": "Brovary",
    "url": "https://www.instagram.com/explore/locations/638477492/4-/"
  },
  {
    "id": "148501495682033",
    "name": "Бровары , Ярослава Мудрого 90",
    "city": "Brovary",
    "url": "https://www.instagram.com/explore/locations/148501495682033/90/"
  },
  {
    "id": "110952468273199",
    "name": "Mixton.brovary",
    "city": "Brovary",
    "url": "https://www.instagram.com/explore/locations/110952468273199/mixtonbrovary/"
  },
  {
    "id": "2133455406704390",
    "name": "Mimi",
    "city": "Brovary",
    "url": "https://www.instagram.com/explore/locations/2133455406704390/mimi/"
  },
  {
    "id": "100103095053856",
    "name": "Магазин дитячого одягу Mishel",
    "city": "Brovary",
    "url": "https://www.instagram.com/explore/locations/100103095053856/mishel/"
  },
  {
    "id": "102371615370986",
    "name": "S&S CozyBar",
    "city": "Brovary",
    "url": "https://www.instagram.com/explore/locations/102371615370986/ss-cozybar/"
  },
  {
    "id": "465010721002100",
    "name": "Finder Records",
    "city": "Brovary",
    "url": "https://www.instagram.com/explore/locations/465010721002100/finder-records/"
  },
  {
    "id": "1265496856913937",
    "name": "Beauty Base Brovary",
    "city": "Brovary",
    "url": "https://www.instagram.com/explore/locations/1265496856913937/beauty-base-brovary/"
  },
  {
    "id": "1987093951541058",
    "name": "Бровары - официальный блог",
    "city": "Brovary",
    "url": "https://www.instagram.com/explore/locations/1987093951541058/-/"
  },
  {
    "id": "1802465366681227",
    "name": "Glow beauty bar",
    "city": "Brovary",
    "url": "https://www.instagram.com/explore/locations/1802465366681227/glow-beauty-bar/"
  },
  {
    "id": "1124572020933301",
    "name": "Brovary, Shevchenko 10, A",
    "city": "Brovary",
    "url": "https://www.instagram.com/explore/locations/1124572020933301/brovary-shevchenko-10-a/"
  },
  {
    "id": "110171113961362",
    "name": "tip_top_brovary",
    "city": "Brovary",
    "url": "https://www.instagram.com/explore/locations/110171113961362/tip_top_brovary/"
  },
  {
    "id": "163095604386670",
    "name": "FOOTBIK-Brovary: Футбол для дошкільнят",
    "city": "Brovary",
    "url": "https://www.instagram.com/explore/locations/163095604386670/footbik-brovary/"
  },
  {
    "id": "243924392",
    "name": "AquaPark Terminal",
    "city": "Brovary",
    "url": "https://www.instagram.com/explore/locations/243924392/aquapark-terminal/"
  },
  {
    "id": "160564151190382",
    "name": "Дитячий садок \"Фокус-Покус\"",
    "city": "Brovary",
    "url": "https://www.instagram.com/explore/locations/160564151190382/-/"
  },
  {
    "id": "2122390004522380",
    "name": "Unic School Brovary",
    "city": "Brovary",
    "url": "https://www.instagram.com/explore/locations/2122390004522380/unic-school-brovary/"
  },
  {
    "id": "549426541738082",
    "name": "Grand Logistics Company",
    "city": "Brovary",
    "url": "https://www.instagram.com/explore/locations/549426541738082/grand-logistics-company/"
  },
  {
    "id": "2234600860149227",
    "name": "Грушевского, 21",
    "city": "Brovary",
    "url": "https://www.instagram.com/explore/locations/2234600860149227/21/"
  },
  {
    "id": "170575177085441",
    "name": "Група виробничих компаній - ТОВ «УкрБудМаш» та ООО «КВЗ",
    "city": "Brovary",
    "url": "https://www.instagram.com/explore/locations/170575177085441/-/"
  },
  {
    "id": "2331785403738853",
    "name": "Dim Dream",
    "city": "Brovary",
    "url": "https://www.instagram.com/explore/locations/2331785403738853/dim-dream/"
  },
  {
    "id": "108708794812344",
    "name": "Beer Place",
    "city": "Brovary",
    "url": "https://www.instagram.com/explore/locations/108708794812344/beer-place/"
  },
  {
    "id": "371494033",
    "name": "Brovarhof",
    "city": "Brovary",
    "url": "https://www.instagram.com/explore/locations/371494033/brovarhof/"
  },
  {
    "id": "611622228",
    "name": "Ресторация Концерт-Хол\"",
    "city": "Brovary",
    "url": "https://www.instagram.com/explore/locations/611622228/-/"
  },
  {
    "id": "660053197506690",
    "name": "Fermer",
    "city": "Brovary",
    "url": "https://www.instagram.com/explore/locations/660053197506690/fermer/"
  },
  {
    "id": "237956216783353",
    "name": "Minimoda",
    "city": "Brovary",
    "url": "https://www.instagram.com/explore/locations/237956216783353/minimoda/"
  },
  {
    "id": "521218704988193",
    "name": "Pitch Coffee Bar",
    "city": "Brovary",
    "url": "https://www.instagram.com/explore/locations/521218704988193/pitch-coffee-bar/"
  },
  {
    "id": "616010002154205",
    "name": "Beauty Room Юлії Білан",
    "city": "Brovary",
    "url": "https://www.instagram.com/explore/locations/616010002154205/beauty-room/"
  },
  {
    "id": "107204957773723",
    "name": "NIce Body \\ LPG массаж",
    "city": "Brovary",
    "url": "https://www.instagram.com/explore/locations/107204957773723/nice-body-lpg/"
  },
  {
    "id": "101741651547468",
    "name": "Kyiv, Ukraine",
    "city": "Brovary",
    "url": "https://www.instagram.com/explore/locations/101741651547468/kyiv-ukraine/"
  },
  {
    "id": "113112526830364",
    "name": "Nice Look",
    "city": "Brovary",
    "url": "https://www.instagram.com/explore/locations/113112526830364/nice-look/"
  },
  {
    "id": "763129317355231",
    "name": "Fratelli Coffee",
    "city": "Brovary",
    "url": "https://www.instagram.com/explore/locations/763129317355231/fratelli-coffee/"
  },
  {
    "id": "1799796203598402",
    "name": "Mira Home",
    "city": "Brovary",
    "url": "https://www.instagram.com/explore/locations/1799796203598402/mira-home/"
  },
  {
    "id": "1653788701604922",
    "name": "My Beauty House",
    "city": "Brovary",
    "url": "https://www.instagram.com/explore/locations/1653788701604922/my-beauty-house/"
  },
  {
    "id": "108576240971613",
    "name": "ЖК Wunder Haus",
    "city": "Brovary",
    "url": "https://www.instagram.com/explore/locations/108576240971613/wunder-haus/"
  },
  {
    "id": "103373455567116",
    "name": "Atmosfera Beauty Bar",
    "city": "Brovary",
    "url": "https://www.instagram.com/explore/locations/103373455567116/atmosfera-beauty-bar/"
  },
  {
    "id": "1919184161514899",
    "name": "Lynks Laboratories Brovary / Лінкс Лабораторії Бровари",
    "city": "Brovary",
    "url": "https://www.instagram.com/explore/locations/1919184161514899/lynks-laboratories-brovary/"
  },
  {
    "id": "111804528692883",
    "name": "G.Bar Brovary",
    "city": "Brovary",
    "url": "https://www.instagram.com/explore/locations/111804528692883/gbar-brovary/"
  },
  {
    "id": "262931443",
    "name": "Броварська спеціалізована школа І-ІІІ ступенів 7 -випускники",
    "city": "Brovary",
    "url": "https://www.instagram.com/explore/locations/262931443/-7-/"
  },
  {
    "id": "570305800081889",
    "name": "ЦирюльникЪ Вarbershoр",
    "city": "Brovary",
    "url": "https://www.instagram.com/explore/locations/570305800081889/arbersho/"
  },
  {
    "id": "652625039",
    "name": "Zazimie",
    "city": "Brovary",
    "url": "https://www.instagram.com/explore/locations/652625039/zazimie/"
  },
  {
    "id": "239664120060931",
    "name": "Грушевского 3",
    "city": "Brovary",
    "url": "https://www.instagram.com/explore/locations/239664120060931/3/"
  },
  {
    "id": "115121793271386",
    "name": "Рослина Карпат - офіційний дистрибютор в Україні",
    "city": "Brovary",
    "url": "https://www.instagram.com/explore/locations/115121793271386/-/"
  },
  {
    "id": "106483898938225",
    "name": "Sens.bro",
    "city": "Brovary",
    "url": "https://www.instagram.com/explore/locations/106483898938225/sensbro/"
  },
  {
    "id": "1027367093",
    "name": "Бровари, Вул. Грушевського, 17 / 1",
    "city": "Brovary",
    "url": "https://www.instagram.com/explore/locations/1027367093/17-1/"
  },
  {
    "id": "106345847518582",
    "name": "Shakhtar - Футбольна школа Бровари",
    "city": "Brovary",
    "url": "https://www.instagram.com/explore/locations/106345847518582/shakhtar-/"
  },
  {
    "id": "108998417932887",
    "name": "Ambassador Beauty",
    "city": "Brovary",
    "url": "https://www.instagram.com/explore/locations/108998417932887/ambassador-beauty/"
  },
  {
    "id": "2029124773784276",
    "name": "Hlopok Shop",
    "city": "Brovary",
    "url": "https://www.instagram.com/explore/locations/2029124773784276/hlopok-shop/"
  },
  {
    "id": "1035091908",
    "name": "Sushimax Brovary",
    "city": "Brovary",
    "url": "https://www.instagram.com/explore/locations/1035091908/sushimax-brovary/"
  },
  {
    "id": "115034410037621",
    "name": "MaxLevel",
    "city": "Brovary",
    "url": "https://www.instagram.com/explore/locations/115034410037621/maxlevel/"
  },
  {
    "id": "114495256584976",
    "name": "Femina центр косметології та масажу",
    "city": "Brovary",
    "url": "https://www.instagram.com/explore/locations/114495256584976/femina/"
  },
  {
    "id": "562283444188363",
    "name": "Shoes4babies.com.ua",
    "city": "Brovary",
    "url": "https://www.instagram.com/explore/locations/562283444188363/shoes4babiescomua/"
  },
  {
    "id": "669423139897997",
    "name": "Royal Place. Brovary",
    "city": "Brovary",
    "url": "https://www.instagram.com/explore/locations/669423139897997/royal-place-brovary/"
  },
  {
    "id": "2541733902720970",
    "name": "JYSK Ukraine",
    "city": "Brovary",
    "url": "https://www.instagram.com/explore/locations/2541733902720970/jysk-ukraine/"
  },
  {
    "id": "105215827933018",
    "name": "Mеbelworld - магазин якісних меблів",
    "city": "Brovary",
    "url": "https://www.instagram.com/explore/locations/105215827933018/mbelworld-/"
  },
  {
    "id": "1031355576",
    "name": "Офіційна сторінка бренду \"PlamkaPoland",
    "city": "Brovary",
    "url": "https://www.instagram.com/explore/locations/1031355576/plamkapoland/"
  },
  {
    "id": "116356347716321",
    "name": "VOIN FIGHT CLUB",
    "city": "Brovary",
    "url": "https://www.instagram.com/explore/locations/116356347716321/voin-fight-club/"
  },
  {
    "id": "108392091469680",
    "name": "Miss Ю",
    "city": "Brovary",
    "url": "https://www.instagram.com/explore/locations/108392091469680/miss/"
  },
  {
    "id": "1498338643821011",
    "name": "Art Prizma",
    "city": "Brovary",
    "url": "https://www.instagram.com/explore/locations/1498338643821011/art-prizma/"
  },
  {
    "id": "104550115887605",
    "name": "Perfume Gold",
    "city": "Brovary",
    "url": "https://www.instagram.com/explore/locations/104550115887605/perfume-gold/"
  },
  {
    "id": "1880386578862472",
    "name": "Nail Service",
    "city": "Brovary",
    "url": "https://www.instagram.com/explore/locations/1880386578862472/nail-service/"
  },
  {
    "id": "1892763154294578",
    "name": "Рідне місто - Бровари",
    "city": "Brovary",
    "url": "https://www.instagram.com/explore/locations/1892763154294578/-/"
  },
  {
    "id": "101092748373381",
    "name": "LasVegas_bro",
    "city": "Brovary",
    "url": "https://www.instagram.com/explore/locations/101092748373381/lasvegas_bro/"
  },
  {
    "id": "107955595079371",
    "name": "Art. Barbershop",
    "city": "Brovary",
    "url": "https://www.instagram.com/explore/locations/107955595079371/art-barbershop/"
  },
  {
    "id": "232619823911582",
    "name": "Tatual",
    "city": "Brovary",
    "url": "https://www.instagram.com/explore/locations/232619823911582/tatual/"
  },
  {
    "id": "583851672133183",
    "name": "Katya Duka Studio Nail Service",
    "city": "Brovary",
    "url": "https://www.instagram.com/explore/locations/583851672133183/katya-duka-studio-nail-service/"
  },
  {
    "id": "369447973792222",
    "name": "Rainbow",
    "city": "Brovary",
    "url": "https://www.instagram.com/explore/locations/369447973792222/rainbow/"
  },
  {
    "id": "2039959516310072",
    "name": "Торгмаш.с. Москаленко 16 СалонПудра\"",
    "city": "Brovary",
    "url": "https://www.instagram.com/explore/locations/2039959516310072/16/"
  },
  {
    "id": "257064750",
    "name": "Pozitiv Night club",
    "city": "Brovary",
    "url": "https://www.instagram.com/explore/locations/257064750/pozitiv-night-club/"
  },
  {
    "id": "573702516167898",
    "name": "Салон красоты \"Studio Beauty\"",
    "city": "Brovary",
    "url": "https://www.instagram.com/explore/locations/573702516167898/studio-beauty/"
  },
  {
    "id": "138652270051714",
    "name": "Birds Pole Dance and Fitness Club",
    "city": "Brovary",
    "url": "https://www.instagram.com/explore/locations/138652270051714/birds-pole-dance-and-fitness-club/"
  },
  {
    "id": "109774973960736",
    "name": "Баня OZZY",
    "city": "Brovary",
    "url": "https://www.instagram.com/explore/locations/109774973960736/ozzy/"
  },
  {
    "id": "1926225207394760",
    "name": "Grace epilation studio",
    "city": "Brovary",
    "url": "https://www.instagram.com/explore/locations/1926225207394760/grace-epilation-studio/"
  },
  {
    "id": "179124353025875",
    "name": "ProArt Dance Studio Brovary",
    "city": "Brovary",
    "url": "https://www.instagram.com/explore/locations/179124353025875/proart-dance-studio-brovary/"
  },
  {
    "id": "201670677084388",
    "name": "Lucky Eyes Studio",
    "city": "Brovary",
    "url": "https://www.instagram.com/explore/locations/201670677084388/lucky-eyes-studio/"
  },
  {
    "id": "105791707692939",
    "name": "Yellow Bar Studio",
    "city": "Brovary",
    "url": "https://www.instagram.com/explore/locations/105791707692939/yellow-bar-studio/"
  },
  {
    "id": "259736598014591",
    "name": "SOS Children's Villages",
    "city": "Brovary",
    "url": "https://www.instagram.com/explore/locations/259736598014591/sos-childrens-villages/"
  },
  {
    "id": "14507281",
    "name": "Terrassa",
    "city": "Brovary",
    "url": "https://www.instagram.com/explore/locations/14507281/terrassa/"
  },
  {
    "id": "1543237059324523",
    "name": "Faber",
    "city": "Brovary",
    "url": "https://www.instagram.com/explore/locations/1543237059324523/faber/"
  },
  {
    "id": "1329581943789254",
    "name": "Tattoo.Ink.Street Бровары Независимости 10",
    "city": "Brovary",
    "url": "https://www.instagram.com/explore/locations/1329581943789254/tattooinkstreet-10/"
  },
  {
    "id": "1265393013470687",
    "name": "Школа розвиваючого навчання - ДЕНЦ \"Камелія\"",
    "city": "Brovary",
    "url": "https://www.instagram.com/explore/locations/1265393013470687/-/"
  },
  {
    "id": "1191737241001340",
    "name": "Киев, ул. Михайла Донца 6",
    "city": "Brovary",
    "url": "https://www.instagram.com/explore/locations/1191737241001340/6/"
  },
  {
    "id": "220650692035372",
    "name": "Glow Beauty Bar",
    "city": "Brovary",
    "url": "https://www.instagram.com/explore/locations/220650692035372/glow-beauty-bar/"
  },
  {
    "id": "286202372226054",
    "name": "French Bakery",
    "city": "Brovary",
    "url": "https://www.instagram.com/explore/locations/286202372226054/french-bakery/"
  },
  {
    "id": "106266707824811",
    "name": "PRIME - Студия красоты",
    "city": "Brovary",
    "url": "https://www.instagram.com/explore/locations/106266707824811/prime-/"
  },
  {
    "id": "1696140520399102",
    "name": "PUG LIFE CAFE",
    "city": "Brovary",
    "url": "https://www.instagram.com/explore/locations/1696140520399102/pug-life-cafe/"
  },
  {
    "id": "1003016554",
    "name": "Дитячий садок Слоненятко-Сонечко, Бровари",
    "city": "Brovary",
    "url": "https://www.instagram.com/explore/locations/1003016554/-/"
  },
  {
    "id": "102113701510496",
    "name": "Solodent Stomatology",
    "city": "Brovary",
    "url": "https://www.instagram.com/explore/locations/102113701510496/solodent-stomatology/"
  },
  {
    "id": "102548908692783",
    "name": "Kennel APBT Strong Fire Pitbull",
    "city": "Brovary",
    "url": "https://www.instagram.com/explore/locations/102548908692783/kennel-apbt-strong-fire-pitbull/"
  },
  {
    "id": "796291980522631",
    "name": "Talisman Aluminium",
    "city": "Brovary",
    "url": "https://www.instagram.com/explore/locations/796291980522631/talisman-aluminium/"
  },
  {
    "id": "102269818260392",
    "name": "Health Pub",
    "city": "Brovary",
    "url": "https://www.instagram.com/explore/locations/102269818260392/health-pub/"
  },
  {
    "id": "1996775360579416",
    "name": "Skvoznyak",
    "city": "Brovary",
    "url": "https://www.instagram.com/explore/locations/1996775360579416/skvoznyak/"
  },
  {
    "id": "2136699656340621",
    "name": "777",
    "city": "Brovary",
    "url": "https://www.instagram.com/explore/locations/2136699656340621/777/"
  },
  {
    "id": "502490769867348",
    "name": "Vetbio",
    "city": "Brovary",
    "url": "https://www.instagram.com/explore/locations/502490769867348/vetbio/"
  },
  {
    "id": "101075334641788",
    "name": "Visual Studio",
    "city": "Brovary",
    "url": "https://www.instagram.com/explore/locations/101075334641788/visual-studio/"
  },
  {
    "id": "101540768344709",
    "name": "Has#tag Lounge",
    "city": "Brovary",
    "url": "https://www.instagram.com/explore/locations/101540768344709/hastag-lounge/"
  },
  {
    "id": "2308505385937319",
    "name": "Velluto",
    "city": "Brovary",
    "url": "https://www.instagram.com/explore/locations/2308505385937319/velluto/"
  },
  {
    "id": "860391987436209",
    "name": "Makita Ukraine",
    "city": "Brovary",
    "url": "https://www.instagram.com/explore/locations/860391987436209/makita-ukraine/"
  },
  {
    "id": "260116787998490",
    "name": "Skypark",
    "city": "Brovary",
    "url": "https://www.instagram.com/explore/locations/260116787998490/skypark/"
  },
  {
    "id": "1425629030895320",
    "name": "Соляна кімната. Торгмаш. Бровари - Salt SPA Planet",
    "city": "Brovary",
    "url": "https://www.instagram.com/explore/locations/1425629030895320/-salt-spa-planet/"
  },
  {
    "id": "109500694791241",
    "name": "Сервісний центр «TeleGraff»",
    "city": "Brovary",
    "url": "https://www.instagram.com/explore/locations/109500694791241/telegraff/"
  },
  {
    "id": "187733895114483",
    "name": "Млинці BRO",
    "city": "Brovary",
    "url": "https://www.instagram.com/explore/locations/187733895114483/bro/"
  },
  {
    "id": "293206358179052",
    "name": "Киевская 310а",
    "city": "Brovary",
    "url": "https://www.instagram.com/explore/locations/293206358179052/310/"
  },
  {
    "id": "1894651644187716",
    "name": "Pub Podval",
    "city": "Brovary",
    "url": "https://www.instagram.com/explore/locations/1894651644187716/pub-podval/"
  },
  {
    "id": "560419190820271",
    "name": "Zeffirka",
    "city": "Brovary",
    "url": "https://www.instagram.com/explore/locations/560419190820271/zeffirka/"
  },
  {
    "id": "237380680288258",
    "name": "школа 6",
    "city": "Brovary",
    "url": "https://www.instagram.com/explore/locations/237380680288258/6/"
  },
  {
    "id": "101413132205881",
    "name": "Клуб персонального фітнесу DASport",
    "city": "Brovary",
    "url": "https://www.instagram.com/explore/locations/101413132205881/dasport/"
  },
  {
    "id": "589198648125377",
    "name": "SportStar",
    "city": "Brovary",
    "url": "https://www.instagram.com/explore/locations/589198648125377/sportstar/"
  },
  {
    "id": "1933203076996481",
    "name": "Канів Вул. Енергетиків 27",
    "city": "Brovary",
    "url": "https://www.instagram.com/explore/locations/1933203076996481/27/"
  },
  {
    "id": "231906707383500",
    "name": "Бровари ТЦ Форум вул Героїв Небесної Сотні,5",
    "city": "Brovary",
    "url": "https://www.instagram.com/explore/locations/231906707383500/5/"
  },
  {
    "id": "107651953955261",
    "name": "Bravokava",
    "city": "Brovary",
    "url": "https://www.instagram.com/explore/locations/107651953955261/bravokava/"
  },
  {
    "id": "1771618043130811",
    "name": "Студия Дизайна Взгляда Lucky Eyes",
    "city": "Brovary",
    "url": "https://www.instagram.com/explore/locations/1771618043130811/lucky-eyes/"
  },
  {
    "id": "1450699255043714",
    "name": "« Boondock Pub » Beer Shop",
    "city": "Brovary",
    "url": "https://www.instagram.com/explore/locations/1450699255043714/boondock-pub-beer-shop/"
  },
  {
    "id": "937033623147994",
    "name": "Независимости 12",
    "city": "Brovary",
    "url": "https://www.instagram.com/explore/locations/937033623147994/12/"
  },
  {
    "id": "1318153848323993",
    "name": "VseЗнайко",
    "city": "Brovary",
    "url": "https://www.instagram.com/explore/locations/1318153848323993/vse/"
  },
  {
    "id": "108029687243928",
    "name": "kristina.tattooo",
    "city": "Brovary",
    "url": "https://www.instagram.com/explore/locations/108029687243928/kristinatattooo/"
  },
  {
    "id": "102823021480238",
    "name": "AMEDA Сімейна Клініка",
    "city": "Brovary",
    "url": "https://www.instagram.com/explore/locations/102823021480238/ameda/"
  },
  {
    "id": "102766331147348",
    "name": "StomShop - стоматологічні матеріали та обладнання",
    "city": "Brovary",
    "url": "https://www.instagram.com/explore/locations/102766331147348/stomshop-/"
  },
  {
    "id": "581283987",
    "name": "911 Party Bar",
    "city": "Brovary",
    "url": "https://www.instagram.com/explore/locations/581283987/911-party-bar/"
  },
  {
    "id": "374555486468702",
    "name": "Соляна Кімната Мрій & SPA",
    "city": "Brovary",
    "url": "https://www.instagram.com/explore/locations/374555486468702/spa/"
  },
  {
    "id": "552065301813634",
    "name": "Свято-Покровський храм",
    "city": "Brovary",
    "url": "https://www.instagram.com/explore/locations/552065301813634/-/"
  },
  {
    "id": "1525022337643067",
    "name": "Pride Kafe",
    "city": "Brovary",
    "url": "https://www.instagram.com/explore/locations/1525022337643067/pride-kafe/"
  },
  {
    "id": "1669519396650874",
    "name": "Медичний центр \"Вета-Плюс\"",
    "city": "Brovary",
    "url": "https://www.instagram.com/explore/locations/1669519396650874/-/"
  },
  {
    "id": "1050534351795161",
    "name": "TriYoga Ukraine",
    "city": "Brovary",
    "url": "https://www.instagram.com/explore/locations/1050534351795161/triyoga-ukraine/"
  },
  {
    "id": "102091575609054",
    "name": "Фотостудия Visual Бровары",
    "city": "Brovary",
    "url": "https://www.instagram.com/explore/locations/102091575609054/visual/"
  },
  {
    "id": "250319602309207",
    "name": "вул. Марії Лагунової, 18б",
    "city": "Brovary",
    "url": "https://www.instagram.com/explore/locations/250319602309207/18/"
  },
  {
    "id": "540056083109112",
    "name": "Brovary city centr towerAtlantis",
    "city": "Brovary",
    "url": "https://www.instagram.com/explore/locations/540056083109112/brovary-city-centr-toweratlantis/"
  },
  {
    "id": "567507126920329",
    "name": "Салон красоты \"Beauty Color\"",
    "city": "Brovary",
    "url": "https://www.instagram.com/explore/locations/567507126920329/beauty-color/"
  },
  {
    "id": "1030443513",
    "name": "Beer_store_brovary",
    "city": "Brovary",
    "url": "https://www.instagram.com/explore/locations/1030443513/beer_store_brovary/"
  },
  {
    "id": "104475091110263",
    "name": "Бровари, Сергія Москаленка, 41 Прим.5",
    "city": "Brovary",
    "url": "https://www.instagram.com/explore/locations/104475091110263/41-5/"
  },
  {
    "id": "436462503424463",
    "name": "At Home Brovary",
    "city": "Brovary",
    "url": "https://www.instagram.com/explore/locations/436462503424463/at-home-brovary/"
  },
  {
    "id": "776269372427311",
    "name": "Beauty salon «Stanly»",
    "city": "Brovary",
    "url": "https://www.instagram.com/explore/locations/776269372427311/beauty-salon-stanly/"
  },
  {
    "id": "1023343074",
    "name": "TarasoF Studio",
    "city": "Brovary",
    "url": "https://www.instagram.com/explore/locations/1023343074/tarasof-studio/"
  },
  {
    "id": "133712233993534",
    "name": "A12",
    "city": "Brovary",
    "url": "https://www.instagram.com/explore/locations/133712233993534/a12/"
  },
  {
    "id": "2016168701958809",
    "name": "Бровары, ул. Симоненко 2Б",
    "city": "Brovary",
    "url": "https://www.instagram.com/explore/locations/2016168701958809/2/"
  },
  {
    "id": "101281482747572",
    "name": "Malva Dance Family",
    "city": "Brovary",
    "url": "https://www.instagram.com/explore/locations/101281482747572/malva-dance-family/"
  },
  {
    "id": "109204393955335",
    "name": "OilBox",
    "city": "Brovary",
    "url": "https://www.instagram.com/explore/locations/109204393955335/oilbox/"
  },
  {
    "id": "256326876",
    "name": "Monte Carlo Cafe",
    "city": "Brovary",
    "url": "https://www.instagram.com/explore/locations/256326876/monte-carlo-cafe/"
  },
  {
    "id": "113252040236821",
    "name": "Салон меблiв та ортопедичних матрацiв - СОНЯ",
    "city": "Brovary",
    "url": "https://www.instagram.com/explore/locations/113252040236821/i-i-/"
  },
  {
    "id": "371087506604822",
    "name": "Ремонт Квартир В Броварах +380675046248",
    "city": "Brovary",
    "url": "https://www.instagram.com/explore/locations/371087506604822/380675046248/"
  },
  {
    "id": "1017757952",
    "name": "Platina Studio Atelier",
    "city": "Brovary",
    "url": "https://www.instagram.com/explore/locations/1017757952/platina-studio-atelier/"
  },
  {
    "id": "641650560",
    "name": "Бровары, Олимпийская,2",
    "city": "Brovary",
    "url": "https://www.instagram.com/explore/locations/641650560/2/"
  },
  {
    "id": "1890258484580500",
    "name": "Beauty Studio Loft",
    "city": "Brovary",
    "url": "https://www.instagram.com/explore/locations/1890258484580500/beauty-studio-loft/"
  },
  {
    "id": "1851864958387737",
    "name": "Supervit. Ветеринария и груминг Бровары, Киев",
    "city": "Brovary",
    "url": "https://www.instagram.com/explore/locations/1851864958387737/supervit/"
  },
  {
    "id": "1015893707",
    "name": "Бизнес-Центр Левобережный",
    "city": "Brovary",
    "url": "https://www.instagram.com/explore/locations/1015893707/-/"
  },
  {
    "id": "290457021335664",
    "name": "Beauty_and_charm",
    "city": "Brovary",
    "url": "https://www.instagram.com/explore/locations/290457021335664/beauty_and_charm/"
  },
  {
    "id": "2218000361801464",
    "name": "Neformat.sportclub",
    "city": "Brovary",
    "url": "https://www.instagram.com/explore/locations/2218000361801464/neformatsportclub/"
  },
  {
    "id": "372293286676559",
    "name": "Бровары, Ул. Симоненко, 4",
    "city": "Brovary",
    "url": "https://www.instagram.com/explore/locations/372293286676559/4/"
  },
  {
    "id": "632370867",
    "name": "Дитячий клуб Lollipop",
    "city": "Brovary",
    "url": "https://www.instagram.com/explore/locations/632370867/lollipop/"
  },
  {
    "id": "1030387784",
    "name": "88 Free Space",
    "city": "Brovary",
    "url": "https://www.instagram.com/explore/locations/1030387784/88-free-space/"
  },
  {
    "id": "308155156191764",
    "name": "Studio Ilona Vakarchuk",
    "city": "Brovary",
    "url": "https://www.instagram.com/explore/locations/308155156191764/studio-ilona-vakarchuk/"
  },
  {
    "id": "104792682264472",
    "name": "LFS - Мережа салонів краси Бровари",
    "city": "Brovary",
    "url": "https://www.instagram.com/explore/locations/104792682264472/lfs-/"
  },
  {
    "id": "693102114",
    "name": "Vip Studio",
    "city": "Brovary",
    "url": "https://www.instagram.com/explore/locations/693102114/vip-studio/"
  },
  {
    "id": "106919784200040",
    "name": "KJW Ювелірна Майстерня",
    "city": "Brovary",
    "url": "https://www.instagram.com/explore/locations/106919784200040/kjw/"
  },
  {
    "id": "104564675415578",
    "name": "TK.promo6",
    "city": "Brovary",
    "url": "https://www.instagram.com/explore/locations/104564675415578/tkpromo6/"
  },
  {
    "id": "1889504631316564",
    "name": "Симоненка 117, Star.studio",
    "city": "Brovary",
    "url": "https://www.instagram.com/explore/locations/1889504631316564/117-starstudio/"
  },
  {
    "id": "259596719",
    "name": "Brovary railway station",
    "city": "Brovary",
    "url": "https://www.instagram.com/explore/locations/259596719/brovary-railway-station/"
  },
  {
    "id": "1013194122",
    "name": "Бровары, Spa-Салон \"niagara\"",
    "city": "Brovary",
    "url": "https://www.instagram.com/explore/locations/1013194122/spa-niagara/"
  },
  {
    "id": "274948309",
    "name": "Thailand",
    "city": "Brovary",
    "url": "https://www.instagram.com/explore/locations/274948309/thailand/"
  },
  {
    "id": "1606377122956940",
    "name": "VLAVI.market",
    "city": "Brovary",
    "url": "https://www.instagram.com/explore/locations/1606377122956940/vlavimarket/"
  },
  {
    "id": "103870621413542",
    "name": "Flowers home",
    "city": "Brovary",
    "url": "https://www.instagram.com/explore/locations/103870621413542/flowers-home/"
  },
  {
    "id": "127296487143892",
    "name": "Gaf.grooming",
    "city": "Brovary",
    "url": "https://www.instagram.com/explore/locations/127296487143892/gafgrooming/"
  },
  {
    "id": "281957025646315",
    "name": "Pozitiv Terrassa",
    "city": "Brovary",
    "url": "https://www.instagram.com/explore/locations/281957025646315/pozitiv-terrassa/"
  },
  {
    "id": "120138428681217",
    "name": "Студия Дизайна Взгляда Lucky Eyes",
    "city": "Brovary",
    "url": "https://www.instagram.com/explore/locations/120138428681217/lucky-eyes/"
  },
  {
    "id": "1034775979",
    "name": "BabyBoom - cемейный центр",
    "city": "Brovary",
    "url": "https://www.instagram.com/explore/locations/1034775979/babyboom-c/"
  },
  {
    "id": "115380386559726",
    "name": "GOOD NAME",
    "city": "Brovary",
    "url": "https://www.instagram.com/explore/locations/115380386559726/good-name/"
  },
  {
    "id": "100993968494943",
    "name": "Marble-Interior",
    "city": "Brovary",
    "url": "https://www.instagram.com/explore/locations/100993968494943/marble-interior/"
  },
  {
    "id": "396855654268430",
    "name": "Ярослава Мудрого,14",
    "city": "Brovary",
    "url": "https://www.instagram.com/explore/locations/396855654268430/14/"
  },
  {
    "id": "106282693400885",
    "name": "Г.бровары,ул.шевченко,10-А",
    "city": "Brovary",
    "url": "https://www.instagram.com/explore/locations/106282693400885/10-/"
  },
  {
    "id": "264934277",
    "name": "Черняховского 15",
    "city": "Brovary",
    "url": "https://www.instagram.com/explore/locations/264934277/15/"
  },
  {
    "id": "106272764238382",
    "name": "Luck.nail.studio",
    "city": "Brovary",
    "url": "https://www.instagram.com/explore/locations/106272764238382/lucknailstudio/"
  },
  {
    "id": "1018866747",
    "name": "Metamorfoza beauty lab",
    "city": "Brovary",
    "url": "https://www.instagram.com/explore/locations/1018866747/metamorfoza-beauty-lab/"
  },
  {
    "id": "1649615075254044",
    "name": "KOMOD",
    "city": "Brovary",
    "url": "https://www.instagram.com/explore/locations/1649615075254044/komod/"
  },
  {
    "id": "1433834300079452",
    "name": "Familyflowerselenakalashnyk",
    "city": "Brovary",
    "url": "https://www.instagram.com/explore/locations/1433834300079452/familyflowerselenakalashnyk/"
  },
  {
    "id": "104049844880554",
    "name": "Food 5553",
    "city": "Brovary",
    "url": "https://www.instagram.com/explore/locations/104049844880554/food-5553/"
  },
  {
    "id": "1015003531",
    "name": "Фотограф Ника Кулиш - Киев/Бровары",
    "city": "Brovary",
    "url": "https://www.instagram.com/explore/locations/1015003531/-/"
  },
  {
    "id": "104744831113515",
    "name": "4.sushi",
    "city": "Brovary",
    "url": "https://www.instagram.com/explore/locations/104744831113515/4sushi/"
  },
  {
    "id": "1031042295",
    "name": "Эгида V",
    "city": "Brovary",
    "url": "https://www.instagram.com/explore/locations/1031042295/v/"
  },
  {
    "id": "350028641534953",
    "name": "Fortune School",
    "city": "Brovary",
    "url": "https://www.instagram.com/explore/locations/350028641534953/fortune-school/"
  },
  {
    "id": "1602443926568777",
    "name": "LAGOM we realize dreams",
    "city": "Brovary",
    "url": "https://www.instagram.com/explore/locations/1602443926568777/lagom-we-realize-dreams/"
  },
  {
    "id": "160176997886103",
    "name": "Интернет-магазин детской обуви \"Топотушка\"",
    "city": "Brovary",
    "url": "https://www.instagram.com/explore/locations/160176997886103/-/"
  },
  {
    "id": "112875607508523",
    "name": "Simon Coffee Bar",
    "city": "Brovary",
    "url": "https://www.instagram.com/explore/locations/112875607508523/simon-coffee-bar/"
  },
  {
    "id": "131278057419709",
    "name": "Бутик \"ангелы и Демоны\", Бровары, ул. Черняховско, 36",
    "city": "Brovary",
    "url": "https://www.instagram.com/explore/locations/131278057419709/36/"
  },
  {
    "id": "2149401981943106",
    "name": "ул. Грушевского 5",
    "city": "Brovary",
    "url": "https://www.instagram.com/explore/locations/2149401981943106/5/"
  },
  {
    "id": "106029835473602",
    "name": "avocado.nail.lounge",
    "city": "Brovary",
    "url": "https://www.instagram.com/explore/locations/106029835473602/avocadonaillounge/"
  },
  {
    "id": "2002194353172686",
    "name": "Toucan_Park",
    "city": "Brovary",
    "url": "https://www.instagram.com/explore/locations/2002194353172686/toucan_park/"
  },
  {
    "id": "104259882113457",
    "name": "KFC",
    "city": "Brovary",
    "url": "https://www.instagram.com/explore/locations/104259882113457/kfc/"
  },
  {
    "id": "178028990978577",
    "name": "Granat Photo studio",
    "city": "Brovary",
    "url": "https://www.instagram.com/explore/locations/178028990978577/granat-photo-studio/"
  },
  {
    "id": "106379134419801",
    "name": "Pavlovgarage",
    "city": "Brovary",
    "url": "https://www.instagram.com/explore/locations/106379134419801/pavlovgarage/"
  },
  {
    "id": "1806338139652235",
    "name": "Marilyn Monroe Hair Studio",
    "city": "Brovary",
    "url": "https://www.instagram.com/explore/locations/1806338139652235/marilyn-monroe-hair-studio/"
  },
  {
    "id": "113913670044549",
    "name": "Ул.симона Петлюры, 23в",
    "city": "Brovary",
    "url": "https://www.instagram.com/explore/locations/113913670044549/23/"
  },
  {
    "id": "103960464633433",
    "name": "Autopodbor007",
    "city": "Brovary",
    "url": "https://www.instagram.com/explore/locations/103960464633433/autopodbor007/"
  },
  {
    "id": "412076972",
    "name": "Barbershop Цирюльникъ",
    "city": "Brovary",
    "url": "https://www.instagram.com/explore/locations/412076972/barbershop/"
  },
  {
    "id": "424285341440667",
    "name": "Pilates-club",
    "city": "Brovary",
    "url": "https://www.instagram.com/explore/locations/424285341440667/pilates-club/"
  },
  {
    "id": "276009306587156",
    "name": "Bravadi",
    "city": "Brovary",
    "url": "https://www.instagram.com/explore/locations/276009306587156/bravadi/"
  },
  {
    "id": "1026779269",
    "name": "Бизнес-центр \"ArteriaБровары",
    "city": "Brovary",
    "url": "https://www.instagram.com/explore/locations/1026779269/-arteria/"
  },
  {
    "id": "100853615854198",
    "name": "STORY Pizza",
    "city": "Brovary",
    "url": "https://www.instagram.com/explore/locations/100853615854198/story-pizza/"
  },
  {
    "id": "105195904333654",
    "name": "Где-То На Торгмаше",
    "city": "Brovary",
    "url": "https://www.instagram.com/explore/locations/105195904333654/-/"
  },
  {
    "id": "496231290909646",
    "name": "Lucky Eyes Studio",
    "city": "Brovary",
    "url": "https://www.instagram.com/explore/locations/496231290909646/lucky-eyes-studio/"
  },
  {
    "id": "107009135434528",
    "name": "Kopibara",
    "city": "Brovary",
    "url": "https://www.instagram.com/explore/locations/107009135434528/kopibara/"
  },
  {
    "id": "109833972037675",
    "name": "Кава Донер Doner Галерея",
    "city": "Brovary",
    "url": "https://www.instagram.com/explore/locations/109833972037675/doner/"
  },
  {
    "id": "687103444761530",
    "name": "NaTurelworkshop Мастерская флористики и декора",
    "city": "Brovary",
    "url": "https://www.instagram.com/explore/locations/687103444761530/naturelworkshop/"
  },
  {
    "id": "382608945404952",
    "name": "Гагарина 2, Бровары, Кафе Орех",
    "city": "Brovary",
    "url": "https://www.instagram.com/explore/locations/382608945404952/2/"
  },
  {
    "id": "107513245031135",
    "name": "Територія краси і здоров’я Dr. Ulanova",
    "city": "Brovary",
    "url": "https://www.instagram.com/explore/locations/107513245031135/dr-ulanova/"
  },
  {
    "id": "1031783313",
    "name": "Maxi Dance School Бровары",
    "city": "Brovary",
    "url": "https://www.instagram.com/explore/locations/1031783313/maxi-dance-school/"
  },
  {
    "id": "105518784155074",
    "name": "Церква Спасіння - Гагаріна 6, Бровари",
    "city": "Brovary",
    "url": "https://www.instagram.com/explore/locations/105518784155074/-6/"
  },
  {
    "id": "103888805368182",
    "name": "Fancoil.group. Підлогові конвектора від Виробника",
    "city": "Brovary",
    "url": "https://www.instagram.com/explore/locations/103888805368182/fancoilgroup/"
  },
  {
    "id": "102399048318316",
    "name": "Pure Beauty House Жк Диамант",
    "city": "Brovary",
    "url": "https://www.instagram.com/explore/locations/102399048318316/pure-beauty-house/"
  },
  {
    "id": "126667754631861",
    "name": "RELAX",
    "city": "Brovary",
    "url": "https://www.instagram.com/explore/locations/126667754631861/relax/"
  },
  {
    "id": "2336790026646826",
    "name": "Меблі з дерева Browood",
    "city": "Brovary",
    "url": "https://www.instagram.com/explore/locations/2336790026646826/browood/"
  },
  {
    "id": "1014939803",
    "name": "Landhaus Hotel",
    "city": "Brovary",
    "url": "https://www.instagram.com/explore/locations/1014939803/landhaus-hotel/"
  },
  {
    "id": "463631080159841",
    "name": "Lavie.shop.ua",
    "city": "Brovary",
    "url": "https://www.instagram.com/explore/locations/463631080159841/lavieshopua/"
  },
  {
    "id": "2374980115909166",
    "name": "школа 10",
    "city": "Brovary",
    "url": "https://www.instagram.com/explore/locations/2374980115909166/10/"
  },
  {
    "id": "100422119649542",
    "name": "BlackBarbershop",
    "city": "Brovary",
    "url": "https://www.instagram.com/explore/locations/100422119649542/blackbarbershop/"
  },
  {
    "id": "1114622418681598",
    "name": "Бровары. Симоненко 113а",
    "city": "Brovary",
    "url": "https://www.instagram.com/explore/locations/1114622418681598/113/"
  },
  {
    "id": "1029465282",
    "name": "Элит-Салон Никко",
    "city": "Brovary",
    "url": "https://www.instagram.com/explore/locations/1029465282/-/"
  },
  {
    "id": "266611294",
    "name": "сш N5, г. Бровары",
    "city": "Brovary",
    "url": "https://www.instagram.com/explore/locations/266611294/n5/"
  },
  {
    "id": "1831722880485981",
    "name": "Selfiebar_brovary",
    "city": "Brovary",
    "url": "https://www.instagram.com/explore/locations/1831722880485981/selfiebar_brovary/"
  },
  {
    "id": "748282172016246",
    "name": "LolaHome",
    "city": "Brovary",
    "url": "https://www.instagram.com/explore/locations/748282172016246/lolahome/"
  },
  {
    "id": "168422673865230",
    "name": "Yard Wine & Meat",
    "city": "Brovary",
    "url": "https://www.instagram.com/explore/locations/168422673865230/yard-wine-meat/"
  },
  {
    "id": "102425049249670",
    "name": "The Dance",
    "city": "Brovary",
    "url": "https://www.instagram.com/explore/locations/102425049249670/the-dance/"
  },
  {
    "id": "1377966042338345",
    "name": "2 Школа",
    "city": "Brovary",
    "url": "https://www.instagram.com/explore/locations/1377966042338345/2/"
  },
  {
    "id": "114429874914888",
    "name": "notonly.cake",
    "city": "Brovary",
    "url": "https://www.instagram.com/explore/locations/114429874914888/notonlycake/"
  },
  {
    "id": "1820757168205451",
    "name": "Бровари. Networking",
    "city": "Brovary",
    "url": "https://www.instagram.com/explore/locations/1820757168205451/networking/"
  },
  {
    "id": "2216843645029790",
    "name": "LoftCafe",
    "city": "Brovary",
    "url": "https://www.instagram.com/explore/locations/2216843645029790/loftcafe/"
  },
  {
    "id": "878382012334446",
    "name": "Броварська ЗОШ І-ІІІст. №10",
    "city": "Brovary",
    "url": "https://www.instagram.com/explore/locations/878382012334446/-no10/"
  },
  {
    "id": "143941849664012",
    "name": "Beauty Stream, Brovary",
    "city": "Brovary",
    "url": "https://www.instagram.com/explore/locations/143941849664012/beauty-stream-brovary/"
  },
  {
    "id": "138314920146353",
    "name": "FAT Buffet",
    "city": "Brovary",
    "url": "https://www.instagram.com/explore/locations/138314920146353/fat-buffet/"
  },
  {
    "id": "279652609550830",
    "name": "Йога-студия «Индра»",
    "city": "Brovary",
    "url": "https://www.instagram.com/explore/locations/279652609550830/-/"
  },
  {
    "id": "1148326905350703",
    "name": "Броварская Окружная, 62",
    "city": "Brovary",
    "url": "https://www.instagram.com/explore/locations/1148326905350703/62/"
  },
  {
    "id": "105169927874391",
    "name": "Мережа салонів краси \"Студія 412cалон \"Мама-Boss\"",
    "city": "Brovary",
    "url": "https://www.instagram.com/explore/locations/105169927874391/412c-boss/"
  },
  {
    "id": "275799069436525",
    "name": "MELON/Мелон",
    "city": "Brovary",
    "url": "https://www.instagram.com/explore/locations/275799069436525/melon/"
  },
  {
    "id": "183783202224625",
    "name": "Mascarpone.bro",
    "city": "Brovary",
    "url": "https://www.instagram.com/explore/locations/183783202224625/mascarponebro/"
  },
  {
    "id": "1775363112740916",
    "name": "Медово-імбирні пряники",
    "city": "Brovary",
    "url": "https://www.instagram.com/explore/locations/1775363112740916/-/"
  },
  {
    "id": "1014767721",
    "name": "Tattoo.ink.Street Бровары",
    "city": "Brovary",
    "url": "https://www.instagram.com/explore/locations/1014767721/tattooinkstreet/"
  },
  {
    "id": "365631170472752",
    "name": "Detox Bar",
    "city": "Brovary",
    "url": "https://www.instagram.com/explore/locations/365631170472752/detox-bar/"
  },
  {
    "id": "435866756",
    "name": "ЕпiцентрК, Бровари",
    "city": "Brovary",
    "url": "https://www.instagram.com/explore/locations/435866756/i/"
  },
  {
    "id": "402588453829094",
    "name": "Бровары Независимости 15",
    "city": "Brovary",
    "url": "https://www.instagram.com/explore/locations/402588453829094/15/"
  },
  {
    "id": "267996750502040",
    "name": "MCY",
    "city": "Brovary",
    "url": "https://www.instagram.com/explore/locations/267996750502040/mcy/"
  },
  {
    "id": "110255495117081",
    "name": "Косметолог Okey",
    "city": "Brovary",
    "url": "https://www.instagram.com/explore/locations/110255495117081/okey/"
  },
  {
    "id": "328996250792601",
    "name": "Сервисный Центр \"Профи-Сервис\"/ Profi-Service",
    "city": "Brovary",
    "url": "https://www.instagram.com/explore/locations/328996250792601/-profi-service/"
  },
  {
    "id": "111975570445837",
    "name": "Red&Black Food Project",
    "city": "Brovary",
    "url": "https://www.instagram.com/explore/locations/111975570445837/redblack-food-project/"
  },
  {
    "id": "124572578108451",
    "name": "Hodos Tattoo",
    "city": "Brovary",
    "url": "https://www.instagram.com/explore/locations/124572578108451/hodos-tattoo/"
  },
  {
    "id": "281303422517454",
    "name": "Pozitive Summer Terrace",
    "city": "Brovary",
    "url": "https://www.instagram.com/explore/locations/281303422517454/pozitive-summer-terrace/"
  },
  {
    "id": "100327935829451",
    "name": "Event Hall Brovary",
    "city": "Brovary",
    "url": "https://www.instagram.com/explore/locations/100327935829451/event-hall-brovary/"
  }
]