[
  {
    "id": "2030206307056653",
    "name": "Kyiv Food Market",
    "city": "Kyiv",
    "url": "https://www.instagram.com/explore/locations/2030206307056653/kyiv-food-market/"
  },
  {
    "id": "217791640",
    "name": "TSARSKY",
    "city": "Kyiv",
    "url": "https://www.instagram.com/explore/locations/217791640/tsarsky/"
  },
  {
    "id": "852816334",
    "name": "Mariinsky Park",
    "city": "Kyiv",
    "url": "https://www.instagram.com/explore/locations/852816334/mariinsky-park/"
  },
  {
    "id": "977378284",
    "name": "Mystetskyi Arsenal",
    "city": "Kyiv",
    "url": "https://www.instagram.com/explore/locations/977378284/mystetskyi-arsenal/"
  },
  {
    "id": "278555689",
    "name": "Parkovy",
    "city": "Kyiv",
    "url": "https://www.instagram.com/explore/locations/278555689/parkovy/"
  },
  {
    "id": "100185982339613",
    "name": "Frou Frou",
    "city": "Kyiv",
    "url": "https://www.instagram.com/explore/locations/100185982339613/frou-frou/"
  },
  {
    "id": "100330771823578",
    "name": "Virgin Izakaya Bar",
    "city": "Kyiv",
    "url": "https://www.instagram.com/explore/locations/100330771823578/virgin-izakaya-bar/"
  },
  {
    "id": "148331771848429",
    "name": "Pechersk, Kiev",
    "city": "Kyiv",
    "url": "https://www.instagram.com/explore/locations/148331771848429/pechersk-kiev/"
  },
  {
    "id": "110672837166373",
    "name": "Fenix Mediterranean",
    "city": "Kyiv",
    "url": "https://www.instagram.com/explore/locations/110672837166373/fenix-mediterranean/"
  },
  {
    "id": "107928660643990",
    "name": "Pecherskyi",
    "city": "Kyiv",
    "url": "https://www.instagram.com/explore/locations/107928660643990/pecherskyi/"
  },
  {
    "id": "2137268993169798",
    "name": "SHO",
    "city": "Kyiv",
    "url": "https://www.instagram.com/explore/locations/2137268993169798/sho/"
  },
  {
    "id": "240513125",
    "name": "Arsenalna",
    "city": "Kyiv",
    "url": "https://www.instagram.com/explore/locations/240513125/arsenalna/"
  },
  {
    "id": "507445332",
    "name": "USA",
    "city": "Kyiv",
    "url": "https://www.instagram.com/explore/locations/507445332/usa/"
  },
  {
    "id": "299206760",
    "name": "Mariyinsky Palace",
    "city": "Kyiv",
    "url": "https://www.instagram.com/explore/locations/299206760/mariyinsky-palace/"
  },
  {
    "id": "108917504010978",
    "name": "Fenix Asia",
    "city": "Kyiv",
    "url": "https://www.instagram.com/explore/locations/108917504010978/fenix-asia/"
  },
  {
    "id": "731170150410050",
    "name": "Київський університет культури - КУК",
    "city": "Kyiv",
    "url": "https://www.instagram.com/explore/locations/731170150410050/-/"
  },
  {
    "id": "108679277412889",
    "name": "Верховна Рада України / the Parliament of Ukraine",
    "city": "Kyiv",
    "url": "https://www.instagram.com/explore/locations/108679277412889/the-parliament-of-ukraine/"
  },
  {
    "id": "222051724",
    "name": "Pecherska",
    "city": "Kyiv",
    "url": "https://www.instagram.com/explore/locations/222051724/pecherska/"
  },
  {
    "id": "1026760609",
    "name": "Guramma Restaurant",
    "city": "Kyiv",
    "url": "https://www.instagram.com/explore/locations/1026760609/guramma-restaurant/"
  },
  {
    "id": "1032826397",
    "name": "Kiev National University of Culture and Arts",
    "city": "Kyiv",
    "url": "https://www.instagram.com/explore/locations/1032826397/kiev-national-university-of-culture-and-arts/"
  },
  {
    "id": "292635514547133",
    "name": "UKRAINIAN FASHION WEEK Мистецький Арсенал",
    "city": "Kyiv",
    "url": "https://www.instagram.com/explore/locations/292635514547133/ukrainian-fashion-week/"
  },
  {
    "id": "402140425",
    "name": "Pechersk, Kyiv, Ukraine",
    "city": "Kyiv",
    "url": "https://www.instagram.com/explore/locations/402140425/pechersk-kyiv-ukraine/"
  },
  {
    "id": "16779239",
    "name": "Bigoli",
    "city": "Kyiv",
    "url": "https://www.instagram.com/explore/locations/16779239/bigoli/"
  },
  {
    "id": "331033641048926",
    "name": "Парк Вічної Слави / Vichnoi Slavy Рark",
    "city": "Kyiv",
    "url": "https://www.instagram.com/explore/locations/331033641048926/vichnoi-slavy-ark/"
  },
  {
    "id": "217994004",
    "name": "Verkhovna Rada",
    "city": "Kyiv",
    "url": "https://www.instagram.com/explore/locations/217994004/verkhovna-rada/"
  },
  {
    "id": "374905566639244",
    "name": "PM Hall",
    "city": "Kyiv",
    "url": "https://www.instagram.com/explore/locations/374905566639244/pm-hall/"
  },
  {
    "id": "103725224716763",
    "name": "Sicilia.kyiv",
    "city": "Kyiv",
    "url": "https://www.instagram.com/explore/locations/103725224716763/siciliakyiv/"
  },
  {
    "id": "1527813510632548",
    "name": "Guramma Italiana",
    "city": "Kyiv",
    "url": "https://www.instagram.com/explore/locations/1527813510632548/guramma-italiana/"
  },
  {
    "id": "224871988",
    "name": "Dnipro (Kiev Metro)",
    "city": "Kyiv",
    "url": "https://www.instagram.com/explore/locations/224871988/dnipro-kiev-metro/"
  },
  {
    "id": "107811461611673",
    "name": "Pepper's Club",
    "city": "Kyiv",
    "url": "https://www.instagram.com/explore/locations/107811461611673/peppers-club/"
  },
  {
    "id": "1389888104470061",
    "name": "Арт-Клуб \"Теплий Ламповий\"",
    "city": "Kyiv",
    "url": "https://www.instagram.com/explore/locations/1389888104470061/-/"
  },
  {
    "id": "103692339183624",
    "name": "Biarritz Kyiv",
    "city": "Kyiv",
    "url": "https://www.instagram.com/explore/locations/103692339183624/biarritz-kyiv/"
  },
  {
    "id": "288146676",
    "name": "Klovska",
    "city": "Kyiv",
    "url": "https://www.instagram.com/explore/locations/288146676/klovska/"
  },
  {
    "id": "865466230233141",
    "name": "Документ-сервіс Готово",
    "city": "Kyiv",
    "url": "https://www.instagram.com/explore/locations/865466230233141/-/"
  },
  {
    "id": "213290973",
    "name": "Shooters Kiev",
    "city": "Kyiv",
    "url": "https://www.instagram.com/explore/locations/213290973/shooters-kiev/"
  },
  {
    "id": "185189588979705",
    "name": "4844 Outlaw Bar",
    "city": "Kyiv",
    "url": "https://www.instagram.com/explore/locations/185189588979705/4844-outlaw-bar/"
  },
  {
    "id": "100860478435835",
    "name": "Fish Fetish",
    "city": "Kyiv",
    "url": "https://www.instagram.com/explore/locations/100860478435835/fish-fetish/"
  },
  {
    "id": "110199921270188",
    "name": "Stella Sweets",
    "city": "Kyiv",
    "url": "https://www.instagram.com/explore/locations/110199921270188/stella-sweets/"
  },
  {
    "id": "100110445067896",
    "name": "Samna",
    "city": "Kyiv",
    "url": "https://www.instagram.com/explore/locations/100110445067896/samna/"
  },
  {
    "id": "288322201",
    "name": "Dali Park",
    "city": "Kyiv",
    "url": "https://www.instagram.com/explore/locations/288322201/dali-park/"
  },
  {
    "id": "221039354",
    "name": "Grill do Brasil це більше, ніж просто про м'ясо",
    "city": "Kyiv",
    "url": "https://www.instagram.com/explore/locations/221039354/grill-do-brasil/"
  },
  {
    "id": "1764426647178747",
    "name": "Академия Карьеры Салонного Бизнеса \"руки-Ножницы\"",
    "city": "Kyiv",
    "url": "https://www.instagram.com/explore/locations/1764426647178747/-/"
  },
  {
    "id": "279918392443969",
    "name": "Пологовий #1",
    "city": "Kyiv",
    "url": "https://www.instagram.com/explore/locations/279918392443969/1/"
  },
  {
    "id": "266566404",
    "name": "Роддом #1",
    "city": "Kyiv",
    "url": "https://www.instagram.com/explore/locations/266566404/1/"
  },
  {
    "id": "101182358109554",
    "name": "Одеса-мама",
    "city": "Kyiv",
    "url": "https://www.instagram.com/explore/locations/101182358109554/-/"
  },
  {
    "id": "105244065403735",
    "name": "MIYA",
    "city": "Kyiv",
    "url": "https://www.instagram.com/explore/locations/105244065403735/miya/"
  },
  {
    "id": "102560056210001",
    "name": "Boho Yosai",
    "city": "Kyiv",
    "url": "https://www.instagram.com/explore/locations/102560056210001/boho-yosai/"
  },
  {
    "id": "114785973237714",
    "name": "Razzle Dazzle",
    "city": "Kyiv",
    "url": "https://www.instagram.com/explore/locations/114785973237714/razzle-dazzle/"
  },
  {
    "id": "137030493",
    "name": "Pandora Studio",
    "city": "Kyiv",
    "url": "https://www.instagram.com/explore/locations/137030493/pandora-studio/"
  },
  {
    "id": "991879524278393",
    "name": "Sandali",
    "city": "Kyiv",
    "url": "https://www.instagram.com/explore/locations/991879524278393/sandali/"
  },
  {
    "id": "213271947",
    "name": "Чашка Espresso Bar (Киев)",
    "city": "Kyiv",
    "url": "https://www.instagram.com/explore/locations/213271947/espresso-bar/"
  },
  {
    "id": "263006376",
    "name": "Київський національний університет технологій та дизайну - КНУТД",
    "city": "Kyiv",
    "url": "https://www.instagram.com/explore/locations/263006376/-/"
  },
  {
    "id": "107083168199816",
    "name": "Elevato",
    "city": "Kyiv",
    "url": "https://www.instagram.com/explore/locations/107083168199816/elevato/"
  },
  {
    "id": "658218961035990",
    "name": "G.Bar Special",
    "city": "Kyiv",
    "url": "https://www.instagram.com/explore/locations/658218961035990/gbar-special/"
  },
  {
    "id": "104664671005562",
    "name": "Zweig",
    "city": "Kyiv",
    "url": "https://www.instagram.com/explore/locations/104664671005562/zweig/"
  },
  {
    "id": "1019065693",
    "name": "BC Senator",
    "city": "Kyiv",
    "url": "https://www.instagram.com/explore/locations/1019065693/bc-senator/"
  },
  {
    "id": "326564441461938",
    "name": "Маріїнський парк / Mariinsky Park",
    "city": "Kyiv",
    "url": "https://www.instagram.com/explore/locations/326564441461938/mariinsky-park/"
  },
  {
    "id": "997518096",
    "name": "BESTia",
    "city": "Kyiv",
    "url": "https://www.instagram.com/explore/locations/997518096/bestia/"
  },
  {
    "id": "883291451",
    "name": "Sandler",
    "city": "Kyiv",
    "url": "https://www.instagram.com/explore/locations/883291451/sandler/"
  },
  {
    "id": "800761860081981",
    "name": "Victoria Museum",
    "city": "Kyiv",
    "url": "https://www.instagram.com/explore/locations/800761860081981/victoria-museum/"
  },
  {
    "id": "1710187925900463",
    "name": "BAROMETER",
    "city": "Kyiv",
    "url": "https://www.instagram.com/explore/locations/1710187925900463/barometer/"
  },
  {
    "id": "256027670",
    "name": "Бутик \"Spazio\"",
    "city": "Kyiv",
    "url": "https://www.instagram.com/explore/locations/256027670/spazio/"
  },
  {
    "id": "100393548981342",
    "name": "Vognyk Bar",
    "city": "Kyiv",
    "url": "https://www.instagram.com/explore/locations/100393548981342/vognyk-bar/"
  },
  {
    "id": "955843531207563",
    "name": "SHO",
    "city": "Kyiv",
    "url": "https://www.instagram.com/explore/locations/955843531207563/sho/"
  },
  {
    "id": "281504135532120",
    "name": "Kyiv Art Week",
    "city": "Kyiv",
    "url": "https://www.instagram.com/explore/locations/281504135532120/kyiv-art-week/"
  },
  {
    "id": "275061723",
    "name": "L8 Park",
    "city": "Kyiv",
    "url": "https://www.instagram.com/explore/locations/275061723/l8-park/"
  },
  {
    "id": "215114403",
    "name": "MRKN",
    "city": "Kyiv",
    "url": "https://www.instagram.com/explore/locations/215114403/mrkn/"
  },
  {
    "id": "657866589",
    "name": "Arsenal'na (metropolitana di Kiev)",
    "city": "Kyiv",
    "url": "https://www.instagram.com/explore/locations/657866589/arsenalna-metropolitana-di-kiev/"
  },
  {
    "id": "101977042204903",
    "name": "Kureni",
    "city": "Kyiv",
    "url": "https://www.instagram.com/explore/locations/101977042204903/kureni/"
  },
  {
    "id": "650709036",
    "name": "Fair Finch Coffee Center",
    "city": "Kyiv",
    "url": "https://www.instagram.com/explore/locations/650709036/fair-finch-coffee-center/"
  },
  {
    "id": "1013270269",
    "name": "Mercedes-Benz Fashion Day Kiev",
    "city": "Kyiv",
    "url": "https://www.instagram.com/explore/locations/1013270269/mercedes-benz-fashion-day-kiev/"
  },
  {
    "id": "108001321583105",
    "name": "Bar.Kimberli",
    "city": "Kyiv",
    "url": "https://www.instagram.com/explore/locations/108001321583105/barkimberli/"
  },
  {
    "id": "754322367946955",
    "name": "Kyiv Food and Wine Festival",
    "city": "Kyiv",
    "url": "https://www.instagram.com/explore/locations/754322367946955/kyiv-food-and-wine-festival/"
  },
  {
    "id": "1685299095088090",
    "name": "Around",
    "city": "Kyiv",
    "url": "https://www.instagram.com/explore/locations/1685299095088090/around/"
  },
  {
    "id": "904440186236690",
    "name": "Lavra.ua",
    "city": "Kyiv",
    "url": "https://www.instagram.com/explore/locations/904440186236690/lavraua/"
  },
  {
    "id": "1000758098",
    "name": "Панорама на Печерске - Коновальца 44А",
    "city": "Kyiv",
    "url": "https://www.instagram.com/explore/locations/1000758098/-44/"
  },
  {
    "id": "537772866750755",
    "name": "Miminoshi Хінкальня",
    "city": "Kyiv",
    "url": "https://www.instagram.com/explore/locations/537772866750755/miminoshi/"
  },
  {
    "id": "101806612678046",
    "name": "Idillio Restaurant",
    "city": "Kyiv",
    "url": "https://www.instagram.com/explore/locations/101806612678046/idillio-restaurant/"
  },
  {
    "id": "107893187244394",
    "name": "Kritikos",
    "city": "Kyiv",
    "url": "https://www.instagram.com/explore/locations/107893187244394/kritikos/"
  },
  {
    "id": "309386282767272",
    "name": "Pink&Purple",
    "city": "Kyiv",
    "url": "https://www.instagram.com/explore/locations/309386282767272/pinkpurple/"
  },
  {
    "id": "571145763083544",
    "name": "Mostton",
    "city": "Kyiv",
    "url": "https://www.instagram.com/explore/locations/571145763083544/mostton/"
  },
  {
    "id": "308369736208856",
    "name": "Masterskaya",
    "city": "Kyiv",
    "url": "https://www.instagram.com/explore/locations/308369736208856/masterskaya/"
  },
  {
    "id": "144227226327",
    "name": "pizzeria Napule'",
    "city": "Kyiv",
    "url": "https://www.instagram.com/explore/locations/144227226327/pizzeria-napule/"
  },
  {
    "id": "72627092",
    "name": "Ukrainian Fashion Week",
    "city": "Kyiv",
    "url": "https://www.instagram.com/explore/locations/72627092/ukrainian-fashion-week/"
  },
  {
    "id": "313772825631709",
    "name": "Sendeli Brand",
    "city": "Kyiv",
    "url": "https://www.instagram.com/explore/locations/313772825631709/sendeli-brand/"
  },
  {
    "id": "472569011",
    "name": "AROMA KAVA",
    "city": "Kyiv",
    "url": "https://www.instagram.com/explore/locations/472569011/aroma-kava/"
  },
  {
    "id": "104925231082671",
    "name": "ESHAK на Печерську",
    "city": "Kyiv",
    "url": "https://www.instagram.com/explore/locations/104925231082671/eshak/"
  },
  {
    "id": "105432238429489",
    "name": "THIS IS ПИВБАР",
    "city": "Kyiv",
    "url": "https://www.instagram.com/explore/locations/105432238429489/this-is/"
  },
  {
    "id": "239943220",
    "name": "КНУКіМ, Щорса 36",
    "city": "Kyiv",
    "url": "https://www.instagram.com/explore/locations/239943220/36/"
  },
  {
    "id": "435127382",
    "name": "Ukrainian Fashion Week, Мистецький Арсенал",
    "city": "Kyiv",
    "url": "https://www.instagram.com/explore/locations/435127382/ukrainian-fashion-week/"
  },
  {
    "id": "1030426666",
    "name": "Frank Coffee",
    "city": "Kyiv",
    "url": "https://www.instagram.com/explore/locations/1030426666/frank-coffee/"
  },
  {
    "id": "178113969592544",
    "name": "Набережно-Хрещатицька, м. Київ",
    "city": "Kyiv",
    "url": "https://www.instagram.com/explore/locations/178113969592544/-/"
  },
  {
    "id": "133522040064221",
    "name": "SPAZIO",
    "city": "Kyiv",
    "url": "https://www.instagram.com/explore/locations/133522040064221/spazio/"
  },
  {
    "id": "499436570",
    "name": "Kiev Metro Bridge",
    "city": "Kyiv",
    "url": "https://www.instagram.com/explore/locations/499436570/kiev-metro-bridge/"
  },
  {
    "id": "7250261",
    "name": "Spazio",
    "city": "Kyiv",
    "url": "https://www.instagram.com/explore/locations/7250261/spazio/"
  },
  {
    "id": "1577686365596499",
    "name": "Restaurant Senator / Ресторан Сенатор",
    "city": "Kyiv",
    "url": "https://www.instagram.com/explore/locations/1577686365596499/restaurant-senator/"
  },
  {
    "id": "111466160210577",
    "name": "Бизнес-центр «Carnegie Center»",
    "city": "Kyiv",
    "url": "https://www.instagram.com/explore/locations/111466160210577/-carnegie-center/"
  },
  {
    "id": "248111466",
    "name": "Hotel \"Salute\\ Гостиница \"Салют\"",
    "city": "Kyiv",
    "url": "https://www.instagram.com/explore/locations/248111466/hotel-salute/"
  },
  {
    "id": "100166715627860",
    "name": "Kureni",
    "city": "Kyiv",
    "url": "https://www.instagram.com/explore/locations/100166715627860/kureni/"
  },
  {
    "id": "234437714",
    "name": "Mariinsky Park",
    "city": "Kyiv",
    "url": "https://www.instagram.com/explore/locations/234437714/mariinsky-park/"
  },
  {
    "id": "853746961369758",
    "name": "Музей Голодомору I Holodomor Museum",
    "city": "Kyiv",
    "url": "https://www.instagram.com/explore/locations/853746961369758/i-holodomor-museum/"
  },
  {
    "id": "1035618676",
    "name": "Офис \"NL International\"",
    "city": "Kyiv",
    "url": "https://www.instagram.com/explore/locations/1035618676/nl-international/"
  },
  {
    "id": "691338229",
    "name": "Kyiv Pechersk Lavra",
    "city": "Kyiv",
    "url": "https://www.instagram.com/explore/locations/691338229/kyiv-pechersk-lavra/"
  },
  {
    "id": "105898817488806",
    "name": "G-Club Versace",
    "city": "Kyiv",
    "url": "https://www.instagram.com/explore/locations/105898817488806/g-club-versace/"
  },
  {
    "id": "1030479076",
    "name": "Ravado Studio",
    "city": "Kyiv",
    "url": "https://www.instagram.com/explore/locations/1030479076/ravado-studio/"
  },
  {
    "id": "831642413538120",
    "name": "Київський Свято-Введенский чоловичий монастир УПЦ",
    "city": "Kyiv",
    "url": "https://www.instagram.com/explore/locations/831642413538120/-/"
  },
  {
    "id": "151126917104008",
    "name": "Dubler cafe",
    "city": "Kyiv",
    "url": "https://www.instagram.com/explore/locations/151126917104008/dubler-cafe/"
  },
  {
    "id": "1557998437848563",
    "name": "Гиви Рубинштейн / Givi Rubinstein",
    "city": "Kyiv",
    "url": "https://www.instagram.com/explore/locations/1557998437848563/givi-rubinstein/"
  },
  {
    "id": "189039125910932",
    "name": "Piana Vyshnia / П'яна Вишня",
    "city": "Kyiv",
    "url": "https://www.instagram.com/explore/locations/189039125910932/piana-vyshnia/"
  },
  {
    "id": "1034221790",
    "name": "Invoga",
    "city": "Kyiv",
    "url": "https://www.instagram.com/explore/locations/1034221790/invoga/"
  },
  {
    "id": "100628506197589",
    "name": "G.Bar BRAVE",
    "city": "Kyiv",
    "url": "https://www.instagram.com/explore/locations/100628506197589/gbar-brave/"
  },
  {
    "id": "226015337",
    "name": "Караоке-ресторан \"Amber\"",
    "city": "Kyiv",
    "url": "https://www.instagram.com/explore/locations/226015337/-amber/"
  },
  {
    "id": "677756398907969",
    "name": "Boca a Boca Jamoneria",
    "city": "Kyiv",
    "url": "https://www.instagram.com/explore/locations/677756398907969/boca-a-boca-jamoneria/"
  },
  {
    "id": "109119314329583",
    "name": "I like you",
    "city": "Kyiv",
    "url": "https://www.instagram.com/explore/locations/109119314329583/i-like-you/"
  },
  {
    "id": "805143318",
    "name": "Pechersk",
    "city": "Kyiv",
    "url": "https://www.instagram.com/explore/locations/805143318/pechersk/"
  },
  {
    "id": "1128426023905349",
    "name": "M15 Barbershop",
    "city": "Kyiv",
    "url": "https://www.instagram.com/explore/locations/1128426023905349/m15-barbershop/"
  },
  {
    "id": "106475687507355",
    "name": "БЦ Summit",
    "city": "Kyiv",
    "url": "https://www.instagram.com/explore/locations/106475687507355/summit/"
  },
  {
    "id": "1034860898",
    "name": "Мистецикий Арсенал Вул. Лаврська, 12",
    "city": "Kyiv",
    "url": "https://www.instagram.com/explore/locations/1034860898/12/"
  },
  {
    "id": "514985526",
    "name": "Kalyna - Кондитерська та Ресторан",
    "city": "Kyiv",
    "url": "https://www.instagram.com/explore/locations/514985526/kalyna-/"
  },
  {
    "id": "954873305",
    "name": "Diamond Hill, Kyiv",
    "city": "Kyiv",
    "url": "https://www.instagram.com/explore/locations/954873305/diamond-hill-kyiv/"
  },
  {
    "id": "102946699304720",
    "name": "Porto Maltese Restaurant",
    "city": "Kyiv",
    "url": "https://www.instagram.com/explore/locations/102946699304720/porto-maltese-restaurant/"
  },
  {
    "id": "242383996217657",
    "name": "101 Wine Bar",
    "city": "Kyiv",
    "url": "https://www.instagram.com/explore/locations/242383996217657/101-wine-bar/"
  },
  {
    "id": "1019135754",
    "name": "Red Бары",
    "city": "Kyiv",
    "url": "https://www.instagram.com/explore/locations/1019135754/red/"
  },
  {
    "id": "602639730139416",
    "name": "UFW-(Ukraine fashion week )",
    "city": "Kyiv",
    "url": "https://www.instagram.com/explore/locations/602639730139416/ufw-ukraine-fashion-week/"
  },
  {
    "id": "597244111",
    "name": "MediaHub",
    "city": "Kyiv",
    "url": "https://www.instagram.com/explore/locations/597244111/mediahub/"
  },
  {
    "id": "110095373804991",
    "name": "Backstage Pechersk",
    "city": "Kyiv",
    "url": "https://www.instagram.com/explore/locations/110095373804991/backstage-pechersk/"
  },
  {
    "id": "337269459",
    "name": "Great Lavra Bell Tower",
    "city": "Kyiv",
    "url": "https://www.instagram.com/explore/locations/337269459/great-lavra-bell-tower/"
  },
  {
    "id": "447073429",
    "name": "National Museum \"Memorial to Holodomor victims\"",
    "city": "Kyiv",
    "url": "https://www.instagram.com/explore/locations/447073429/national-museum-memorial-to-holodomor-victims/"
  },
  {
    "id": "354998139",
    "name": "Dnipro River Cruise",
    "city": "Kyiv",
    "url": "https://www.instagram.com/explore/locations/354998139/dnipro-river-cruise/"
  },
  {
    "id": "222151944",
    "name": "SAUVAGE",
    "city": "Kyiv",
    "url": "https://www.instagram.com/explore/locations/222151944/sauvage/"
  },
  {
    "id": "234849595",
    "name": "Hurghada, Egypt",
    "city": "Kyiv",
    "url": "https://www.instagram.com/explore/locations/234849595/hurghada-egypt/"
  },
  {
    "id": "643751502",
    "name": "Portobello Beauty Club",
    "city": "Kyiv",
    "url": "https://www.instagram.com/explore/locations/643751502/portobello-beauty-club/"
  },
  {
    "id": "101315015500043",
    "name": "Arsenal XXII",
    "city": "Kyiv",
    "url": "https://www.instagram.com/explore/locations/101315015500043/arsenal-xxii/"
  },
  {
    "id": "1022736432",
    "name": "Косметологічний центр Ecosmetology-Eacademy",
    "city": "Kyiv",
    "url": "https://www.instagram.com/explore/locations/1022736432/ecosmetology-eacademy/"
  },
  {
    "id": "253176472",
    "name": "Sky Mall",
    "city": "Kyiv",
    "url": "https://www.instagram.com/explore/locations/253176472/sky-mall/"
  },
  {
    "id": "137056103",
    "name": "Tsarsky",
    "city": "Kyiv",
    "url": "https://www.instagram.com/explore/locations/137056103/tsarsky/"
  },
  {
    "id": "240605738",
    "name": "GOOD music restaurant",
    "city": "Kyiv",
    "url": "https://www.instagram.com/explore/locations/240605738/good-music-restaurant/"
  },
  {
    "id": "322263987791716",
    "name": "Національний заповідникКиєво-Печерська лавра",
    "city": "Kyiv",
    "url": "https://www.instagram.com/explore/locations/322263987791716/-/"
  },
  {
    "id": "103518934556773",
    "name": "Master Flowers & Coffee",
    "city": "Kyiv",
    "url": "https://www.instagram.com/explore/locations/103518934556773/master-flowers-coffee/"
  },
  {
    "id": "281567572212346",
    "name": "Kyiv National University of Technologies and Design",
    "city": "Kyiv",
    "url": "https://www.instagram.com/explore/locations/281567572212346/kyiv-national-university-of-technologies-and-design/"
  },
  {
    "id": "1270609223014721",
    "name": "KEDR beauty bar",
    "city": "Kyiv",
    "url": "https://www.instagram.com/explore/locations/1270609223014721/kedr-beauty-bar/"
  },
  {
    "id": "1022682057",
    "name": "Vodafone Ukraine",
    "city": "Kyiv",
    "url": "https://www.instagram.com/explore/locations/1022682057/vodafone-ukraine/"
  },
  {
    "id": "811771742299170",
    "name": "hiitworks - фітнес для зайнятих",
    "city": "Kyiv",
    "url": "https://www.instagram.com/explore/locations/811771742299170/hiitworks-/"
  },
  {
    "id": "2083083345144356",
    "name": "Верховна Рада України Вулиця Банкова, 6/8",
    "city": "Kyiv",
    "url": "https://www.instagram.com/explore/locations/2083083345144356/68/"
  },
  {
    "id": "300185006751971",
    "name": "Pechersk/Kyiv",
    "city": "Kyiv",
    "url": "https://www.instagram.com/explore/locations/300185006751971/pecherskkyiv/"
  },
  {
    "id": "1643496979300321",
    "name": "Kika-Style",
    "city": "Kyiv",
    "url": "https://www.instagram.com/explore/locations/1643496979300321/kika-style/"
  },
  {
    "id": "835817169851365",
    "name": "M.Sha Nail Bar",
    "city": "Kyiv",
    "url": "https://www.instagram.com/explore/locations/835817169851365/msha-nail-bar/"
  },
  {
    "id": "106676304172142",
    "name": "Ramen vs Marketing",
    "city": "Kyiv",
    "url": "https://www.instagram.com/explore/locations/106676304172142/ramen-vs-marketing/"
  },
  {
    "id": "483212728842641",
    "name": "Особняк ім. Л.Я. Полякова / Polaykov's Mansion",
    "city": "Kyiv",
    "url": "https://www.instagram.com/explore/locations/483212728842641/polaykovs-mansion/"
  },
  {
    "id": "1013972798",
    "name": "Києво-Печерська Лавра. Киево-Печерская Лавра",
    "city": "Kyiv",
    "url": "https://www.instagram.com/explore/locations/1013972798/-/"
  },
  {
    "id": "271464742",
    "name": "Le Silpo",
    "city": "Kyiv",
    "url": "https://www.instagram.com/explore/locations/271464742/le-silpo/"
  },
  {
    "id": "11140366",
    "name": "Лицей Международных Отношений 51",
    "city": "Kyiv",
    "url": "https://www.instagram.com/explore/locations/11140366/51/"
  },
  {
    "id": "108172217482712",
    "name": "Guramma",
    "city": "Kyiv",
    "url": "https://www.instagram.com/explore/locations/108172217482712/guramma/"
  },
  {
    "id": "2139665886172395",
    "name": "Kika-Style",
    "city": "Kyiv",
    "url": "https://www.instagram.com/explore/locations/2139665886172395/kika-style/"
  },
  {
    "id": "107474738459913",
    "name": "Shoor Bar",
    "city": "Kyiv",
    "url": "https://www.instagram.com/explore/locations/107474738459913/shoor-bar/"
  },
  {
    "id": "366240313245000",
    "name": "Tribe.NRG",
    "city": "Kyiv",
    "url": "https://www.instagram.com/explore/locations/366240313245000/tribenrg/"
  },
  {
    "id": "703727382994277",
    "name": "Успенский собор Киево-Печерской лавры",
    "city": "Kyiv",
    "url": "https://www.instagram.com/explore/locations/703727382994277/-/"
  },
  {
    "id": "108531310489865",
    "name": "Ekabeauty",
    "city": "Kyiv",
    "url": "https://www.instagram.com/explore/locations/108531310489865/ekabeauty/"
  },
  {
    "id": "1882852588651799",
    "name": "Backstage Klovskiy",
    "city": "Kyiv",
    "url": "https://www.instagram.com/explore/locations/1882852588651799/backstage-klovskiy/"
  },
  {
    "id": "40466161",
    "name": "UFW",
    "city": "Kyiv",
    "url": "https://www.instagram.com/explore/locations/40466161/ufw/"
  },
  {
    "id": "1937686649612971",
    "name": "Tsarsky Bar",
    "city": "Kyiv",
    "url": "https://www.instagram.com/explore/locations/1937686649612971/tsarsky-bar/"
  },
  {
    "id": "65057022",
    "name": "Grill Do Brazil",
    "city": "Kyiv",
    "url": "https://www.instagram.com/explore/locations/65057022/grill-do-brazil/"
  },
  {
    "id": "1013967624",
    "name": "National Transport University of Ukraine",
    "city": "Kyiv",
    "url": "https://www.instagram.com/explore/locations/1013967624/national-transport-university-of-ukraine/"
  },
  {
    "id": "84746812",
    "name": "Dali Park",
    "city": "Kyiv",
    "url": "https://www.instagram.com/explore/locations/84746812/dali-park/"
  },
  {
    "id": "1664199447024030",
    "name": "Національний музей українського народного декоративного мистецтва / The National Folk Decorative Art Museum",
    "city": "Kyiv",
    "url": "https://www.instagram.com/explore/locations/1664199447024030/the-national-folk-decorative-art-museum/"
  },
  {
    "id": "226455287",
    "name": "Maroccana",
    "city": "Kyiv",
    "url": "https://www.instagram.com/explore/locations/226455287/maroccana/"
  },
  {
    "id": "384778471383043",
    "name": "Yosai",
    "city": "Kyiv",
    "url": "https://www.instagram.com/explore/locations/384778471383043/yosai/"
  },
  {
    "id": "6712195",
    "name": "Площа Лесі Українки / Lesi Ukrayinky Square",
    "city": "Kyiv",
    "url": "https://www.instagram.com/explore/locations/6712195/lesi-ukrayinky-square/"
  },
  {
    "id": "445029739329074",
    "name": "espresso bar illy",
    "city": "Kyiv",
    "url": "https://www.instagram.com/explore/locations/445029739329074/espresso-bar-illy/"
  },
  {
    "id": "109814730392960",
    "name": "11 DOGS grooming salon",
    "city": "Kyiv",
    "url": "https://www.instagram.com/explore/locations/109814730392960/11-dogs-grooming-salon/"
  },
  {
    "id": "1921243551518661",
    "name": "DXL Remind",
    "city": "Kyiv",
    "url": "https://www.instagram.com/explore/locations/1921243551518661/dxl-remind/"
  },
  {
    "id": "491954861",
    "name": "Eliziy Bar",
    "city": "Kyiv",
    "url": "https://www.instagram.com/explore/locations/491954861/eliziy-bar/"
  },
  {
    "id": "1416214315187779",
    "name": "HookahPlace Pechersk",
    "city": "Kyiv",
    "url": "https://www.instagram.com/explore/locations/1416214315187779/hookahplace-pechersk/"
  },
  {
    "id": "268935036",
    "name": "Mironova Gallery",
    "city": "Kyiv",
    "url": "https://www.instagram.com/explore/locations/268935036/mironova-gallery/"
  },
  {
    "id": "292212821",
    "name": "Angar Пляж",
    "city": "Kyiv",
    "url": "https://www.instagram.com/explore/locations/292212821/angar/"
  },
  {
    "id": "153387228549402",
    "name": "Tuning_bar Sendeli",
    "city": "Kyiv",
    "url": "https://www.instagram.com/explore/locations/153387228549402/tuning_bar-sendeli/"
  },
  {
    "id": "244309406259954",
    "name": "Monument To Unknown Solidier",
    "city": "Kyiv",
    "url": "https://www.instagram.com/explore/locations/244309406259954/monument-to-unknown-solidier/"
  },
  {
    "id": "105189808748032",
    "name": "Anacosma clinic",
    "city": "Kyiv",
    "url": "https://www.instagram.com/explore/locations/105189808748032/anacosma-clinic/"
  },
  {
    "id": "503888399993582",
    "name": "Центральна виборча комісія - Central Election Commission of Ukraine",
    "city": "Kyiv",
    "url": "https://www.instagram.com/explore/locations/503888399993582/-central-election-commission-of-ukraine/"
  },
  {
    "id": "983079875183307",
    "name": "КНУКіМ - КНУКиИ - Факультет музичного мистецтва",
    "city": "Kyiv",
    "url": "https://www.instagram.com/explore/locations/983079875183307/-/"
  },
  {
    "id": "176220979702069",
    "name": "Евразия - японська та європейська кухня",
    "city": "Kyiv",
    "url": "https://www.instagram.com/explore/locations/176220979702069/-/"
  },
  {
    "id": "949928138",
    "name": "DEC hub",
    "city": "Kyiv",
    "url": "https://www.instagram.com/explore/locations/949928138/dec-hub/"
  },
  {
    "id": "1029587684",
    "name": "Sportlife Сенатор",
    "city": "Kyiv",
    "url": "https://www.instagram.com/explore/locations/1029587684/sportlife/"
  },
  {
    "id": "228540772",
    "name": "Киевско-Печерская Лавра, Киев",
    "city": "Kyiv",
    "url": "https://www.instagram.com/explore/locations/228540772/-/"
  },
  {
    "id": "117025906413452",
    "name": "Avocado",
    "city": "Kyiv",
    "url": "https://www.instagram.com/explore/locations/117025906413452/avocado/"
  },
  {
    "id": "691477581",
    "name": "Dnepro River",
    "city": "Kyiv",
    "url": "https://www.instagram.com/explore/locations/691477581/dnepro-river/"
  },
  {
    "id": "287146578",
    "name": "Bellezza Клиника косметологии & SPA",
    "city": "Kyiv",
    "url": "https://www.instagram.com/explore/locations/287146578/bellezza-spa/"
  },
  {
    "id": "100335588009668",
    "name": "Syndicate beer & grill",
    "city": "Kyiv",
    "url": "https://www.instagram.com/explore/locations/100335588009668/syndicate-beer-grill/"
  },
  {
    "id": "108213933914601",
    "name": "Kievfoodmarket",
    "city": "Kyiv",
    "url": "https://www.instagram.com/explore/locations/108213933914601/kievfoodmarket/"
  },
  {
    "id": "685728744833970",
    "name": "Signature Ukraine",
    "city": "Kyiv",
    "url": "https://www.instagram.com/explore/locations/685728744833970/signature-ukraine/"
  },
  {
    "id": "1029026520",
    "name": "FRAT social club",
    "city": "Kyiv",
    "url": "https://www.instagram.com/explore/locations/1029026520/frat-social-club/"
  },
  {
    "id": "154992703",
    "name": "Тверской Тупик 4",
    "city": "Kyiv",
    "url": "https://www.instagram.com/explore/locations/154992703/4/"
  },
  {
    "id": "548264393",
    "name": "Mother Motherland",
    "city": "Kyiv",
    "url": "https://www.instagram.com/explore/locations/548264393/mother-motherland/"
  },
  {
    "id": "286866631",
    "name": "KPMG Ukraine",
    "city": "Kyiv",
    "url": "https://www.instagram.com/explore/locations/286866631/kpmg-ukraine/"
  },
  {
    "id": "119548952",
    "name": "Good Music Bar",
    "city": "Kyiv",
    "url": "https://www.instagram.com/explore/locations/119548952/good-music-bar/"
  },
  {
    "id": "73945205",
    "name": "KyivWorking",
    "city": "Kyiv",
    "url": "https://www.instagram.com/explore/locations/73945205/kyivworking/"
  },
  {
    "id": "1027535298",
    "name": "Tsarsky Beauty & SPA",
    "city": "Kyiv",
    "url": "https://www.instagram.com/explore/locations/1027535298/tsarsky-beauty-spa/"
  },
  {
    "id": "100134225711088",
    "name": "Gelarty",
    "city": "Kyiv",
    "url": "https://www.instagram.com/explore/locations/100134225711088/gelarty/"
  },
  {
    "id": "2466242643449796",
    "name": "Печерський ландшафтний парк (Співоче Поле) / Pechersk Landscape Park",
    "city": "Kyiv",
    "url": "https://www.instagram.com/explore/locations/2466242643449796/pechersk-landscape-park/"
  },
  {
    "id": "579583432",
    "name": "Старонаводницкая 6 Б",
    "city": "Kyiv",
    "url": "https://www.instagram.com/explore/locations/579583432/6/"
  },
  {
    "id": "49401770",
    "name": "Graine de Moutarde",
    "city": "Kyiv",
    "url": "https://www.instagram.com/explore/locations/49401770/graine-de-moutarde/"
  },
  {
    "id": "286529178",
    "name": "Зелений театр (Green Theatre)",
    "city": "Kyiv",
    "url": "https://www.instagram.com/explore/locations/286529178/green-theatre/"
  },
  {
    "id": "667407486651769",
    "name": "ПравдаТУТ media group",
    "city": "Kyiv",
    "url": "https://www.instagram.com/explore/locations/667407486651769/media-group/"
  },
  {
    "id": "371907705",
    "name": "Dali Park : Ночной Клуб : Ресторан",
    "city": "Kyiv",
    "url": "https://www.instagram.com/explore/locations/371907705/dali-park/"
  },
  {
    "id": "1010497231",
    "name": "Ukrainian Genocide Holodomor Memorial Museum",
    "city": "Kyiv",
    "url": "https://www.instagram.com/explore/locations/1010497231/ukrainian-genocide-holodomor-memorial-museum/"
  },
  {
    "id": "485696485",
    "name": "Мистецька книгарня Nebo",
    "city": "Kyiv",
    "url": "https://www.instagram.com/explore/locations/485696485/nebo/"
  },
  {
    "id": "1017654398",
    "name": "5th Ave Residence",
    "city": "Kyiv",
    "url": "https://www.instagram.com/explore/locations/1017654398/5th-ave-residence/"
  },
  {
    "id": "252726108",
    "name": "Lviv",
    "city": "Kyiv",
    "url": "https://www.instagram.com/explore/locations/252726108/lviv/"
  },
  {
    "id": "102871704484867",
    "name": "Rumors Restaurant",
    "city": "Kyiv",
    "url": "https://www.instagram.com/explore/locations/102871704484867/rumors-restaurant/"
  },
  {
    "id": "1085917618130554",
    "name": "Lapin House Ukraine",
    "city": "Kyiv",
    "url": "https://www.instagram.com/explore/locations/1085917618130554/lapin-house-ukraine/"
  },
  {
    "id": "2037163756518841",
    "name": "Kyiv-Pechersk Lavra",
    "city": "Kyiv",
    "url": "https://www.instagram.com/explore/locations/2037163756518841/kyiv-pechersk-lavra/"
  },
  {
    "id": "935082473350042",
    "name": "Московская 8",
    "city": "Kyiv",
    "url": "https://www.instagram.com/explore/locations/935082473350042/8/"
  },
  {
    "id": "710245",
    "name": "Shooters Night Club",
    "city": "Kyiv",
    "url": "https://www.instagram.com/explore/locations/710245/shooters-night-club/"
  },
  {
    "id": "776911659129912",
    "name": "Шеф-Bar",
    "city": "Kyiv",
    "url": "https://www.instagram.com/explore/locations/776911659129912/-bar/"
  },
  {
    "id": "1811153502524002",
    "name": "Конгресно-Виставковий Центр «Парковий»",
    "city": "Kyiv",
    "url": "https://www.instagram.com/explore/locations/1811153502524002/-/"
  },
  {
    "id": "341392712",
    "name": "ATHLETICS",
    "city": "Kyiv",
    "url": "https://www.instagram.com/explore/locations/341392712/athletics/"
  },
  {
    "id": "687298048",
    "name": "Дома:-)",
    "city": "Kyiv",
    "url": "https://www.instagram.com/explore/locations/687298048/-/"
  },
  {
    "id": "1023563393",
    "name": "Porsche Club Ukraine",
    "city": "Kyiv",
    "url": "https://www.instagram.com/explore/locations/1023563393/porsche-club-ukraine/"
  },
  {
    "id": "7059464",
    "name": "Арсенальна площа / Arsenal'na Square",
    "city": "Kyiv",
    "url": "https://www.instagram.com/explore/locations/7059464/arsenalna-square/"
  },
  {
    "id": "442481759610219",
    "name": "Музей-мастерская Знобы-Голембиевских",
    "city": "Kyiv",
    "url": "https://www.instagram.com/explore/locations/442481759610219/-/"
  },
  {
    "id": "103328227940012",
    "name": "Sweeter Coffee Kyiv",
    "city": "Kyiv",
    "url": "https://www.instagram.com/explore/locations/103328227940012/sweeter-coffee-kyiv/"
  },
  {
    "id": "203297560460695",
    "name": "Shar Lux",
    "city": "Kyiv",
    "url": "https://www.instagram.com/explore/locations/203297560460695/shar-lux/"
  },
  {
    "id": "1726436674343028",
    "name": "Dr.Dudikova Clinic",
    "city": "Kyiv",
    "url": "https://www.instagram.com/explore/locations/1726436674343028/drdudikova-clinic/"
  },
  {
    "id": "541372726230763",
    "name": "St Esthetic",
    "city": "Kyiv",
    "url": "https://www.instagram.com/explore/locations/541372726230763/st-esthetic/"
  },
  {
    "id": "113005660547111",
    "name": "Палата номер 6 - Вести Из ДурДома",
    "city": "Kyiv",
    "url": "https://www.instagram.com/explore/locations/113005660547111/6-/"
  },
  {
    "id": "909834447",
    "name": "LOCKY - Quest Rooms",
    "city": "Kyiv",
    "url": "https://www.instagram.com/explore/locations/909834447/locky-quest-rooms/"
  },
  {
    "id": "1032086590",
    "name": "Киево-Печерская лавра",
    "city": "Kyiv",
    "url": "https://www.instagram.com/explore/locations/1032086590/-/"
  },
  {
    "id": "109647327971061",
    "name": "Sekcija",
    "city": "Kyiv",
    "url": "https://www.instagram.com/explore/locations/109647327971061/sekcija/"
  },
  {
    "id": "1726205527622246",
    "name": "Wake CUP Bar",
    "city": "Kyiv",
    "url": "https://www.instagram.com/explore/locations/1726205527622246/wake-cup-bar/"
  },
  {
    "id": "529559827491611",
    "name": "il Molino",
    "city": "Kyiv",
    "url": "https://www.instagram.com/explore/locations/529559827491611/il-molino/"
  },
  {
    "id": "112076433832493",
    "name": "Arsenalna",
    "city": "Kyiv",
    "url": "https://www.instagram.com/explore/locations/112076433832493/arsenalna/"
  },
  {
    "id": "101906811294674",
    "name": "TenDance Studio",
    "city": "Kyiv",
    "url": "https://www.instagram.com/explore/locations/101906811294674/tendance-studio/"
  },
  {
    "id": "293741977856008",
    "name": "studio 101",
    "city": "Kyiv",
    "url": "https://www.instagram.com/explore/locations/293741977856008/studio-101/"
  },
  {
    "id": "101643664545131",
    "name": "Method Writing",
    "city": "Kyiv",
    "url": "https://www.instagram.com/explore/locations/101643664545131/method-writing/"
  },
  {
    "id": "966786079",
    "name": "GoIT",
    "city": "Kyiv",
    "url": "https://www.instagram.com/explore/locations/966786079/goit/"
  },
  {
    "id": "314165302509204",
    "name": "KADRooM - Печерск",
    "city": "Kyiv",
    "url": "https://www.instagram.com/explore/locations/314165302509204/kadroom-/"
  },
  {
    "id": "582280628828049",
    "name": "Infinity Dance",
    "city": "Kyiv",
    "url": "https://www.instagram.com/explore/locations/582280628828049/infinity-dance/"
  },
  {
    "id": "1115275635297230",
    "name": "Курені / Курени / Kureni",
    "city": "Kyiv",
    "url": "https://www.instagram.com/explore/locations/1115275635297230/kureni/"
  },
  {
    "id": "107704117589765",
    "name": "Levidence Beaute",
    "city": "Kyiv",
    "url": "https://www.instagram.com/explore/locations/107704117589765/levidence-beaute/"
  },
  {
    "id": "321200558485881",
    "name": "Євгена Коновальця 44-А",
    "city": "Kyiv",
    "url": "https://www.instagram.com/explore/locations/321200558485881/44-/"
  },
  {
    "id": "799042090",
    "name": "MY clinic",
    "city": "Kyiv",
    "url": "https://www.instagram.com/explore/locations/799042090/my-clinic/"
  },
  {
    "id": "725971392",
    "name": "Kiev Sea",
    "city": "Kyiv",
    "url": "https://www.instagram.com/explore/locations/725971392/kiev-sea/"
  },
  {
    "id": "1308395775837466",
    "name": "Lviv Croissants - Алмазова 2",
    "city": "Kyiv",
    "url": "https://www.instagram.com/explore/locations/1308395775837466/lviv-croissants-2/"
  },
  {
    "id": "638712685",
    "name": "V1 Studio",
    "city": "Kyiv",
    "url": "https://www.instagram.com/explore/locations/638712685/v1-studio/"
  },
  {
    "id": "726271691",
    "name": "Dnipro",
    "city": "Kyiv",
    "url": "https://www.instagram.com/explore/locations/726271691/dnipro/"
  },
  {
    "id": "104277624347241",
    "name": "Mates",
    "city": "Kyiv",
    "url": "https://www.instagram.com/explore/locations/104277624347241/mates/"
  },
  {
    "id": "1096850307043730",
    "name": "Ukrainian Institute for the Future",
    "city": "Kyiv",
    "url": "https://www.instagram.com/explore/locations/1096850307043730/ukrainian-institute-for-the-future/"
  },
  {
    "id": "576943369",
    "name": "Шинок ресторан-легенда",
    "city": "Kyiv",
    "url": "https://www.instagram.com/explore/locations/576943369/-/"
  },
  {
    "id": "695994695",
    "name": "Стрілецький клуб Tsarsky",
    "city": "Kyiv",
    "url": "https://www.instagram.com/explore/locations/695994695/tsarsky/"
  },
  {
    "id": "267357967",
    "name": "European Business Association",
    "city": "Kyiv",
    "url": "https://www.instagram.com/explore/locations/267357967/european-business-association/"
  },
  {
    "id": "174139906797880",
    "name": "Inkamusic_studio",
    "city": "Kyiv",
    "url": "https://www.instagram.com/explore/locations/174139906797880/inkamusic_studio/"
  },
  {
    "id": "221993583",
    "name": "Факультет PR, журналістики та інформаційної політики",
    "city": "Kyiv",
    "url": "https://www.instagram.com/explore/locations/221993583/pr/"
  },
  {
    "id": "1032184864",
    "name": "Армія FM",
    "city": "Kyiv",
    "url": "https://www.instagram.com/explore/locations/1032184864/fm/"
  },
  {
    "id": "2217460665158300",
    "name": "Площа Слави / Slavy Square",
    "city": "Kyiv",
    "url": "https://www.instagram.com/explore/locations/2217460665158300/slavy-square/"
  },
  {
    "id": "189924295234960",
    "name": "Шотi / Shoti",
    "city": "Kyiv",
    "url": "https://www.instagram.com/explore/locations/189924295234960/i-shoti/"
  },
  {
    "id": "2176090656006293",
    "name": "Applemontessori",
    "city": "Kyiv",
    "url": "https://www.instagram.com/explore/locations/2176090656006293/applemontessori/"
  },
  {
    "id": "1012546283",
    "name": "IBSEN restaurant",
    "city": "Kyiv",
    "url": "https://www.instagram.com/explore/locations/1012546283/ibsen-restaurant/"
  },
  {
    "id": "495743653781481",
    "name": "Ул. Крещатик 14, Отель \"Крещатик\".",
    "city": "Kyiv",
    "url": "https://www.instagram.com/explore/locations/495743653781481/14/"
  },
  {
    "id": "100912057981788",
    "name": "A-Station",
    "city": "Kyiv",
    "url": "https://www.instagram.com/explore/locations/100912057981788/a-station/"
  },
  {
    "id": "101742071227698",
    "name": "Sayana Bali",
    "city": "Kyiv",
    "url": "https://www.instagram.com/explore/locations/101742071227698/sayana-bali/"
  },
  {
    "id": "102551638190203",
    "name": "Pattern coffee Kiev #2",
    "city": "Kyiv",
    "url": "https://www.instagram.com/explore/locations/102551638190203/pattern-coffee-kiev-2/"
  },
  {
    "id": "103543020209353",
    "name": "G.Bar Special",
    "city": "Kyiv",
    "url": "https://www.instagram.com/explore/locations/103543020209353/gbar-special/"
  },
  {
    "id": "697097548",
    "name": "Mosteiro de Kiev-Petchersk",
    "city": "Kyiv",
    "url": "https://www.instagram.com/explore/locations/697097548/mosteiro-de-kiev-petchersk/"
  },
  {
    "id": "5848399",
    "name": "Good Wine",
    "city": "Kyiv",
    "url": "https://www.instagram.com/explore/locations/5848399/good-wine/"
  },
  {
    "id": "571063203351243",
    "name": "Art Platforma",
    "city": "Kyiv",
    "url": "https://www.instagram.com/explore/locations/571063203351243/art-platforma/"
  },
  {
    "id": "1027586052",
    "name": "Національний Києво-Печерський Історико-Культурний Заповідник",
    "city": "Kyiv",
    "url": "https://www.instagram.com/explore/locations/1027586052/-/"
  },
  {
    "id": "784013548",
    "name": "On The Dnieper River",
    "city": "Kyiv",
    "url": "https://www.instagram.com/explore/locations/784013548/on-the-dnieper-river/"
  },
  {
    "id": "474515842949704",
    "name": "Tsarsky Beauty & Spa",
    "city": "Kyiv",
    "url": "https://www.instagram.com/explore/locations/474515842949704/tsarsky-beauty-spa/"
  },
  {
    "id": "1585444728385248",
    "name": "Marsego",
    "city": "Kyiv",
    "url": "https://www.instagram.com/explore/locations/1585444728385248/marsego/"
  },
  {
    "id": "1014196543",
    "name": "Art Platform",
    "city": "Kyiv",
    "url": "https://www.instagram.com/explore/locations/1014196543/art-platform/"
  },
  {
    "id": "212389862485998",
    "name": "Свято-Феодосіївський ставропігійний чоловічий монастир м.Києва",
    "city": "Kyiv",
    "url": "https://www.instagram.com/explore/locations/212389862485998/-/"
  },
  {
    "id": "105122947949120",
    "name": "Киево-Печерская Лавра/Kyiv-Caves Lavra",
    "city": "Kyiv",
    "url": "https://www.instagram.com/explore/locations/105122947949120/-kyiv-caves-lavra/"
  },
  {
    "id": "1139694016177000",
    "name": "Клиника Мануальной Медицины Galia Ignatieva M.D.",
    "city": "Kyiv",
    "url": "https://www.instagram.com/explore/locations/1139694016177000/galia-ignatieva-md/"
  },
  {
    "id": "518526061924457",
    "name": "YES, GOD, YES",
    "city": "Kyiv",
    "url": "https://www.instagram.com/explore/locations/518526061924457/yes-god-yes/"
  },
  {
    "id": "1606610356322531",
    "name": "Масажний салон на травах l Natura",
    "city": "Kyiv",
    "url": "https://www.instagram.com/explore/locations/1606610356322531/l-natura/"
  },
  {
    "id": "103767175795663",
    "name": "whatcolor.ua",
    "city": "Kyiv",
    "url": "https://www.instagram.com/explore/locations/103767175795663/whatcolorua/"
  },
  {
    "id": "841462091",
    "name": "Lesi Ukrainky Av., Kiev, Ukraine",
    "city": "Kyiv",
    "url": "https://www.instagram.com/explore/locations/841462091/lesi-ukrainky-av-kiev-ukraine/"
  },
  {
    "id": "1501514673289178",
    "name": "Факультет Готельно-Ресторанного І Туристичного Бізнесу",
    "city": "Kyiv",
    "url": "https://www.instagram.com/explore/locations/1501514673289178/-/"
  },
  {
    "id": "1028792034",
    "name": "Kawabanga CrossGym",
    "city": "Kyiv",
    "url": "https://www.instagram.com/explore/locations/1028792034/kawabanga-crossgym/"
  },
  {
    "id": "130611116794771",
    "name": "Бавовна - авторська кухня на відкритому полумʼї",
    "city": "Kyiv",
    "url": "https://www.instagram.com/explore/locations/130611116794771/-/"
  },
  {
    "id": "388736538329934",
    "name": "Роддом №1",
    "city": "Kyiv",
    "url": "https://www.instagram.com/explore/locations/388736538329934/no1/"
  },
  {
    "id": "251933871",
    "name": "Киево-Печерский Лицей \"Лидер\"",
    "city": "Kyiv",
    "url": "https://www.instagram.com/explore/locations/251933871/-/"
  },
  {
    "id": "160478003",
    "name": "Pronin&Partners Law Firm",
    "city": "Kyiv",
    "url": "https://www.instagram.com/explore/locations/160478003/proninpartners-law-firm/"
  },
  {
    "id": "1785805821632109",
    "name": "Bright - красота в деталях",
    "city": "Kyiv",
    "url": "https://www.instagram.com/explore/locations/1785805821632109/bright-/"
  },
  {
    "id": "2265819907010578",
    "name": "БЦБашня #5",
    "city": "Kyiv",
    "url": "https://www.instagram.com/explore/locations/2265819907010578/5/"
  },
  {
    "id": "104919600955784",
    "name": "Верховна Рада України / the Parliament of Ukraine",
    "city": "Kyiv",
    "url": "https://www.instagram.com/explore/locations/104919600955784/the-parliament-of-ukraine/"
  },
  {
    "id": "426236454",
    "name": "Silverline Tsarov",
    "city": "Kyiv",
    "url": "https://www.instagram.com/explore/locations/426236454/silverline-tsarov/"
  },
  {
    "id": "1015007589",
    "name": "Печерська гімназія 75",
    "city": "Kyiv",
    "url": "https://www.instagram.com/explore/locations/1015007589/75/"
  },
  {
    "id": "100773855513140",
    "name": "viewpoint.by.parkovy",
    "city": "Kyiv",
    "url": "https://www.instagram.com/explore/locations/100773855513140/viewpointbyparkovy/"
  },
  {
    "id": "236429165",
    "name": "Музей сучасного мистецтва України / Museum of Modern Art of Ukraine",
    "city": "Kyiv",
    "url": "https://www.instagram.com/explore/locations/236429165/museum-of-modern-art-of-ukraine/"
  },
  {
    "id": "113186558273388",
    "name": "BAHO",
    "city": "Kyiv",
    "url": "https://www.instagram.com/explore/locations/113186558273388/baho/"
  },
  {
    "id": "1014246290",
    "name": "POUSTOVIT",
    "city": "Kyiv",
    "url": "https://www.instagram.com/explore/locations/1014246290/poustovit/"
  },
  {
    "id": "123773605955869",
    "name": "anthracitecoffee",
    "city": "Kyiv",
    "url": "https://www.instagram.com/explore/locations/123773605955869/anthracitecoffee/"
  },
  {
    "id": "1248959258485076",
    "name": "Tattoo studio Young Moon",
    "city": "Kyiv",
    "url": "https://www.instagram.com/explore/locations/1248959258485076/tattoo-studio-young-moon/"
  },
  {
    "id": "276909147",
    "name": "Музей Історії Туалету/Museum of the Toilette History",
    "city": "Kyiv",
    "url": "https://www.instagram.com/explore/locations/276909147/museum-of-the-toilette-history/"
  },
  {
    "id": "401075541",
    "name": "Laure des Grottes de Kiev",
    "city": "Kyiv",
    "url": "https://www.instagram.com/explore/locations/401075541/laure-des-grottes-de-kiev/"
  },
  {
    "id": "249978845",
    "name": "Asteri",
    "city": "Kyiv",
    "url": "https://www.instagram.com/explore/locations/249978845/asteri/"
  },
  {
    "id": "113773165991217",
    "name": "27 Печерська бригада Національної гвардії України",
    "city": "Kyiv",
    "url": "https://www.instagram.com/explore/locations/113773165991217/27/"
  },
  {
    "id": "234795389",
    "name": "Школа #89",
    "city": "Kyiv",
    "url": "https://www.instagram.com/explore/locations/234795389/89/"
  },
  {
    "id": "178410262619471",
    "name": "HolyShit",
    "city": "Kyiv",
    "url": "https://www.instagram.com/explore/locations/178410262619471/holyshit/"
  },
  {
    "id": "242846646289855",
    "name": "Музей Майстерня Творчої Династії Родини Зноби-Голебієвських",
    "city": "Kyiv",
    "url": "https://www.instagram.com/explore/locations/242846646289855/-/"
  },
  {
    "id": "440127153001398",
    "name": "La Zone Club",
    "city": "Kyiv",
    "url": "https://www.instagram.com/explore/locations/440127153001398/la-zone-club/"
  },
  {
    "id": "2652865508087648",
    "name": "Салон красоты \"Image-KitchenКиев",
    "city": "Kyiv",
    "url": "https://www.instagram.com/explore/locations/2652865508087648/image-kitchen/"
  },
  {
    "id": "103601012611337",
    "name": "Арт-книгарня МІСТО",
    "city": "Kyiv",
    "url": "https://www.instagram.com/explore/locations/103601012611337/-/"
  },
  {
    "id": "67552046",
    "name": "Skyberry Coffee Company",
    "city": "Kyiv",
    "url": "https://www.instagram.com/explore/locations/67552046/skyberry-coffee-company/"
  },
  {
    "id": "111366435014299",
    "name": "Fitness Майстерня Київ",
    "city": "Kyiv",
    "url": "https://www.instagram.com/explore/locations/111366435014299/fitness/"
  },
  {
    "id": "111897067165486",
    "name": "Sky",
    "city": "Kyiv",
    "url": "https://www.instagram.com/explore/locations/111897067165486/sky/"
  },
  {
    "id": "257159521874747",
    "name": "Lviv Croissants",
    "city": "Kyiv",
    "url": "https://www.instagram.com/explore/locations/257159521874747/lviv-croissants/"
  },
  {
    "id": "299392343",
    "name": "L8 Park",
    "city": "Kyiv",
    "url": "https://www.instagram.com/explore/locations/299392343/l8-park/"
  },
  {
    "id": "921723337943099",
    "name": "TOTIS Pharma Ukraine",
    "city": "Kyiv",
    "url": "https://www.instagram.com/explore/locations/921723337943099/totis-pharma-ukraine/"
  },
  {
    "id": "241983194",
    "name": "Дом Щорса 32б",
    "city": "Kyiv",
    "url": "https://www.instagram.com/explore/locations/241983194/32/"
  },
  {
    "id": "781240262236161",
    "name": "La Esthetics",
    "city": "Kyiv",
    "url": "https://www.instagram.com/explore/locations/781240262236161/la-esthetics/"
  },
  {
    "id": "105063661306006",
    "name": "M8 Business Center",
    "city": "Kyiv",
    "url": "https://www.instagram.com/explore/locations/105063661306006/m8-business-center/"
  },
  {
    "id": "353689125098063",
    "name": "Open Office European Solidarity",
    "city": "Kyiv",
    "url": "https://www.instagram.com/explore/locations/353689125098063/open-office-european-solidarity/"
  },
  {
    "id": "1823692461025872",
    "name": "Kiev Pechersk Lavra",
    "city": "Kyiv",
    "url": "https://www.instagram.com/explore/locations/1823692461025872/kiev-pechersk-lavra/"
  },
  {
    "id": "1026295286",
    "name": "Image Studio",
    "city": "Kyiv",
    "url": "https://www.instagram.com/explore/locations/1026295286/image-studio/"
  },
  {
    "id": "289881104",
    "name": "Lavra Art Gallery",
    "city": "Kyiv",
    "url": "https://www.instagram.com/explore/locations/289881104/lavra-art-gallery/"
  },
  {
    "id": "388595247",
    "name": "НАКККiМ",
    "city": "Kyiv",
    "url": "https://www.instagram.com/explore/locations/388595247/i/"
  },
  {
    "id": "254075991767191",
    "name": "Мечникова Вулиця Kiev, Kiev Ukrayna",
    "city": "Kyiv",
    "url": "https://www.instagram.com/explore/locations/254075991767191/kiev-kiev-ukrayna/"
  },
  {
    "id": "1025003843",
    "name": "Fire_cut_zone",
    "city": "Kyiv",
    "url": "https://www.instagram.com/explore/locations/1025003843/fire_cut_zone/"
  },
  {
    "id": "2247256075320272",
    "name": "The Next",
    "city": "Kyiv",
    "url": "https://www.instagram.com/explore/locations/2247256075320272/the-next/"
  },
  {
    "id": "104583342158279",
    "name": "Pink Wonderland",
    "city": "Kyiv",
    "url": "https://www.instagram.com/explore/locations/104583342158279/pink-wonderland/"
  },
  {
    "id": "1148442308530729",
    "name": "Radio M",
    "city": "Kyiv",
    "url": "https://www.instagram.com/explore/locations/1148442308530729/radio-m/"
  },
  {
    "id": "253909657",
    "name": "Евразия Суши-Бар",
    "city": "Kyiv",
    "url": "https://www.instagram.com/explore/locations/253909657/-/"
  },
  {
    "id": "107511783941127",
    "name": "Hotel Kyiv",
    "city": "Kyiv",
    "url": "https://www.instagram.com/explore/locations/107511783941127/hotel-kyiv/"
  },
  {
    "id": "540076473150782",
    "name": "Etoile Jewellers",
    "city": "Kyiv",
    "url": "https://www.instagram.com/explore/locations/540076473150782/etoile-jewellers/"
  },
  {
    "id": "1034368587",
    "name": "Kelsis",
    "city": "Kyiv",
    "url": "https://www.instagram.com/explore/locations/1034368587/kelsis/"
  },
  {
    "id": "325655974",
    "name": "Dnipro (Metropolitana di Kiev)",
    "city": "Kyiv",
    "url": "https://www.instagram.com/explore/locations/325655974/dnipro-metropolitana-di-kiev/"
  },
  {
    "id": "300080053396325",
    "name": "Home)",
    "city": "Kyiv",
    "url": "https://www.instagram.com/explore/locations/300080053396325/home/"
  },
  {
    "id": "264002562",
    "name": "Національний військово-історичний музей України",
    "city": "Kyiv",
    "url": "https://www.instagram.com/explore/locations/264002562/-/"
  },
  {
    "id": "334448000457176",
    "name": "КНУКіМ 3",
    "city": "Kyiv",
    "url": "https://www.instagram.com/explore/locations/334448000457176/3/"
  },
  {
    "id": "1017932810",
    "name": "Frat",
    "city": "Kyiv",
    "url": "https://www.instagram.com/explore/locations/1017932810/frat/"
  },
  {
    "id": "150662792356230",
    "name": "Самуї - мережа салонів тайського масажу",
    "city": "Kyiv",
    "url": "https://www.instagram.com/explore/locations/150662792356230/-/"
  },
  {
    "id": "775982379",
    "name": "Національний музей історії Великої Вітчизняної війни 1941–1945 років",
    "city": "Kyiv",
    "url": "https://www.instagram.com/explore/locations/775982379/19411945/"
  },
  {
    "id": "1521992568107974",
    "name": "Mainstream School - освіта для майбутнього",
    "city": "Kyiv",
    "url": "https://www.instagram.com/explore/locations/1521992568107974/mainstream-school-/"
  },
  {
    "id": "103419722202803",
    "name": "SHU Coffee BAR",
    "city": "Kyiv",
    "url": "https://www.instagram.com/explore/locations/103419722202803/shu-coffee-bar/"
  },
  {
    "id": "2013646052027592",
    "name": "Аскольдова Дренажно-штольнева Система",
    "city": "Kyiv",
    "url": "https://www.instagram.com/explore/locations/2013646052027592/-/"
  },
  {
    "id": "304526343",
    "name": "ARTJOKER",
    "city": "Kyiv",
    "url": "https://www.instagram.com/explore/locations/304526343/artjoker/"
  },
  {
    "id": "671882639",
    "name": "Клініка LaserOne",
    "city": "Kyiv",
    "url": "https://www.instagram.com/explore/locations/671882639/laserone/"
  },
  {
    "id": "235970217",
    "name": "Києво-Печерська Лавра!",
    "city": "Kyiv",
    "url": "https://www.instagram.com/explore/locations/235970217/-/"
  },
  {
    "id": "286986471924186",
    "name": "Ukrainian fashion week",
    "city": "Kyiv",
    "url": "https://www.instagram.com/explore/locations/286986471924186/ukrainian-fashion-week/"
  },
  {
    "id": "438296826359219",
    "name": "ETER",
    "city": "Kyiv",
    "url": "https://www.instagram.com/explore/locations/438296826359219/eter/"
  },
  {
    "id": "582402713",
    "name": "Грушевського,5",
    "city": "Kyiv",
    "url": "https://www.instagram.com/explore/locations/582402713/5/"
  },
  {
    "id": "43915847",
    "name": "Startup Ukraine",
    "city": "Kyiv",
    "url": "https://www.instagram.com/explore/locations/43915847/startup-ukraine/"
  },
  {
    "id": "287666641852533",
    "name": "Киïв , Парк Слави .",
    "city": "Kyiv",
    "url": "https://www.instagram.com/explore/locations/287666641852533/i/"
  },
  {
    "id": "277217115980139",
    "name": "LGM",
    "city": "Kyiv",
    "url": "https://www.instagram.com/explore/locations/277217115980139/lgm/"
  },
  {
    "id": "236497951",
    "name": "Patrick Pub",
    "city": "Kyiv",
    "url": "https://www.instagram.com/explore/locations/236497951/patrick-pub/"
  },
  {
    "id": "194039173941457",
    "name": "Foresight Dance Theatre /Театр Танцю Форсайт",
    "city": "Kyiv",
    "url": "https://www.instagram.com/explore/locations/194039173941457/foresight-dance-theatre/"
  },
  {
    "id": "102733776857827",
    "name": "Hromadske.ua",
    "city": "Kyiv",
    "url": "https://www.instagram.com/explore/locations/102733776857827/hromadskeua/"
  },
  {
    "id": "320956868689644",
    "name": "Warhol Bar",
    "city": "Kyiv",
    "url": "https://www.instagram.com/explore/locations/320956868689644/warhol-bar/"
  },
  {
    "id": "146748805352434",
    "name": "Pizzeria Stari Saloon",
    "city": "Kyiv",
    "url": "https://www.instagram.com/explore/locations/146748805352434/pizzeria-stari-saloon/"
  },
  {
    "id": "1011751363",
    "name": "New Flora",
    "city": "Kyiv",
    "url": "https://www.instagram.com/explore/locations/1011751363/new-flora/"
  },
  {
    "id": "1914028978827421",
    "name": "Aesthetic Cosmetology Київ",
    "city": "Kyiv",
    "url": "https://www.instagram.com/explore/locations/1914028978827421/aesthetic-cosmetology/"
  },
  {
    "id": "113776220366041",
    "name": "Estomatology",
    "city": "Kyiv",
    "url": "https://www.instagram.com/explore/locations/113776220366041/estomatology/"
  },
  {
    "id": "310721907619",
    "name": "Arzinger",
    "city": "Kyiv",
    "url": "https://www.instagram.com/explore/locations/310721907619/arzinger/"
  },
  {
    "id": "100950205348944",
    "name": "TUMO Kyiv",
    "city": "Kyiv",
    "url": "https://www.instagram.com/explore/locations/100950205348944/tumo-kyiv/"
  },
  {
    "id": "341693436189686",
    "name": "Kyiv Pechersk Lavra",
    "city": "Kyiv",
    "url": "https://www.instagram.com/explore/locations/341693436189686/kyiv-pechersk-lavra/"
  },
  {
    "id": "917884751682744",
    "name": "Мистецький Арсенал вул. Лаврська12",
    "city": "Kyiv",
    "url": "https://www.instagram.com/explore/locations/917884751682744/12/"
  },
  {
    "id": "234896358",
    "name": "Hromadske.tv",
    "city": "Kyiv",
    "url": "https://www.instagram.com/explore/locations/234896358/hromadsketv/"
  },
  {
    "id": "197508754033214",
    "name": "Центр красоты \"Palas\"",
    "city": "Kyiv",
    "url": "https://www.instagram.com/explore/locations/197508754033214/palas/"
  },
  {
    "id": "1723109044635905",
    "name": "Taryan Group",
    "city": "Kyiv",
    "url": "https://www.instagram.com/explore/locations/1723109044635905/taryan-group/"
  },
  {
    "id": "632173574",
    "name": "Сеть кофеен Magic Snail",
    "city": "Kyiv",
    "url": "https://www.instagram.com/explore/locations/632173574/magic-snail/"
  },
  {
    "id": "1078332552284673",
    "name": "Makscrew Creative Hair Studio",
    "city": "Kyiv",
    "url": "https://www.instagram.com/explore/locations/1078332552284673/makscrew-creative-hair-studio/"
  },
  {
    "id": "248946789",
    "name": "Свято-Введенский Монастырь",
    "city": "Kyiv",
    "url": "https://www.instagram.com/explore/locations/248946789/-/"
  },
  {
    "id": "360771271338557",
    "name": "Квест-кімнати KADRooM-deluxe",
    "city": "Kyiv",
    "url": "https://www.instagram.com/explore/locations/360771271338557/-kadroom-deluxe/"
  },
  {
    "id": "1957337991026561",
    "name": "Intergal City",
    "city": "Kyiv",
    "url": "https://www.instagram.com/explore/locations/1957337991026561/intergal-city/"
  },
  {
    "id": "434835373",
    "name": "Fashion Week",
    "city": "Kyiv",
    "url": "https://www.instagram.com/explore/locations/434835373/fashion-week/"
  },
  {
    "id": "181402019070775",
    "name": "Royal Hair",
    "city": "Kyiv",
    "url": "https://www.instagram.com/explore/locations/181402019070775/royal-hair/"
  },
  {
    "id": "714440645",
    "name": "THE BARBER",
    "city": "Kyiv",
    "url": "https://www.instagram.com/explore/locations/714440645/the-barber/"
  },
  {
    "id": "195197491183235",
    "name": "Twins Coffee Room",
    "city": "Kyiv",
    "url": "https://www.instagram.com/explore/locations/195197491183235/twins-coffee-room/"
  },
  {
    "id": "614900345278097",
    "name": "GARO LAW Office",
    "city": "Kyiv",
    "url": "https://www.instagram.com/explore/locations/614900345278097/garo-law-office/"
  },
  {
    "id": "2144239612510389",
    "name": "Московская 41/8",
    "city": "Kyiv",
    "url": "https://www.instagram.com/explore/locations/2144239612510389/418/"
  },
  {
    "id": "131566717480394",
    "name": "Natsionalny Hotel",
    "city": "Kyiv",
    "url": "https://www.instagram.com/explore/locations/131566717480394/natsionalny-hotel/"
  },
  {
    "id": "161455364351133",
    "name": "Проспект Науки 38",
    "city": "Kyiv",
    "url": "https://www.instagram.com/explore/locations/161455364351133/38/"
  },
  {
    "id": "244397736431974",
    "name": "OnTap",
    "city": "Kyiv",
    "url": "https://www.instagram.com/explore/locations/244397736431974/ontap/"
  },
  {
    "id": "140164439343672",
    "name": "Stella Shakhovskaya",
    "city": "Kyiv",
    "url": "https://www.instagram.com/explore/locations/140164439343672/stella-shakhovskaya/"
  },
  {
    "id": "246605626",
    "name": "Shoti",
    "city": "Kyiv",
    "url": "https://www.instagram.com/explore/locations/246605626/shoti/"
  },
  {
    "id": "425250824908449",
    "name": "Lancet Clinic",
    "city": "Kyiv",
    "url": "https://www.instagram.com/explore/locations/425250824908449/lancet-clinic/"
  },
  {
    "id": "1014598375",
    "name": "PBSerum - Ukraine",
    "city": "Kyiv",
    "url": "https://www.instagram.com/explore/locations/1014598375/pbserum-ukraine/"
  },
  {
    "id": "310759389281013",
    "name": "Nail Art Room",
    "city": "Kyiv",
    "url": "https://www.instagram.com/explore/locations/310759389281013/nail-art-room/"
  },
  {
    "id": "6260600",
    "name": "Amber Lounge&Bar",
    "city": "Kyiv",
    "url": "https://www.instagram.com/explore/locations/6260600/amber-loungebar/"
  },
  {
    "id": "251495692",
    "name": "Shooters",
    "city": "Kyiv",
    "url": "https://www.instagram.com/explore/locations/251495692/shooters/"
  },
  {
    "id": "167016180313650",
    "name": "Ramen 2.0",
    "city": "Kyiv",
    "url": "https://www.instagram.com/explore/locations/167016180313650/ramen-20/"
  },
  {
    "id": "254127117",
    "name": "Sushiya",
    "city": "Kyiv",
    "url": "https://www.instagram.com/explore/locations/254127117/sushiya/"
  },
  {
    "id": "110412877033062",
    "name": "AcademyofHair",
    "city": "Kyiv",
    "url": "https://www.instagram.com/explore/locations/110412877033062/academyofhair/"
  },
  {
    "id": "119352191104774",
    "name": "The Hands",
    "city": "Kyiv",
    "url": "https://www.instagram.com/explore/locations/119352191104774/the-hands/"
  },
  {
    "id": "101050172161369",
    "name": "fd.clinic",
    "city": "Kyiv",
    "url": "https://www.instagram.com/explore/locations/101050172161369/fdclinic/"
  },
  {
    "id": "1219430184753551",
    "name": "Ostrov Festival",
    "city": "Kyiv",
    "url": "https://www.instagram.com/explore/locations/1219430184753551/ostrov-festival/"
  },
  {
    "id": "567993400342305",
    "name": "КНУКИМ КИНО-ТЕЛЕ",
    "city": "Kyiv",
    "url": "https://www.instagram.com/explore/locations/567993400342305/-/"
  },
  {
    "id": "299199466793853",
    "name": "Квітковийшоу-рум Фан Фан Тюльпан",
    "city": "Kyiv",
    "url": "https://www.instagram.com/explore/locations/299199466793853/-/"
  },
  {
    "id": "1015755371",
    "name": "Happy Kids Space",
    "city": "Kyiv",
    "url": "https://www.instagram.com/explore/locations/1015755371/happy-kids-space/"
  },
  {
    "id": "1021095051",
    "name": "DEC place",
    "city": "Kyiv",
    "url": "https://www.instagram.com/explore/locations/1021095051/dec-place/"
  },
  {
    "id": "139489816674911",
    "name": "Rosa Graf",
    "city": "Kyiv",
    "url": "https://www.instagram.com/explore/locations/139489816674911/rosa-graf/"
  },
  {
    "id": "100386951822716",
    "name": "Woman-warrior",
    "city": "Kyiv",
    "url": "https://www.instagram.com/explore/locations/100386951822716/woman-warrior/"
  },
  {
    "id": "268199087",
    "name": "International Pilates University Fitness4you",
    "city": "Kyiv",
    "url": "https://www.instagram.com/explore/locations/268199087/international-pilates-university-fitness4you/"
  },
  {
    "id": "1014819557",
    "name": "Arsenal Factory-Завод Арсенал",
    "city": "Kyiv",
    "url": "https://www.instagram.com/explore/locations/1014819557/arsenal-factory-/"
  },
  {
    "id": "487411476",
    "name": "Eliziy Restaurant",
    "city": "Kyiv",
    "url": "https://www.instagram.com/explore/locations/487411476/eliziy-restaurant/"
  },
  {
    "id": "1020674554",
    "name": "Whisky Dram",
    "city": "Kyiv",
    "url": "https://www.instagram.com/explore/locations/1020674554/whisky-dram/"
  },
  {
    "id": "100629619083040",
    "name": "V ART Medical Aethetics",
    "city": "Kyiv",
    "url": "https://www.instagram.com/explore/locations/100629619083040/v-art-medical-aethetics/"
  },
  {
    "id": "113966560037260",
    "name": "Vendome. Студия сервировки стола",
    "city": "Kyiv",
    "url": "https://www.instagram.com/explore/locations/113966560037260/vendome/"
  },
  {
    "id": "1003572248",
    "name": "Zimaletta",
    "city": "Kyiv",
    "url": "https://www.instagram.com/explore/locations/1003572248/zimaletta/"
  },
  {
    "id": "3993218",
    "name": "Tsarsky Park",
    "city": "Kyiv",
    "url": "https://www.instagram.com/explore/locations/3993218/tsarsky-park/"
  },
  {
    "id": "253553491495710",
    "name": "Киево-Печерский лицей № 171 «Лидер»",
    "city": "Kyiv",
    "url": "https://www.instagram.com/explore/locations/253553491495710/-no-171/"
  },
  {
    "id": "557081248127240",
    "name": "ЖК Intergal City - Интергал Сити",
    "city": "Kyiv",
    "url": "https://www.instagram.com/explore/locations/557081248127240/intergal-city-/"
  },
  {
    "id": "326353771171519",
    "name": "Barbershop GC Kyiv",
    "city": "Kyiv",
    "url": "https://www.instagram.com/explore/locations/326353771171519/barbershop-gc-kyiv/"
  },
  {
    "id": "112010047249965",
    "name": "Dental Clinic Harmony",
    "city": "Kyiv",
    "url": "https://www.instagram.com/explore/locations/112010047249965/dental-clinic-harmony/"
  },
  {
    "id": "102182944790680",
    "name": "Тусовка Kiev Kills",
    "city": "Kyiv",
    "url": "https://www.instagram.com/explore/locations/102182944790680/kiev-kills/"
  },
  {
    "id": "1486674438046831",
    "name": "“HappyCar”-Детейлинг Тюнинг в Киеве",
    "city": "Kyiv",
    "url": "https://www.instagram.com/explore/locations/1486674438046831/happycar-/"
  },
  {
    "id": "107485121033018",
    "name": "Zaharenko Dental Clinic",
    "city": "Kyiv",
    "url": "https://www.instagram.com/explore/locations/107485121033018/zaharenko-dental-clinic/"
  },
  {
    "id": "105498784560769",
    "name": "Стоматологический центр Elitium Dentay",
    "city": "Kyiv",
    "url": "https://www.instagram.com/explore/locations/105498784560769/elitium-dentay/"
  },
  {
    "id": "319223178807217",
    "name": "Igogo.Ogo",
    "city": "Kyiv",
    "url": "https://www.instagram.com/explore/locations/319223178807217/igogoogo/"
  },
  {
    "id": "100216969041879",
    "name": "SHVEN Massage",
    "city": "Kyiv",
    "url": "https://www.instagram.com/explore/locations/100216969041879/shven-massage/"
  },
  {
    "id": "270710994",
    "name": "Парковая Дорога 16",
    "city": "Kyiv",
    "url": "https://www.instagram.com/explore/locations/270710994/16/"
  },
  {
    "id": "1029039238",
    "name": "Aroma Kava",
    "city": "Kyiv",
    "url": "https://www.instagram.com/explore/locations/1029039238/aroma-kava/"
  },
  {
    "id": "297378367762921",
    "name": "Türk Konsolosluğu",
    "city": "Kyiv",
    "url": "https://www.instagram.com/explore/locations/297378367762921/turk-konsoloslugu/"
  },
  {
    "id": "21732340",
    "name": "Prego Cafe",
    "city": "Kyiv",
    "url": "https://www.instagram.com/explore/locations/21732340/prego-cafe/"
  },
  {
    "id": "1026893807",
    "name": "Guramma",
    "city": "Kyiv",
    "url": "https://www.instagram.com/explore/locations/1026893807/guramma/"
  },
  {
    "id": "1544694599159258",
    "name": "brobots",
    "city": "Kyiv",
    "url": "https://www.instagram.com/explore/locations/1544694599159258/brobots/"
  },
  {
    "id": "106632458454185",
    "name": "Goethe-Institut Ukraine",
    "city": "Kyiv",
    "url": "https://www.instagram.com/explore/locations/106632458454185/goethe-institut-ukraine/"
  },
  {
    "id": "705382937",
    "name": "Ландшафтный Парк. Монумент Родина-Мать",
    "city": "Kyiv",
    "url": "https://www.instagram.com/explore/locations/705382937/-/"
  },
  {
    "id": "111300324949892",
    "name": "Basketball game",
    "city": "Kyiv",
    "url": "https://www.instagram.com/explore/locations/111300324949892/basketball-game/"
  },
  {
    "id": "1395014970603760",
    "name": "New Smile dental clinic",
    "city": "Kyiv",
    "url": "https://www.instagram.com/explore/locations/1395014970603760/new-smile-dental-clinic/"
  },
  {
    "id": "288745376",
    "name": "134 Школа",
    "city": "Kyiv",
    "url": "https://www.instagram.com/explore/locations/288745376/134/"
  },
  {
    "id": "483153355192330",
    "name": "Histomer - Ukraine",
    "city": "Kyiv",
    "url": "https://www.instagram.com/explore/locations/483153355192330/histomer-ukraine/"
  },
  {
    "id": "160944987681461",
    "name": "Фермерский рынок Good Wine",
    "city": "Kyiv",
    "url": "https://www.instagram.com/explore/locations/160944987681461/good-wine/"
  },
  {
    "id": "605163118",
    "name": "Kive",
    "city": "Kyiv",
    "url": "https://www.instagram.com/explore/locations/605163118/kive/"
  },
  {
    "id": "526399969",
    "name": "UNICEF Ukraine",
    "city": "Kyiv",
    "url": "https://www.instagram.com/explore/locations/526399969/unicef-ukraine/"
  },
  {
    "id": "380526139",
    "name": "A-Style Beauty Studio",
    "city": "Kyiv",
    "url": "https://www.instagram.com/explore/locations/380526139/a-style-beauty-studio/"
  },
  {
    "id": "184287185858535",
    "name": "Dogz&Burgerz",
    "city": "Kyiv",
    "url": "https://www.instagram.com/explore/locations/184287185858535/dogzburgerz/"
  },
  {
    "id": "555489554832469",
    "name": "Go West Bureau",
    "city": "Kyiv",
    "url": "https://www.instagram.com/explore/locations/555489554832469/go-west-bureau/"
  },
  {
    "id": "983590019",
    "name": "OC Model Management",
    "city": "Kyiv",
    "url": "https://www.instagram.com/explore/locations/983590019/oc-model-management/"
  },
  {
    "id": "176449795887790",
    "name": "Ario Law Firm",
    "city": "Kyiv",
    "url": "https://www.instagram.com/explore/locations/176449795887790/ario-law-firm/"
  },
  {
    "id": "625827103",
    "name": "Buda Bar-Kiev",
    "city": "Kyiv",
    "url": "https://www.instagram.com/explore/locations/625827103/buda-bar-kiev/"
  },
  {
    "id": "1005080875",
    "name": "SUBJ:",
    "city": "Kyiv",
    "url": "https://www.instagram.com/explore/locations/1005080875/subj/"
  },
  {
    "id": "1017550763",
    "name": "Style-studio Dmitriy Borysenko",
    "city": "Kyiv",
    "url": "https://www.instagram.com/explore/locations/1017550763/style-studio-dmitriy-borysenko/"
  },
  {
    "id": "915531581886298",
    "name": "Bonne Vie",
    "city": "Kyiv",
    "url": "https://www.instagram.com/explore/locations/915531581886298/bonne-vie/"
  },
  {
    "id": "1597117653711544",
    "name": "Jastudio",
    "city": "Kyiv",
    "url": "https://www.instagram.com/explore/locations/1597117653711544/jastudio/"
  },
  {
    "id": "862938153810261",
    "name": "i-Labyrinth",
    "city": "Kyiv",
    "url": "https://www.instagram.com/explore/locations/862938153810261/i-labyrinth/"
  },
  {
    "id": "1022943537",
    "name": "Мережа еко-крамничок \"ПоплавОК\"",
    "city": "Kyiv",
    "url": "https://www.instagram.com/explore/locations/1022943537/-/"
  },
  {
    "id": "102205972713767",
    "name": "Solis Nails Studio",
    "city": "Kyiv",
    "url": "https://www.instagram.com/explore/locations/102205972713767/solis-nails-studio/"
  },
  {
    "id": "3148446",
    "name": "Ilmolino",
    "city": "Kyiv",
    "url": "https://www.instagram.com/explore/locations/3148446/ilmolino/"
  },
  {
    "id": "105503888844079",
    "name": "Istomina_hair_salon - колорист Киев",
    "city": "Kyiv",
    "url": "https://www.instagram.com/explore/locations/105503888844079/istomina_hair_salon-/"
  },
  {
    "id": "1250922548423835",
    "name": "By Mom",
    "city": "Kyiv",
    "url": "https://www.instagram.com/explore/locations/1250922548423835/by-mom/"
  },
  {
    "id": "110168505056104",
    "name": "Sport life",
    "city": "Kyiv",
    "url": "https://www.instagram.com/explore/locations/110168505056104/sport-life/"
  },
  {
    "id": "332678914014664",
    "name": "Market Plaza",
    "city": "Kyiv",
    "url": "https://www.instagram.com/explore/locations/332678914014664/market-plaza/"
  },
  {
    "id": "326819511068141",
    "name": "UN Women Ukraine / ООН Жінки в Україні",
    "city": "Kyiv",
    "url": "https://www.instagram.com/explore/locations/326819511068141/un-women-ukraine/"
  },
  {
    "id": "102933115420207",
    "name": "greycat.studio",
    "city": "Kyiv",
    "url": "https://www.instagram.com/explore/locations/102933115420207/greycatstudio/"
  },
  {
    "id": "1538196379740650",
    "name": "Kyiv International Economic Forum",
    "city": "Kyiv",
    "url": "https://www.instagram.com/explore/locations/1538196379740650/kyiv-international-economic-forum/"
  },
  {
    "id": "259237424468134",
    "name": "BELLA MAFIA.ua Агенство визажистов",
    "city": "Kyiv",
    "url": "https://www.instagram.com/explore/locations/259237424468134/bella-mafiaua/"
  },
  {
    "id": "235529336",
    "name": "La Femme Fitness Club",
    "city": "Kyiv",
    "url": "https://www.instagram.com/explore/locations/235529336/la-femme-fitness-club/"
  },
  {
    "id": "278562604",
    "name": "СANactions",
    "city": "Kyiv",
    "url": "https://www.instagram.com/explore/locations/278562604/anactions/"
  },
  {
    "id": "870643263",
    "name": "Hrushevsky Street (Kiev)",
    "city": "Kyiv",
    "url": "https://www.instagram.com/explore/locations/870643263/hrushevsky-street-kiev/"
  },
  {
    "id": "108111930794268",
    "name": "M'Andryk International School",
    "city": "Kyiv",
    "url": "https://www.instagram.com/explore/locations/108111930794268/mandryk-international-school/"
  },
  {
    "id": "100485845017069",
    "name": "Lagom coffee",
    "city": "Kyiv",
    "url": "https://www.instagram.com/explore/locations/100485845017069/lagom-coffee/"
  },
  {
    "id": "515331798590884",
    "name": "Ecosalon Maximum",
    "city": "Kyiv",
    "url": "https://www.instagram.com/explore/locations/515331798590884/ecosalon-maximum/"
  },
  {
    "id": "1808855919325869",
    "name": "GAMMA Modern UA Gallery",
    "city": "Kyiv",
    "url": "https://www.instagram.com/explore/locations/1808855919325869/gamma-modern-ua-gallery/"
  },
  {
    "id": "1433023136732185",
    "name": "Osvitoria Hub",
    "city": "Kyiv",
    "url": "https://www.instagram.com/explore/locations/1433023136732185/osvitoria-hub/"
  },
  {
    "id": "103995332345537",
    "name": "Rebernya Na Arsenalʹniy",
    "city": "Kyiv",
    "url": "https://www.instagram.com/explore/locations/103995332345537/rebernya-na-arsenalniy/"
  },
  {
    "id": "106029354254165",
    "name": "Верховна Рада України / the Parliament of Ukraine",
    "city": "Kyiv",
    "url": "https://www.instagram.com/explore/locations/106029354254165/the-parliament-of-ukraine/"
  },
  {
    "id": "718697114",
    "name": "Mariinsky Park Helipad",
    "city": "Kyiv",
    "url": "https://www.instagram.com/explore/locations/718697114/mariinsky-park-helipad/"
  },
  {
    "id": "338283387",
    "name": "Стоматологічний центр Dent Style",
    "city": "Kyiv",
    "url": "https://www.instagram.com/explore/locations/338283387/dent-style/"
  },
  {
    "id": "109327153748034",
    "name": "SivaArtStudio",
    "city": "Kyiv",
    "url": "https://www.instagram.com/explore/locations/109327153748034/sivaartstudio/"
  },
  {
    "id": "311136722576460",
    "name": "Zavalnyi Art Center",
    "city": "Kyiv",
    "url": "https://www.instagram.com/explore/locations/311136722576460/zavalnyi-art-center/"
  },
  {
    "id": "107219643984811",
    "name": "MIOKI",
    "city": "Kyiv",
    "url": "https://www.instagram.com/explore/locations/107219643984811/mioki/"
  },
  {
    "id": "106522348995221",
    "name": "Boca a boca rest",
    "city": "Kyiv",
    "url": "https://www.instagram.com/explore/locations/106522348995221/boca-a-boca-rest/"
  },
  {
    "id": "122100336878002701",
    "name": "Stella bride",
    "city": "Kyiv",
    "url": "https://www.instagram.com/explore/locations/122100336878002701/stella-bride/"
  },
  {
    "id": "431916240911087",
    "name": "Phlebos",
    "city": "Kyiv",
    "url": "https://www.instagram.com/explore/locations/431916240911087/phlebos/"
  },
  {
    "id": "177417082967609",
    "name": "Спеціалізована школа 89",
    "city": "Kyiv",
    "url": "https://www.instagram.com/explore/locations/177417082967609/89/"
  },
  {
    "id": "336662536",
    "name": "Кловский Спуск 5",
    "city": "Kyiv",
    "url": "https://www.instagram.com/explore/locations/336662536/5/"
  },
  {
    "id": "255420413",
    "name": "Леси Украинки, 34",
    "city": "Kyiv",
    "url": "https://www.instagram.com/explore/locations/255420413/34/"
  },
  {
    "id": "1015893068",
    "name": "GOLAW",
    "city": "Kyiv",
    "url": "https://www.instagram.com/explore/locations/1015893068/golaw/"
  },
  {
    "id": "1863755550519519",
    "name": "Ukrainian Institute of Fashion History / Український Інститут Історії Моди",
    "city": "Kyiv",
    "url": "https://www.instagram.com/explore/locations/1863755550519519/ukrainian-institute-of-fashion-history/"
  },
  {
    "id": "254819655181896",
    "name": "Zelenyi Theater",
    "city": "Kyiv",
    "url": "https://www.instagram.com/explore/locations/254819655181896/zelenyi-theater/"
  },
  {
    "id": "344795865919485",
    "name": "Lakshmi SPA салон масажу",
    "city": "Kyiv",
    "url": "https://www.instagram.com/explore/locations/344795865919485/lakshmi-spa/"
  },
  {
    "id": "105402571274207",
    "name": "Shoti",
    "city": "Kyiv",
    "url": "https://www.instagram.com/explore/locations/105402571274207/shoti/"
  },
  {
    "id": "395030850360736",
    "name": "Atlant Clinic",
    "city": "Kyiv",
    "url": "https://www.instagram.com/explore/locations/395030850360736/atlant-clinic/"
  },
  {
    "id": "457297934",
    "name": "Ostroyke.com.ua - поиск по ЖК и новостройкам на портале оСтройке",
    "city": "Kyiv",
    "url": "https://www.instagram.com/explore/locations/457297934/ostroykecomua-/"
  },
  {
    "id": "658952842",
    "name": "AEQUO Law Firm",
    "city": "Kyiv",
    "url": "https://www.instagram.com/explore/locations/658952842/aequo-law-firm/"
  },
  {
    "id": "143906846019721",
    "name": "Gentlemen's Club Kyiv",
    "city": "Kyiv",
    "url": "https://www.instagram.com/explore/locations/143906846019721/gentlemens-club-kyiv/"
  },
  {
    "id": "197728671051030",
    "name": "Коновальця 36в",
    "city": "Kyiv",
    "url": "https://www.instagram.com/explore/locations/197728671051030/36/"
  },
  {
    "id": "1014380957",
    "name": "Rosa Graf Cosmetics, UA",
    "city": "Kyiv",
    "url": "https://www.instagram.com/explore/locations/1014380957/rosa-graf-cosmetics-ua/"
  },
  {
    "id": "1011889240",
    "name": "Мережа центрiв хребта Eurospine",
    "city": "Kyiv",
    "url": "https://www.instagram.com/explore/locations/1011889240/i-eurospine/"
  },
  {
    "id": "323298021409921",
    "name": "St Esthetic",
    "city": "Kyiv",
    "url": "https://www.instagram.com/explore/locations/323298021409921/st-esthetic/"
  },
  {
    "id": "437892906648447",
    "name": "Києво - Печерська лавра",
    "city": "Kyiv",
    "url": "https://www.instagram.com/explore/locations/437892906648447/-/"
  },
  {
    "id": "828391057334851",
    "name": "IMP Clinic",
    "city": "Kyiv",
    "url": "https://www.instagram.com/explore/locations/828391057334851/imp-clinic/"
  },
  {
    "id": "141227969076349",
    "name": "RIDNE",
    "city": "Kyiv",
    "url": "https://www.instagram.com/explore/locations/141227969076349/ridne/"
  },
  {
    "id": "1022159460",
    "name": "Wings - Вироби зі шкіри",
    "city": "Kyiv",
    "url": "https://www.instagram.com/explore/locations/1022159460/wings-/"
  },
  {
    "id": "295016978063208",
    "name": "LoveUkraine",
    "city": "Kyiv",
    "url": "https://www.instagram.com/explore/locations/295016978063208/loveukraine/"
  },
  {
    "id": "481709097",
    "name": "Hopscotch Montessori Kyiv",
    "city": "Kyiv",
    "url": "https://www.instagram.com/explore/locations/481709097/hopscotch-montessori-kyiv/"
  },
  {
    "id": "1023662998",
    "name": "Vodafone Ukraine",
    "city": "Kyiv",
    "url": "https://www.instagram.com/explore/locations/1023662998/vodafone-ukraine/"
  },
  {
    "id": "426988581",
    "name": "Феєрія. Feeria travel",
    "city": "Kyiv",
    "url": "https://www.instagram.com/explore/locations/426988581/feeria-travel/"
  },
  {
    "id": "85363410",
    "name": "FDR",
    "city": "Kyiv",
    "url": "https://www.instagram.com/explore/locations/85363410/fdr/"
  },
  {
    "id": "103205262645872",
    "name": "MI6.Kyiv",
    "city": "Kyiv",
    "url": "https://www.instagram.com/explore/locations/103205262645872/mi6kyiv/"
  },
  {
    "id": "104760024620289",
    "name": "Upgrade beauty bar",
    "city": "Kyiv",
    "url": "https://www.instagram.com/explore/locations/104760024620289/upgrade-beauty-bar/"
  },
  {
    "id": "303895654",
    "name": "Hyogo",
    "city": "Kyiv",
    "url": "https://www.instagram.com/explore/locations/303895654/hyogo/"
  },
  {
    "id": "318369898624696",
    "name": "New Europe Ukraine",
    "city": "Kyiv",
    "url": "https://www.instagram.com/explore/locations/318369898624696/new-europe-ukraine/"
  },
  {
    "id": "101091975321921",
    "name": "Dncreligion",
    "city": "Kyiv",
    "url": "https://www.instagram.com/explore/locations/101091975321921/dncreligion/"
  },
  {
    "id": "874871621",
    "name": "Зазимье - Сады",
    "city": "Kyiv",
    "url": "https://www.instagram.com/explore/locations/874871621/-/"
  },
  {
    "id": "362958750742460",
    "name": "Forcars.pro",
    "city": "Kyiv",
    "url": "https://www.instagram.com/explore/locations/362958750742460/forcarspro/"
  },
  {
    "id": "197717457816450",
    "name": "Петра Запорожца 26",
    "city": "Kyiv",
    "url": "https://www.instagram.com/explore/locations/197717457816450/26/"
  },
  {
    "id": "523895377",
    "name": "Бц Башня #5",
    "city": "Kyiv",
    "url": "https://www.instagram.com/explore/locations/523895377/5/"
  },
  {
    "id": "106358797393752",
    "name": "De Sad",
    "city": "Kyiv",
    "url": "https://www.instagram.com/explore/locations/106358797393752/de-sad/"
  },
  {
    "id": "625076840938924",
    "name": "Blood&Honey",
    "city": "Kyiv",
    "url": "https://www.instagram.com/explore/locations/625076840938924/bloodhoney/"
  },
  {
    "id": "760008800",
    "name": "Rejon peczerski",
    "city": "Kyiv",
    "url": "https://www.instagram.com/explore/locations/760008800/rejon-peczerski/"
  },
  {
    "id": "528088107",
    "name": "Факультет управління та бізнес-дизайну КНУТД",
    "city": "Kyiv",
    "url": "https://www.instagram.com/explore/locations/528088107/-/"
  },
  {
    "id": "572570474",
    "name": "qaranliq kucelerde =/",
    "city": "Kyiv",
    "url": "https://www.instagram.com/explore/locations/572570474/qaranliq-kucelerde/"
  },
  {
    "id": "238657717",
    "name": "Центральна Виборча Комiсiя",
    "city": "Kyiv",
    "url": "https://www.instagram.com/explore/locations/238657717/ii/"
  },
  {
    "id": "1000154510",
    "name": "Салон Красоты и Float Spa Gallery studio на печерске",
    "city": "Kyiv",
    "url": "https://www.instagram.com/explore/locations/1000154510/float-spa-gallery-studio/"
  },
  {
    "id": "412058117",
    "name": "Nakitel.com",
    "city": "Kyiv",
    "url": "https://www.instagram.com/explore/locations/412058117/nakitelcom/"
  },
  {
    "id": "1855414561417764",
    "name": "735tattoo",
    "city": "Kyiv",
    "url": "https://www.instagram.com/explore/locations/1855414561417764/735tattoo/"
  },
  {
    "id": "115052025172967",
    "name": "Гимназия № 109 им. Т.Г. Шевченка, Киев",
    "city": "Kyiv",
    "url": "https://www.instagram.com/explore/locations/115052025172967/no-109/"
  },
  {
    "id": "282654905",
    "name": "Киев, Улица Лаврская 1",
    "city": "Kyiv",
    "url": "https://www.instagram.com/explore/locations/282654905/1/"
  },
  {
    "id": "101906268011239",
    "name": "SeaFood Room",
    "city": "Kyiv",
    "url": "https://www.instagram.com/explore/locations/101906268011239/seafood-room/"
  },
  {
    "id": "117077919007916",
    "name": "Alonova",
    "city": "Kyiv",
    "url": "https://www.instagram.com/explore/locations/117077919007916/alonova/"
  },
  {
    "id": "100805521696151",
    "name": "IVAS_by_Iryna_Khizhniak",
    "city": "Kyiv",
    "url": "https://www.instagram.com/explore/locations/100805521696151/ivas_by_iryna_khizhniak/"
  },
  {
    "id": "1432180890395322",
    "name": "ArtSound Studio",
    "city": "Kyiv",
    "url": "https://www.instagram.com/explore/locations/1432180890395322/artsound-studio/"
  },
  {
    "id": "323686662",
    "name": "United Nations in Ukraine",
    "city": "Kyiv",
    "url": "https://www.instagram.com/explore/locations/323686662/united-nations-in-ukraine/"
  },
  {
    "id": "1017314129",
    "name": "DFernando Restaurant",
    "city": "Kyiv",
    "url": "https://www.instagram.com/explore/locations/1017314129/dfernando-restaurant/"
  },
  {
    "id": "252130028645357",
    "name": "SandyTime Estet center",
    "city": "Kyiv",
    "url": "https://www.instagram.com/explore/locations/252130028645357/sandytime-estet-center/"
  },
  {
    "id": "104244332449607",
    "name": "Mi6 restaurant",
    "city": "Kyiv",
    "url": "https://www.instagram.com/explore/locations/104244332449607/mi6-restaurant/"
  },
  {
    "id": "263663381",
    "name": "Pechersk",
    "city": "Kyiv",
    "url": "https://www.instagram.com/explore/locations/263663381/pechersk/"
  },
  {
    "id": "250037401805049",
    "name": "INTEGRITES",
    "city": "Kyiv",
    "url": "https://www.instagram.com/explore/locations/250037401805049/integrites/"
  },
  {
    "id": "578443705",
    "name": "TRIONIKA",
    "city": "Kyiv",
    "url": "https://www.instagram.com/explore/locations/578443705/trionika/"
  },
  {
    "id": "200932503992871",
    "name": "KNUC&A",
    "city": "Kyiv",
    "url": "https://www.instagram.com/explore/locations/200932503992871/knuca/"
  },
  {
    "id": "311976156",
    "name": "Пологовий Будинок '1",
    "city": "Kyiv",
    "url": "https://www.instagram.com/explore/locations/311976156/1/"
  },
  {
    "id": "560540795",
    "name": "Holodomor Famine Museum - Kyiv, Ukraine",
    "city": "Kyiv",
    "url": "https://www.instagram.com/explore/locations/560540795/holodomor-famine-museum-kyiv-ukraine/"
  },
  {
    "id": "100565061392060",
    "name": "VDOMA coffee",
    "city": "Kyiv",
    "url": "https://www.instagram.com/explore/locations/100565061392060/vdoma-coffee/"
  },
  {
    "id": "101521134970792",
    "name": "Sport Hub PM Hall",
    "city": "Kyiv",
    "url": "https://www.instagram.com/explore/locations/101521134970792/sport-hub-pm-hall/"
  },
  {
    "id": "185469253026187",
    "name": "IO_Clinic",
    "city": "Kyiv",
    "url": "https://www.instagram.com/explore/locations/185469253026187/io_clinic/"
  },
  {
    "id": "216916715",
    "name": "Verkhovna Rada",
    "city": "Kyiv",
    "url": "https://www.instagram.com/explore/locations/216916715/verkhovna-rada/"
  },
  {
    "id": "774156522",
    "name": "Жилянская 59",
    "city": "Kyiv",
    "url": "https://www.instagram.com/explore/locations/774156522/59/"
  },
  {
    "id": "401481937053594",
    "name": "Гуртожиток КНУТД / KNUTD hostel",
    "city": "Kyiv",
    "url": "https://www.instagram.com/explore/locations/401481937053594/knutd-hostel/"
  },
  {
    "id": "159964444815158",
    "name": "Печерська Площа, 1",
    "city": "Kyiv",
    "url": "https://www.instagram.com/explore/locations/159964444815158/1/"
  },
  {
    "id": "1585767365078756",
    "name": "Психолог Сухорукова Анастасія - Київ",
    "city": "Kyiv",
    "url": "https://www.instagram.com/explore/locations/1585767365078756/-/"
  },
  {
    "id": "191491484700021",
    "name": "Mary кондитерська-пекарня",
    "city": "Kyiv",
    "url": "https://www.instagram.com/explore/locations/191491484700021/mary-/"
  },
  {
    "id": "1396764997082369",
    "name": "Mary Lash Kyiv",
    "city": "Kyiv",
    "url": "https://www.instagram.com/explore/locations/1396764997082369/mary-lash-kyiv/"
  },
  {
    "id": "101131248119238",
    "name": "Brown cup Алмазова 6",
    "city": "Kyiv",
    "url": "https://www.instagram.com/explore/locations/101131248119238/brown-cup-6/"
  },
  {
    "id": "443435165",
    "name": "VL",
    "city": "Kyiv",
    "url": "https://www.instagram.com/explore/locations/443435165/vl/"
  },
  {
    "id": "1224593251015604",
    "name": "Fetish.Salon",
    "city": "Kyiv",
    "url": "https://www.instagram.com/explore/locations/1224593251015604/fetishsalon/"
  },
  {
    "id": "278089876251669",
    "name": "Downtown.nails",
    "city": "Kyiv",
    "url": "https://www.instagram.com/explore/locations/278089876251669/downtownnails/"
  },
  {
    "id": "101273915044914",
    "name": "Re:turn Coffee",
    "city": "Kyiv",
    "url": "https://www.instagram.com/explore/locations/101273915044914/return-coffee/"
  },
  {
    "id": "878732065",
    "name": "Maffia",
    "city": "Kyiv",
    "url": "https://www.instagram.com/explore/locations/878732065/maffia/"
  },
  {
    "id": "1024541804",
    "name": "Volosa.Net Студия профессиональной эпиляции и красоты",
    "city": "Kyiv",
    "url": "https://www.instagram.com/explore/locations/1024541804/volosanet/"
  },
  {
    "id": "1819769361679742",
    "name": "Finish.ART - Багетная Мастерская на Печерске",
    "city": "Kyiv",
    "url": "https://www.instagram.com/explore/locations/1819769361679742/finishart-/"
  }
]