[
  {
    "id": "732297110193521",
    "name": "Кафе-кондитерская \"Коморка\"",
    "city": "Nikolskaya",
    "url": "https://www.instagram.com/explore/locations/732297110193521/-/"
  },
  {
    "id": "1364242506957224",
    "name": "TheТIЛО, фітнес-студія метро Дарниця",
    "city": "Nikolskaya",
    "url": "https://www.instagram.com/explore/locations/1364242506957224/thei-/"
  },
  {
    "id": "218026225311616",
    "name": "Nail RevolюциЯ",
    "city": "Nikolskaya",
    "url": "https://www.instagram.com/explore/locations/218026225311616/nail-revol/"
  },
  {
    "id": "5598532",
    "name": "L'Kafa",
    "city": "Nikolskaya",
    "url": "https://www.instagram.com/explore/locations/5598532/lkafa/"
  },
  {
    "id": "1929824207256066",
    "name": "House of dance",
    "city": "Nikolskaya",
    "url": "https://www.instagram.com/explore/locations/1929824207256066/house-of-dance/"
  },
  {
    "id": "111805841133582",
    "name": "Експерт-магазин Veladis - Київ",
    "city": "Nikolskaya",
    "url": "https://www.instagram.com/explore/locations/111805841133582/-veladis-/"
  },
  {
    "id": "624127944395052",
    "name": "BarkS",
    "city": "Nikolskaya",
    "url": "https://www.instagram.com/explore/locations/624127944395052/barks/"
  },
  {
    "id": "936065974",
    "name": "Lush Komod",
    "city": "Nikolskaya",
    "url": "https://www.instagram.com/explore/locations/936065974/lush-komod/"
  },
  {
    "id": "104048852008268",
    "name": "Bba hair studio",
    "city": "Nikolskaya",
    "url": "https://www.instagram.com/explore/locations/104048852008268/bba-hair-studio/"
  },
  {
    "id": "980644465450093",
    "name": "Forever Young",
    "city": "Nikolskaya",
    "url": "https://www.instagram.com/explore/locations/980644465450093/forever-young/"
  },
  {
    "id": "1434180953306736",
    "name": "Сучасний Баскетбольний корт Slobidka",
    "city": "Nikolskaya",
    "url": "https://www.instagram.com/explore/locations/1434180953306736/slobidka/"
  },
  {
    "id": "108086507446607",
    "name": "Набок Іван - Імплантолог",
    "city": "Nikolskaya",
    "url": "https://www.instagram.com/explore/locations/108086507446607/-/"
  },
  {
    "id": "436611853537061",
    "name": "All European Convocation 2020",
    "city": "Nikolskaya",
    "url": "https://www.instagram.com/explore/locations/436611853537061/all-european-convocation-2020/"
  },
  {
    "id": "104714062264318",
    "name": "Slava Bogu Foundation",
    "city": "Nikolskaya",
    "url": "https://www.instagram.com/explore/locations/104714062264318/slava-bogu-foundation/"
  },
  {
    "id": "1330026507030967",
    "name": "Flowersshopkiev",
    "city": "Nikolskaya",
    "url": "https://www.instagram.com/explore/locations/1330026507030967/flowersshopkiev/"
  },
  {
    "id": "1711780002374990",
    "name": "FotoFinder Ukraine",
    "city": "Nikolskaya",
    "url": "https://www.instagram.com/explore/locations/1711780002374990/fotofinder-ukraine/"
  }
]