[
  {
    "id": "139743476562085",
    "name": "Acting agency \"LOT\"",
    "city": "NovayaDarnitsa",
    "url": "https://www.instagram.com/explore/locations/139743476562085/acting-agency-lot/"
  },
  {
    "id": "296635918",
    "name": "Школа #127",
    "city": "NovayaDarnitsa",
    "url": "https://www.instagram.com/explore/locations/296635918/127/"
  },
  {
    "id": "255341949",
    "name": "Привокзальная 14/2",
    "city": "NovayaDarnitsa",
    "url": "https://www.instagram.com/explore/locations/255341949/142/"
  },
  {
    "id": "280804616",
    "name": "Kyiv Medical University-Official",
    "city": "NovayaDarnitsa",
    "url": "https://www.instagram.com/explore/locations/280804616/kyiv-medical-university-official/"
  },
  {
    "id": "270173810",
    "name": "вереснева 24",
    "city": "NovayaDarnitsa",
    "url": "https://www.instagram.com/explore/locations/270173810/24/"
  },
  {
    "id": "730842746940058",
    "name": "Алма-Атинская улица",
    "city": "NovayaDarnitsa",
    "url": "https://www.instagram.com/explore/locations/730842746940058/-/"
  },
  {
    "id": "240302463",
    "name": "Гуртожиток КНУКiМ",
    "city": "NovayaDarnitsa",
    "url": "https://www.instagram.com/explore/locations/240302463/i/"
  },
  {
    "id": "1033396478",
    "name": "Repintattoo",
    "city": "NovayaDarnitsa",
    "url": "https://www.instagram.com/explore/locations/1033396478/repintattoo/"
  },
  {
    "id": "426394638",
    "name": "Спеціалізована школа 291 з поглибленим вивченням іноземної мови",
    "city": "NovayaDarnitsa",
    "url": "https://www.instagram.com/explore/locations/426394638/291/"
  },
  {
    "id": "275076079",
    "name": "Telbin Lake",
    "city": "NovayaDarnitsa",
    "url": "https://www.instagram.com/explore/locations/275076079/telbin-lake/"
  },
  {
    "id": "1033491717",
    "name": "Мафия Харьковское шоссе, 144а",
    "city": "NovayaDarnitsa",
    "url": "https://www.instagram.com/explore/locations/1033491717/144/"
  },
  {
    "id": "101707748040269",
    "name": "Maldoshop - детские манежи, коврики, игровые площадки",
    "city": "NovayaDarnitsa",
    "url": "https://www.instagram.com/explore/locations/101707748040269/maldoshop-/"
  },
  {
    "id": "1023376018",
    "name": "Арт-студия цветочного стиля Татьяны Гревцовой. Флористика,декор.",
    "city": "NovayaDarnitsa",
    "url": "https://www.instagram.com/explore/locations/1023376018/-/"
  },
  {
    "id": "165405530598737",
    "name": "Школа № 23",
    "city": "NovayaDarnitsa",
    "url": "https://www.instagram.com/explore/locations/165405530598737/no-23/"
  },
  {
    "id": "335318283216623",
    "name": "Kiev borispol airport",
    "city": "NovayaDarnitsa",
    "url": "https://www.instagram.com/explore/locations/335318283216623/kiev-borispol-airport/"
  },
  {
    "id": "106460524628984",
    "name": "Run for it",
    "city": "NovayaDarnitsa",
    "url": "https://www.instagram.com/explore/locations/106460524628984/run-for-it/"
  },
  {
    "id": "319144492229425",
    "name": "АтлетiКо / AtletiKo",
    "city": "NovayaDarnitsa",
    "url": "https://www.instagram.com/explore/locations/319144492229425/i-atletiko/"
  },
  {
    "id": "342118733327764",
    "name": "Портер Паб Харківське Шосе 57",
    "city": "NovayaDarnitsa",
    "url": "https://www.instagram.com/explore/locations/342118733327764/57/"
  },
  {
    "id": "1254135911350152",
    "name": "Авторська Майстерня Краси A.Kostyuchenko0664092675",
    "city": "NovayaDarnitsa",
    "url": "https://www.instagram.com/explore/locations/1254135911350152/akostyuchenko0664092675/"
  },
  {
    "id": "355227302009958",
    "name": "Park Of Partisan Glory",
    "city": "NovayaDarnitsa",
    "url": "https://www.instagram.com/explore/locations/355227302009958/park-of-partisan-glory/"
  },
  {
    "id": "318144471984106",
    "name": "Школа 160",
    "city": "NovayaDarnitsa",
    "url": "https://www.instagram.com/explore/locations/318144471984106/160/"
  },
  {
    "id": "115287221177716",
    "name": "Os'minog",
    "city": "NovayaDarnitsa",
    "url": "https://www.instagram.com/explore/locations/115287221177716/osminog/"
  },
  {
    "id": "1952783958300582",
    "name": "Школа І-ІІІ ступенів 217",
    "city": "NovayaDarnitsa",
    "url": "https://www.instagram.com/explore/locations/1952783958300582/-217/"
  },
  {
    "id": "731476413",
    "name": "Мафия, ресторан (Броварской пр-т, 17)",
    "city": "NovayaDarnitsa",
    "url": "https://www.instagram.com/explore/locations/731476413/-17/"
  },
  {
    "id": "640232216",
    "name": "Shockmotorsport",
    "city": "NovayaDarnitsa",
    "url": "https://www.instagram.com/explore/locations/640232216/shockmotorsport/"
  },
  {
    "id": "418367378979394",
    "name": "Оросительная 4а, Стадион Атлет",
    "city": "NovayaDarnitsa",
    "url": "https://www.instagram.com/explore/locations/418367378979394/4/"
  },
  {
    "id": "162695764373786",
    "name": "Triniti-SB: Системи Технічної Безпеки",
    "city": "NovayaDarnitsa",
    "url": "https://www.instagram.com/explore/locations/162695764373786/triniti-sb/"
  },
  {
    "id": "103877551743942",
    "name": "BMW СТО Garage Racer Левый берег",
    "city": "NovayaDarnitsa",
    "url": "https://www.instagram.com/explore/locations/103877551743942/bmw-garage-racer/"
  },
  {
    "id": "1033271922",
    "name": "Центр красоты и здоровья «V 15»",
    "city": "NovayaDarnitsa",
    "url": "https://www.instagram.com/explore/locations/1033271922/v-15/"
  },
  {
    "id": "382130568847683",
    "name": "MostBlack tattoo",
    "city": "NovayaDarnitsa",
    "url": "https://www.instagram.com/explore/locations/382130568847683/mostblack-tattoo/"
  },
  {
    "id": "109152777119195",
    "name": "Restaurant&karaoke Glazur",
    "city": "NovayaDarnitsa",
    "url": "https://www.instagram.com/explore/locations/109152777119195/restaurantkaraoke-glazur/"
  },
  {
    "id": "113444016750731",
    "name": "diamond_poledance",
    "city": "NovayaDarnitsa",
    "url": "https://www.instagram.com/explore/locations/113444016750731/diamond_poledance/"
  },
  {
    "id": "169011840702140",
    "name": "Enamine",
    "city": "NovayaDarnitsa",
    "url": "https://www.instagram.com/explore/locations/169011840702140/enamine/"
  },
  {
    "id": "330638753721698",
    "name": "WOODWERK",
    "city": "NovayaDarnitsa",
    "url": "https://www.instagram.com/explore/locations/330638753721698/woodwerk/"
  },
  {
    "id": "108730167680089",
    "name": "horoshe_sushibar",
    "city": "NovayaDarnitsa",
    "url": "https://www.instagram.com/explore/locations/108730167680089/horoshe_sushibar/"
  },
  {
    "id": "347087804",
    "name": "7-Й Фестиваль Уличной Еды",
    "city": "NovayaDarnitsa",
    "url": "https://www.instagram.com/explore/locations/347087804/7-/"
  },
  {
    "id": "133535404056042",
    "name": "Салон Красоты \"lariАлма-Атинская,37-Б",
    "city": "NovayaDarnitsa",
    "url": "https://www.instagram.com/explore/locations/133535404056042/lari-37-/"
  },
  {
    "id": "112127481355801",
    "name": "27Frame",
    "city": "NovayaDarnitsa",
    "url": "https://www.instagram.com/explore/locations/112127481355801/27frame/"
  },
  {
    "id": "175758683356206",
    "name": "Shine bright like a Diamond",
    "city": "NovayaDarnitsa",
    "url": "https://www.instagram.com/explore/locations/175758683356206/shine-bright-like-a-diamond/"
  },
  {
    "id": "104163244542375",
    "name": "Liberika_coffepoint",
    "city": "NovayaDarnitsa",
    "url": "https://www.instagram.com/explore/locations/104163244542375/liberika_coffepoint/"
  },
  {
    "id": "234683531",
    "name": "105 Школа в г.Киев",
    "city": "NovayaDarnitsa",
    "url": "https://www.instagram.com/explore/locations/234683531/105/"
  },
  {
    "id": "290556847",
    "name": "Студія Звукозапису - AVsound",
    "city": "NovayaDarnitsa",
    "url": "https://www.instagram.com/explore/locations/290556847/-avsound/"
  },
  {
    "id": "714414593",
    "name": "Тростянецькая 12",
    "city": "NovayaDarnitsa",
    "url": "https://www.instagram.com/explore/locations/714414593/12/"
  },
  {
    "id": "112288599485101",
    "name": "Переулок Волго - Донской",
    "city": "NovayaDarnitsa",
    "url": "https://www.instagram.com/explore/locations/112288599485101/-/"
  },
  {
    "id": "106344281157598",
    "name": "Glowith Auto",
    "city": "NovayaDarnitsa",
    "url": "https://www.instagram.com/explore/locations/106344281157598/glowith-auto/"
  },
  {
    "id": "115999153435728",
    "name": "Repintattoo",
    "city": "NovayaDarnitsa",
    "url": "https://www.instagram.com/explore/locations/115999153435728/repintattoo/"
  },
  {
    "id": "1020465250",
    "name": "Avocado.ua",
    "city": "NovayaDarnitsa",
    "url": "https://www.instagram.com/explore/locations/1020465250/avocadoua/"
  },
  {
    "id": "746673542331599",
    "name": "Бориспольская 26",
    "city": "NovayaDarnitsa",
    "url": "https://www.instagram.com/explore/locations/746673542331599/26/"
  },
  {
    "id": "2274475179448967",
    "name": "Школа №103",
    "city": "NovayaDarnitsa",
    "url": "https://www.instagram.com/explore/locations/2274475179448967/no103/"
  },
  {
    "id": "741639526234229",
    "name": "Сормовська,3",
    "city": "NovayaDarnitsa",
    "url": "https://www.instagram.com/explore/locations/741639526234229/3/"
  },
  {
    "id": "111143661073194",
    "name": "Maple Bear Kyiv",
    "city": "NovayaDarnitsa",
    "url": "https://www.instagram.com/explore/locations/111143661073194/maple-bear-kyiv/"
  },
  {
    "id": "855306233",
    "name": "ТЦ \"дарынок\", Summer Park",
    "city": "NovayaDarnitsa",
    "url": "https://www.instagram.com/explore/locations/855306233/summer-park/"
  },
  {
    "id": "105585317467170",
    "name": "БрадоБрей III",
    "city": "NovayaDarnitsa",
    "url": "https://www.instagram.com/explore/locations/105585317467170/iii/"
  },
  {
    "id": "107824663940519",
    "name": "Культурно-мистецький центр Дарницького району",
    "city": "NovayaDarnitsa",
    "url": "https://www.instagram.com/explore/locations/107824663940519/-/"
  },
  {
    "id": "432920667082149",
    "name": "Туристична Агенція ANEX TOUR вул. Бориспільська 6",
    "city": "NovayaDarnitsa",
    "url": "https://www.instagram.com/explore/locations/432920667082149/anex-tour-6/"
  },
  {
    "id": "1014775823",
    "name": "Western Optica",
    "city": "NovayaDarnitsa",
    "url": "https://www.instagram.com/explore/locations/1014775823/western-optica/"
  },
  {
    "id": "839744496156221",
    "name": "Горіх Смарт-кафе",
    "city": "NovayaDarnitsa",
    "url": "https://www.instagram.com/explore/locations/839744496156221/-/"
  },
  {
    "id": "1097997773707913",
    "name": "Бориспольская 9",
    "city": "NovayaDarnitsa",
    "url": "https://www.instagram.com/explore/locations/1097997773707913/9/"
  },
  {
    "id": "1013859966",
    "name": "POLICE UA",
    "city": "NovayaDarnitsa",
    "url": "https://www.instagram.com/explore/locations/1013859966/police-ua/"
  },
  {
    "id": "100104651994100",
    "name": "Улица Бориспольская 4",
    "city": "NovayaDarnitsa",
    "url": "https://www.instagram.com/explore/locations/100104651994100/4/"
  },
  {
    "id": "181013095904800",
    "name": "Озеро Лiсове Берiзка Веселка",
    "city": "NovayaDarnitsa",
    "url": "https://www.instagram.com/explore/locations/181013095904800/i-i/"
  },
  {
    "id": "112318528009344",
    "name": "Сімейна ресторація SAGA",
    "city": "NovayaDarnitsa",
    "url": "https://www.instagram.com/explore/locations/112318528009344/saga/"
  },
  {
    "id": "110102094171504",
    "name": "Depends On Mood",
    "city": "NovayaDarnitsa",
    "url": "https://www.instagram.com/explore/locations/110102094171504/depends-on-mood/"
  },
  {
    "id": "177511176",
    "name": "Accord Group",
    "city": "NovayaDarnitsa",
    "url": "https://www.instagram.com/explore/locations/177511176/accord-group/"
  },
  {
    "id": "1025695721",
    "name": "One Football Gym",
    "city": "NovayaDarnitsa",
    "url": "https://www.instagram.com/explore/locations/1025695721/one-football-gym/"
  },
  {
    "id": "393077481",
    "name": "Ждем что-нибудь",
    "city": "NovayaDarnitsa",
    "url": "https://www.instagram.com/explore/locations/393077481/-/"
  },
  {
    "id": "102851811134344",
    "name": "Laboratorium",
    "city": "NovayaDarnitsa",
    "url": "https://www.instagram.com/explore/locations/102851811134344/laboratorium/"
  },
  {
    "id": "264159923",
    "name": "Киото, 27",
    "city": "NovayaDarnitsa",
    "url": "https://www.instagram.com/explore/locations/264159923/27/"
  },
  {
    "id": "1755620291157923",
    "name": "Detailing Studio Victoria",
    "city": "NovayaDarnitsa",
    "url": "https://www.instagram.com/explore/locations/1755620291157923/detailing-studio-victoria/"
  },
  {
    "id": "1338349506249359",
    "name": "Киев, Школа 11",
    "city": "NovayaDarnitsa",
    "url": "https://www.instagram.com/explore/locations/1338349506249359/11/"
  },
  {
    "id": "33321430",
    "name": "Seiklar",
    "city": "NovayaDarnitsa",
    "url": "https://www.instagram.com/explore/locations/33321430/seiklar/"
  },
  {
    "id": "102193136020891",
    "name": "LEOcafe",
    "city": "NovayaDarnitsa",
    "url": "https://www.instagram.com/explore/locations/102193136020891/leocafe/"
  },
  {
    "id": "914987514",
    "name": "Aggressive Perfume ЦТ Даринок",
    "city": "NovayaDarnitsa",
    "url": "https://www.instagram.com/explore/locations/914987514/aggressive-perfume/"
  },
  {
    "id": "361730737931027",
    "name": "ул. Вереснева, 5",
    "city": "NovayaDarnitsa",
    "url": "https://www.instagram.com/explore/locations/361730737931027/5/"
  },
  {
    "id": "1015091635",
    "name": "Детская студия Smart",
    "city": "NovayaDarnitsa",
    "url": "https://www.instagram.com/explore/locations/1015091635/smart/"
  },
  {
    "id": "312799839549186",
    "name": "Симферопольская 13",
    "city": "NovayaDarnitsa",
    "url": "https://www.instagram.com/explore/locations/312799839549186/13/"
  },
  {
    "id": "272611446085285",
    "name": "SkyWideSystems",
    "city": "NovayaDarnitsa",
    "url": "https://www.instagram.com/explore/locations/272611446085285/skywidesystems/"
  },
  {
    "id": "106002537658730",
    "name": "Airbag Service",
    "city": "NovayaDarnitsa",
    "url": "https://www.instagram.com/explore/locations/106002537658730/airbag-service/"
  },
  {
    "id": "726230899",
    "name": "Lisova",
    "city": "NovayaDarnitsa",
    "url": "https://www.instagram.com/explore/locations/726230899/lisova/"
  },
  {
    "id": "2121373561408418",
    "name": "L'studio територія краси",
    "city": "NovayaDarnitsa",
    "url": "https://www.instagram.com/explore/locations/2121373561408418/lstudio/"
  },
  {
    "id": "1023776532",
    "name": "Kassone - Меблева майстерня",
    "city": "NovayaDarnitsa",
    "url": "https://www.instagram.com/explore/locations/1023776532/kassone-/"
  },
  {
    "id": "807645979444281",
    "name": "Yoga-Lifestyle Studio",
    "city": "NovayaDarnitsa",
    "url": "https://www.instagram.com/explore/locations/807645979444281/yoga-lifestyle-studio/"
  },
  {
    "id": "305736114",
    "name": "Darnytsia railway station",
    "city": "NovayaDarnitsa",
    "url": "https://www.instagram.com/explore/locations/305736114/darnytsia-railway-station/"
  },
  {
    "id": "886874665",
    "name": "Voskhod boxing club",
    "city": "NovayaDarnitsa",
    "url": "https://www.instagram.com/explore/locations/886874665/voskhod-boxing-club/"
  },
  {
    "id": "100154745646610",
    "name": "TS AVTO",
    "city": "NovayaDarnitsa",
    "url": "https://www.instagram.com/explore/locations/100154745646610/ts-avto/"
  },
  {
    "id": "331711700495819",
    "name": "Вул. Бориспільська, 7",
    "city": "NovayaDarnitsa",
    "url": "https://www.instagram.com/explore/locations/331711700495819/7/"
  },
  {
    "id": "261571121223471",
    "name": "Динь-динь",
    "city": "NovayaDarnitsa",
    "url": "https://www.instagram.com/explore/locations/261571121223471/-/"
  },
  {
    "id": "2046848598687641",
    "name": "Бортничи hills",
    "city": "NovayaDarnitsa",
    "url": "https://www.instagram.com/explore/locations/2046848598687641/hills/"
  },
  {
    "id": "1024275177",
    "name": "Анві-Вет",
    "city": "NovayaDarnitsa",
    "url": "https://www.instagram.com/explore/locations/1024275177/-/"
  },
  {
    "id": "114550393729736",
    "name": "mak_kava_kyiv",
    "city": "NovayaDarnitsa",
    "url": "https://www.instagram.com/explore/locations/114550393729736/mak_kava_kyiv/"
  },
  {
    "id": "109032114331026",
    "name": "Winter",
    "city": "NovayaDarnitsa",
    "url": "https://www.instagram.com/explore/locations/109032114331026/winter/"
  },
  {
    "id": "106104311978348",
    "name": "Svitlo Park ЖК",
    "city": "NovayaDarnitsa",
    "url": "https://www.instagram.com/explore/locations/106104311978348/svitlo-park/"
  },
  {
    "id": "214807771876438",
    "name": "Золотой город zgorod.com",
    "city": "NovayaDarnitsa",
    "url": "https://www.instagram.com/explore/locations/214807771876438/zgorodcom/"
  },
  {
    "id": "103648548156002",
    "name": "TBT Cloud",
    "city": "NovayaDarnitsa",
    "url": "https://www.instagram.com/explore/locations/103648548156002/tbt-cloud/"
  },
  {
    "id": "103654109363569",
    "name": "Tarkom Car Service",
    "city": "NovayaDarnitsa",
    "url": "https://www.instagram.com/explore/locations/103654109363569/tarkom-car-service/"
  },
  {
    "id": "226901849",
    "name": "Fozzy Group",
    "city": "NovayaDarnitsa",
    "url": "https://www.instagram.com/explore/locations/226901849/fozzy-group/"
  },
  {
    "id": "276452400",
    "name": "Секонд-Хенд На Лесном",
    "city": "NovayaDarnitsa",
    "url": "https://www.instagram.com/explore/locations/276452400/-/"
  },
  {
    "id": "635490613553110",
    "name": "Bodr Bobr Coffee",
    "city": "NovayaDarnitsa",
    "url": "https://www.instagram.com/explore/locations/635490613553110/bodr-bobr-coffee/"
  },
  {
    "id": "1728277854102328",
    "name": "Локомотивне депо ДарницяРФ \"Південно-Західна залізниця\"",
    "city": "NovayaDarnitsa",
    "url": "https://www.instagram.com/explore/locations/1728277854102328/-/"
  },
  {
    "id": "264638074",
    "name": "5 Фестиваль Уличной Еды",
    "city": "NovayaDarnitsa",
    "url": "https://www.instagram.com/explore/locations/264638074/5/"
  },
  {
    "id": "46193368",
    "name": "Sport Club\"Viking\"",
    "city": "NovayaDarnitsa",
    "url": "https://www.instagram.com/explore/locations/46193368/sport-clubviking/"
  },
  {
    "id": "363358040770778",
    "name": "Beauty Wood Studio",
    "city": "NovayaDarnitsa",
    "url": "https://www.instagram.com/explore/locations/363358040770778/beauty-wood-studio/"
  },
  {
    "id": "100925585128283",
    "name": "Elite club",
    "city": "NovayaDarnitsa",
    "url": "https://www.instagram.com/explore/locations/100925585128283/elite-club/"
  },
  {
    "id": "235530289",
    "name": "Школа #291",
    "city": "NovayaDarnitsa",
    "url": "https://www.instagram.com/explore/locations/235530289/291/"
  },
  {
    "id": "64537099",
    "name": "Российская 64",
    "city": "NovayaDarnitsa",
    "url": "https://www.instagram.com/explore/locations/64537099/64/"
  },
  {
    "id": "339846753250266",
    "name": "Полесская 28 Б",
    "city": "NovayaDarnitsa",
    "url": "https://www.instagram.com/explore/locations/339846753250266/28/"
  },
  {
    "id": "1011303104",
    "name": "Лицей 208",
    "city": "NovayaDarnitsa",
    "url": "https://www.instagram.com/explore/locations/1011303104/208/"
  },
  {
    "id": "697698283747373",
    "name": "DENMAX Group",
    "city": "NovayaDarnitsa",
    "url": "https://www.instagram.com/explore/locations/697698283747373/denmax-group/"
  },
  {
    "id": "1014874145",
    "name": "InterCHARM-Украина",
    "city": "NovayaDarnitsa",
    "url": "https://www.instagram.com/explore/locations/1014874145/intercharm-/"
  },
  {
    "id": "2297298153660250",
    "name": "PULP MILL PRINT",
    "city": "NovayaDarnitsa",
    "url": "https://www.instagram.com/explore/locations/2297298153660250/pulp-mill-print/"
  },
  {
    "id": "713106136",
    "name": "Оросительная 17",
    "city": "NovayaDarnitsa",
    "url": "https://www.instagram.com/explore/locations/713106136/17/"
  },
  {
    "id": "109103774138173",
    "name": "VANO IVANO",
    "city": "NovayaDarnitsa",
    "url": "https://www.instagram.com/explore/locations/109103774138173/vano-ivano/"
  },
  {
    "id": "445945402651935",
    "name": "КофеLove",
    "city": "NovayaDarnitsa",
    "url": "https://www.instagram.com/explore/locations/445945402651935/love/"
  },
  {
    "id": "199039286802297",
    "name": "AIESEC Ukraine",
    "city": "NovayaDarnitsa",
    "url": "https://www.instagram.com/explore/locations/199039286802297/aiesec-ukraine/"
  },
  {
    "id": "105798927492708",
    "name": "Platinum Garage Автомойка,Шиномонтаж",
    "city": "NovayaDarnitsa",
    "url": "https://www.instagram.com/explore/locations/105798927492708/platinum-garage/"
  },
  {
    "id": "390699513",
    "name": "Днепровская Набережная 33",
    "city": "NovayaDarnitsa",
    "url": "https://www.instagram.com/explore/locations/390699513/33/"
  },
  {
    "id": "608080437",
    "name": "Красота-рядом",
    "city": "NovayaDarnitsa",
    "url": "https://www.instagram.com/explore/locations/608080437/-/"
  },
  {
    "id": "936063516583923",
    "name": "Trump Service - ремонт и замена подушек безопасности в автомобиле",
    "city": "NovayaDarnitsa",
    "url": "https://www.instagram.com/explore/locations/936063516583923/trump-service-/"
  },
  {
    "id": "2063888810532464",
    "name": "3D Развал-Схождение Zlomotors",
    "city": "NovayaDarnitsa",
    "url": "https://www.instagram.com/explore/locations/2063888810532464/3d-zlomotors/"
  },
  {
    "id": "240141083106643",
    "name": "Арт-таверна Лагуна",
    "city": "NovayaDarnitsa",
    "url": "https://www.instagram.com/explore/locations/240141083106643/-/"
  },
  {
    "id": "137724456817262",
    "name": "Киев , Ул. Бориспольская 9",
    "city": "NovayaDarnitsa",
    "url": "https://www.instagram.com/explore/locations/137724456817262/9/"
  },
  {
    "id": "790699830941231",
    "name": "StanceShop.com.ua",
    "city": "NovayaDarnitsa",
    "url": "https://www.instagram.com/explore/locations/790699830941231/stanceshopcomua/"
  },
  {
    "id": "1032729151",
    "name": "105 garage Мотошкола",
    "city": "NovayaDarnitsa",
    "url": "https://www.instagram.com/explore/locations/1032729151/105-garage/"
  },
  {
    "id": "1587164504718710",
    "name": "Бар-ресторан DOT53",
    "city": "NovayaDarnitsa",
    "url": "https://www.instagram.com/explore/locations/1587164504718710/-dot53/"
  },
  {
    "id": "113577341227322",
    "name": "Kids-Planet",
    "city": "NovayaDarnitsa",
    "url": "https://www.instagram.com/explore/locations/113577341227322/kids-planet/"
  },
  {
    "id": "1012545774",
    "name": "Dalnoboy",
    "city": "NovayaDarnitsa",
    "url": "https://www.instagram.com/explore/locations/1012545774/dalnoboy/"
  },
  {
    "id": "125583948125304",
    "name": "Kord-leather",
    "city": "NovayaDarnitsa",
    "url": "https://www.instagram.com/explore/locations/125583948125304/kord-leather/"
  },
  {
    "id": "1140981342730999",
    "name": "Привокзальная 12",
    "city": "NovayaDarnitsa",
    "url": "https://www.instagram.com/explore/locations/1140981342730999/12/"
  },
  {
    "id": "567939386731757",
    "name": "Гогольfest 2016",
    "city": "NovayaDarnitsa",
    "url": "https://www.instagram.com/explore/locations/567939386731757/fest-2016/"
  },
  {
    "id": "1014033222",
    "name": "Rider's Auto",
    "city": "NovayaDarnitsa",
    "url": "https://www.instagram.com/explore/locations/1014033222/riders-auto/"
  },
  {
    "id": "355909821880084",
    "name": "АЛЛО/ALLO",
    "city": "NovayaDarnitsa",
    "url": "https://www.instagram.com/explore/locations/355909821880084/allo/"
  },
  {
    "id": "320913671",
    "name": "DANTE cruise",
    "city": "NovayaDarnitsa",
    "url": "https://www.instagram.com/explore/locations/320913671/dante-cruise/"
  },
  {
    "id": "251235441",
    "name": "ул. Симферопольская, 9",
    "city": "NovayaDarnitsa",
    "url": "https://www.instagram.com/explore/locations/251235441/9/"
  },
  {
    "id": "325056228045245",
    "name": "СПА-ЦЕНТРХАММАМ",
    "city": "NovayaDarnitsa",
    "url": "https://www.instagram.com/explore/locations/325056228045245/-/"
  },
  {
    "id": "1013464263",
    "name": "L-site.com.ua",
    "city": "NovayaDarnitsa",
    "url": "https://www.instagram.com/explore/locations/1013464263/l-sitecomua/"
  },
  {
    "id": "244200802944224",
    "name": "Food Fest",
    "city": "NovayaDarnitsa",
    "url": "https://www.instagram.com/explore/locations/244200802944224/food-fest/"
  },
  {
    "id": "1598013463748497",
    "name": "Харчі- Гаряча їжа там де ти",
    "city": "NovayaDarnitsa",
    "url": "https://www.instagram.com/explore/locations/1598013463748497/-/"
  },
  {
    "id": "105817131173817",
    "name": "Alloha",
    "city": "NovayaDarnitsa",
    "url": "https://www.instagram.com/explore/locations/105817131173817/alloha/"
  },
  {
    "id": "256669258316532",
    "name": "Бориспільська, 34",
    "city": "NovayaDarnitsa",
    "url": "https://www.instagram.com/explore/locations/256669258316532/34/"
  },
  {
    "id": "1026269153",
    "name": "BePhoto",
    "city": "NovayaDarnitsa",
    "url": "https://www.instagram.com/explore/locations/1026269153/bephoto/"
  },
  {
    "id": "101978534818158",
    "name": "Українська Греко-Католицька Церква",
    "city": "NovayaDarnitsa",
    "url": "https://www.instagram.com/explore/locations/101978534818158/-/"
  },
  {
    "id": "353769264970059",
    "name": "Російська 70",
    "city": "NovayaDarnitsa",
    "url": "https://www.instagram.com/explore/locations/353769264970059/70/"
  },
  {
    "id": "795739822",
    "name": "don kote",
    "city": "NovayaDarnitsa",
    "url": "https://www.instagram.com/explore/locations/795739822/don-kote/"
  },
  {
    "id": "1825018344494796",
    "name": "Фітнес-клуб FitCurves - Тростянецька 49",
    "city": "NovayaDarnitsa",
    "url": "https://www.instagram.com/explore/locations/1825018344494796/-fitcurves-49/"
  },
  {
    "id": "842517162",
    "name": "Магнитагорская 1",
    "city": "NovayaDarnitsa",
    "url": "https://www.instagram.com/explore/locations/842517162/1/"
  },
  {
    "id": "1022945458",
    "name": "Сергея лазо 5-б",
    "city": "NovayaDarnitsa",
    "url": "https://www.instagram.com/explore/locations/1022945458/5-/"
  },
  {
    "id": "878469198925380",
    "name": "GidroZone",
    "city": "NovayaDarnitsa",
    "url": "https://www.instagram.com/explore/locations/878469198925380/gidrozone/"
  },
  {
    "id": "1145480448943757",
    "name": "Prego Coffee&Beauty Bar",
    "city": "NovayaDarnitsa",
    "url": "https://www.instagram.com/explore/locations/1145480448943757/prego-coffeebeauty-bar/"
  },
  {
    "id": "1024430789",
    "name": "Monastic CROSS",
    "city": "NovayaDarnitsa",
    "url": "https://www.instagram.com/explore/locations/1024430789/monastic-cross/"
  },
  {
    "id": "2166784053363888",
    "name": "Парк партизанської слави, Київ, 2018",
    "city": "NovayaDarnitsa",
    "url": "https://www.instagram.com/explore/locations/2166784053363888/2018/"
  },
  {
    "id": "726900004346059",
    "name": "привокзальная 14а",
    "city": "NovayaDarnitsa",
    "url": "https://www.instagram.com/explore/locations/726900004346059/14/"
  },
  {
    "id": "896344784",
    "name": "КСК-Дарвин",
    "city": "NovayaDarnitsa",
    "url": "https://www.instagram.com/explore/locations/896344784/-/"
  },
  {
    "id": "488985576",
    "name": "Artisan Coffee Festival",
    "city": "NovayaDarnitsa",
    "url": "https://www.instagram.com/explore/locations/488985576/artisan-coffee-festival/"
  },
  {
    "id": "1776687782605063",
    "name": "Весільний супермаркет Vizzara.",
    "city": "NovayaDarnitsa",
    "url": "https://www.instagram.com/explore/locations/1776687782605063/vizzara/"
  },
  {
    "id": "365782037498192",
    "name": "Тростянецкая 51",
    "city": "NovayaDarnitsa",
    "url": "https://www.instagram.com/explore/locations/365782037498192/51/"
  },
  {
    "id": "1022638744605945",
    "name": "Національний Історико-Меморіальний заповідник Биківнянськи Могили",
    "city": "NovayaDarnitsa",
    "url": "https://www.instagram.com/explore/locations/1022638744605945/-/"
  },
  {
    "id": "1025867230",
    "name": "Манускрипт 2012",
    "city": "NovayaDarnitsa",
    "url": "https://www.instagram.com/explore/locations/1025867230/2012/"
  },
  {
    "id": "234835207385039",
    "name": "Киевская Городская больница 11",
    "city": "NovayaDarnitsa",
    "url": "https://www.instagram.com/explore/locations/234835207385039/11/"
  },
  {
    "id": "2124995937740571",
    "name": "Marafet-avto - тюнинг, сервис и реставрация",
    "city": "NovayaDarnitsa",
    "url": "https://www.instagram.com/explore/locations/2124995937740571/marafet-avto-/"
  },
  {
    "id": "449989835401748",
    "name": "Веломагазин Euro.Bike",
    "city": "NovayaDarnitsa",
    "url": "https://www.instagram.com/explore/locations/449989835401748/eurobike/"
  },
  {
    "id": "292442981",
    "name": "Вул. Російська,70",
    "city": "NovayaDarnitsa",
    "url": "https://www.instagram.com/explore/locations/292442981/70/"
  },
  {
    "id": "105342465154142",
    "name": "EasyClimate",
    "city": "NovayaDarnitsa",
    "url": "https://www.instagram.com/explore/locations/105342465154142/easyclimate/"
  },
  {
    "id": "109221284023419",
    "name": "IEU - International European University\"",
    "city": "NovayaDarnitsa",
    "url": "https://www.instagram.com/explore/locations/109221284023419/ieu-international-european-university/"
  },
  {
    "id": "351921522167119",
    "name": "JYSK Ukraine",
    "city": "NovayaDarnitsa",
    "url": "https://www.instagram.com/explore/locations/351921522167119/jysk-ukraine/"
  },
  {
    "id": "2042548265797774",
    "name": "АП №7 КПКиевпастранс",
    "city": "NovayaDarnitsa",
    "url": "https://www.instagram.com/explore/locations/2042548265797774/no7/"
  },
  {
    "id": "271596009",
    "name": "К2",
    "city": "NovayaDarnitsa",
    "url": "https://www.instagram.com/explore/locations/271596009/2/"
  },
  {
    "id": "102941918085183",
    "name": "Sunnyday",
    "city": "NovayaDarnitsa",
    "url": "https://www.instagram.com/explore/locations/102941918085183/sunnyday/"
  },
  {
    "id": "842555207",
    "name": "VictarTour",
    "city": "NovayaDarnitsa",
    "url": "https://www.instagram.com/explore/locations/842555207/victartour/"
  },
  {
    "id": "330643294334141",
    "name": "Ул. Новаторов 9",
    "city": "NovayaDarnitsa",
    "url": "https://www.instagram.com/explore/locations/330643294334141/9/"
  },
  {
    "id": "216076688805229",
    "name": "Lasercutting / Design / Workshop with soul - Custom Craft UA",
    "city": "NovayaDarnitsa",
    "url": "https://www.instagram.com/explore/locations/216076688805229/lasercutting-design-workshop-with-soul-custom-craft-ua/"
  },
  {
    "id": "108674270668838",
    "name": "Deverly_Hills",
    "city": "NovayaDarnitsa",
    "url": "https://www.instagram.com/explore/locations/108674270668838/deverly_hills/"
  },
  {
    "id": "734449104",
    "name": "ст. м. Лiсова",
    "city": "NovayaDarnitsa",
    "url": "https://www.instagram.com/explore/locations/734449104/i/"
  },
  {
    "id": "1025498721",
    "name": "Митний Терминал Лiски",
    "city": "NovayaDarnitsa",
    "url": "https://www.instagram.com/explore/locations/1025498721/i/"
  },
  {
    "id": "109637571422715",
    "name": "Panoptikum Collections",
    "city": "NovayaDarnitsa",
    "url": "https://www.instagram.com/explore/locations/109637571422715/panoptikum-collections/"
  },
  {
    "id": "187431602187238",
    "name": "ул. Алма-Атинская, 41а",
    "city": "NovayaDarnitsa",
    "url": "https://www.instagram.com/explore/locations/187431602187238/-41/"
  },
  {
    "id": "110055347307740",
    "name": "Автосервис BLS Service",
    "city": "NovayaDarnitsa",
    "url": "https://www.instagram.com/explore/locations/110055347307740/bls-service/"
  },
  {
    "id": "2317019355015322",
    "name": "Everyday Coffee",
    "city": "NovayaDarnitsa",
    "url": "https://www.instagram.com/explore/locations/2317019355015322/everyday-coffee/"
  },
  {
    "id": "256631248361966",
    "name": "ул. Здолбуновская, 3",
    "city": "NovayaDarnitsa",
    "url": "https://www.instagram.com/explore/locations/256631248361966/3/"
  },
  {
    "id": "110042614627837",
    "name": "Perfect_permanent.by.Yuliia",
    "city": "NovayaDarnitsa",
    "url": "https://www.instagram.com/explore/locations/110042614627837/perfect_permanentbyyuliia/"
  },
  {
    "id": "681813168",
    "name": "Симферопольская 8",
    "city": "NovayaDarnitsa",
    "url": "https://www.instagram.com/explore/locations/681813168/8/"
  },
  {
    "id": "178592511999637",
    "name": "Ковзанка \"Ice & Lights\"",
    "city": "NovayaDarnitsa",
    "url": "https://www.instagram.com/explore/locations/178592511999637/ice-lights/"
  },
  {
    "id": "599857770409764",
    "name": "LITO",
    "city": "NovayaDarnitsa",
    "url": "https://www.instagram.com/explore/locations/599857770409764/lito/"
  },
  {
    "id": "842764609434054",
    "name": "Gladpharm",
    "city": "NovayaDarnitsa",
    "url": "https://www.instagram.com/explore/locations/842764609434054/gladpharm/"
  },
  {
    "id": "410546203014325",
    "name": "Vtop",
    "city": "NovayaDarnitsa",
    "url": "https://www.instagram.com/explore/locations/410546203014325/vtop/"
  },
  {
    "id": "2171014573163015",
    "name": "Крупской, 8",
    "city": "NovayaDarnitsa",
    "url": "https://www.instagram.com/explore/locations/2171014573163015/8/"
  },
  {
    "id": "246633882119058",
    "name": "DataArt",
    "city": "NovayaDarnitsa",
    "url": "https://www.instagram.com/explore/locations/246633882119058/dataart/"
  },
  {
    "id": "945198812",
    "name": "The Garden",
    "city": "NovayaDarnitsa",
    "url": "https://www.instagram.com/explore/locations/945198812/the-garden/"
  },
  {
    "id": "2055312608048400",
    "name": "Храм святого великомученика і цілителя Пантелеймона - ДВРЗ",
    "city": "NovayaDarnitsa",
    "url": "https://www.instagram.com/explore/locations/2055312608048400/-/"
  },
  {
    "id": "288976478477871",
    "name": "mirbest.ua",
    "city": "NovayaDarnitsa",
    "url": "https://www.instagram.com/explore/locations/288976478477871/mirbestua/"
  },
  {
    "id": "101508608663152",
    "name": "ДВРЗ online",
    "city": "NovayaDarnitsa",
    "url": "https://www.instagram.com/explore/locations/101508608663152/online/"
  },
  {
    "id": "652590642",
    "name": "VD Sound",
    "city": "NovayaDarnitsa",
    "url": "https://www.instagram.com/explore/locations/652590642/vd-sound/"
  },
  {
    "id": "1071409359591322",
    "name": "International Exhibition Centre",
    "city": "NovayaDarnitsa",
    "url": "https://www.instagram.com/explore/locations/1071409359591322/international-exhibition-centre/"
  },
  {
    "id": "428318559",
    "name": "Antey",
    "city": "NovayaDarnitsa",
    "url": "https://www.instagram.com/explore/locations/428318559/antey/"
  },
  {
    "id": "475779108",
    "name": "85я Специализированная Школа",
    "city": "NovayaDarnitsa",
    "url": "https://www.instagram.com/explore/locations/475779108/85/"
  },
  {
    "id": "2226418531016263",
    "name": "Студiя Зачiсок",
    "city": "NovayaDarnitsa",
    "url": "https://www.instagram.com/explore/locations/2226418531016263/i-i/"
  },
  {
    "id": "105743457568663",
    "name": "Home. Sweet home.",
    "city": "NovayaDarnitsa",
    "url": "https://www.instagram.com/explore/locations/105743457568663/home-sweet-home/"
  },
  {
    "id": "327619524637553",
    "name": "ул. Алма-Атинская, 56",
    "city": "NovayaDarnitsa",
    "url": "https://www.instagram.com/explore/locations/327619524637553/-56/"
  },
  {
    "id": "105539932616767",
    "name": "ДВРЗ Design Days",
    "city": "NovayaDarnitsa",
    "url": "https://www.instagram.com/explore/locations/105539932616767/design-days/"
  },
  {
    "id": "533632473825017",
    "name": "Aroma Kava",
    "city": "NovayaDarnitsa",
    "url": "https://www.instagram.com/explore/locations/533632473825017/aroma-kava/"
  },
  {
    "id": "174519302634092",
    "name": "Kyiv Data Recovery відновлення інформації з HDD, SSD, флешки.",
    "city": "NovayaDarnitsa",
    "url": "https://www.instagram.com/explore/locations/174519302634092/kyiv-data-recovery-hdd-ssd/"
  },
  {
    "id": "364886050532299",
    "name": "Середня загальноосвітня школа № 289",
    "city": "NovayaDarnitsa",
    "url": "https://www.instagram.com/explore/locations/364886050532299/no-289/"
  },
  {
    "id": "1675525596042532",
    "name": "Интернет-магазин \"Петелька\"",
    "city": "NovayaDarnitsa",
    "url": "https://www.instagram.com/explore/locations/1675525596042532/-/"
  },
  {
    "id": "169701352895804",
    "name": "DtlGarant",
    "city": "NovayaDarnitsa",
    "url": "https://www.instagram.com/explore/locations/169701352895804/dtlgarant/"
  },
  {
    "id": "165440430833397",
    "name": "ФК «Восход» 2011 Київ",
    "city": "NovayaDarnitsa",
    "url": "https://www.instagram.com/explore/locations/165440430833397/2011/"
  },
  {
    "id": "363012301088075",
    "name": "Дитячий Садок 620",
    "city": "NovayaDarnitsa",
    "url": "https://www.instagram.com/explore/locations/363012301088075/620/"
  },
  {
    "id": "115402086524846",
    "name": "MoodMetall",
    "city": "NovayaDarnitsa",
    "url": "https://www.instagram.com/explore/locations/115402086524846/moodmetall/"
  },
  {
    "id": "2199813186960169",
    "name": "ROZETKA",
    "city": "NovayaDarnitsa",
    "url": "https://www.instagram.com/explore/locations/2199813186960169/rozetka/"
  },
  {
    "id": "1021487997",
    "name": "Halli Galli - простір для сімей",
    "city": "NovayaDarnitsa",
    "url": "https://www.instagram.com/explore/locations/1021487997/halli-galli-/"
  },
  {
    "id": "353039418784164",
    "name": "Заслонова 13/а",
    "city": "NovayaDarnitsa",
    "url": "https://www.instagram.com/explore/locations/353039418784164/13/"
  },
  {
    "id": "102546947975885",
    "name": "Avacado",
    "city": "NovayaDarnitsa",
    "url": "https://www.instagram.com/explore/locations/102546947975885/avacado/"
  },
  {
    "id": "513593068",
    "name": "Привокзальна14а",
    "city": "NovayaDarnitsa",
    "url": "https://www.instagram.com/explore/locations/513593068/14/"
  },
  {
    "id": "106720074327498",
    "name": "Кав'ярня - бутік \"DoDo Wonderland\"",
    "city": "NovayaDarnitsa",
    "url": "https://www.instagram.com/explore/locations/106720074327498/-dodo-wonderland/"
  },
  {
    "id": "337409016995089",
    "name": "Азербайджанская 8А",
    "city": "NovayaDarnitsa",
    "url": "https://www.instagram.com/explore/locations/337409016995089/8/"
  },
  {
    "id": "567708427",
    "name": "KWA Sound Production",
    "city": "NovayaDarnitsa",
    "url": "https://www.instagram.com/explore/locations/567708427/kwa-sound-production/"
  },
  {
    "id": "330995064080698",
    "name": "Середня школа №11",
    "city": "NovayaDarnitsa",
    "url": "https://www.instagram.com/explore/locations/330995064080698/no11/"
  },
  {
    "id": "1121678444589528",
    "name": "Showroom please don't tell",
    "city": "NovayaDarnitsa",
    "url": "https://www.instagram.com/explore/locations/1121678444589528/showroom-please-dont-tell/"
  },
  {
    "id": "929831970482961",
    "name": "КНП \"Київська міська клінічна лікарня 11\"",
    "city": "NovayaDarnitsa",
    "url": "https://www.instagram.com/explore/locations/929831970482961/11/"
  },
  {
    "id": "313765352748084",
    "name": "вул. Ялтинська, 14",
    "city": "NovayaDarnitsa",
    "url": "https://www.instagram.com/explore/locations/313765352748084/14/"
  },
  {
    "id": "261213611246353",
    "name": "Макаренка 1а",
    "city": "NovayaDarnitsa",
    "url": "https://www.instagram.com/explore/locations/261213611246353/1/"
  },
  {
    "id": "318277843",
    "name": "Novaya Darnitsa, Kyyivs'Ka Oblast', Ukraine",
    "city": "NovayaDarnitsa",
    "url": "https://www.instagram.com/explore/locations/318277843/novaya-darnitsa-kyyivska-oblast-ukraine/"
  },
  {
    "id": "104619584453981",
    "name": "Aesthetics Lab Kiev",
    "city": "NovayaDarnitsa",
    "url": "https://www.instagram.com/explore/locations/104619584453981/aesthetics-lab-kiev/"
  },
  {
    "id": "232053660727466",
    "name": "Diamond Muay Thai Gym",
    "city": "NovayaDarnitsa",
    "url": "https://www.instagram.com/explore/locations/232053660727466/diamond-muay-thai-gym/"
  },
  {
    "id": "102845809804373",
    "name": "Sakhno Art",
    "city": "NovayaDarnitsa",
    "url": "https://www.instagram.com/explore/locations/102845809804373/sakhno-art/"
  },
  {
    "id": "235231570681863",
    "name": "Synergy dance family",
    "city": "NovayaDarnitsa",
    "url": "https://www.instagram.com/explore/locations/235231570681863/synergy-dance-family/"
  },
  {
    "id": "111287420241243",
    "name": "Shaman Service",
    "city": "NovayaDarnitsa",
    "url": "https://www.instagram.com/explore/locations/111287420241243/shaman-service/"
  },
  {
    "id": "106577541258214",
    "name": "Іra Gor Love Nails",
    "city": "NovayaDarnitsa",
    "url": "https://www.instagram.com/explore/locations/106577541258214/ra-gor-love-nails/"
  },
  {
    "id": "342539876314521",
    "name": "ПаркKacheli",
    "city": "NovayaDarnitsa",
    "url": "https://www.instagram.com/explore/locations/342539876314521/kacheli/"
  },
  {
    "id": "1066393476860498",
    "name": "Нова Пошта №3",
    "city": "NovayaDarnitsa",
    "url": "https://www.instagram.com/explore/locations/1066393476860498/no3/"
  },
  {
    "id": "2015338295352521",
    "name": "Kiev Party Bus",
    "city": "NovayaDarnitsa",
    "url": "https://www.instagram.com/explore/locations/2015338295352521/kiev-party-bus/"
  },
  {
    "id": "479603265829246",
    "name": "Mostblack Tattoo Studio",
    "city": "NovayaDarnitsa",
    "url": "https://www.instagram.com/explore/locations/479603265829246/mostblack-tattoo-studio/"
  },
  {
    "id": "743353332681617",
    "name": "Spa Centre",
    "city": "NovayaDarnitsa",
    "url": "https://www.instagram.com/explore/locations/743353332681617/spa-centre/"
  },
  {
    "id": "515671118635908",
    "name": "LeMage Cafe",
    "city": "NovayaDarnitsa",
    "url": "https://www.instagram.com/explore/locations/515671118635908/lemage-cafe/"
  },
  {
    "id": "278423123",
    "name": "Pizza Chelentano",
    "city": "NovayaDarnitsa",
    "url": "https://www.instagram.com/explore/locations/278423123/pizza-chelentano/"
  },
  {
    "id": "101878701664201",
    "name": "Умка детский магазин - Мечты сбываются - umkaua.com",
    "city": "NovayaDarnitsa",
    "url": "https://www.instagram.com/explore/locations/101878701664201/-umkauacom/"
  },
  {
    "id": "177088593",
    "name": "HOLA CAFE to be continued.",
    "city": "NovayaDarnitsa",
    "url": "https://www.instagram.com/explore/locations/177088593/hola-cafe-to-be-continued/"
  },
  {
    "id": "1680964305470740",
    "name": "ZaPodarkom.com.ua",
    "city": "NovayaDarnitsa",
    "url": "https://www.instagram.com/explore/locations/1680964305470740/zapodarkomcomua/"
  },
  {
    "id": "258827414306510",
    "name": "FROMUS",
    "city": "NovayaDarnitsa",
    "url": "https://www.instagram.com/explore/locations/258827414306510/fromus/"
  },
  {
    "id": "288542081995131",
    "name": "АЗС «WOG»",
    "city": "NovayaDarnitsa",
    "url": "https://www.instagram.com/explore/locations/288542081995131/wog/"
  },
  {
    "id": "808557819",
    "name": "POS STORE",
    "city": "NovayaDarnitsa",
    "url": "https://www.instagram.com/explore/locations/808557819/pos-store/"
  },
  {
    "id": "163745657886496",
    "name": "АЗС «WOG»",
    "city": "NovayaDarnitsa",
    "url": "https://www.instagram.com/explore/locations/163745657886496/wog/"
  },
  {
    "id": "357516557927136",
    "name": "Shop Shop Shop",
    "city": "NovayaDarnitsa",
    "url": "https://www.instagram.com/explore/locations/357516557927136/shop-shop-shop/"
  },
  {
    "id": "1026881409",
    "name": "Orange Club Outlet",
    "city": "NovayaDarnitsa",
    "url": "https://www.instagram.com/explore/locations/1026881409/orange-club-outlet/"
  },
  {
    "id": "1024321622",
    "name": "Киев Улица Хорольская 1",
    "city": "NovayaDarnitsa",
    "url": "https://www.instagram.com/explore/locations/1024321622/1/"
  },
  {
    "id": "1804790982921390",
    "name": "Apartment in Kiev 2018 UEFA Champions League Final",
    "city": "NovayaDarnitsa",
    "url": "https://www.instagram.com/explore/locations/1804790982921390/apartment-in-kiev-2018-uefa-champions-league-final/"
  },
  {
    "id": "1023941939",
    "name": "Киев, Россошанская 3",
    "city": "NovayaDarnitsa",
    "url": "https://www.instagram.com/explore/locations/1023941939/3/"
  },
  {
    "id": "125131261448216",
    "name": "Shelest.tools",
    "city": "NovayaDarnitsa",
    "url": "https://www.instagram.com/explore/locations/125131261448216/shelesttools/"
  },
  {
    "id": "15745651",
    "name": "ARTEM's House",
    "city": "NovayaDarnitsa",
    "url": "https://www.instagram.com/explore/locations/15745651/artems-house/"
  },
  {
    "id": "102053501869914",
    "name": "Sv.oboda.records",
    "city": "NovayaDarnitsa",
    "url": "https://www.instagram.com/explore/locations/102053501869914/svobodarecords/"
  },
  {
    "id": "216263971895356",
    "name": "Национальный Киево-Печерский историко-культурный заповедник",
    "city": "NovayaDarnitsa",
    "url": "https://www.instagram.com/explore/locations/216263971895356/-/"
  },
  {
    "id": "101568751207658",
    "name": "Художник-иллюстратор",
    "city": "NovayaDarnitsa",
    "url": "https://www.instagram.com/explore/locations/101568751207658/-/"
  },
  {
    "id": "107702121628104",
    "name": "S-Shine Detailing",
    "city": "NovayaDarnitsa",
    "url": "https://www.instagram.com/explore/locations/107702121628104/s-shine-detailing/"
  },
  {
    "id": "117446095851535",
    "name": "BAZAR на Лісовій",
    "city": "NovayaDarnitsa",
    "url": "https://www.instagram.com/explore/locations/117446095851535/bazar/"
  },
  {
    "id": "1409843855981779",
    "name": "Моноліт - Двері та Сейфи",
    "city": "NovayaDarnitsa",
    "url": "https://www.instagram.com/explore/locations/1409843855981779/-/"
  },
  {
    "id": "203454853773048",
    "name": "AeroDynamic",
    "city": "NovayaDarnitsa",
    "url": "https://www.instagram.com/explore/locations/203454853773048/aerodynamic/"
  },
  {
    "id": "267533220071074",
    "name": "Киев-Лиски",
    "city": "NovayaDarnitsa",
    "url": "https://www.instagram.com/explore/locations/267533220071074/-/"
  },
  {
    "id": "101636758333285",
    "name": "Зоомагазин «Love & Dog”",
    "city": "NovayaDarnitsa",
    "url": "https://www.instagram.com/explore/locations/101636758333285/love-dog/"
  },
  {
    "id": "1617440651858315",
    "name": "Reima в Украине",
    "city": "NovayaDarnitsa",
    "url": "https://www.instagram.com/explore/locations/1617440651858315/reima/"
  },
  {
    "id": "275180399657128",
    "name": "ВЦ \"Алден-Ветна Харьковском шоссе",
    "city": "NovayaDarnitsa",
    "url": "https://www.instagram.com/explore/locations/275180399657128/-/"
  },
  {
    "id": "557749144664694",
    "name": "Бориспольская 12б",
    "city": "NovayaDarnitsa",
    "url": "https://www.instagram.com/explore/locations/557749144664694/12/"
  },
  {
    "id": "106285004811753",
    "name": "PolyStudio",
    "city": "NovayaDarnitsa",
    "url": "https://www.instagram.com/explore/locations/106285004811753/polystudio/"
  },
  {
    "id": "291253337891591",
    "name": "Ул. Гната Хоткевича, 20-а",
    "city": "NovayaDarnitsa",
    "url": "https://www.instagram.com/explore/locations/291253337891591/20-/"
  },
  {
    "id": "304947196854861",
    "name": "Кондитерська лавка для ваших кудлатиків Simba.chief",
    "city": "NovayaDarnitsa",
    "url": "https://www.instagram.com/explore/locations/304947196854861/simbachief/"
  },
  {
    "id": "679605192078697",
    "name": "ТМ Pack&Go",
    "city": "NovayaDarnitsa",
    "url": "https://www.instagram.com/explore/locations/679605192078697/packgo/"
  },
  {
    "id": "263128037425120",
    "name": "Rocketech Software Development",
    "city": "NovayaDarnitsa",
    "url": "https://www.instagram.com/explore/locations/263128037425120/rocketech-software-development/"
  },
  {
    "id": "1679885088978567",
    "name": "G48 market",
    "city": "NovayaDarnitsa",
    "url": "https://www.instagram.com/explore/locations/1679885088978567/g48-market/"
  },
  {
    "id": "172761836789842",
    "name": "Мисливський Двір, Спа-центр",
    "city": "NovayaDarnitsa",
    "url": "https://www.instagram.com/explore/locations/172761836789842/-/"
  },
  {
    "id": "102922254650121",
    "name": "Drop TOP",
    "city": "NovayaDarnitsa",
    "url": "https://www.instagram.com/explore/locations/102922254650121/drop-top/"
  },
  {
    "id": "311784756323781",
    "name": "Санаторная 23",
    "city": "NovayaDarnitsa",
    "url": "https://www.instagram.com/explore/locations/311784756323781/23/"
  },
  {
    "id": "1859537677694308",
    "name": "Karaoke bar Disco radio hall",
    "city": "NovayaDarnitsa",
    "url": "https://www.instagram.com/explore/locations/1859537677694308/karaoke-bar-disco-radio-hall/"
  },
  {
    "id": "823986747672673",
    "name": "Foley Walkers",
    "city": "NovayaDarnitsa",
    "url": "https://www.instagram.com/explore/locations/823986747672673/foley-walkers/"
  },
  {
    "id": "611806739",
    "name": "Lisova",
    "city": "NovayaDarnitsa",
    "url": "https://www.instagram.com/explore/locations/611806739/lisova/"
  },
  {
    "id": "1237365023002191",
    "name": "Київська клінічна лікарня на залізничному транспорті #3",
    "city": "NovayaDarnitsa",
    "url": "https://www.instagram.com/explore/locations/1237365023002191/3/"
  },
  {
    "id": "1831308187192757",
    "name": "Konvi-Pack",
    "city": "NovayaDarnitsa",
    "url": "https://www.instagram.com/explore/locations/1831308187192757/konvi-pack/"
  },
  {
    "id": "104026541408579",
    "name": "Turbo RollerDrome «Даринок»",
    "city": "NovayaDarnitsa",
    "url": "https://www.instagram.com/explore/locations/104026541408579/turbo-rollerdrome/"
  },
  {
    "id": "767395226630845",
    "name": "Bykownia",
    "city": "NovayaDarnitsa",
    "url": "https://www.instagram.com/explore/locations/767395226630845/bykownia/"
  },
  {
    "id": "2030520710525191",
    "name": "Атлетико Российская 64",
    "city": "NovayaDarnitsa",
    "url": "https://www.instagram.com/explore/locations/2030520710525191/64/"
  },
  {
    "id": "103142604433634",
    "name": "New Art",
    "city": "NovayaDarnitsa",
    "url": "https://www.instagram.com/explore/locations/103142604433634/new-art/"
  },
  {
    "id": "135131063785618",
    "name": "Басейн 291 школи",
    "city": "NovayaDarnitsa",
    "url": "https://www.instagram.com/explore/locations/135131063785618/291/"
  },
  {
    "id": "102313832072499",
    "name": "Eco&Pizza Київ",
    "city": "NovayaDarnitsa",
    "url": "https://www.instagram.com/explore/locations/102313832072499/ecopizza/"
  },
  {
    "id": "1689656791341680",
    "name": "Киевский Медицинский Колледж #3",
    "city": "NovayaDarnitsa",
    "url": "https://www.instagram.com/explore/locations/1689656791341680/3/"
  },
  {
    "id": "465739584",
    "name": "Бориспольская 9, Офис Prom.ua",
    "city": "NovayaDarnitsa",
    "url": "https://www.instagram.com/explore/locations/465739584/9-promua/"
  },
  {
    "id": "1029588797213997",
    "name": "Севастопольская 19",
    "city": "NovayaDarnitsa",
    "url": "https://www.instagram.com/explore/locations/1029588797213997/19/"
  },
  {
    "id": "101778301341244",
    "name": "Healthylife",
    "city": "NovayaDarnitsa",
    "url": "https://www.instagram.com/explore/locations/101778301341244/healthylife/"
  },
  {
    "id": "934972629929361",
    "name": "Woodstuff Home",
    "city": "NovayaDarnitsa",
    "url": "https://www.instagram.com/explore/locations/934972629929361/woodstuff-home/"
  },
  {
    "id": "1684195608459645",
    "name": "With Love- цветы и подарки",
    "city": "NovayaDarnitsa",
    "url": "https://www.instagram.com/explore/locations/1684195608459645/with-love-/"
  },
  {
    "id": "309915856505250",
    "name": "Драйв-клуб «Альфа Щит»",
    "city": "NovayaDarnitsa",
    "url": "https://www.instagram.com/explore/locations/309915856505250/-/"
  },
  {
    "id": "887058714829419",
    "name": "Kasta_team",
    "city": "NovayaDarnitsa",
    "url": "https://www.instagram.com/explore/locations/887058714829419/kasta_team/"
  },
  {
    "id": "1021065914",
    "name": "Наркологический центр \"Ренессанс-Лечение наркомании и алкоголизма",
    "city": "NovayaDarnitsa",
    "url": "https://www.instagram.com/explore/locations/1021065914/-/"
  },
  {
    "id": "106955581894836",
    "name": "Frank Sinatra",
    "city": "NovayaDarnitsa",
    "url": "https://www.instagram.com/explore/locations/106955581894836/frank-sinatra/"
  },
  {
    "id": "840997389592573",
    "name": "Підстанція 9 Станція Швидкої Медичної Допомоги",
    "city": "NovayaDarnitsa",
    "url": "https://www.instagram.com/explore/locations/840997389592573/9/"
  },
  {
    "id": "371240466",
    "name": "Alice's Wonderland",
    "city": "NovayaDarnitsa",
    "url": "https://www.instagram.com/explore/locations/371240466/alices-wonderland/"
  },
  {
    "id": "703955326",
    "name": "Українська Євангельська Реформатська Церква - м. Київ",
    "city": "NovayaDarnitsa",
    "url": "https://www.instagram.com/explore/locations/703955326/-/"
  },
  {
    "id": "601340383703508",
    "name": "MY LAYER",
    "city": "NovayaDarnitsa",
    "url": "https://www.instagram.com/explore/locations/601340383703508/my-layer/"
  },
  {
    "id": "641832905969245",
    "name": "Гуртожиток No 2, Російська 70",
    "city": "NovayaDarnitsa",
    "url": "https://www.instagram.com/explore/locations/641832905969245/no-2-70/"
  },
  {
    "id": "246432109191622",
    "name": "Yak Grill",
    "city": "NovayaDarnitsa",
    "url": "https://www.instagram.com/explore/locations/246432109191622/yak-grill/"
  },
  {
    "id": "103149324566964",
    "name": "KMU",
    "city": "NovayaDarnitsa",
    "url": "https://www.instagram.com/explore/locations/103149324566964/kmu/"
  },
  {
    "id": "942769401",
    "name": "Гродненська 1/35",
    "city": "NovayaDarnitsa",
    "url": "https://www.instagram.com/explore/locations/942769401/135/"
  },
  {
    "id": "1007047494",
    "name": "Киевский Медицинский Колледж 3",
    "city": "NovayaDarnitsa",
    "url": "https://www.instagram.com/explore/locations/1007047494/3/"
  },
  {
    "id": "736794570069100",
    "name": "FRUIT TIME",
    "city": "NovayaDarnitsa",
    "url": "https://www.instagram.com/explore/locations/736794570069100/fruit-time/"
  },
  {
    "id": "1925819337723312",
    "name": "оросительная 3б",
    "city": "NovayaDarnitsa",
    "url": "https://www.instagram.com/explore/locations/1925819337723312/3/"
  },
  {
    "id": "160501724431304",
    "name": "Parfum Red Store",
    "city": "NovayaDarnitsa",
    "url": "https://www.instagram.com/explore/locations/160501724431304/parfum-red-store/"
  },
  {
    "id": "630158473826148",
    "name": "TUI Турагенство КИЕВ",
    "city": "NovayaDarnitsa",
    "url": "https://www.instagram.com/explore/locations/630158473826148/tui/"
  },
  {
    "id": "1015661697",
    "name": "BLOK",
    "city": "NovayaDarnitsa",
    "url": "https://www.instagram.com/explore/locations/1015661697/blok/"
  },
  {
    "id": "399711900779050",
    "name": "Вереснева 18/20",
    "city": "NovayaDarnitsa",
    "url": "https://www.instagram.com/explore/locations/399711900779050/1820/"
  },
  {
    "id": "255881125096818",
    "name": "Школа №105",
    "city": "NovayaDarnitsa",
    "url": "https://www.instagram.com/explore/locations/255881125096818/no105/"
  },
  {
    "id": "278252429563284",
    "name": "Компания MIZOL",
    "city": "NovayaDarnitsa",
    "url": "https://www.instagram.com/explore/locations/278252429563284/mizol/"
  },
  {
    "id": "1014440851",
    "name": "Загальноосвітня Школа 217",
    "city": "NovayaDarnitsa",
    "url": "https://www.instagram.com/explore/locations/1014440851/217/"
  },
  {
    "id": "1023106696",
    "name": "Agrotep",
    "city": "NovayaDarnitsa",
    "url": "https://www.instagram.com/explore/locations/1023106696/agrotep/"
  },
  {
    "id": "1099138896921638",
    "name": "вул. Сімферопольська, 7/2",
    "city": "NovayaDarnitsa",
    "url": "https://www.instagram.com/explore/locations/1099138896921638/72/"
  },
  {
    "id": "259440674549542",
    "name": "Харьковское Шоссе 55 Б",
    "city": "NovayaDarnitsa",
    "url": "https://www.instagram.com/explore/locations/259440674549542/55/"
  },
  {
    "id": "1061259454040982",
    "name": "Liamotors.com.ua",
    "city": "NovayaDarnitsa",
    "url": "https://www.instagram.com/explore/locations/1061259454040982/liamotorscomua/"
  },
  {
    "id": "439324032",
    "name": "Lisova, Kyiv Metro Station",
    "city": "NovayaDarnitsa",
    "url": "https://www.instagram.com/explore/locations/439324032/lisova-kyiv-metro-station/"
  },
  {
    "id": "1032188355",
    "name": "Nullgravity",
    "city": "NovayaDarnitsa",
    "url": "https://www.instagram.com/explore/locations/1032188355/nullgravity/"
  },
  {
    "id": "325491544681500",
    "name": "FlyYoga",
    "city": "NovayaDarnitsa",
    "url": "https://www.instagram.com/explore/locations/325491544681500/flyyoga/"
  },
  {
    "id": "453606830",
    "name": "Grodnenskaya 1/35",
    "city": "NovayaDarnitsa",
    "url": "https://www.instagram.com/explore/locations/453606830/grodnenskaya-135/"
  },
  {
    "id": "101746144932516",
    "name": "My happy world",
    "city": "NovayaDarnitsa",
    "url": "https://www.instagram.com/explore/locations/101746144932516/my-happy-world/"
  },
  {
    "id": "924908101047384",
    "name": "Актовый зал КМК3",
    "city": "NovayaDarnitsa",
    "url": "https://www.instagram.com/explore/locations/924908101047384/3/"
  },
  {
    "id": "1710516429059010",
    "name": "Бышевский 9",
    "city": "NovayaDarnitsa",
    "url": "https://www.instagram.com/explore/locations/1710516429059010/9/"
  },
  {
    "id": "442633806140748",
    "name": "зрошувальна 5а",
    "city": "NovayaDarnitsa",
    "url": "https://www.instagram.com/explore/locations/442633806140748/5/"
  },
  {
    "id": "289666381643860",
    "name": "ул.Новаторов,4",
    "city": "NovayaDarnitsa",
    "url": "https://www.instagram.com/explore/locations/289666381643860/4/"
  },
  {
    "id": "702003956",
    "name": "Стоматологический центр PRIMA Clinic",
    "city": "NovayaDarnitsa",
    "url": "https://www.instagram.com/explore/locations/702003956/prima-clinic/"
  },
  {
    "id": "105654607762659",
    "name": "BeYours",
    "city": "NovayaDarnitsa",
    "url": "https://www.instagram.com/explore/locations/105654607762659/beyours/"
  },
  {
    "id": "1437261423043824",
    "name": "Бориспольская 28-Б",
    "city": "NovayaDarnitsa",
    "url": "https://www.instagram.com/explore/locations/1437261423043824/28-/"
  },
  {
    "id": "462154011223334",
    "name": "Психолог-Киев",
    "city": "NovayaDarnitsa",
    "url": "https://www.instagram.com/explore/locations/462154011223334/-/"
  },
  {
    "id": "241008819099469",
    "name": "Storm Karate Club",
    "city": "NovayaDarnitsa",
    "url": "https://www.instagram.com/explore/locations/241008819099469/storm-karate-club/"
  },
  {
    "id": "271260010239807",
    "name": "GoVote",
    "city": "NovayaDarnitsa",
    "url": "https://www.instagram.com/explore/locations/271260010239807/govote/"
  },
  {
    "id": "678630792300850",
    "name": "The Brutal Coffee",
    "city": "NovayaDarnitsa",
    "url": "https://www.instagram.com/explore/locations/678630792300850/the-brutal-coffee/"
  },
  {
    "id": "146156882695016",
    "name": "Озеро Берiзка Лесное Озеро",
    "city": "NovayaDarnitsa",
    "url": "https://www.instagram.com/explore/locations/146156882695016/i/"
  },
  {
    "id": "376353806212769",
    "name": "Драгоманова 2а",
    "city": "NovayaDarnitsa",
    "url": "https://www.instagram.com/explore/locations/376353806212769/2/"
  },
  {
    "id": "259479157488196",
    "name": "MCFC \"Rosychi\"",
    "city": "NovayaDarnitsa",
    "url": "https://www.instagram.com/explore/locations/259479157488196/mcfc-rosychi/"
  },
  {
    "id": "447820962243336",
    "name": "SLAVA outlet",
    "city": "NovayaDarnitsa",
    "url": "https://www.instagram.com/explore/locations/447820962243336/slava-outlet/"
  },
  {
    "id": "192449754170158",
    "name": "Адамант-Телеком",
    "city": "NovayaDarnitsa",
    "url": "https://www.instagram.com/explore/locations/192449754170158/-/"
  },
  {
    "id": "1488333884524644",
    "name": "Jnails Studio",
    "city": "NovayaDarnitsa",
    "url": "https://www.instagram.com/explore/locations/1488333884524644/jnails-studio/"
  },
  {
    "id": "101940407856509",
    "name": "Борисфен - юні крила України",
    "city": "NovayaDarnitsa",
    "url": "https://www.instagram.com/explore/locations/101940407856509/-/"
  },
  {
    "id": "240794086616268",
    "name": "Волго-Донський провулок, 17",
    "city": "NovayaDarnitsa",
    "url": "https://www.instagram.com/explore/locations/240794086616268/-17/"
  },
  {
    "id": "491137948035947",
    "name": "Азербайджанская 16/3",
    "city": "NovayaDarnitsa",
    "url": "https://www.instagram.com/explore/locations/491137948035947/163/"
  },
  {
    "id": "102345149191092",
    "name": "Парк-музей Україна в мініатюрі",
    "city": "NovayaDarnitsa",
    "url": "https://www.instagram.com/explore/locations/102345149191092/-/"
  },
  {
    "id": "102343341257738",
    "name": "Ekvit Меблі",
    "city": "NovayaDarnitsa",
    "url": "https://www.instagram.com/explore/locations/102343341257738/ekvit/"
  },
  {
    "id": "1780968728668110",
    "name": "Niko City",
    "city": "NovayaDarnitsa",
    "url": "https://www.instagram.com/explore/locations/1780968728668110/niko-city/"
  },
  {
    "id": "100384305086544",
    "name": "Way of the Samurai",
    "city": "NovayaDarnitsa",
    "url": "https://www.instagram.com/explore/locations/100384305086544/way-of-the-samurai/"
  },
  {
    "id": "1492887194059547",
    "name": "TIKI",
    "city": "NovayaDarnitsa",
    "url": "https://www.instagram.com/explore/locations/1492887194059547/tiki/"
  },
  {
    "id": "38003195",
    "name": "Dunkan Motors",
    "city": "NovayaDarnitsa",
    "url": "https://www.instagram.com/explore/locations/38003195/dunkan-motors/"
  },
  {
    "id": "1068341123275324",
    "name": "ULS",
    "city": "NovayaDarnitsa",
    "url": "https://www.instagram.com/explore/locations/1068341123275324/uls/"
  },
  {
    "id": "330929800358145",
    "name": "Таможня :-(((",
    "city": "NovayaDarnitsa",
    "url": "https://www.instagram.com/explore/locations/330929800358145/-/"
  },
  {
    "id": "286602948615401",
    "name": "Школа №23",
    "city": "NovayaDarnitsa",
    "url": "https://www.instagram.com/explore/locations/286602948615401/no23/"
  },
  {
    "id": "1024192909",
    "name": "Кафе VERDE",
    "city": "NovayaDarnitsa",
    "url": "https://www.instagram.com/explore/locations/1024192909/verde/"
  },
  {
    "id": "1016760568521303",
    "name": "DVRZ Resort",
    "city": "NovayaDarnitsa",
    "url": "https://www.instagram.com/explore/locations/1016760568521303/dvrz-resort/"
  },
  {
    "id": "378498885919532",
    "name": "Ул. Алма-Атинская, 39а",
    "city": "NovayaDarnitsa",
    "url": "https://www.instagram.com/explore/locations/378498885919532/-39/"
  },
  {
    "id": "296246524243506",
    "name": "Дитяча художня школа 11",
    "city": "NovayaDarnitsa",
    "url": "https://www.instagram.com/explore/locations/296246524243506/11/"
  },
  {
    "id": "2149649768622300",
    "name": "Слайд-шоу",
    "city": "NovayaDarnitsa",
    "url": "https://www.instagram.com/explore/locations/2149649768622300/-/"
  },
  {
    "id": "195540057992825",
    "name": "Пражская 31",
    "city": "NovayaDarnitsa",
    "url": "https://www.instagram.com/explore/locations/195540057992825/31/"
  },
  {
    "id": "2017166058395278",
    "name": "WOG",
    "city": "NovayaDarnitsa",
    "url": "https://www.instagram.com/explore/locations/2017166058395278/wog/"
  },
  {
    "id": "1027128712",
    "name": "средняя школа №160 Киев",
    "city": "NovayaDarnitsa",
    "url": "https://www.instagram.com/explore/locations/1027128712/no160/"
  },
  {
    "id": "110168010503279",
    "name": "Kristi_nails_bar_",
    "city": "NovayaDarnitsa",
    "url": "https://www.instagram.com/explore/locations/110168010503279/kristi_nails_bar_/"
  },
  {
    "id": "1200639206727746",
    "name": "Юрія Пасхаліна 20А",
    "city": "NovayaDarnitsa",
    "url": "https://www.instagram.com/explore/locations/1200639206727746/20/"
  },
  {
    "id": "401963847025852",
    "name": "Leroy Merlin Brovarsky",
    "city": "NovayaDarnitsa",
    "url": "https://www.instagram.com/explore/locations/401963847025852/leroy-merlin-brovarsky/"
  },
  {
    "id": "100586916271398",
    "name": "Елена колорист - парикмахер, ДВРЗ",
    "city": "NovayaDarnitsa",
    "url": "https://www.instagram.com/explore/locations/100586916271398/-/"
  },
  {
    "id": "841459493",
    "name": "Komfort",
    "city": "NovayaDarnitsa",
    "url": "https://www.instagram.com/explore/locations/841459493/komfort/"
  },
  {
    "id": "476893226163912",
    "name": "Вереснева,9",
    "city": "NovayaDarnitsa",
    "url": "https://www.instagram.com/explore/locations/476893226163912/9/"
  },
  {
    "id": "285344945162177",
    "name": "The Brutal Coffee",
    "city": "NovayaDarnitsa",
    "url": "https://www.instagram.com/explore/locations/285344945162177/the-brutal-coffee/"
  },
  {
    "id": "106930257707079",
    "name": "Holzner - професійні лаки для деревини",
    "city": "NovayaDarnitsa",
    "url": "https://www.instagram.com/explore/locations/106930257707079/holzner-/"
  },
  {
    "id": "498482847602285",
    "name": "Продвері - бронедвері в Києві.",
    "city": "NovayaDarnitsa",
    "url": "https://www.instagram.com/explore/locations/498482847602285/-/"
  },
  {
    "id": "100991804619085",
    "name": "Mad Friends",
    "city": "NovayaDarnitsa",
    "url": "https://www.instagram.com/explore/locations/100991804619085/mad-friends/"
  },
  {
    "id": "104475807836290",
    "name": "Bellona.ua",
    "city": "NovayaDarnitsa",
    "url": "https://www.instagram.com/explore/locations/104475807836290/bellonaua/"
  },
  {
    "id": "1930269080533031",
    "name": "Киев, ул. Уютная 7-б",
    "city": "NovayaDarnitsa",
    "url": "https://www.instagram.com/explore/locations/1930269080533031/7-/"
  },
  {
    "id": "106573501484081",
    "name": "Moparbar",
    "city": "NovayaDarnitsa",
    "url": "https://www.instagram.com/explore/locations/106573501484081/moparbar/"
  },
  {
    "id": "100257208390252",
    "name": "Level Media",
    "city": "NovayaDarnitsa",
    "url": "https://www.instagram.com/explore/locations/100257208390252/level-media/"
  },
  {
    "id": "689369954564374",
    "name": "Ревуцкого, 36",
    "city": "NovayaDarnitsa",
    "url": "https://www.instagram.com/explore/locations/689369954564374/36/"
  },
  {
    "id": "744259352588829",
    "name": "SHOCKmotorsport",
    "city": "NovayaDarnitsa",
    "url": "https://www.instagram.com/explore/locations/744259352588829/shockmotorsport/"
  },
  {
    "id": "171314849869808",
    "name": "Artstudioleo - Interior design & renovation",
    "city": "NovayaDarnitsa",
    "url": "https://www.instagram.com/explore/locations/171314849869808/artstudioleo-interior-design-renovation/"
  },
  {
    "id": "248649115808106",
    "name": "Сауна-баняНирвана",
    "city": "NovayaDarnitsa",
    "url": "https://www.instagram.com/explore/locations/248649115808106/-/"
  },
  {
    "id": "508464721",
    "name": "Средняя Общеобразовательная школа 217",
    "city": "NovayaDarnitsa",
    "url": "https://www.instagram.com/explore/locations/508464721/217/"
  },
  {
    "id": "429170520",
    "name": "Speakeasy Bar By Мороша",
    "city": "NovayaDarnitsa",
    "url": "https://www.instagram.com/explore/locations/429170520/speakeasy-bar-by/"
  },
  {
    "id": "256283791713913",
    "name": "Улица Пражская, 21",
    "city": "NovayaDarnitsa",
    "url": "https://www.instagram.com/explore/locations/256283791713913/21/"
  },
  {
    "id": "141941213077700",
    "name": "Be Queen",
    "city": "NovayaDarnitsa",
    "url": "https://www.instagram.com/explore/locations/141941213077700/be-queen/"
  },
  {
    "id": "655107981",
    "name": "101 роза",
    "city": "NovayaDarnitsa",
    "url": "https://www.instagram.com/explore/locations/655107981/101/"
  },
  {
    "id": "632915973776782",
    "name": "Бутлерова 1",
    "city": "NovayaDarnitsa",
    "url": "https://www.instagram.com/explore/locations/632915973776782/1/"
  },
  {
    "id": "269493430367893",
    "name": "Toys for boys",
    "city": "NovayaDarnitsa",
    "url": "https://www.instagram.com/explore/locations/269493430367893/toys-for-boys/"
  },
  {
    "id": "145160726155963",
    "name": "Double Bubbles RT",
    "city": "NovayaDarnitsa",
    "url": "https://www.instagram.com/explore/locations/145160726155963/double-bubbles-rt/"
  },
  {
    "id": "376315935",
    "name": "MC house",
    "city": "NovayaDarnitsa",
    "url": "https://www.instagram.com/explore/locations/376315935/mc-house/"
  },
  {
    "id": "1725845677684815",
    "name": "Центр МРТ на Симферопольской ЛДЦ МИБС-Киев",
    "city": "NovayaDarnitsa",
    "url": "https://www.instagram.com/explore/locations/1725845677684815/-/"
  },
  {
    "id": "1195104170507910",
    "name": "Итернет-магазин \"Юстис\"",
    "city": "NovayaDarnitsa",
    "url": "https://www.instagram.com/explore/locations/1195104170507910/-/"
  },
  {
    "id": "484897312011916",
    "name": "вул. Російська, 64",
    "city": "NovayaDarnitsa",
    "url": "https://www.instagram.com/explore/locations/484897312011916/64/"
  },
  {
    "id": "40682135",
    "name": "славгородская, 3/5",
    "city": "NovayaDarnitsa",
    "url": "https://www.instagram.com/explore/locations/40682135/35/"
  },
  {
    "id": "100141875838520",
    "name": "Syndicate13",
    "city": "NovayaDarnitsa",
    "url": "https://www.instagram.com/explore/locations/100141875838520/syndicate13/"
  },
  {
    "id": "248027290458658",
    "name": "Veritas",
    "city": "NovayaDarnitsa",
    "url": "https://www.instagram.com/explore/locations/248027290458658/veritas/"
  },
  {
    "id": "2232855493618591",
    "name": "ДНЗ 62Зернятко",
    "city": "NovayaDarnitsa",
    "url": "https://www.instagram.com/explore/locations/2232855493618591/62/"
  },
  {
    "id": "699273506907800",
    "name": "Ул.бориспольская 7",
    "city": "NovayaDarnitsa",
    "url": "https://www.instagram.com/explore/locations/699273506907800/7/"
  },
  {
    "id": "106630157807967",
    "name": "Frozen water",
    "city": "NovayaDarnitsa",
    "url": "https://www.instagram.com/explore/locations/106630157807967/frozen-water/"
  },
  {
    "id": "1494396417531915",
    "name": "Pnevmo Remont -качественный ремонт пневмоподвески",
    "city": "NovayaDarnitsa",
    "url": "https://www.instagram.com/explore/locations/1494396417531915/pnevmo-remont-/"
  },
  {
    "id": "404624136554328",
    "name": "Rubin Fight Club",
    "city": "NovayaDarnitsa",
    "url": "https://www.instagram.com/explore/locations/404624136554328/rubin-fight-club/"
  },
  {
    "id": "103214108127909",
    "name": "Киото, 25",
    "city": "NovayaDarnitsa",
    "url": "https://www.instagram.com/explore/locations/103214108127909/25/"
  },
  {
    "id": "1011854068997275",
    "name": "Трамвай №28",
    "city": "NovayaDarnitsa",
    "url": "https://www.instagram.com/explore/locations/1011854068997275/no28/"
  },
  {
    "id": "1359492810803556",
    "name": "Киев, Российская,70",
    "city": "NovayaDarnitsa",
    "url": "https://www.instagram.com/explore/locations/1359492810803556/70/"
  },
  {
    "id": "166467370953175",
    "name": "Obuvka.org.ua",
    "city": "NovayaDarnitsa",
    "url": "https://www.instagram.com/explore/locations/166467370953175/obuvkaorgua/"
  },
  {
    "id": "861636017559693",
    "name": "вул. Російська, 70",
    "city": "NovayaDarnitsa",
    "url": "https://www.instagram.com/explore/locations/861636017559693/70/"
  },
  {
    "id": "605500499871999",
    "name": "02094 Г.киев, Ул.вискозная 3а",
    "city": "NovayaDarnitsa",
    "url": "https://www.instagram.com/explore/locations/605500499871999/02094-3/"
  },
  {
    "id": "370771070327455",
    "name": "Поликлиника #1 Дарницкого района",
    "city": "NovayaDarnitsa",
    "url": "https://www.instagram.com/explore/locations/370771070327455/1/"
  },
  {
    "id": "110206708395012",
    "name": "He loves only me.",
    "city": "NovayaDarnitsa",
    "url": "https://www.instagram.com/explore/locations/110206708395012/he-loves-only-me/"
  },
  {
    "id": "322222301902180",
    "name": "Кінцева зупинка трамваю №33ДВРЗ",
    "city": "NovayaDarnitsa",
    "url": "https://www.instagram.com/explore/locations/322222301902180/no33/"
  },
  {
    "id": "1782857791822629",
    "name": "Улица Новодарницкая, 13",
    "city": "NovayaDarnitsa",
    "url": "https://www.instagram.com/explore/locations/1782857791822629/13/"
  },
  {
    "id": "251655865496239",
    "name": "Home",
    "city": "NovayaDarnitsa",
    "url": "https://www.instagram.com/explore/locations/251655865496239/home/"
  },
  {
    "id": "108659033991632",
    "name": "artspaceua",
    "city": "NovayaDarnitsa",
    "url": "https://www.instagram.com/explore/locations/108659033991632/artspaceua/"
  },
  {
    "id": "602140778",
    "name": "Ул. Алма-Атинская 35А",
    "city": "NovayaDarnitsa",
    "url": "https://www.instagram.com/explore/locations/602140778/-35/"
  },
  {
    "id": "242977349924244",
    "name": "Алма - Атинська 6",
    "city": "NovayaDarnitsa",
    "url": "https://www.instagram.com/explore/locations/242977349924244/-6/"
  },
  {
    "id": "105256544495432",
    "name": "Beautiful sunset",
    "city": "NovayaDarnitsa",
    "url": "https://www.instagram.com/explore/locations/105256544495432/beautiful-sunset/"
  },
  {
    "id": "338697906793661",
    "name": "Пасхаліна 6/5",
    "city": "NovayaDarnitsa",
    "url": "https://www.instagram.com/explore/locations/338697906793661/65/"
  },
  {
    "id": "105789224592757",
    "name": "dunkandtl",
    "city": "NovayaDarnitsa",
    "url": "https://www.instagram.com/explore/locations/105789224592757/dunkandtl/"
  },
  {
    "id": "325343848284115",
    "name": "Бориспольская 7",
    "city": "NovayaDarnitsa",
    "url": "https://www.instagram.com/explore/locations/325343848284115/7/"
  },
  {
    "id": "100430061843158",
    "name": "Green Parts",
    "city": "NovayaDarnitsa",
    "url": "https://www.instagram.com/explore/locations/100430061843158/green-parts/"
  },
  {
    "id": "206475453583147",
    "name": "Вереснева 14/39",
    "city": "NovayaDarnitsa",
    "url": "https://www.instagram.com/explore/locations/206475453583147/1439/"
  },
  {
    "id": "390312029",
    "name": "Заслонова 22 Дарницкий Цз",
    "city": "NovayaDarnitsa",
    "url": "https://www.instagram.com/explore/locations/390312029/22/"
  },
  {
    "id": "290104398380691",
    "name": "Николая Хвылевого 1",
    "city": "NovayaDarnitsa",
    "url": "https://www.instagram.com/explore/locations/290104398380691/1/"
  },
  {
    "id": "102166221584728",
    "name": "Burger Sushi Point",
    "city": "NovayaDarnitsa",
    "url": "https://www.instagram.com/explore/locations/102166221584728/burger-sushi-point/"
  },
  {
    "id": "101106058719412",
    "name": "Veloz Brothers Service",
    "city": "NovayaDarnitsa",
    "url": "https://www.instagram.com/explore/locations/101106058719412/veloz-brothers-service/"
  },
  {
    "id": "181157675798492",
    "name": "Ирком-ЭКТ",
    "city": "NovayaDarnitsa",
    "url": "https://www.instagram.com/explore/locations/181157675798492/-/"
  },
  {
    "id": "324771027682484",
    "name": "PartyPanda - детские праздники Киев, аниматоры",
    "city": "NovayaDarnitsa",
    "url": "https://www.instagram.com/explore/locations/324771027682484/partypanda-/"
  },
  {
    "id": "333756237184159",
    "name": "Сивашская 1а",
    "city": "NovayaDarnitsa",
    "url": "https://www.instagram.com/explore/locations/333756237184159/1/"
  },
  {
    "id": "486702728404562",
    "name": "Детский садик 703",
    "city": "NovayaDarnitsa",
    "url": "https://www.instagram.com/explore/locations/486702728404562/703/"
  },
  {
    "id": "2448505682100694",
    "name": "Beesbeautybar",
    "city": "NovayaDarnitsa",
    "url": "https://www.instagram.com/explore/locations/2448505682100694/beesbeautybar/"
  },
  {
    "id": "103365691793478",
    "name": "Lviv Croissants",
    "city": "NovayaDarnitsa",
    "url": "https://www.instagram.com/explore/locations/103365691793478/lviv-croissants/"
  },
  {
    "id": "101817527962537",
    "name": "Школа Майбутнього Першокласника - розвиток, підготовка, результат",
    "city": "NovayaDarnitsa",
    "url": "https://www.instagram.com/explore/locations/101817527962537/-/"
  },
  {
    "id": "477038868",
    "name": "Estação Lisova",
    "city": "NovayaDarnitsa",
    "url": "https://www.instagram.com/explore/locations/477038868/estacao-lisova/"
  },
  {
    "id": "531578830379883",
    "name": "Sasha in Wonderland Apartment",
    "city": "NovayaDarnitsa",
    "url": "https://www.instagram.com/explore/locations/531578830379883/sasha-in-wonderland-apartment/"
  },
  {
    "id": "101501419260729",
    "name": "Recast Plastic",
    "city": "NovayaDarnitsa",
    "url": "https://www.instagram.com/explore/locations/101501419260729/recast-plastic/"
  },
  {
    "id": "708230649351069",
    "name": "Beelab",
    "city": "NovayaDarnitsa",
    "url": "https://www.instagram.com/explore/locations/708230649351069/beelab/"
  },
  {
    "id": "375751710",
    "name": "Подол, Верхний Вал, 2А, Экспериментаниум",
    "city": "NovayaDarnitsa",
    "url": "https://www.instagram.com/explore/locations/375751710/2/"
  },
  {
    "id": "1624374057875901",
    "name": "Brutalcoffee",
    "city": "NovayaDarnitsa",
    "url": "https://www.instagram.com/explore/locations/1624374057875901/brutalcoffee/"
  },
  {
    "id": "103958601054889",
    "name": "Алма-Атинская 12",
    "city": "NovayaDarnitsa",
    "url": "https://www.instagram.com/explore/locations/103958601054889/-12/"
  },
  {
    "id": "112140901613695",
    "name": "Griliatto.com",
    "city": "NovayaDarnitsa",
    "url": "https://www.instagram.com/explore/locations/112140901613695/griliattocom/"
  },
  {
    "id": "1035011434",
    "name": "Ledmark - постачальник LED освітлення",
    "city": "NovayaDarnitsa",
    "url": "https://www.instagram.com/explore/locations/1035011434/ledmark-led/"
  },
  {
    "id": "794338924",
    "name": "I'M Trainings",
    "city": "NovayaDarnitsa",
    "url": "https://www.instagram.com/explore/locations/794338924/im-trainings/"
  },
  {
    "id": "111084554780937",
    "name": "Panchokha.hub",
    "city": "NovayaDarnitsa",
    "url": "https://www.instagram.com/explore/locations/111084554780937/panchokhahub/"
  },
  {
    "id": "1060396024088650",
    "name": "GoFriends.store",
    "city": "NovayaDarnitsa",
    "url": "https://www.instagram.com/explore/locations/1060396024088650/gofriendsstore/"
  },
  {
    "id": "224549204743827",
    "name": "Детский сад 99",
    "city": "NovayaDarnitsa",
    "url": "https://www.instagram.com/explore/locations/224549204743827/99/"
  },
  {
    "id": "1294071160733021",
    "name": "Больница ДВРЗ #2",
    "city": "NovayaDarnitsa",
    "url": "https://www.instagram.com/explore/locations/1294071160733021/2/"
  },
  {
    "id": "217157345",
    "name": "«Тортуга» паб на Харьковском шоссе 53",
    "city": "NovayaDarnitsa",
    "url": "https://www.instagram.com/explore/locations/217157345/53/"
  },
  {
    "id": "1761983807380216",
    "name": "Литинская 1а",
    "city": "NovayaDarnitsa",
    "url": "https://www.instagram.com/explore/locations/1761983807380216/1/"
  },
  {
    "id": "2187938668114275",
    "name": "PhotoHunt",
    "city": "NovayaDarnitsa",
    "url": "https://www.instagram.com/explore/locations/2187938668114275/photohunt/"
  },
  {
    "id": "105048794626988",
    "name": "Peace in the palm of your hand",
    "city": "NovayaDarnitsa",
    "url": "https://www.instagram.com/explore/locations/105048794626988/peace-in-the-palm-of-your-hand/"
  },
  {
    "id": "105221904239838",
    "name": "Golden Wash",
    "city": "NovayaDarnitsa",
    "url": "https://www.instagram.com/explore/locations/105221904239838/golden-wash/"
  },
  {
    "id": "101708515021704",
    "name": "Forellis.ua",
    "city": "NovayaDarnitsa",
    "url": "https://www.instagram.com/explore/locations/101708515021704/forellisua/"
  },
  {
    "id": "348158109205241",
    "name": "MagicFood - Чарівна їжа",
    "city": "NovayaDarnitsa",
    "url": "https://www.instagram.com/explore/locations/348158109205241/magicfood-/"
  },
  {
    "id": "102564427892418",
    "name": "Bamperokyiv",
    "city": "NovayaDarnitsa",
    "url": "https://www.instagram.com/explore/locations/102564427892418/bamperokyiv/"
  },
  {
    "id": "472873703078489",
    "name": "Airontrade",
    "city": "NovayaDarnitsa",
    "url": "https://www.instagram.com/explore/locations/472873703078489/airontrade/"
  },
  {
    "id": "839811765",
    "name": "Аттика - Дерев’яні будинки",
    "city": "NovayaDarnitsa",
    "url": "https://www.instagram.com/explore/locations/839811765/-/"
  },
  {
    "id": "128923424484973",
    "name": "Home. Sweet Home.",
    "city": "NovayaDarnitsa",
    "url": "https://www.instagram.com/explore/locations/128923424484973/home-sweet-home/"
  },
  {
    "id": "104481498335941",
    "name": "Альона Nail Master",
    "city": "NovayaDarnitsa",
    "url": "https://www.instagram.com/explore/locations/104481498335941/nail-master/"
  },
  {
    "id": "2273999016165961",
    "name": "ДНЗ 367",
    "city": "NovayaDarnitsa",
    "url": "https://www.instagram.com/explore/locations/2273999016165961/367/"
  },
  {
    "id": "2078419485725893",
    "name": "Robot-Store",
    "city": "NovayaDarnitsa",
    "url": "https://www.instagram.com/explore/locations/2078419485725893/robot-store/"
  },
  {
    "id": "181304445657086",
    "name": "Дитячий Садок #634",
    "city": "NovayaDarnitsa",
    "url": "https://www.instagram.com/explore/locations/181304445657086/634/"
  },
  {
    "id": "111721443918819",
    "name": "Dvrzhills",
    "city": "NovayaDarnitsa",
    "url": "https://www.instagram.com/explore/locations/111721443918819/dvrzhills/"
  },
  {
    "id": "100468271704715",
    "name": "Kids Post",
    "city": "NovayaDarnitsa",
    "url": "https://www.instagram.com/explore/locations/100468271704715/kids-post/"
  },
  {
    "id": "813868315",
    "name": "Тростянецкая 49, Зоостиль",
    "city": "NovayaDarnitsa",
    "url": "https://www.instagram.com/explore/locations/813868315/49/"
  },
  {
    "id": "256180705",
    "name": "Grand Decor Industry",
    "city": "NovayaDarnitsa",
    "url": "https://www.instagram.com/explore/locations/256180705/grand-decor-industry/"
  },
  {
    "id": "536843826189088",
    "name": "Apollo Next",
    "city": "NovayaDarnitsa",
    "url": "https://www.instagram.com/explore/locations/536843826189088/apollo-next/"
  },
  {
    "id": "112056413518030",
    "name": "Hustle dance club",
    "city": "NovayaDarnitsa",
    "url": "https://www.instagram.com/explore/locations/112056413518030/hustle-dance-club/"
  },
  {
    "id": "1903452593070915",
    "name": "18 этаж",
    "city": "NovayaDarnitsa",
    "url": "https://www.instagram.com/explore/locations/1903452593070915/18/"
  },
  {
    "id": "289623311490838",
    "name": "Provans",
    "city": "NovayaDarnitsa",
    "url": "https://www.instagram.com/explore/locations/289623311490838/provans/"
  },
  {
    "id": "440664939749150",
    "name": "DeepSleep",
    "city": "NovayaDarnitsa",
    "url": "https://www.instagram.com/explore/locations/440664939749150/deepsleep/"
  },
  {
    "id": "1029429533",
    "name": "Bykivnia",
    "city": "NovayaDarnitsa",
    "url": "https://www.instagram.com/explore/locations/1029429533/bykivnia/"
  },
  {
    "id": "1528080750607003",
    "name": "Toysi",
    "city": "NovayaDarnitsa",
    "url": "https://www.instagram.com/explore/locations/1528080750607003/toysi/"
  },
  {
    "id": "169806620210267",
    "name": "Swiss-Dent",
    "city": "NovayaDarnitsa",
    "url": "https://www.instagram.com/explore/locations/169806620210267/swiss-dent/"
  },
  {
    "id": "695737537",
    "name": "Студия Пилатеса Pilates CLUB",
    "city": "NovayaDarnitsa",
    "url": "https://www.instagram.com/explore/locations/695737537/pilates-club/"
  },
  {
    "id": "2083444108636546",
    "name": "Decor pro",
    "city": "NovayaDarnitsa",
    "url": "https://www.instagram.com/explore/locations/2083444108636546/decor-pro/"
  },
  {
    "id": "113262147180426",
    "name": "7quests.com",
    "city": "NovayaDarnitsa",
    "url": "https://www.instagram.com/explore/locations/113262147180426/7questscom/"
  },
  {
    "id": "109915981193171",
    "name": "ArmaPrime - запірна арматура. Сантехніка, опалення, водопостачання.",
    "city": "NovayaDarnitsa",
    "url": "https://www.instagram.com/explore/locations/109915981193171/armaprime-/"
  },
  {
    "id": "626705927779396",
    "name": "Stancolac Ukraine",
    "city": "NovayaDarnitsa",
    "url": "https://www.instagram.com/explore/locations/626705927779396/stancolac-ukraine/"
  }
]