[
  {
    "id": "217843166",
    "name": "Vinnitsa National Pirogov Memorial Medical University",
    "city": "Pirogovo",
    "url": "https://www.instagram.com/explore/locations/217843166/vinnitsa-national-pirogov-memorial-medical-university/"
  },
  {
    "id": "101600381675060",
    "name": "Ресторан T-Bone",
    "city": "Pirogovo",
    "url": "https://www.instagram.com/explore/locations/101600381675060/t-bone/"
  },
  {
    "id": "1146943545460266",
    "name": "Подолье / Podol'e",
    "city": "Pirogovo",
    "url": "https://www.instagram.com/explore/locations/1146943545460266/podole/"
  },
  {
    "id": "15336242",
    "name": "Feride Plaza Cafe, Vinnitsa",
    "city": "Pirogovo",
    "url": "https://www.instagram.com/explore/locations/15336242/feride-plaza-cafe-vinnitsa/"
  },
  {
    "id": "243763416268925",
    "name": "Ж/К Avalon5",
    "city": "Pirogovo",
    "url": "https://www.instagram.com/explore/locations/243763416268925/avalon5/"
  },
  {
    "id": "234937320209813",
    "name": "Skyroom",
    "city": "Pirogovo",
    "url": "https://www.instagram.com/explore/locations/234937320209813/skyroom/"
  },
  {
    "id": "730342117307130",
    "name": "Трамвайна 3/3 Авалон",
    "city": "Pirogovo",
    "url": "https://www.instagram.com/explore/locations/730342117307130/33/"
  },
  {
    "id": "115034506609866",
    "name": "Лезгинка -запальний та смачний ресторан в районі ринку \"Урожай\"",
    "city": "Pirogovo",
    "url": "https://www.instagram.com/explore/locations/115034506609866/-/"
  },
  {
    "id": "301603267235610",
    "name": "Pan Cake",
    "city": "Pirogovo",
    "url": "https://www.instagram.com/explore/locations/301603267235610/pan-cake/"
  },
  {
    "id": "2464981633524806",
    "name": "Fitness Time, Поділля сіty",
    "city": "Pirogovo",
    "url": "https://www.instagram.com/explore/locations/2464981633524806/fitness-time-ty/"
  },
  {
    "id": "135183753305595",
    "name": "Pasta e Vino - Piazza Beatrice",
    "city": "Pirogovo",
    "url": "https://www.instagram.com/explore/locations/135183753305595/pasta-e-vino-piazza-beatrice/"
  },
  {
    "id": "1574621212834851",
    "name": "Johnny Raw",
    "city": "Pirogovo",
    "url": "https://www.instagram.com/explore/locations/1574621212834851/johnny-raw/"
  },
  {
    "id": "457680037972925",
    "name": "Feride Night Club",
    "city": "Pirogovo",
    "url": "https://www.instagram.com/explore/locations/457680037972925/feride-night-club/"
  },
  {
    "id": "236718273",
    "name": "Feride Plaza Night Club",
    "city": "Pirogovo",
    "url": "https://www.instagram.com/explore/locations/236718273/feride-plaza-night-club/"
  },
  {
    "id": "104850384258825",
    "name": "NEXT fitness hall",
    "city": "Pirogovo",
    "url": "https://www.instagram.com/explore/locations/104850384258825/next-fitness-hall/"
  },
  {
    "id": "290242674700808",
    "name": "Kioto Dress Shop",
    "city": "Pirogovo",
    "url": "https://www.instagram.com/explore/locations/290242674700808/kioto-dress-shop/"
  },
  {
    "id": "100750321337546",
    "name": "КЗВО \"Вінницький гуманітарно-педагогічний коледж\"",
    "city": "Pirogovo",
    "url": "https://www.instagram.com/explore/locations/100750321337546/-/"
  },
  {
    "id": "341966573275404",
    "name": "Центр розвитку \"Origami\"",
    "city": "Pirogovo",
    "url": "https://www.instagram.com/explore/locations/341966573275404/origami/"
  },
  {
    "id": "1962751924051279",
    "name": "Monterey гастробар",
    "city": "Pirogovo",
    "url": "https://www.instagram.com/explore/locations/1962751924051279/monterey/"
  },
  {
    "id": "1722591548025810",
    "name": "FitnessClub AtomVinnitsa",
    "city": "Pirogovo",
    "url": "https://www.instagram.com/explore/locations/1722591548025810/fitnessclub-atomvinnitsa/"
  },
  {
    "id": "422481731469967",
    "name": "Арт-паб \"Beef Eater\"",
    "city": "Pirogovo",
    "url": "https://www.instagram.com/explore/locations/422481731469967/-beef-eater/"
  },
  {
    "id": "107271104932333",
    "name": "Master & Margarita Tattoo Studio",
    "city": "Pirogovo",
    "url": "https://www.instagram.com/explore/locations/107271104932333/master-margarita-tattoo-studio/"
  },
  {
    "id": "386974716",
    "name": "Vinnytsa National Medical University",
    "city": "Pirogovo",
    "url": "https://www.instagram.com/explore/locations/386974716/vinnytsa-national-medical-university/"
  },
  {
    "id": "563027742",
    "name": "Vinnitsa City",
    "city": "Pirogovo",
    "url": "https://www.instagram.com/explore/locations/563027742/vinnitsa-city/"
  },
  {
    "id": "162999854138289",
    "name": "Beauty Bar",
    "city": "Pirogovo",
    "url": "https://www.instagram.com/explore/locations/162999854138289/beauty-bar/"
  },
  {
    "id": "100608985049431",
    "name": "Lucent Space, Трамвайна 3",
    "city": "Pirogovo",
    "url": "https://www.instagram.com/explore/locations/100608985049431/lucent-space-3/"
  },
  {
    "id": "150853695362764",
    "name": "WINETIME",
    "city": "Pirogovo",
    "url": "https://www.instagram.com/explore/locations/150853695362764/winetime/"
  },
  {
    "id": "532961750228773",
    "name": "Bigmancoffee",
    "city": "Pirogovo",
    "url": "https://www.instagram.com/explore/locations/532961750228773/bigmancoffee/"
  },
  {
    "id": "104091934308976",
    "name": "Million Flowers",
    "city": "Pirogovo",
    "url": "https://www.instagram.com/explore/locations/104091934308976/million-flowers/"
  },
  {
    "id": "360779061158665",
    "name": "Germinall UA",
    "city": "Pirogovo",
    "url": "https://www.instagram.com/explore/locations/360779061158665/germinall-ua/"
  },
  {
    "id": "947597386",
    "name": "Hungry Duck Pub",
    "city": "Pirogovo",
    "url": "https://www.instagram.com/explore/locations/947597386/hungry-duck-pub/"
  },
  {
    "id": "1016694645119934",
    "name": "Салон красоты \"Brooklyn\"",
    "city": "Pirogovo",
    "url": "https://www.instagram.com/explore/locations/1016694645119934/brooklyn/"
  },
  {
    "id": "427656924685934",
    "name": "ТЦ Поділля-Сіті",
    "city": "Pirogovo",
    "url": "https://www.instagram.com/explore/locations/427656924685934/-/"
  },
  {
    "id": "1061384960610431",
    "name": "Future - Навчальний центр",
    "city": "Pirogovo",
    "url": "https://www.instagram.com/explore/locations/1061384960610431/future-/"
  },
  {
    "id": "250126042",
    "name": "Beef Eater Art Pub",
    "city": "Pirogovo",
    "url": "https://www.instagram.com/explore/locations/250126042/beef-eater-art-pub/"
  },
  {
    "id": "1739168732840424",
    "name": "Power Place Тц Анастасия",
    "city": "Pirogovo",
    "url": "https://www.instagram.com/explore/locations/1739168732840424/power-place/"
  },
  {
    "id": "247458352806907",
    "name": "Be Bright studio by Oxana Bilyk",
    "city": "Pirogovo",
    "url": "https://www.instagram.com/explore/locations/247458352806907/be-bright-studio-by-oxana-bilyk/"
  },
  {
    "id": "1229007710578591",
    "name": "IND beauty Antisalon",
    "city": "Pirogovo",
    "url": "https://www.instagram.com/explore/locations/1229007710578591/ind-beauty-antisalon/"
  },
  {
    "id": "1928597830706295",
    "name": "Foreign Languages Centre \"Speak UP\"",
    "city": "Pirogovo",
    "url": "https://www.instagram.com/explore/locations/1928597830706295/foreign-languages-centre-speak-up/"
  },
  {
    "id": "493702174486164",
    "name": "Fitness House",
    "city": "Pirogovo",
    "url": "https://www.instagram.com/explore/locations/493702174486164/fitness-house/"
  },
  {
    "id": "116164203559582",
    "name": "Asti family",
    "city": "Pirogovo",
    "url": "https://www.instagram.com/explore/locations/116164203559582/asti-family/"
  },
  {
    "id": "112612000105819",
    "name": "Vinnyntsia/europe",
    "city": "Pirogovo",
    "url": "https://www.instagram.com/explore/locations/112612000105819/vinnyntsiaeurope/"
  },
  {
    "id": "1031225083",
    "name": "Fitlife",
    "city": "Pirogovo",
    "url": "https://www.instagram.com/explore/locations/1031225083/fitlife/"
  },
  {
    "id": "1031574660",
    "name": "Farmoza Esthetic Clinic",
    "city": "Pirogovo",
    "url": "https://www.instagram.com/explore/locations/1031574660/farmoza-esthetic-clinic/"
  },
  {
    "id": "1001989489",
    "name": "Средняя общеобразовательная школа 4 им. Д.И.Менделеева г.Винницы",
    "city": "Pirogovo",
    "url": "https://www.instagram.com/explore/locations/1001989489/4/"
  },
  {
    "id": "314613172530993",
    "name": "Escobar",
    "city": "Pirogovo",
    "url": "https://www.instagram.com/explore/locations/314613172530993/escobar/"
  },
  {
    "id": "352878848464449",
    "name": "Essence of Beauty",
    "city": "Pirogovo",
    "url": "https://www.instagram.com/explore/locations/352878848464449/essence-of-beauty/"
  },
  {
    "id": "577638619597190",
    "name": "Магазин «Smoky»",
    "city": "Pirogovo",
    "url": "https://www.instagram.com/explore/locations/577638619597190/smoky/"
  },
  {
    "id": "482292602135577",
    "name": "Feride Plaza / Ночной клуб",
    "city": "Pirogovo",
    "url": "https://www.instagram.com/explore/locations/482292602135577/feride-plaza/"
  },
  {
    "id": "2026261337435330",
    "name": "Школа №26",
    "city": "Pirogovo",
    "url": "https://www.instagram.com/explore/locations/2026261337435330/no26/"
  },
  {
    "id": "105712754245904",
    "name": "Pirosmani • ფიროსმანი - ресторан грузинської кухні на Поділлі",
    "city": "Pirogovo",
    "url": "https://www.instagram.com/explore/locations/105712754245904/pirosmani-/"
  },
  {
    "id": "108395324265736",
    "name": "YB",
    "city": "Pirogovo",
    "url": "https://www.instagram.com/explore/locations/108395324265736/yb/"
  },
  {
    "id": "101784398660750",
    "name": "Terenchuk Fashion",
    "city": "Pirogovo",
    "url": "https://www.instagram.com/explore/locations/101784398660750/terenchuk-fashion/"
  },
  {
    "id": "188314371613242",
    "name": "MEDICINE COSMETOLOGY by Olga Tyagyn",
    "city": "Pirogovo",
    "url": "https://www.instagram.com/explore/locations/188314371613242/medicine-cosmetology-by-olga-tyagyn/"
  },
  {
    "id": "546193342",
    "name": "Starvin Coffee",
    "city": "Pirogovo",
    "url": "https://www.instagram.com/explore/locations/546193342/starvin-coffee/"
  },
  {
    "id": "1879054545448714",
    "name": "ᖴᒪoᖇᗩᑎs",
    "city": "Pirogovo",
    "url": "https://www.instagram.com/explore/locations/1879054545448714/os/"
  },
  {
    "id": "640838326375009",
    "name": "Медичний центр Spinex",
    "city": "Pirogovo",
    "url": "https://www.instagram.com/explore/locations/640838326375009/spinex/"
  },
  {
    "id": "983550561770744",
    "name": "Таверна \"Van Beeren\"",
    "city": "Pirogovo",
    "url": "https://www.instagram.com/explore/locations/983550561770744/van-beeren/"
  },
  {
    "id": "483950938472346",
    "name": "Hotel Feride",
    "city": "Pirogovo",
    "url": "https://www.instagram.com/explore/locations/483950938472346/hotel-feride/"
  },
  {
    "id": "1001486553281345",
    "name": "Starvin Coffee",
    "city": "Pirogovo",
    "url": "https://www.instagram.com/explore/locations/1001486553281345/starvin-coffee/"
  },
  {
    "id": "12177516",
    "name": "Ashanti",
    "city": "Pirogovo",
    "url": "https://www.instagram.com/explore/locations/12177516/ashanti/"
  },
  {
    "id": "108444901313097",
    "name": "Dionis.beauty.salon",
    "city": "Pirogovo",
    "url": "https://www.instagram.com/explore/locations/108444901313097/dionisbeautysalon/"
  },
  {
    "id": "1809628852656492",
    "name": "Deninna Готель СПА-комплекс",
    "city": "Pirogovo",
    "url": "https://www.instagram.com/explore/locations/1809628852656492/deninna-/"
  },
  {
    "id": "272870497",
    "name": "Marsel",
    "city": "Pirogovo",
    "url": "https://www.instagram.com/explore/locations/272870497/marsel/"
  },
  {
    "id": "1795092564153615",
    "name": "IV tour",
    "city": "Pirogovo",
    "url": "https://www.instagram.com/explore/locations/1795092564153615/iv-tour/"
  },
  {
    "id": "770585669808530",
    "name": "Mr. & Ms. Meat",
    "city": "Pirogovo",
    "url": "https://www.instagram.com/explore/locations/770585669808530/mr-ms-meat/"
  },
  {
    "id": "621490104972533",
    "name": "Академия красоты \"KeyArt\"",
    "city": "Pirogovo",
    "url": "https://www.instagram.com/explore/locations/621490104972533/keyart/"
  },
  {
    "id": "1023860761",
    "name": "Садовий центр Тетянин Сад - Вінниця",
    "city": "Pirogovo",
    "url": "https://www.instagram.com/explore/locations/1023860761/-/"
  },
  {
    "id": "603766154",
    "name": "Ashanti",
    "city": "Pirogovo",
    "url": "https://www.instagram.com/explore/locations/603766154/ashanti/"
  },
  {
    "id": "275118456661242",
    "name": "Розважальний центр FAZA",
    "city": "Pirogovo",
    "url": "https://www.instagram.com/explore/locations/275118456661242/faza/"
  },
  {
    "id": "1905568023076611",
    "name": "Медико-психологический центр «Fenomen»",
    "city": "Pirogovo",
    "url": "https://www.instagram.com/explore/locations/1905568023076611/-fenomen/"
  },
  {
    "id": "1002036112",
    "name": "Оксфорд Медікал-Вінниця",
    "city": "Pirogovo",
    "url": "https://www.instagram.com/explore/locations/1002036112/-/"
  },
  {
    "id": "750892005",
    "name": "Friendship Park Vinnytsia",
    "city": "Pirogovo",
    "url": "https://www.instagram.com/explore/locations/750892005/friendship-park-vinnytsia/"
  },
  {
    "id": "912580098885006",
    "name": "Vinnitsa Central park",
    "city": "Pirogovo",
    "url": "https://www.instagram.com/explore/locations/912580098885006/vinnitsa-central-park/"
  },
  {
    "id": "289908751606278",
    "name": "Soul Dance Studio",
    "city": "Pirogovo",
    "url": "https://www.instagram.com/explore/locations/289908751606278/soul-dance-studio/"
  },
  {
    "id": "728749420649878",
    "name": "Kolibri Makeup&hair School",
    "city": "Pirogovo",
    "url": "https://www.instagram.com/explore/locations/728749420649878/kolibri-makeuphair-school/"
  },
  {
    "id": "129232494239627",
    "name": "Зодчих 20",
    "city": "Pirogovo",
    "url": "https://www.instagram.com/explore/locations/129232494239627/20/"
  },
  {
    "id": "492510684290735",
    "name": "Медичний центр \"dermaessence.cosmetics\"",
    "city": "Pirogovo",
    "url": "https://www.instagram.com/explore/locations/492510684290735/dermaessencecosmetics/"
  },
  {
    "id": "387549705313643",
    "name": "Пирогова47а, Винница Р-к Урожай",
    "city": "Pirogovo",
    "url": "https://www.instagram.com/explore/locations/387549705313643/47-/"
  },
  {
    "id": "101572305705712",
    "name": "5 Stars by Daria Kravets",
    "city": "Pirogovo",
    "url": "https://www.instagram.com/explore/locations/101572305705712/5-stars-by-daria-kravets/"
  },
  {
    "id": "1451612428216735",
    "name": "Klinovskii Team",
    "city": "Pirogovo",
    "url": "https://www.instagram.com/explore/locations/1451612428216735/klinovskii-team/"
  },
  {
    "id": "103747861539241",
    "name": "Танцевальная Студия ''BE Better'Винница",
    "city": "Pirogovo",
    "url": "https://www.instagram.com/explore/locations/103747861539241/be-better/"
  },
  {
    "id": "1166448550205025",
    "name": "ITachki - авто з США",
    "city": "Pirogovo",
    "url": "https://www.instagram.com/explore/locations/1166448550205025/itachki-/"
  },
  {
    "id": "484320905263371",
    "name": "Anna Vahula Style Studio",
    "city": "Pirogovo",
    "url": "https://www.instagram.com/explore/locations/484320905263371/anna-vahula-style-studio/"
  },
  {
    "id": "1820352884722069",
    "name": "Family's Beauty House",
    "city": "Pirogovo",
    "url": "https://www.instagram.com/explore/locations/1820352884722069/familys-beauty-house/"
  },
  {
    "id": "1788701204777403",
    "name": "АКСІС - реабілітація хребта та суглобів",
    "city": "Pirogovo",
    "url": "https://www.instagram.com/explore/locations/1788701204777403/-/"
  },
  {
    "id": "103982787036666",
    "name": "Tattoo & Barbershop Ultra",
    "city": "Pirogovo",
    "url": "https://www.instagram.com/explore/locations/103982787036666/tattoo-barbershop-ultra/"
  },
  {
    "id": "1283398271703102",
    "name": "LIA studio - жіноча білизна Вінниця",
    "city": "Pirogovo",
    "url": "https://www.instagram.com/explore/locations/1283398271703102/lia-studio-/"
  },
  {
    "id": "204372783363895",
    "name": "Школа Princess",
    "city": "Pirogovo",
    "url": "https://www.instagram.com/explore/locations/204372783363895/princess/"
  },
  {
    "id": "252543198996483",
    "name": "Грузинський дворик - ресторація м’яса та вина",
    "city": "Pirogovo",
    "url": "https://www.instagram.com/explore/locations/252543198996483/-/"
  },
  {
    "id": "243083849",
    "name": "YWAM Vinnitsa",
    "city": "Pirogovo",
    "url": "https://www.instagram.com/explore/locations/243083849/ywam-vinnitsa/"
  },
  {
    "id": "201055927462672",
    "name": "ул. Зодчих 4",
    "city": "Pirogovo",
    "url": "https://www.instagram.com/explore/locations/201055927462672/4/"
  },
  {
    "id": "150915882211549",
    "name": "Result Studio",
    "city": "Pirogovo",
    "url": "https://www.instagram.com/explore/locations/150915882211549/result-studio/"
  },
  {
    "id": "268322690401285",
    "name": "Монтерей, Зодчих 13",
    "city": "Pirogovo",
    "url": "https://www.instagram.com/explore/locations/268322690401285/13/"
  },
  {
    "id": "508491549532280",
    "name": "Kingshop.com.ua",
    "city": "Pirogovo",
    "url": "https://www.instagram.com/explore/locations/508491549532280/kingshopcomua/"
  },
  {
    "id": "1173732112691525",
    "name": "Ashanti",
    "city": "Pirogovo",
    "url": "https://www.instagram.com/explore/locations/1173732112691525/ashanti/"
  },
  {
    "id": "220629625122247",
    "name": "Tattoo salon ULTRA",
    "city": "Pirogovo",
    "url": "https://www.instagram.com/explore/locations/220629625122247/tattoo-salon-ultra/"
  },
  {
    "id": "102053704912278",
    "name": "Вінницький фінансово-економічний університет",
    "city": "Pirogovo",
    "url": "https://www.instagram.com/explore/locations/102053704912278/-/"
  },
  {
    "id": "100362815097795",
    "name": "Tinchik",
    "city": "Pirogovo",
    "url": "https://www.instagram.com/explore/locations/100362815097795/tinchik/"
  },
  {
    "id": "110534907038319",
    "name": "Powerful Man",
    "city": "Pirogovo",
    "url": "https://www.instagram.com/explore/locations/110534907038319/powerful-man/"
  },
  {
    "id": "200461900863367",
    "name": "Корпус №2 ВНМУ ім. М. І. Пирогова",
    "city": "Pirogovo",
    "url": "https://www.instagram.com/explore/locations/200461900863367/no2/"
  },
  {
    "id": "1397909560328058",
    "name": "Пл.гагаріна,2",
    "city": "Pirogovo",
    "url": "https://www.instagram.com/explore/locations/1397909560328058/2/"
  },
  {
    "id": "245276499503003",
    "name": "TOP GYM",
    "city": "Pirogovo",
    "url": "https://www.instagram.com/explore/locations/245276499503003/top-gym/"
  },
  {
    "id": "537560723282417",
    "name": "Скалецького 15",
    "city": "Pirogovo",
    "url": "https://www.instagram.com/explore/locations/537560723282417/15/"
  },
  {
    "id": "2311491469069419",
    "name": "Grace Models Agency",
    "city": "Pirogovo",
    "url": "https://www.instagram.com/explore/locations/2311491469069419/grace-models-agency/"
  },
  {
    "id": "391185044626650",
    "name": "Feride Plaza/ Ресторан",
    "city": "Pirogovo",
    "url": "https://www.instagram.com/explore/locations/391185044626650/feride-plaza/"
  },
  {
    "id": "666633453795485",
    "name": "Пологовий будинок-Приймальне Відділення",
    "city": "Pirogovo",
    "url": "https://www.instagram.com/explore/locations/666633453795485/-/"
  },
  {
    "id": "109344450840346",
    "name": "Меняться_легко",
    "city": "Pirogovo",
    "url": "https://www.instagram.com/explore/locations/109344450840346/_/"
  },
  {
    "id": "423504538001971",
    "name": "Kinderstar - Сімейний центр гармонійного розвитку",
    "city": "Pirogovo",
    "url": "https://www.instagram.com/explore/locations/423504538001971/kinderstar-/"
  },
  {
    "id": "1034357247",
    "name": "Studio Make-Up & Hair by Natalia Shevchuk",
    "city": "Pirogovo",
    "url": "https://www.instagram.com/explore/locations/1034357247/studio-make-up-hair-by-natalia-shevchuk/"
  },
  {
    "id": "274827669",
    "name": "Feride Plaza",
    "city": "Pirogovo",
    "url": "https://www.instagram.com/explore/locations/274827669/feride-plaza/"
  },
  {
    "id": "386714041685091",
    "name": "24 Fit club",
    "city": "Pirogovo",
    "url": "https://www.instagram.com/explore/locations/386714041685091/24-fit-club/"
  },
  {
    "id": "105712467909306",
    "name": "Art che",
    "city": "Pirogovo",
    "url": "https://www.instagram.com/explore/locations/105712467909306/art-che/"
  },
  {
    "id": "100479027981011",
    "name": "MariaM Family Relax Center",
    "city": "Pirogovo",
    "url": "https://www.instagram.com/explore/locations/100479027981011/mariam-family-relax-center/"
  },
  {
    "id": "400932251",
    "name": "Пирогова 37",
    "city": "Pirogovo",
    "url": "https://www.instagram.com/explore/locations/400932251/37/"
  },
  {
    "id": "105024458321016",
    "name": "Gym Team",
    "city": "Pirogovo",
    "url": "https://www.instagram.com/explore/locations/105024458321016/gym-team/"
  },
  {
    "id": "498138767332110",
    "name": "ТЦ «Подiлля city»",
    "city": "Pirogovo",
    "url": "https://www.instagram.com/explore/locations/498138767332110/i-city/"
  },
  {
    "id": "100576704716578",
    "name": "Мій Ґаджет ВВ 51",
    "city": "Pirogovo",
    "url": "https://www.instagram.com/explore/locations/100576704716578/51/"
  },
  {
    "id": "100634188610671",
    "name": "buro__9",
    "city": "Pirogovo",
    "url": "https://www.instagram.com/explore/locations/100634188610671/buro__9/"
  },
  {
    "id": "805334729641479",
    "name": "toprest.ua",
    "city": "Pirogovo",
    "url": "https://www.instagram.com/explore/locations/805334729641479/toprestua/"
  },
  {
    "id": "327428734540253",
    "name": "Ресторан Drive Club Вінниця",
    "city": "Pirogovo",
    "url": "https://www.instagram.com/explore/locations/327428734540253/drive-club/"
  },
  {
    "id": "296932817412001",
    "name": "Fitness House",
    "city": "Pirogovo",
    "url": "https://www.instagram.com/explore/locations/296932817412001/fitness-house/"
  },
  {
    "id": "869725333397755",
    "name": "SunТериторія",
    "city": "Pirogovo",
    "url": "https://www.instagram.com/explore/locations/869725333397755/sun/"
  },
  {
    "id": "2347833012204871",
    "name": "Safari-Club",
    "city": "Pirogovo",
    "url": "https://www.instagram.com/explore/locations/2347833012204871/safari-club/"
  },
  {
    "id": "625227557996261",
    "name": "Школа Бухгалтерської справи \"Maestro\"",
    "city": "Pirogovo",
    "url": "https://www.instagram.com/explore/locations/625227557996261/maestro/"
  },
  {
    "id": "396931060857213",
    "name": "Vintour+, Пирогова 24",
    "city": "Pirogovo",
    "url": "https://www.instagram.com/explore/locations/396931060857213/vintour-24/"
  },
  {
    "id": "111018596952646",
    "name": "Басейн Kinder Spa - острів радості та здоров'я",
    "city": "Pirogovo",
    "url": "https://www.instagram.com/explore/locations/111018596952646/kinder-spa-/"
  },
  {
    "id": "1009037520",
    "name": "HUB School - освітній центр для дітей та дорослих",
    "city": "Pirogovo",
    "url": "https://www.instagram.com/explore/locations/1009037520/hub-school-/"
  },
  {
    "id": "2341510366084069",
    "name": "Paparoni.pizza - доставка піци Вінниця",
    "city": "Pirogovo",
    "url": "https://www.instagram.com/explore/locations/2341510366084069/paparonipizza-/"
  },
  {
    "id": "110576099502433",
    "name": "Винница Заболотного10",
    "city": "Pirogovo",
    "url": "https://www.instagram.com/explore/locations/110576099502433/10/"
  },
  {
    "id": "598080666722218",
    "name": "ТЦ \"OLD TOWN\"",
    "city": "Pirogovo",
    "url": "https://www.instagram.com/explore/locations/598080666722218/old-town/"
  },
  {
    "id": "103046065218009",
    "name": "Shakhtar School Vinnytsia",
    "city": "Pirogovo",
    "url": "https://www.instagram.com/explore/locations/103046065218009/shakhtar-school-vinnytsia/"
  },
  {
    "id": "349699412268809",
    "name": "Школа №11",
    "city": "Pirogovo",
    "url": "https://www.instagram.com/explore/locations/349699412268809/no11/"
  },
  {
    "id": "107348874472075",
    "name": "Tiaga_2",
    "city": "Pirogovo",
    "url": "https://www.instagram.com/explore/locations/107348874472075/tiaga_2/"
  },
  {
    "id": "790840791093131",
    "name": "Nailschool_gerus",
    "city": "Pirogovo",
    "url": "https://www.instagram.com/explore/locations/790840791093131/nailschool_gerus/"
  },
  {
    "id": "100372674707610",
    "name": "zebraphotoschool",
    "city": "Pirogovo",
    "url": "https://www.instagram.com/explore/locations/100372674707610/zebraphotoschool/"
  },
  {
    "id": "262613881084738",
    "name": "ВТЭИ КНТЭУ 4 Корп.",
    "city": "Pirogovo",
    "url": "https://www.instagram.com/explore/locations/262613881084738/4/"
  },
  {
    "id": "108856000840269",
    "name": "Laser Time - Лазерная эпиляция Винница",
    "city": "Pirogovo",
    "url": "https://www.instagram.com/explore/locations/108856000840269/laser-time-/"
  },
  {
    "id": "2196138960643292",
    "name": "Sportika",
    "city": "Pirogovo",
    "url": "https://www.instagram.com/explore/locations/2196138960643292/sportika/"
  },
  {
    "id": "723834287823361",
    "name": "Ind Beauty",
    "city": "Pirogovo",
    "url": "https://www.instagram.com/explore/locations/723834287823361/ind-beauty/"
  },
  {
    "id": "811851676",
    "name": "Делікатес-маркет \"Україночка\"",
    "city": "Pirogovo",
    "url": "https://www.instagram.com/explore/locations/811851676/-/"
  },
  {
    "id": "562731412",
    "name": "Школа англійської мови FLASH",
    "city": "Pirogovo",
    "url": "https://www.instagram.com/explore/locations/562731412/flash/"
  },
  {
    "id": "1032652228",
    "name": "Студия FotoSolo",
    "city": "Pirogovo",
    "url": "https://www.instagram.com/explore/locations/1032652228/fotosolo/"
  },
  {
    "id": "251202488958025",
    "name": "Данила Галицького. Vinnitsa",
    "city": "Pirogovo",
    "url": "https://www.instagram.com/explore/locations/251202488958025/vinnitsa/"
  },
  {
    "id": "1074403389372830",
    "name": "Dream Way Tour",
    "city": "Pirogovo",
    "url": "https://www.instagram.com/explore/locations/1074403389372830/dream-way-tour/"
  },
  {
    "id": "2036831019884445",
    "name": "Келецкая, 1",
    "city": "Pirogovo",
    "url": "https://www.instagram.com/explore/locations/2036831019884445/1/"
  },
  {
    "id": "566860270080400",
    "name": "Освітній простір \"BeFirst.Kids\"",
    "city": "Pirogovo",
    "url": "https://www.instagram.com/explore/locations/566860270080400/befirstkids/"
  },
  {
    "id": "101349498184897",
    "name": "Oswald Kids Club",
    "city": "Pirogovo",
    "url": "https://www.instagram.com/explore/locations/101349498184897/oswald-kids-club/"
  },
  {
    "id": "369180843497435",
    "name": "Makosh",
    "city": "Pirogovo",
    "url": "https://www.instagram.com/explore/locations/369180843497435/makosh/"
  },
  {
    "id": "683258125",
    "name": "Pirogovo, Vinnyts'Ka Oblast', Ukraine",
    "city": "Pirogovo",
    "url": "https://www.instagram.com/explore/locations/683258125/pirogovo-vinnytska-oblast-ukraine/"
  },
  {
    "id": "1705636606428780",
    "name": "Студія манікюру Mademoiselle_N",
    "city": "Pirogovo",
    "url": "https://www.instagram.com/explore/locations/1705636606428780/mademoiselle_n/"
  },
  {
    "id": "266781494",
    "name": "Feride Plaza Club",
    "city": "Pirogovo",
    "url": "https://www.instagram.com/explore/locations/266781494/feride-plaza-club/"
  },
  {
    "id": "1031941082",
    "name": "Центр іноземних мов ASAP",
    "city": "Pirogovo",
    "url": "https://www.instagram.com/explore/locations/1031941082/asap/"
  },
  {
    "id": "469183463467825",
    "name": "Житловий Комплекс \"park Tower\"",
    "city": "Pirogovo",
    "url": "https://www.instagram.com/explore/locations/469183463467825/park-tower/"
  },
  {
    "id": "110107267272222",
    "name": "No_Gravity",
    "city": "Pirogovo",
    "url": "https://www.instagram.com/explore/locations/110107267272222/no_gravity/"
  },
  {
    "id": "385704298491964",
    "name": "Green ferma",
    "city": "Pirogovo",
    "url": "https://www.instagram.com/explore/locations/385704298491964/green-ferma/"
  },
  {
    "id": "486541094841407",
    "name": "VFEU",
    "city": "Pirogovo",
    "url": "https://www.instagram.com/explore/locations/486541094841407/vfeu/"
  },
  {
    "id": "102435308364072",
    "name": "Sharikava",
    "city": "Pirogovo",
    "url": "https://www.instagram.com/explore/locations/102435308364072/sharikava/"
  },
  {
    "id": "1965315683720463",
    "name": "Українська бізнес-школа для дітей та підлітків \"United\"",
    "city": "Pirogovo",
    "url": "https://www.instagram.com/explore/locations/1965315683720463/-united/"
  },
  {
    "id": "2508553682703548",
    "name": "Салон плитки та сантехніки Dominik",
    "city": "Pirogovo",
    "url": "https://www.instagram.com/explore/locations/2508553682703548/dominik/"
  },
  {
    "id": "101235105772920",
    "name": "BELLA CIAO",
    "city": "Pirogovo",
    "url": "https://www.instagram.com/explore/locations/101235105772920/bella-ciao/"
  },
  {
    "id": "776055463",
    "name": "Вул. Блока 30",
    "city": "Pirogovo",
    "url": "https://www.instagram.com/explore/locations/776055463/30/"
  },
  {
    "id": "170169800180384",
    "name": "Средняя школа № 16 в г. Винница",
    "city": "Pirogovo",
    "url": "https://www.instagram.com/explore/locations/170169800180384/no-16/"
  },
  {
    "id": "111957823617175",
    "name": "Lux House",
    "city": "Pirogovo",
    "url": "https://www.instagram.com/explore/locations/111957823617175/lux-house/"
  },
  {
    "id": "384184091977784",
    "name": "Viya",
    "city": "Pirogovo",
    "url": "https://www.instagram.com/explore/locations/384184091977784/viya/"
  },
  {
    "id": "114774836567528",
    "name": "Піцерія Green Street pizza",
    "city": "Pirogovo",
    "url": "https://www.instagram.com/explore/locations/114774836567528/green-street-pizza/"
  },
  {
    "id": "185688795558714",
    "name": "Moby Dick - мерч для рокерів, байкерів та неформалів",
    "city": "Pirogovo",
    "url": "https://www.instagram.com/explore/locations/185688795558714/moby-dick-/"
  },
  {
    "id": "707656592910120",
    "name": "Glazzur'",
    "city": "Pirogovo",
    "url": "https://www.instagram.com/explore/locations/707656592910120/glazzur/"
  },
  {
    "id": "174251633134763",
    "name": "Beauty Lab",
    "city": "Pirogovo",
    "url": "https://www.instagram.com/explore/locations/174251633134763/beauty-lab/"
  },
  {
    "id": "1032328620",
    "name": "FLIT, взуття та аксесуари",
    "city": "Pirogovo",
    "url": "https://www.instagram.com/explore/locations/1032328620/flit/"
  },
  {
    "id": "466876885",
    "name": "studio \"Paprika\"",
    "city": "Pirogovo",
    "url": "https://www.instagram.com/explore/locations/466876885/studio-paprika/"
  },
  {
    "id": "1020251797",
    "name": "Vinnytsia Badminton Club",
    "city": "Pirogovo",
    "url": "https://www.instagram.com/explore/locations/1020251797/vinnytsia-badminton-club/"
  },
  {
    "id": "1493342504291164",
    "name": "Автоцентр Renault Вінниця / Фаворит Авто Вінниця",
    "city": "Pirogovo",
    "url": "https://www.instagram.com/explore/locations/1493342504291164/renault/"
  },
  {
    "id": "1804392273153376",
    "name": "Beauty Room Studio",
    "city": "Pirogovo",
    "url": "https://www.instagram.com/explore/locations/1804392273153376/beauty-room-studio/"
  },
  {
    "id": "1747347315286903",
    "name": "Fast Clean - Автомийка самообслуговування",
    "city": "Pirogovo",
    "url": "https://www.instagram.com/explore/locations/1747347315286903/fast-clean-/"
  },
  {
    "id": "346978489331491",
    "name": "Divchata - стара сторінка",
    "city": "Pirogovo",
    "url": "https://www.instagram.com/explore/locations/346978489331491/divchata-/"
  },
  {
    "id": "229237849029385",
    "name": "BELLE Центр косметології у Вінниці",
    "city": "Pirogovo",
    "url": "https://www.instagram.com/explore/locations/229237849029385/belle/"
  },
  {
    "id": "678659885650886",
    "name": "Level",
    "city": "Pirogovo",
    "url": "https://www.instagram.com/explore/locations/678659885650886/level/"
  },
  {
    "id": "891059214395490",
    "name": "Вінниця Зодчих 9",
    "city": "Pirogovo",
    "url": "https://www.instagram.com/explore/locations/891059214395490/9/"
  },
  {
    "id": "108869531523252",
    "name": "Hello beautiful",
    "city": "Pirogovo",
    "url": "https://www.instagram.com/explore/locations/108869531523252/hello-beautiful/"
  },
  {
    "id": "781762425240492",
    "name": "AVE interior design",
    "city": "Pirogovo",
    "url": "https://www.instagram.com/explore/locations/781762425240492/ave-interior-design/"
  },
  {
    "id": "1634010090235503",
    "name": "Anne-Mariee",
    "city": "Pirogovo",
    "url": "https://www.instagram.com/explore/locations/1634010090235503/anne-mariee/"
  },
  {
    "id": "1018005528",
    "name": "Princess Vab - Професійна косметологія та дерматологія у Вінниці",
    "city": "Pirogovo",
    "url": "https://www.instagram.com/explore/locations/1018005528/princess-vab-/"
  },
  {
    "id": "1018729682",
    "name": "Vinnytsia IT-Academy",
    "city": "Pirogovo",
    "url": "https://www.instagram.com/explore/locations/1018729682/vinnytsia-it-academy/"
  },
  {
    "id": "100160826032944",
    "name": "M.Glory Art Studio",
    "city": "Pirogovo",
    "url": "https://www.instagram.com/explore/locations/100160826032944/mglory-art-studio/"
  },
  {
    "id": "492892387879062",
    "name": "Монтерей / Monterey",
    "city": "Pirogovo",
    "url": "https://www.instagram.com/explore/locations/492892387879062/monterey/"
  },
  {
    "id": "603137440",
    "name": "Beef Eater",
    "city": "Pirogovo",
    "url": "https://www.instagram.com/explore/locations/603137440/beef-eater/"
  },
  {
    "id": "100650758020235",
    "name": "Derevyankostudio",
    "city": "Pirogovo",
    "url": "https://www.instagram.com/explore/locations/100650758020235/derevyankostudio/"
  },
  {
    "id": "323184968423051",
    "name": "Mr. & Ms. Meat",
    "city": "Pirogovo",
    "url": "https://www.instagram.com/explore/locations/323184968423051/mr-ms-meat/"
  },
  {
    "id": "664297660395768",
    "name": "MiniBoss Vinnytsia Business School",
    "city": "Pirogovo",
    "url": "https://www.instagram.com/explore/locations/664297660395768/miniboss-vinnytsia-business-school/"
  },
  {
    "id": "101733274880509",
    "name": "8bit_bar",
    "city": "Pirogovo",
    "url": "https://www.instagram.com/explore/locations/101733274880509/8bit_bar/"
  },
  {
    "id": "491145337763346",
    "name": "SkySoft.tech - Ukraine",
    "city": "Pirogovo",
    "url": "https://www.instagram.com/explore/locations/491145337763346/skysofttech-ukraine/"
  },
  {
    "id": "106068550861199",
    "name": "Стоматологическая клиника \"Art Dental\"",
    "city": "Pirogovo",
    "url": "https://www.instagram.com/explore/locations/106068550861199/art-dental/"
  },
  {
    "id": "191108718492465",
    "name": "Зодчих 12",
    "city": "Pirogovo",
    "url": "https://www.instagram.com/explore/locations/191108718492465/12/"
  },
  {
    "id": "106780607747469",
    "name": "Aroma клуб",
    "city": "Pirogovo",
    "url": "https://www.instagram.com/explore/locations/106780607747469/aroma/"
  },
  {
    "id": "104331261581971",
    "name": "DV Style Studio",
    "city": "Pirogovo",
    "url": "https://www.instagram.com/explore/locations/104331261581971/dv-style-studio/"
  },
  {
    "id": "632982883709252",
    "name": "ANEX Tour Поділля City",
    "city": "Pirogovo",
    "url": "https://www.instagram.com/explore/locations/632982883709252/anex-tour-city/"
  },
  {
    "id": "711160607",
    "name": "Ukraine, Vinnitsa",
    "city": "Pirogovo",
    "url": "https://www.instagram.com/explore/locations/711160607/ukraine-vinnitsa/"
  },
  {
    "id": "470281193775147",
    "name": "Bigman Coffee",
    "city": "Pirogovo",
    "url": "https://www.instagram.com/explore/locations/470281193775147/bigman-coffee/"
  },
  {
    "id": "262993484",
    "name": "4th Hostel",
    "city": "Pirogovo",
    "url": "https://www.instagram.com/explore/locations/262993484/4th-hostel/"
  },
  {
    "id": "727684404077801",
    "name": "Пологовий Будинок #1 Вінниця",
    "city": "Pirogovo",
    "url": "https://www.instagram.com/explore/locations/727684404077801/1/"
  },
  {
    "id": "432948666574648",
    "name": "Keratin Hair Studio",
    "city": "Pirogovo",
    "url": "https://www.instagram.com/explore/locations/432948666574648/keratin-hair-studio/"
  },
  {
    "id": "108374514368015",
    "name": "TЯGA",
    "city": "Pirogovo",
    "url": "https://www.instagram.com/explore/locations/108374514368015/tga/"
  },
  {
    "id": "110503764514585",
    "name": "Med OK",
    "city": "Pirogovo",
    "url": "https://www.instagram.com/explore/locations/110503764514585/med-ok/"
  },
  {
    "id": "1668743743164579",
    "name": "Escobar",
    "city": "Pirogovo",
    "url": "https://www.instagram.com/explore/locations/1668743743164579/escobar/"
  },
  {
    "id": "291640488359806",
    "name": "КлиникаФармоза , Зодчих 18",
    "city": "Pirogovo",
    "url": "https://www.instagram.com/explore/locations/291640488359806/18/"
  },
  {
    "id": "247591353",
    "name": "Планета Moda-Bar",
    "city": "Pirogovo",
    "url": "https://www.instagram.com/explore/locations/247591353/moda-bar/"
  },
  {
    "id": "101486741720346",
    "name": "Betov Records",
    "city": "Pirogovo",
    "url": "https://www.instagram.com/explore/locations/101486741720346/betov-records/"
  },
  {
    "id": "110956886994867",
    "name": "Кав'ярня Lumore",
    "city": "Pirogovo",
    "url": "https://www.instagram.com/explore/locations/110956886994867/lumore/"
  },
  {
    "id": "255615500",
    "name": "Terra Marre",
    "city": "Pirogovo",
    "url": "https://www.instagram.com/explore/locations/255615500/terra-marre/"
  },
  {
    "id": "103036051531534",
    "name": "EnglishTime",
    "city": "Pirogovo",
    "url": "https://www.instagram.com/explore/locations/103036051531534/englishtime/"
  },
  {
    "id": "305526883223359",
    "name": "Skynet Cyber Zone Винница",
    "city": "Pirogovo",
    "url": "https://www.instagram.com/explore/locations/305526883223359/skynet-cyber-zone/"
  },
  {
    "id": "1595774873876952",
    "name": "Escobar",
    "city": "Pirogovo",
    "url": "https://www.instagram.com/explore/locations/1595774873876952/escobar/"
  },
  {
    "id": "1501325646604969",
    "name": "Mova",
    "city": "Pirogovo",
    "url": "https://www.instagram.com/explore/locations/1501325646604969/mova/"
  },
  {
    "id": "1919810581469970",
    "name": "ATOM",
    "city": "Pirogovo",
    "url": "https://www.instagram.com/explore/locations/1919810581469970/atom/"
  },
  {
    "id": "267437857247050",
    "name": "Школа #16",
    "city": "Pirogovo",
    "url": "https://www.instagram.com/explore/locations/267437857247050/16/"
  },
  {
    "id": "112444191942929",
    "name": "Moo·ment Coffee",
    "city": "Pirogovo",
    "url": "https://www.instagram.com/explore/locations/112444191942929/mooment-coffee/"
  },
  {
    "id": "1527783937261216",
    "name": "European Square",
    "city": "Pirogovo",
    "url": "https://www.instagram.com/explore/locations/1527783937261216/european-square/"
  },
  {
    "id": "105408417977903",
    "name": "Red Moon",
    "city": "Pirogovo",
    "url": "https://www.instagram.com/explore/locations/105408417977903/red-moon/"
  },
  {
    "id": "532233767293808",
    "name": "Зодчих 18",
    "city": "Pirogovo",
    "url": "https://www.instagram.com/explore/locations/532233767293808/18/"
  },
  {
    "id": "636283370342321",
    "name": "Медичний центр MedOne",
    "city": "Pirogovo",
    "url": "https://www.instagram.com/explore/locations/636283370342321/medone/"
  },
  {
    "id": "113805150257669",
    "name": "BonOptic",
    "city": "Pirogovo",
    "url": "https://www.instagram.com/explore/locations/113805150257669/bonoptic/"
  },
  {
    "id": "444077852995265",
    "name": "ZEFIR&Co",
    "city": "Pirogovo",
    "url": "https://www.instagram.com/explore/locations/444077852995265/zefirco/"
  },
  {
    "id": "310676949606366",
    "name": "KidIT Вінниця Урожай",
    "city": "Pirogovo",
    "url": "https://www.instagram.com/explore/locations/310676949606366/kidit/"
  },
  {
    "id": "1090163381098240",
    "name": "Студія \"OnikaПерманентний Макіяж, видалення Татуажу, Лазерна епіляція.",
    "city": "Pirogovo",
    "url": "https://www.instagram.com/explore/locations/1090163381098240/onika/"
  },
  {
    "id": "119668743227110",
    "name": "Вінниця, Майбороди, 17",
    "city": "Pirogovo",
    "url": "https://www.instagram.com/explore/locations/119668743227110/17/"
  },
  {
    "id": "100421301695573",
    "name": "Спати солодко - постільна білизна, ковдри і подушки, скатерки",
    "city": "Pirogovo",
    "url": "https://www.instagram.com/explore/locations/100421301695573/-/"
  },
  {
    "id": "304827007778",
    "name": "المركز الثقافي الإسلامي الإسراء - فينيتسا ІКЦ Аль Ісра М. Вінниця",
    "city": "Pirogovo",
    "url": "https://www.instagram.com/explore/locations/304827007778/-/"
  },
  {
    "id": "219956644681476",
    "name": "ТМ Грація - медичний одяг і уніформа",
    "city": "Pirogovo",
    "url": "https://www.instagram.com/explore/locations/219956644681476/-/"
  },
  {
    "id": "102160498088932",
    "name": "Khalaman Olena design&beauty studio",
    "city": "Pirogovo",
    "url": "https://www.instagram.com/explore/locations/102160498088932/khalaman-olena-designbeauty-studio/"
  },
  {
    "id": "107994667452478",
    "name": "Blaster TAG",
    "city": "Pirogovo",
    "url": "https://www.instagram.com/explore/locations/107994667452478/blaster-tag/"
  },
  {
    "id": "371312993297967",
    "name": "KeyCars Service",
    "city": "Pirogovo",
    "url": "https://www.instagram.com/explore/locations/371312993297967/keycars-service/"
  },
  {
    "id": "1534202953345103",
    "name": "Салон Красоты Марафет Шевченка 29",
    "city": "Pirogovo",
    "url": "https://www.instagram.com/explore/locations/1534202953345103/29/"
  },
  {
    "id": "108736554628215",
    "name": "Bella Mia",
    "city": "Pirogovo",
    "url": "https://www.instagram.com/explore/locations/108736554628215/bella-mia/"
  },
  {
    "id": "103545557866312",
    "name": "menthol_dental",
    "city": "Pirogovo",
    "url": "https://www.instagram.com/explore/locations/103545557866312/menthol_dental/"
  },
  {
    "id": "112910476873156",
    "name": "Safari",
    "city": "Pirogovo",
    "url": "https://www.instagram.com/explore/locations/112910476873156/safari/"
  },
  {
    "id": "1024143252",
    "name": "PANNA boutique",
    "city": "Pirogovo",
    "url": "https://www.instagram.com/explore/locations/1024143252/panna-boutique/"
  },
  {
    "id": "815659501",
    "name": "Отель Harvest Винница",
    "city": "Pirogovo",
    "url": "https://www.instagram.com/explore/locations/815659501/harvest/"
  },
  {
    "id": "802446310",
    "name": "EstetHouse",
    "city": "Pirogovo",
    "url": "https://www.instagram.com/explore/locations/802446310/estethouse/"
  },
  {
    "id": "103196594603187",
    "name": "EVA Group",
    "city": "Pirogovo",
    "url": "https://www.instagram.com/explore/locations/103196594603187/eva-group/"
  },
  {
    "id": "110984563629189",
    "name": "SPA-салон VITA",
    "city": "Pirogovo",
    "url": "https://www.instagram.com/explore/locations/110984563629189/spa-vita/"
  },
  {
    "id": "571844009912803",
    "name": "Morimoto Sushi Доставка суші",
    "city": "Pirogovo",
    "url": "https://www.instagram.com/explore/locations/571844009912803/morimoto-sushi/"
  },
  {
    "id": "113206933920044",
    "name": "Restaurant Feride",
    "city": "Pirogovo",
    "url": "https://www.instagram.com/explore/locations/113206933920044/restaurant-feride/"
  },
  {
    "id": "100805854677267",
    "name": "La Mousse Pastry",
    "city": "Pirogovo",
    "url": "https://www.instagram.com/explore/locations/100805854677267/la-mousse-pastry/"
  },
  {
    "id": "100183675651477",
    "name": "Майстерня Чебуречного Мистецтва ART CHE\"",
    "city": "Pirogovo",
    "url": "https://www.instagram.com/explore/locations/100183675651477/art-che/"
  },
  {
    "id": "1029176836",
    "name": "ДНЗ 7 \"Подоляночка\"",
    "city": "Pirogovo",
    "url": "https://www.instagram.com/explore/locations/1029176836/7/"
  },
  {
    "id": "111796587659113",
    "name": "Мамалеча - коворкінг для матусь",
    "city": "Pirogovo",
    "url": "https://www.instagram.com/explore/locations/111796587659113/-/"
  },
  {
    "id": "100392909255503",
    "name": "AIWA market",
    "city": "Pirogovo",
    "url": "https://www.instagram.com/explore/locations/100392909255503/aiwa-market/"
  },
  {
    "id": "1106239386080080",
    "name": "NIA beauty center",
    "city": "Pirogovo",
    "url": "https://www.instagram.com/explore/locations/1106239386080080/nia-beauty-center/"
  },
  {
    "id": "234916987192489",
    "name": "Be.sexy.center",
    "city": "Pirogovo",
    "url": "https://www.instagram.com/explore/locations/234916987192489/besexycenter/"
  },
  {
    "id": "107665175622841",
    "name": "Phila.sushi.vn",
    "city": "Pirogovo",
    "url": "https://www.instagram.com/explore/locations/107665175622841/philasushivn/"
  },
  {
    "id": "101383388195889",
    "name": "Убивает 99.9% микроб",
    "city": "Pirogovo",
    "url": "https://www.instagram.com/explore/locations/101383388195889/999/"
  },
  {
    "id": "1531942010273366",
    "name": "IPF Інститут планування сім\"ї у Вінниці",
    "city": "Pirogovo",
    "url": "https://www.instagram.com/explore/locations/1531942010273366/ipf/"
  },
  {
    "id": "103194618120984",
    "name": "MY School",
    "city": "Pirogovo",
    "url": "https://www.instagram.com/explore/locations/103194618120984/my-school/"
  },
  {
    "id": "2103918806301881",
    "name": "Дитяча архітектурна студія ARCHIпростір",
    "city": "Pirogovo",
    "url": "https://www.instagram.com/explore/locations/2103918806301881/archi/"
  },
  {
    "id": "319446332206671",
    "name": "Дитячий Садочок #19",
    "city": "Pirogovo",
    "url": "https://www.instagram.com/explore/locations/319446332206671/19/"
  },
  {
    "id": "496703047371235",
    "name": "5-ти хатки",
    "city": "Pirogovo",
    "url": "https://www.instagram.com/explore/locations/496703047371235/5-/"
  },
  {
    "id": "749816475",
    "name": "Sport Time Restaurant. Vinnitsa.",
    "city": "Pirogovo",
    "url": "https://www.instagram.com/explore/locations/749816475/sport-time-restaurant-vinnitsa/"
  },
  {
    "id": "751362031732521",
    "name": "Dedey",
    "city": "Pirogovo",
    "url": "https://www.instagram.com/explore/locations/751362031732521/dedey/"
  },
  {
    "id": "108766407676543",
    "name": "Famous town",
    "city": "Pirogovo",
    "url": "https://www.instagram.com/explore/locations/108766407676543/famous-town/"
  },
  {
    "id": "103844138435705",
    "name": "Медичний центр Levanchuk.med м. Вінниця",
    "city": "Pirogovo",
    "url": "https://www.instagram.com/explore/locations/103844138435705/levanchukmed/"
  },
  {
    "id": "144447289395116",
    "name": "Центр візових та туристичних послуг VisaRoom",
    "city": "Pirogovo",
    "url": "https://www.instagram.com/explore/locations/144447289395116/visaroom/"
  },
  {
    "id": "1023557805",
    "name": "Paprika Studio",
    "city": "Pirogovo",
    "url": "https://www.instagram.com/explore/locations/1023557805/paprika-studio/"
  },
  {
    "id": "2375079042729031",
    "name": "Smart Panda",
    "city": "Pirogovo",
    "url": "https://www.instagram.com/explore/locations/2375079042729031/smart-panda/"
  },
  {
    "id": "305295540086261",
    "name": "Alcobar",
    "city": "Pirogovo",
    "url": "https://www.instagram.com/explore/locations/305295540086261/alcobar/"
  },
  {
    "id": "454735525296343",
    "name": "Hotel Feride",
    "city": "Pirogovo",
    "url": "https://www.instagram.com/explore/locations/454735525296343/hotel-feride/"
  },
  {
    "id": "108316362012065",
    "name": "Fitness time",
    "city": "Pirogovo",
    "url": "https://www.instagram.com/explore/locations/108316362012065/fitness-time/"
  },
  {
    "id": "101183658894421",
    "name": "TILO House",
    "city": "Pirogovo",
    "url": "https://www.instagram.com/explore/locations/101183658894421/tilo-house/"
  },
  {
    "id": "152593961812769",
    "name": "Пирогова 24",
    "city": "Pirogovo",
    "url": "https://www.instagram.com/explore/locations/152593961812769/24/"
  },
  {
    "id": "718939381610235",
    "name": "Шашлык-Драйв",
    "city": "Pirogovo",
    "url": "https://www.instagram.com/explore/locations/718939381610235/-/"
  },
  {
    "id": "636727253169926",
    "name": "VAZA Flowers&Decor",
    "city": "Pirogovo",
    "url": "https://www.instagram.com/explore/locations/636727253169926/vaza-flowersdecor/"
  },
  {
    "id": "725453597603816",
    "name": "Sweet Home",
    "city": "Pirogovo",
    "url": "https://www.instagram.com/explore/locations/725453597603816/sweet-home/"
  },
  {
    "id": "1805900479679351",
    "name": "Life Travel",
    "city": "Pirogovo",
    "url": "https://www.instagram.com/explore/locations/1805900479679351/life-travel/"
  },
  {
    "id": "106765784620830",
    "name": "VAZON",
    "city": "Pirogovo",
    "url": "https://www.instagram.com/explore/locations/106765784620830/vazon/"
  },
  {
    "id": "1275482479140967",
    "name": "Green Club - Консольный клуб",
    "city": "Pirogovo",
    "url": "https://www.instagram.com/explore/locations/1275482479140967/green-club-/"
  },
  {
    "id": "622766134894878",
    "name": "Міська Клінічна Лікарня 3",
    "city": "Pirogovo",
    "url": "https://www.instagram.com/explore/locations/622766134894878/3/"
  },
  {
    "id": "103758818131732",
    "name": "Гимназия 24, г. Винница",
    "city": "Pirogovo",
    "url": "https://www.instagram.com/explore/locations/103758818131732/24/"
  },
  {
    "id": "212525666182550",
    "name": "Пирогова 4б",
    "city": "Pirogovo",
    "url": "https://www.instagram.com/explore/locations/212525666182550/4/"
  },
  {
    "id": "364799655",
    "name": "Vinnytsia Ukrain",
    "city": "Pirogovo",
    "url": "https://www.instagram.com/explore/locations/364799655/vinnytsia-ukrain/"
  },
  {
    "id": "105545754248808",
    "name": "Гарнюня - Дитяча Перукарня",
    "city": "Pirogovo",
    "url": "https://www.instagram.com/explore/locations/105545754248808/-/"
  },
  {
    "id": "1779100062408159",
    "name": "Кацмазівська ЗОШ І-ІІ ступенів",
    "city": "Pirogovo",
    "url": "https://www.instagram.com/explore/locations/1779100062408159/-/"
  },
  {
    "id": "1593531007609389",
    "name": "Gentleman's cafe",
    "city": "Pirogovo",
    "url": "https://www.instagram.com/explore/locations/1593531007609389/gentlemans-cafe/"
  },
  {
    "id": "108131614258047",
    "name": "u.sova.beauty.space",
    "city": "Pirogovo",
    "url": "https://www.instagram.com/explore/locations/108131614258047/usovabeautyspace/"
  },
  {
    "id": "105323828018478",
    "name": "Pilates_ID•byiaroslavna",
    "city": "Pirogovo",
    "url": "https://www.instagram.com/explore/locations/105323828018478/pilates_idbyiaroslavna/"
  },
  {
    "id": "182462929298398",
    "name": "Дачная, 6",
    "city": "Pirogovo",
    "url": "https://www.instagram.com/explore/locations/182462929298398/6/"
  },
  {
    "id": "1907471186199271",
    "name": "«Yurtsev&Partners» Юридична Компанія",
    "city": "Pirogovo",
    "url": "https://www.instagram.com/explore/locations/1907471186199271/yurtsevpartners/"
  },
  {
    "id": "2202987739713698",
    "name": "DIAS • Beauty room & shop •",
    "city": "Pirogovo",
    "url": "https://www.instagram.com/explore/locations/2202987739713698/dias-beauty-room-shop/"
  },
  {
    "id": "248733439125079",
    "name": "Ресторан-готельЧерчель",
    "city": "Pirogovo",
    "url": "https://www.instagram.com/explore/locations/248733439125079/-/"
  },
  {
    "id": "113209247226891",
    "name": "Izumrud.vin",
    "city": "Pirogovo",
    "url": "https://www.instagram.com/explore/locations/113209247226891/izumrudvin/"
  },
  {
    "id": "100529935196437",
    "name": "YUMMY MOMMY",
    "city": "Pirogovo",
    "url": "https://www.instagram.com/explore/locations/100529935196437/yummy-mommy/"
  },
  {
    "id": "101417905319835",
    "name": "Магазин товарів для немовлят - ibaby.ua у Вінниці",
    "city": "Pirogovo",
    "url": "https://www.instagram.com/explore/locations/101417905319835/-ibabyua/"
  },
  {
    "id": "100253826284516",
    "name": "iq.beauty.vn",
    "city": "Pirogovo",
    "url": "https://www.instagram.com/explore/locations/100253826284516/iqbeautyvn/"
  },
  {
    "id": "240105977",
    "name": "Свердлова 157А",
    "city": "Pirogovo",
    "url": "https://www.instagram.com/explore/locations/240105977/157/"
  },
  {
    "id": "1736030163312301",
    "name": "Студія святкового дизайну \"Sharrlin DiSe\"",
    "city": "Pirogovo",
    "url": "https://www.instagram.com/explore/locations/1736030163312301/sharrlin-dise/"
  },
  {
    "id": "905416919",
    "name": "Прокат Детских Товаров Baby Service",
    "city": "Pirogovo",
    "url": "https://www.instagram.com/explore/locations/905416919/baby-service/"
  },
  {
    "id": "235967803774993",
    "name": "Кафедра ЛОР-хвороб ВНМУім МІ Пирогова",
    "city": "Pirogovo",
    "url": "https://www.instagram.com/explore/locations/235967803774993/-/"
  },
  {
    "id": "565203377252778",
    "name": "Площа 8-го Березня",
    "city": "Pirogovo",
    "url": "https://www.instagram.com/explore/locations/565203377252778/8-/"
  },
  {
    "id": "102187334700558",
    "name": "Хмельницьке Шосе 11",
    "city": "Pirogovo",
    "url": "https://www.instagram.com/explore/locations/102187334700558/11/"
  },
  {
    "id": "105447821839358",
    "name": "СТО \"AlexAvto.vin\"",
    "city": "Pirogovo",
    "url": "https://www.instagram.com/explore/locations/105447821839358/alexavtovin/"
  },
  {
    "id": "200492169969526",
    "name": "Бизнес-клуб \"MoneyFest\"",
    "city": "Pirogovo",
    "url": "https://www.instagram.com/explore/locations/200492169969526/-moneyfest/"
  },
  {
    "id": "157333678549679",
    "name": "harvest",
    "city": "Pirogovo",
    "url": "https://www.instagram.com/explore/locations/157333678549679/harvest/"
  },
  {
    "id": "111024225066978",
    "name": "Siluet Studiya",
    "city": "Pirogovo",
    "url": "https://www.instagram.com/explore/locations/111024225066978/siluet-studiya/"
  },
  {
    "id": "127321890951214",
    "name": "RGB-lab",
    "city": "Pirogovo",
    "url": "https://www.instagram.com/explore/locations/127321890951214/rgb-lab/"
  },
  {
    "id": "425369348",
    "name": "Аль-Исра Матроса Кошки 63",
    "city": "Pirogovo",
    "url": "https://www.instagram.com/explore/locations/425369348/-63/"
  },
  {
    "id": "229978023758178",
    "name": "ExpressDent.net",
    "city": "Pirogovo",
    "url": "https://www.instagram.com/explore/locations/229978023758178/expressdentnet/"
  },
  {
    "id": "508713279597137",
    "name": "Magi Grand",
    "city": "Pirogovo",
    "url": "https://www.instagram.com/explore/locations/508713279597137/magi-grand/"
  },
  {
    "id": "584692495296920",
    "name": "Izumrud / Изумруд",
    "city": "Pirogovo",
    "url": "https://www.instagram.com/explore/locations/584692495296920/izumrud/"
  },
  {
    "id": "2208055972805700",
    "name": "Damas",
    "city": "Pirogovo",
    "url": "https://www.instagram.com/explore/locations/2208055972805700/damas/"
  },
  {
    "id": "217619197",
    "name": "Sport Life",
    "city": "Pirogovo",
    "url": "https://www.instagram.com/explore/locations/217619197/sport-life/"
  },
  {
    "id": "328223584554781",
    "name": "brabrabra",
    "city": "Pirogovo",
    "url": "https://www.instagram.com/explore/locations/328223584554781/brabrabra/"
  },
  {
    "id": "112945627069997",
    "name": "Beer Town",
    "city": "Pirogovo",
    "url": "https://www.instagram.com/explore/locations/112945627069997/beer-town/"
  },
  {
    "id": "1100195860105444",
    "name": "7Form UA",
    "city": "Pirogovo",
    "url": "https://www.instagram.com/explore/locations/1100195860105444/7form-ua/"
  },
  {
    "id": "1415893638493387",
    "name": "Кондитерська Майстерня \"Terra Mare\"",
    "city": "Pirogovo",
    "url": "https://www.instagram.com/explore/locations/1415893638493387/terra-mare/"
  },
  {
    "id": "102375969109715",
    "name": "The Bozz",
    "city": "Pirogovo",
    "url": "https://www.instagram.com/explore/locations/102375969109715/the-bozz/"
  },
  {
    "id": "1023155069",
    "name": "Pirogov Hospital",
    "city": "Pirogovo",
    "url": "https://www.instagram.com/explore/locations/1023155069/pirogov-hospital/"
  },
  {
    "id": "1010513825",
    "name": "Melia Sharm Resort & Spa Sharm El Sheikh",
    "city": "Pirogovo",
    "url": "https://www.instagram.com/explore/locations/1010513825/melia-sharm-resort-spa-sharm-el-sheikh/"
  },
  {
    "id": "111494386917278",
    "name": "New Level",
    "city": "Pirogovo",
    "url": "https://www.instagram.com/explore/locations/111494386917278/new-level/"
  },
  {
    "id": "847695455582211",
    "name": "Загальноосвітня школа І-ІІІ ст. 19",
    "city": "Pirogovo",
    "url": "https://www.instagram.com/explore/locations/847695455582211/-19/"
  },
  {
    "id": "239656793046539",
    "name": "Marina Solonenko",
    "city": "Pirogovo",
    "url": "https://www.instagram.com/explore/locations/239656793046539/marina-solonenko/"
  },
  {
    "id": "106231145654587",
    "name": "4pets_shop_",
    "city": "Pirogovo",
    "url": "https://www.instagram.com/explore/locations/106231145654587/4pets_shop_/"
  },
  {
    "id": "420254991839749",
    "name": "Школа 19",
    "city": "Pirogovo",
    "url": "https://www.instagram.com/explore/locations/420254991839749/19/"
  },
  {
    "id": "112371313565251",
    "name": "MakeUp & Hair Zone",
    "city": "Pirogovo",
    "url": "https://www.instagram.com/explore/locations/112371313565251/makeup-hair-zone/"
  },
  {
    "id": "448186122051844",
    "name": "Vnedorognik.ua",
    "city": "Pirogovo",
    "url": "https://www.instagram.com/explore/locations/448186122051844/vnedorognikua/"
  },
  {
    "id": "293004342",
    "name": "Win Interactive LLC",
    "city": "Pirogovo",
    "url": "https://www.instagram.com/explore/locations/293004342/win-interactive-llc/"
  },
  {
    "id": "100488855303884",
    "name": "LLaser- косметологічна клініка",
    "city": "Pirogovo",
    "url": "https://www.instagram.com/explore/locations/100488855303884/llaser-/"
  },
  {
    "id": "103205551087221",
    "name": "Ustim Barbershop",
    "city": "Pirogovo",
    "url": "https://www.instagram.com/explore/locations/103205551087221/ustim-barbershop/"
  },
  {
    "id": "2272637592751275",
    "name": "ул.Шевченко 29",
    "city": "Pirogovo",
    "url": "https://www.instagram.com/explore/locations/2272637592751275/29/"
  },
  {
    "id": "1395059007250199",
    "name": "Винница, Свердлова 145",
    "city": "Pirogovo",
    "url": "https://www.instagram.com/explore/locations/1395059007250199/145/"
  },
  {
    "id": "1952587808373224",
    "name": "Пирогова 107а",
    "city": "Pirogovo",
    "url": "https://www.instagram.com/explore/locations/1952587808373224/107/"
  },
  {
    "id": "125749690614542",
    "name": "Solus Фотоательє автопортрета",
    "city": "Pirogovo",
    "url": "https://www.instagram.com/explore/locations/125749690614542/solus/"
  },
  {
    "id": "489675751801147",
    "name": "Izumrud",
    "city": "Pirogovo",
    "url": "https://www.instagram.com/explore/locations/489675751801147/izumrud/"
  },
  {
    "id": "102660311170222",
    "name": "Strong Man",
    "city": "Pirogovo",
    "url": "https://www.instagram.com/explore/locations/102660311170222/strong-man/"
  },
  {
    "id": "1740639086015237",
    "name": "Pronto Pizza Вінниця",
    "city": "Pirogovo",
    "url": "https://www.instagram.com/explore/locations/1740639086015237/pronto-pizza/"
  },
  {
    "id": "400932480716366",
    "name": "Винница Пирогова 103",
    "city": "Pirogovo",
    "url": "https://www.instagram.com/explore/locations/400932480716366/103/"
  },
  {
    "id": "322445135110385",
    "name": "Dr. Irina Revkova Health & Beauty Space",
    "city": "Pirogovo",
    "url": "https://www.instagram.com/explore/locations/322445135110385/dr-irina-revkova-health-beauty-space/"
  },
  {
    "id": "909558199407021",
    "name": "Origami Cafe",
    "city": "Pirogovo",
    "url": "https://www.instagram.com/explore/locations/909558199407021/origami-cafe/"
  },
  {
    "id": "1035235751",
    "name": "Express Grill",
    "city": "Pirogovo",
    "url": "https://www.instagram.com/explore/locations/1035235751/express-grill/"
  },
  {
    "id": "2133840910057257",
    "name": "UmbrellaVR",
    "city": "Pirogovo",
    "url": "https://www.instagram.com/explore/locations/2133840910057257/umbrellavr/"
  },
  {
    "id": "182454795602027",
    "name": "Венецианская штукатурка - Wall Art - Художественное Оформление Интерьеров",
    "city": "Pirogovo",
    "url": "https://www.instagram.com/explore/locations/182454795602027/-wall-art-/"
  },
  {
    "id": "1279449142211430",
    "name": "Тераса ресторануFeride Plaza",
    "city": "Pirogovo",
    "url": "https://www.instagram.com/explore/locations/1279449142211430/feride-plaza/"
  },
  {
    "id": "350042125450698",
    "name": "Щелепно-лицева та реконструктивна хірургія",
    "city": "Pirogovo",
    "url": "https://www.instagram.com/explore/locations/350042125450698/-/"
  },
  {
    "id": "871835819610638",
    "name": "Школа 26, Улица Хмельницкое Шоссе",
    "city": "Pirogovo",
    "url": "https://www.instagram.com/explore/locations/871835819610638/26/"
  },
  {
    "id": "169207710663580",
    "name": "WakeUp",
    "city": "Pirogovo",
    "url": "https://www.instagram.com/explore/locations/169207710663580/wakeup/"
  },
  {
    "id": "448948589251376",
    "name": "Чомучки - дитячий центр-садок у Вінниці",
    "city": "Pirogovo",
    "url": "https://www.instagram.com/explore/locations/448948589251376/-/"
  },
  {
    "id": "103448735759947",
    "name": "Вінницький ліцей 4",
    "city": "Pirogovo",
    "url": "https://www.instagram.com/explore/locations/103448735759947/4/"
  },
  {
    "id": "141242496564067",
    "name": "Friendzone",
    "city": "Pirogovo",
    "url": "https://www.instagram.com/explore/locations/141242496564067/friendzone/"
  },
  {
    "id": "319415601868484",
    "name": "Bigman Coffee",
    "city": "Pirogovo",
    "url": "https://www.instagram.com/explore/locations/319415601868484/bigman-coffee/"
  },
  {
    "id": "2219321051727784",
    "name": "ДНЗ N 1Слов'яночка",
    "city": "Pirogovo",
    "url": "https://www.instagram.com/explore/locations/2219321051727784/n-1/"
  },
  {
    "id": "2456709194552638",
    "name": "Blackroom dateiling",
    "city": "Pirogovo",
    "url": "https://www.instagram.com/explore/locations/2456709194552638/blackroom-dateiling/"
  },
  {
    "id": "253856842144659",
    "name": "Black Mold Tattoo Studio",
    "city": "Pirogovo",
    "url": "https://www.instagram.com/explore/locations/253856842144659/black-mold-tattoo-studio/"
  },
  {
    "id": "2001627786744084",
    "name": "Shashlikdrive",
    "city": "Pirogovo",
    "url": "https://www.instagram.com/explore/locations/2001627786744084/shashlikdrive/"
  },
  {
    "id": "106130192159919",
    "name": "Introvert",
    "city": "Pirogovo",
    "url": "https://www.instagram.com/explore/locations/106130192159919/introvert/"
  },
  {
    "id": "1015760699",
    "name": "EgoMotion Студия Звукозаписи Винница",
    "city": "Pirogovo",
    "url": "https://www.instagram.com/explore/locations/1015760699/egomotion/"
  },
  {
    "id": "726502647713800",
    "name": "TattooENOT Vinnica",
    "city": "Pirogovo",
    "url": "https://www.instagram.com/explore/locations/726502647713800/tattooenot-vinnica/"
  },
  {
    "id": "14623016",
    "name": "Vinnitsa",
    "city": "Pirogovo",
    "url": "https://www.instagram.com/explore/locations/14623016/vinnitsa/"
  },
  {
    "id": "208982363230533",
    "name": "Farba beauty studio",
    "city": "Pirogovo",
    "url": "https://www.instagram.com/explore/locations/208982363230533/farba-beauty-studio/"
  },
  {
    "id": "206278643499734",
    "name": "GoodMood",
    "city": "Pirogovo",
    "url": "https://www.instagram.com/explore/locations/206278643499734/goodmood/"
  },
  {
    "id": "170623353892822",
    "name": "Tornado Gym",
    "city": "Pirogovo",
    "url": "https://www.instagram.com/explore/locations/170623353892822/tornado-gym/"
  },
  {
    "id": "308937180053511",
    "name": "Артынова З8 My Skin Medical & School",
    "city": "Pirogovo",
    "url": "https://www.instagram.com/explore/locations/308937180053511/8-my-skin-medical-school/"
  },
  {
    "id": "370555036623293",
    "name": "Eva",
    "city": "Pirogovo",
    "url": "https://www.instagram.com/explore/locations/370555036623293/eva/"
  },
  {
    "id": "350724548981983",
    "name": "Військово-Медичний центр ПС України-Приймальне Відділення",
    "city": "Pirogovo",
    "url": "https://www.instagram.com/explore/locations/350724548981983/-/"
  },
  {
    "id": "517547698",
    "name": "Feride Plaza Hotel",
    "city": "Pirogovo",
    "url": "https://www.instagram.com/explore/locations/517547698/feride-plaza-hotel/"
  },
  {
    "id": "106245307702438",
    "name": "Убивает 99.9% микробов",
    "city": "Pirogovo",
    "url": "https://www.instagram.com/explore/locations/106245307702438/999/"
  },
  {
    "id": "111500828060644",
    "name": "EMILІ шоу-рум меблів",
    "city": "Pirogovo",
    "url": "https://www.instagram.com/explore/locations/111500828060644/emil-/"
  },
  {
    "id": "435572696896524",
    "name": "Diha,guraru",
    "city": "Pirogovo",
    "url": "https://www.instagram.com/explore/locations/435572696896524/dihaguraru/"
  },
  {
    "id": "293155632",
    "name": "Safari Hotel",
    "city": "Pirogovo",
    "url": "https://www.instagram.com/explore/locations/293155632/safari-hotel/"
  },
  {
    "id": "108149400927449",
    "name": "Вінниця, Вул.пирогова, 76 Б",
    "city": "Pirogovo",
    "url": "https://www.instagram.com/explore/locations/108149400927449/76/"
  },
  {
    "id": "107415808473358",
    "name": "Skyroom",
    "city": "Pirogovo",
    "url": "https://www.instagram.com/explore/locations/107415808473358/skyroom/"
  },
  {
    "id": "104791190927957",
    "name": "Old Town Leather",
    "city": "Pirogovo",
    "url": "https://www.instagram.com/explore/locations/104791190927957/old-town-leather/"
  },
  {
    "id": "266185598",
    "name": "Feride Plaza Restaurant",
    "city": "Pirogovo",
    "url": "https://www.instagram.com/explore/locations/266185598/feride-plaza-restaurant/"
  },
  {
    "id": "2317807408530567",
    "name": "August.9",
    "city": "Pirogovo",
    "url": "https://www.instagram.com/explore/locations/2317807408530567/august9/"
  },
  {
    "id": "805456962937547",
    "name": "Little Black Dress",
    "city": "Pirogovo",
    "url": "https://www.instagram.com/explore/locations/805456962937547/little-black-dress/"
  },
  {
    "id": "454748038047951",
    "name": "Укрвіза - гармонія відпочинку. Розсилка гарячих турів.",
    "city": "Pirogovo",
    "url": "https://www.instagram.com/explore/locations/454748038047951/-/"
  },
  {
    "id": "351214855049075",
    "name": "КЄМО Вінниця - єврейська месіанська громада",
    "city": "Pirogovo",
    "url": "https://www.instagram.com/explore/locations/351214855049075/-/"
  },
  {
    "id": "180785356814355",
    "name": "КЗ «Вінницький ліцей #16»",
    "city": "Pirogovo",
    "url": "https://www.instagram.com/explore/locations/180785356814355/16/"
  },
  {
    "id": "193185004926353",
    "name": "вул. Заболотного 6",
    "city": "Pirogovo",
    "url": "https://www.instagram.com/explore/locations/193185004926353/6/"
  },
  {
    "id": "1008080695",
    "name": "ToniKa",
    "city": "Pirogovo",
    "url": "https://www.instagram.com/explore/locations/1008080695/tonika/"
  },
  {
    "id": "273013443195744",
    "name": "Челюстно - лицевая хирургия и удаление комков Биша",
    "city": "Pirogovo",
    "url": "https://www.instagram.com/explore/locations/273013443195744/-/"
  },
  {
    "id": "274628862396183",
    "name": "Newstoryvin",
    "city": "Pirogovo",
    "url": "https://www.instagram.com/explore/locations/274628862396183/newstoryvin/"
  },
  {
    "id": "438379430262528",
    "name": "Marsel",
    "city": "Pirogovo",
    "url": "https://www.instagram.com/explore/locations/438379430262528/marsel/"
  },
  {
    "id": "152252145472800",
    "name": "Спа салон \"Энигма- райский уголок здоровья, красоты идушевной атмосферы",
    "city": "Pirogovo",
    "url": "https://www.instagram.com/explore/locations/152252145472800/-/"
  },
  {
    "id": "108720551895011",
    "name": "ORIT Стоматологічна клініка",
    "city": "Pirogovo",
    "url": "https://www.instagram.com/explore/locations/108720551895011/orit/"
  },
  {
    "id": "588157808029734",
    "name": "Цент Красоты ,,butterfly\"",
    "city": "Pirogovo",
    "url": "https://www.instagram.com/explore/locations/588157808029734/butterfly/"
  },
  {
    "id": "255027788539119",
    "name": "RIA Редакція",
    "city": "Pirogovo",
    "url": "https://www.instagram.com/explore/locations/255027788539119/ria/"
  },
  {
    "id": "1029801486",
    "name": "Room 35",
    "city": "Pirogovo",
    "url": "https://www.instagram.com/explore/locations/1029801486/room-35/"
  },
  {
    "id": "105223077631727",
    "name": "Хаммам - оздоровчий SPA комплекс у Вінниці",
    "city": "Pirogovo",
    "url": "https://www.instagram.com/explore/locations/105223077631727/-spa/"
  },
  {
    "id": "2172571272819269",
    "name": "Rabbit Marketing",
    "city": "Pirogovo",
    "url": "https://www.instagram.com/explore/locations/2172571272819269/rabbit-marketing/"
  },
  {
    "id": "327847344688115",
    "name": "Freshline",
    "city": "Pirogovo",
    "url": "https://www.instagram.com/explore/locations/327847344688115/freshline/"
  },
  {
    "id": "416813295520843",
    "name": "ГотельFeride Plaza",
    "city": "Pirogovo",
    "url": "https://www.instagram.com/explore/locations/416813295520843/feride-plaza/"
  },
  {
    "id": "103464692103850",
    "name": "Nevo Faceterapy Hub",
    "city": "Pirogovo",
    "url": "https://www.instagram.com/explore/locations/103464692103850/nevo-faceterapy-hub/"
  },
  {
    "id": "100750899051323",
    "name": "MED OK Поділля",
    "city": "Pirogovo",
    "url": "https://www.instagram.com/explore/locations/100750899051323/med-ok/"
  },
  {
    "id": "457432188",
    "name": "Блока 14",
    "city": "Pirogovo",
    "url": "https://www.instagram.com/explore/locations/457432188/14/"
  },
  {
    "id": "1595707014054277",
    "name": "Карате клуб \"Lotus\"",
    "city": "Pirogovo",
    "url": "https://www.instagram.com/explore/locations/1595707014054277/lotus/"
  },
  {
    "id": "1034937811",
    "name": "Магазин \"iroom\"",
    "city": "Pirogovo",
    "url": "https://www.instagram.com/explore/locations/1034937811/iroom/"
  },
  {
    "id": "601200126890064",
    "name": "UP style",
    "city": "Pirogovo",
    "url": "https://www.instagram.com/explore/locations/601200126890064/up-style/"
  },
  {
    "id": "1889943717974419",
    "name": "FreshLine сендвіч - бар у Вінниці на Пирогова, 37",
    "city": "Pirogovo",
    "url": "https://www.instagram.com/explore/locations/1889943717974419/freshline-37/"
  },
  {
    "id": "140349206817310",
    "name": "Hello Student Online",
    "city": "Pirogovo",
    "url": "https://www.instagram.com/explore/locations/140349206817310/hello-student-online/"
  },
  {
    "id": "107964664279168",
    "name": "Салон Красоты “La Reine”",
    "city": "Pirogovo",
    "url": "https://www.instagram.com/explore/locations/107964664279168/la-reine/"
  },
  {
    "id": "1858329087714810",
    "name": "Освітній простір \"BeFirst\"",
    "city": "Pirogovo",
    "url": "https://www.instagram.com/explore/locations/1858329087714810/befirst/"
  },
  {
    "id": "114620686567093",
    "name": "Eclair_Eclair",
    "city": "Pirogovo",
    "url": "https://www.instagram.com/explore/locations/114620686567093/eclair_eclair/"
  },
  {
    "id": "106133237956122",
    "name": "ТРК Поділля - Сіті, \"сільпо\"",
    "city": "Pirogovo",
    "url": "https://www.instagram.com/explore/locations/106133237956122/-/"
  },
  {
    "id": "230086401240112",
    "name": "Sunny Village",
    "city": "Pirogovo",
    "url": "https://www.instagram.com/explore/locations/230086401240112/sunny-village/"
  },
  {
    "id": "1572448599448542",
    "name": "Магазин \"ispace\"",
    "city": "Pirogovo",
    "url": "https://www.instagram.com/explore/locations/1572448599448542/ispace/"
  },
  {
    "id": "452750351742270",
    "name": "Берегиня Інтернет-магазин",
    "city": "Pirogovo",
    "url": "https://www.instagram.com/explore/locations/452750351742270/-/"
  },
  {
    "id": "100504021685994",
    "name": "ШОК Ціна - товари для всієї родини",
    "city": "Pirogovo",
    "url": "https://www.instagram.com/explore/locations/100504021685994/-/"
  },
  {
    "id": "101473009024309",
    "name": "lac_muss.ua",
    "city": "Pirogovo",
    "url": "https://www.instagram.com/explore/locations/101473009024309/lac_mussua/"
  },
  {
    "id": "309076983304545",
    "name": "Vinnytsia National Pirogov Medical University",
    "city": "Pirogovo",
    "url": "https://www.instagram.com/explore/locations/309076983304545/vinnytsia-national-pirogov-medical-university/"
  },
  {
    "id": "2179377052180724",
    "name": "Реабілітаційний центр для Дітей-Інвалідів Промінь",
    "city": "Pirogovo",
    "url": "https://www.instagram.com/explore/locations/2179377052180724/-/"
  },
  {
    "id": "1027900083",
    "name": "LaMar Dance Academy - official",
    "city": "Pirogovo",
    "url": "https://www.instagram.com/explore/locations/1027900083/lamar-dance-academy-official/"
  },
  {
    "id": "239724272762812",
    "name": "Visa Literary and Technical Translation Agency",
    "city": "Pirogovo",
    "url": "https://www.instagram.com/explore/locations/239724272762812/visa-literary-and-technical-translation-agency/"
  },
  {
    "id": "103959927857512",
    "name": "Amcars.vn",
    "city": "Pirogovo",
    "url": "https://www.instagram.com/explore/locations/103959927857512/amcarsvn/"
  },
  {
    "id": "212974332246220",
    "name": "Центр святкових подій \"5 зірокм.Вінниця",
    "city": "Pirogovo",
    "url": "https://www.instagram.com/explore/locations/212974332246220/5/"
  },
  {
    "id": "100333674957242",
    "name": "Elite Store",
    "city": "Pirogovo",
    "url": "https://www.instagram.com/explore/locations/100333674957242/elite-store/"
  },
  {
    "id": "2093457627633417",
    "name": "Shell",
    "city": "Pirogovo",
    "url": "https://www.instagram.com/explore/locations/2093457627633417/shell/"
  },
  {
    "id": "320778577791755",
    "name": "Кавʼярня «SolAnt”",
    "city": "Pirogovo",
    "url": "https://www.instagram.com/explore/locations/320778577791755/solant/"
  },
  {
    "id": "392134324758711",
    "name": "Honey Nails & Spa",
    "city": "Pirogovo",
    "url": "https://www.instagram.com/explore/locations/392134324758711/honey-nails-spa/"
  },
  {
    "id": "1798210070226798",
    "name": "Винница, Где-То На Берегах Южного Буга.",
    "city": "Pirogovo",
    "url": "https://www.instagram.com/explore/locations/1798210070226798/-/"
  },
  {
    "id": "1011048901",
    "name": "Пангея Ультіма / Pangeya Ultima",
    "city": "Pirogovo",
    "url": "https://www.instagram.com/explore/locations/1011048901/pangeya-ultima/"
  },
  {
    "id": "561213767737055",
    "name": "Kokos_vin_bar",
    "city": "Pirogovo",
    "url": "https://www.instagram.com/explore/locations/561213767737055/kokos_vin_bar/"
  },
  {
    "id": "1026459018",
    "name": "Литвиненка 40",
    "city": "Pirogovo",
    "url": "https://www.instagram.com/explore/locations/1026459018/40/"
  },
  {
    "id": "1566044146958420",
    "name": "FotoSvit",
    "city": "Pirogovo",
    "url": "https://www.instagram.com/explore/locations/1566044146958420/fotosvit/"
  },
  {
    "id": "110823574535094",
    "name": "Lucky_studio_vn",
    "city": "Pirogovo",
    "url": "https://www.instagram.com/explore/locations/110823574535094/lucky_studio_vn/"
  },
  {
    "id": "339553000037829",
    "name": "Dominika Travel",
    "city": "Pirogovo",
    "url": "https://www.instagram.com/explore/locations/339553000037829/dominika-travel/"
  },
  {
    "id": "392369051376546",
    "name": "ЖК Pirogovsky",
    "city": "Pirogovo",
    "url": "https://www.instagram.com/explore/locations/392369051376546/pirogovsky/"
  },
  {
    "id": "228443557023535",
    "name": "MJ.club.vn",
    "city": "Pirogovo",
    "url": "https://www.instagram.com/explore/locations/228443557023535/mjclubvn/"
  },
  {
    "id": "107559060622169",
    "name": "Фігура - Естетика",
    "city": "Pirogovo",
    "url": "https://www.instagram.com/explore/locations/107559060622169/-/"
  },
  {
    "id": "136498140290482",
    "name": "Dr. Irina_ Yurievna, Feride Plaza - Cosmetology",
    "city": "Pirogovo",
    "url": "https://www.instagram.com/explore/locations/136498140290482/dr-irina_-yurievna-feride-plaza-cosmetology/"
  },
  {
    "id": "100263178480207",
    "name": "Терапевтически-образовательный центр Presenza",
    "city": "Pirogovo",
    "url": "https://www.instagram.com/explore/locations/100263178480207/-presenza/"
  },
  {
    "id": "1043851325703373",
    "name": "Zefir cafe Вінниця",
    "city": "Pirogovo",
    "url": "https://www.instagram.com/explore/locations/1043851325703373/zefir-cafe/"
  },
  {
    "id": "495901850479493",
    "name": "Farmoza",
    "city": "Pirogovo",
    "url": "https://www.instagram.com/explore/locations/495901850479493/farmoza/"
  },
  {
    "id": "134987287052407",
    "name": "Sweet Home Vinnytsia",
    "city": "Pirogovo",
    "url": "https://www.instagram.com/explore/locations/134987287052407/sweet-home-vinnytsia/"
  },
  {
    "id": "110954593897310",
    "name": "OpticaLinza",
    "city": "Pirogovo",
    "url": "https://www.instagram.com/explore/locations/110954593897310/opticalinza/"
  },
  {
    "id": "105320334312255",
    "name": "PARAD",
    "city": "Pirogovo",
    "url": "https://www.instagram.com/explore/locations/105320334312255/parad/"
  },
  {
    "id": "1628727720564832",
    "name": "Modern",
    "city": "Pirogovo",
    "url": "https://www.instagram.com/explore/locations/1628727720564832/modern/"
  },
  {
    "id": "116545115614329",
    "name": "FitCurves",
    "city": "Pirogovo",
    "url": "https://www.instagram.com/explore/locations/116545115614329/fitcurves/"
  },
  {
    "id": "1841464299515420",
    "name": "Свадебный Салон Queen Винница",
    "city": "Pirogovo",
    "url": "https://www.instagram.com/explore/locations/1841464299515420/queen/"
  },
  {
    "id": "1019780751464797",
    "name": "Здоровий чоловік - щаслива сім'я. Приватний кабінет Юрія Білоуса",
    "city": "Pirogovo",
    "url": "https://www.instagram.com/explore/locations/1019780751464797/-/"
  },
  {
    "id": "105566832649812",
    "name": "Asti -простір сімейного відпочинку",
    "city": "Pirogovo",
    "url": "https://www.instagram.com/explore/locations/105566832649812/asti-/"
  },
  {
    "id": "2357093717651513",
    "name": "ул. Шевченко, 7",
    "city": "Pirogovo",
    "url": "https://www.instagram.com/explore/locations/2357093717651513/7/"
  },
  {
    "id": "1034832243375871",
    "name": "Скалецкого, 38а",
    "city": "Pirogovo",
    "url": "https://www.instagram.com/explore/locations/1034832243375871/38/"
  },
  {
    "id": "111697457048735",
    "name": "2A studio",
    "city": "Pirogovo",
    "url": "https://www.instagram.com/explore/locations/111697457048735/2a-studio/"
  },
  {
    "id": "110965577325749",
    "name": "globus.vinnitsa",
    "city": "Pirogovo",
    "url": "https://www.instagram.com/explore/locations/110965577325749/globusvinnitsa/"
  },
  {
    "id": "741919609521230",
    "name": "MAMONT",
    "city": "Pirogovo",
    "url": "https://www.instagram.com/explore/locations/741919609521230/mamont/"
  },
  {
    "id": "112492200533746",
    "name": "Завтра-БОЛЬШЕ",
    "city": "Pirogovo",
    "url": "https://www.instagram.com/explore/locations/112492200533746/-/"
  },
  {
    "id": "292341028292248",
    "name": "Академика Ющенко 6",
    "city": "Pirogovo",
    "url": "https://www.instagram.com/explore/locations/292341028292248/6/"
  },
  {
    "id": "106123870817515",
    "name": "Винниця Зодчих 15",
    "city": "Pirogovo",
    "url": "https://www.instagram.com/explore/locations/106123870817515/15/"
  },
  {
    "id": "965485596831813",
    "name": "Gals",
    "city": "Pirogovo",
    "url": "https://www.instagram.com/explore/locations/965485596831813/gals/"
  },
  {
    "id": "291965261413828",
    "name": "Ashanti",
    "city": "Pirogovo",
    "url": "https://www.instagram.com/explore/locations/291965261413828/ashanti/"
  },
  {
    "id": "615630132160744",
    "name": "Blik Print",
    "city": "Pirogovo",
    "url": "https://www.instagram.com/explore/locations/615630132160744/blik-print/"
  },
  {
    "id": "885415436",
    "name": "Контакт-центр Premium Call",
    "city": "Pirogovo",
    "url": "https://www.instagram.com/explore/locations/885415436/-premium-call/"
  },
  {
    "id": "1044587922266830",
    "name": "Levika",
    "city": "Pirogovo",
    "url": "https://www.instagram.com/explore/locations/1044587922266830/levika/"
  },
  {
    "id": "749892848",
    "name": "Матроса Кошки 57",
    "city": "Pirogovo",
    "url": "https://www.instagram.com/explore/locations/749892848/57/"
  },
  {
    "id": "1345841198884998",
    "name": "ДНЗ # 21Оленка",
    "city": "Pirogovo",
    "url": "https://www.instagram.com/explore/locations/1345841198884998/21/"
  },
  {
    "id": "196310930909279",
    "name": "Ательє квітів \"Fleurette\"",
    "city": "Pirogovo",
    "url": "https://www.instagram.com/explore/locations/196310930909279/fleurette/"
  },
  {
    "id": "1238510086298512",
    "name": "Atlant Gym",
    "city": "Pirogovo",
    "url": "https://www.instagram.com/explore/locations/1238510086298512/atlant-gym/"
  },
  {
    "id": "830272007359983",
    "name": "B2B Jewelry Official",
    "city": "Pirogovo",
    "url": "https://www.instagram.com/explore/locations/830272007359983/b2b-jewelry-official/"
  },
  {
    "id": "2128865747370250",
    "name": "Enam Dental Studio",
    "city": "Pirogovo",
    "url": "https://www.instagram.com/explore/locations/2128865747370250/enam-dental-studio/"
  },
  {
    "id": "380546422517543",
    "name": "My Houme",
    "city": "Pirogovo",
    "url": "https://www.instagram.com/explore/locations/380546422517543/my-houme/"
  },
  {
    "id": "337136099964135",
    "name": "Арт-галерея \"Эстет\"",
    "city": "Pirogovo",
    "url": "https://www.instagram.com/explore/locations/337136099964135/-/"
  },
  {
    "id": "554299164955966",
    "name": "Escobar",
    "city": "Pirogovo",
    "url": "https://www.instagram.com/explore/locations/554299164955966/escobar/"
  },
  {
    "id": "1014760673",
    "name": "Kilima Njaro Restaurant",
    "city": "Pirogovo",
    "url": "https://www.instagram.com/explore/locations/1014760673/kilima-njaro-restaurant/"
  },
  {
    "id": "1605361016454287",
    "name": "Printers - заправка картриджей, ремонт принтеров, компьютеров в г. Винница",
    "city": "Pirogovo",
    "url": "https://www.instagram.com/explore/locations/1605361016454287/printers-/"
  },
  {
    "id": "2154942781203905",
    "name": "Gerus Beauty Center",
    "city": "Pirogovo",
    "url": "https://www.instagram.com/explore/locations/2154942781203905/gerus-beauty-center/"
  },
  {
    "id": "114372230002161",
    "name": "IBuh, Бухгалтерські послуги у Вінниці",
    "city": "Pirogovo",
    "url": "https://www.instagram.com/explore/locations/114372230002161/ibuh/"
  },
  {
    "id": "691458687962609",
    "name": "Салон штор Sunny",
    "city": "Pirogovo",
    "url": "https://www.instagram.com/explore/locations/691458687962609/sunny/"
  },
  {
    "id": "460647588021942",
    "name": "StambulRinak",
    "city": "Pirogovo",
    "url": "https://www.instagram.com/explore/locations/460647588021942/stambulrinak/"
  },
  {
    "id": "1536128169834506",
    "name": "Mr. Brown Coffee green",
    "city": "Pirogovo",
    "url": "https://www.instagram.com/explore/locations/1536128169834506/mr-brown-coffee-green/"
  },
  {
    "id": "1802301529825479",
    "name": "Спасо-преображенський Собор В Вінниця",
    "city": "Pirogovo",
    "url": "https://www.instagram.com/explore/locations/1802301529825479/-/"
  },
  {
    "id": "350548152473587",
    "name": "Обласний Дитячий Кардіо-Ревматологічний Санаторій",
    "city": "Pirogovo",
    "url": "https://www.instagram.com/explore/locations/350548152473587/-/"
  },
  {
    "id": "106931672248899",
    "name": "Miami Pizza",
    "city": "Pirogovo",
    "url": "https://www.instagram.com/explore/locations/106931672248899/miami-pizza/"
  },
  {
    "id": "2197748863834039",
    "name": "Дитячий садок №38Журавлик",
    "city": "Pirogovo",
    "url": "https://www.instagram.com/explore/locations/2197748863834039/no38/"
  },
  {
    "id": "2395042164117803",
    "name": "Ветеринарна клініка \"Vin Vet\"",
    "city": "Pirogovo",
    "url": "https://www.instagram.com/explore/locations/2395042164117803/vin-vet/"
  },
  {
    "id": "435618827250316",
    "name": "Roshen Embankment",
    "city": "Pirogovo",
    "url": "https://www.instagram.com/explore/locations/435618827250316/roshen-embankment/"
  },
  {
    "id": "1753374774943622",
    "name": "Винница, Ул. Киевская, 16",
    "city": "Pirogovo",
    "url": "https://www.instagram.com/explore/locations/1753374774943622/16/"
  },
  {
    "id": "103166915185437",
    "name": "Levanchuk.med",
    "city": "Pirogovo",
    "url": "https://www.instagram.com/explore/locations/103166915185437/levanchukmed/"
  },
  {
    "id": "1876481995964204",
    "name": "GOODZ jeans&wear",
    "city": "Pirogovo",
    "url": "https://www.instagram.com/explore/locations/1876481995964204/goodz-jeanswear/"
  },
  {
    "id": "2165564653571212",
    "name": "Вінницький Фінансово-Економічний Університет",
    "city": "Pirogovo",
    "url": "https://www.instagram.com/explore/locations/2165564653571212/-/"
  },
  {
    "id": "105078261965955",
    "name": "Магазин «Smoky», Урожай",
    "city": "Pirogovo",
    "url": "https://www.instagram.com/explore/locations/105078261965955/smoky/"
  },
  {
    "id": "101032388591074",
    "name": "DV Style Studio",
    "city": "Pirogovo",
    "url": "https://www.instagram.com/explore/locations/101032388591074/dv-style-studio/"
  },
  {
    "id": "494451387962775",
    "name": "Центр встановлення ГБО у Вінниці Stargas",
    "city": "Pirogovo",
    "url": "https://www.instagram.com/explore/locations/494451387962775/stargas/"
  },
  {
    "id": "567789527248734",
    "name": "Platform - Digital Agency",
    "city": "Pirogovo",
    "url": "https://www.instagram.com/explore/locations/567789527248734/platform-digital-agency/"
  },
  {
    "id": "1895167587269687",
    "name": "зодчих 8",
    "city": "Pirogovo",
    "url": "https://www.instagram.com/explore/locations/1895167587269687/8/"
  },
  {
    "id": "1034160097",
    "name": "Винница Ул. Писарева 3",
    "city": "Pirogovo",
    "url": "https://www.instagram.com/explore/locations/1034160097/3/"
  },
  {
    "id": "230694370965058",
    "name": "Горошка-Фотостудія для Новонароджених",
    "city": "Pirogovo",
    "url": "https://www.instagram.com/explore/locations/230694370965058/-/"
  },
  {
    "id": "212341089312335",
    "name": "Днз 31\"сонечкоВінниця",
    "city": "Pirogovo",
    "url": "https://www.instagram.com/explore/locations/212341089312335/31/"
  },
  {
    "id": "616098725471813",
    "name": "Pasta e Vino",
    "city": "Pirogovo",
    "url": "https://www.instagram.com/explore/locations/616098725471813/pasta-e-vino/"
  },
  {
    "id": "735594559",
    "name": "Церковь Благодать Переулок Пугачова 17",
    "city": "Pirogovo",
    "url": "https://www.instagram.com/explore/locations/735594559/17/"
  },
  {
    "id": "1860322757513737",
    "name": "Психолог Oлеся Олійник",
    "city": "Pirogovo",
    "url": "https://www.instagram.com/explore/locations/1860322757513737/o/"
  },
  {
    "id": "754662434732841",
    "name": "Тепло-Холод - Холодильне та торгівельне обладнання.",
    "city": "Pirogovo",
    "url": "https://www.instagram.com/explore/locations/754662434732841/-/"
  },
  {
    "id": "114262900016987",
    "name": "Taner",
    "city": "Pirogovo",
    "url": "https://www.instagram.com/explore/locations/114262900016987/taner/"
  },
  {
    "id": "172481096997147",
    "name": "проулок Средний, 2а",
    "city": "Pirogovo",
    "url": "https://www.instagram.com/explore/locations/172481096997147/2/"
  },
  {
    "id": "106933554509797",
    "name": "Hot forest",
    "city": "Pirogovo",
    "url": "https://www.instagram.com/explore/locations/106933554509797/hot-forest/"
  },
  {
    "id": "667856833673927",
    "name": "Вінницький Національний Медичний Університет Ім. М. І. Пирогова Корпус 3",
    "city": "Pirogovo",
    "url": "https://www.instagram.com/explore/locations/667856833673927/3/"
  },
  {
    "id": "117836331281594",
    "name": "Barhan - Ресторан східної кухні в Вінниці",
    "city": "Pirogovo",
    "url": "https://www.instagram.com/explore/locations/117836331281594/barhan-/"
  },
  {
    "id": "1918444035132731",
    "name": "Gentleman",
    "city": "Pirogovo",
    "url": "https://www.instagram.com/explore/locations/1918444035132731/gentleman/"
  },
  {
    "id": "719941055090567",
    "name": "Gerus Beauti Center",
    "city": "Pirogovo",
    "url": "https://www.instagram.com/explore/locations/719941055090567/gerus-beauti-center/"
  },
  {
    "id": "195927471058612",
    "name": "Golden Beauty make-up studio Винница",
    "city": "Pirogovo",
    "url": "https://www.instagram.com/explore/locations/195927471058612/golden-beauty-make-up-studio/"
  },
  {
    "id": "106236545393293",
    "name": "Beauty4you_vn",
    "city": "Pirogovo",
    "url": "https://www.instagram.com/explore/locations/106236545393293/beauty4you_vn/"
  }
]