[
  {
    "id": "236747697",
    "name": "Zhytomyr",
    "city": "Zhytomyr",
    "url": "https://www.instagram.com/explore/locations/236747697/zhytomyr/"
  },
  {
    "id": "398758702",
    "name": "ТРЦ Глобал UA",
    "city": "Zhytomyr",
    "url": "https://www.instagram.com/explore/locations/398758702/ua/"
  },
  {
    "id": "20909599",
    "name": "Multiplex",
    "city": "Zhytomyr",
    "url": "https://www.instagram.com/explore/locations/20909599/multiplex/"
  },
  {
    "id": "214177093",
    "name": "Глобал UA",
    "city": "Zhytomyr",
    "url": "https://www.instagram.com/explore/locations/214177093/ua/"
  },
  {
    "id": "213194368",
    "name": "ТРК \"Глобал UA г. Житомир",
    "city": "Zhytomyr",
    "url": "https://www.instagram.com/explore/locations/213194368/ua/"
  },
  {
    "id": "1933565240195364",
    "name": "Спортивное Питание Gigasport.com.ua",
    "city": "Zhytomyr",
    "url": "https://www.instagram.com/explore/locations/1933565240195364/gigasportcomua/"
  },
  {
    "id": "235809870",
    "name": "Liberty Hall",
    "city": "Zhytomyr",
    "url": "https://www.instagram.com/explore/locations/235809870/liberty-hall/"
  },
  {
    "id": "106958187723928",
    "name": "Sport Life Житомир",
    "city": "Zhytomyr",
    "url": "https://www.instagram.com/explore/locations/106958187723928/sport-life/"
  },
  {
    "id": "307992756218869",
    "name": "Melrose / Мелроуз",
    "city": "Zhytomyr",
    "url": "https://www.instagram.com/explore/locations/307992756218869/melrose/"
  },
  {
    "id": "421910498139975",
    "name": "Арт-паб \"Чеширський кіт\"",
    "city": "Zhytomyr",
    "url": "https://www.instagram.com/explore/locations/421910498139975/-/"
  },
  {
    "id": "539610356457492",
    "name": "Showroom Secret lingerie",
    "city": "Zhytomyr",
    "url": "https://www.instagram.com/explore/locations/539610356457492/showroom-secret-lingerie/"
  },
  {
    "id": "588980868188503",
    "name": "New York Street Pizza Zhytomyr",
    "city": "Zhytomyr",
    "url": "https://www.instagram.com/explore/locations/588980868188503/new-york-street-pizza-zhytomyr/"
  },
  {
    "id": "106724660956450",
    "name": "Arabicacoffeehouse zhytomyr",
    "city": "Zhytomyr",
    "url": "https://www.instagram.com/explore/locations/106724660956450/arabicacoffeehouse-zhytomyr/"
  },
  {
    "id": "104385147614175",
    "name": "Лабіринтkids",
    "city": "Zhytomyr",
    "url": "https://www.instagram.com/explore/locations/104385147614175/kids/"
  },
  {
    "id": "188844761672819",
    "name": "Sharikava",
    "city": "Zhytomyr",
    "url": "https://www.instagram.com/explore/locations/188844761672819/sharikava/"
  },
  {
    "id": "221210544616249",
    "name": "Florial",
    "city": "Zhytomyr",
    "url": "https://www.instagram.com/explore/locations/221210544616249/florial/"
  },
  {
    "id": "105678464644760",
    "name": "ЖК \"Смарт Сіті 3\"",
    "city": "Zhytomyr",
    "url": "https://www.instagram.com/explore/locations/105678464644760/3/"
  },
  {
    "id": "283478185402385",
    "name": "Multizoo - контактний зоопарк в Житомирі",
    "city": "Zhytomyr",
    "url": "https://www.instagram.com/explore/locations/283478185402385/multizoo-/"
  },
  {
    "id": "485101465236984",
    "name": "Житомир Вул. Київська 77",
    "city": "Zhytomyr",
    "url": "https://www.instagram.com/explore/locations/485101465236984/77/"
  },
  {
    "id": "1032257449",
    "name": "Beauty El",
    "city": "Zhytomyr",
    "url": "https://www.instagram.com/explore/locations/1032257449/beauty-el/"
  },
  {
    "id": "149716595654161",
    "name": "VeAn Tattoo Житомир",
    "city": "Zhytomyr",
    "url": "https://www.instagram.com/explore/locations/149716595654161/vean-tattoo/"
  },
  {
    "id": "101908588877600",
    "name": "Tbilisi.ge Zhytomyr",
    "city": "Zhytomyr",
    "url": "https://www.instagram.com/explore/locations/101908588877600/tbilisige-zhytomyr/"
  },
  {
    "id": "2050598121655029",
    "name": "irishpub108",
    "city": "Zhytomyr",
    "url": "https://www.instagram.com/explore/locations/2050598121655029/irishpub108/"
  },
  {
    "id": "668733569966879",
    "name": "Мандри - Pizza Cafe",
    "city": "Zhytomyr",
    "url": "https://www.instagram.com/explore/locations/668733569966879/-pizza-cafe/"
  },
  {
    "id": "245306542327248",
    "name": "Осмолода, Івано-Франківська Обл.",
    "city": "Zhytomyr",
    "url": "https://www.instagram.com/explore/locations/245306542327248/-/"
  },
  {
    "id": "112269640198102",
    "name": "Крошня-Житомир",
    "city": "Zhytomyr",
    "url": "https://www.instagram.com/explore/locations/112269640198102/-/"
  },
  {
    "id": "102395364936119",
    "name": "Staff Житомир",
    "city": "Zhytomyr",
    "url": "https://www.instagram.com/explore/locations/102395364936119/staff/"
  },
  {
    "id": "1018731480",
    "name": "Erotic club \"Рафинад\"",
    "city": "Zhytomyr",
    "url": "https://www.instagram.com/explore/locations/1018731480/erotic-club/"
  },
  {
    "id": "253829025305734",
    "name": "Школа №8",
    "city": "Zhytomyr",
    "url": "https://www.instagram.com/explore/locations/253829025305734/no8/"
  },
  {
    "id": "1116620421749265",
    "name": "FavorytGym.Тренажерна зала Житомир",
    "city": "Zhytomyr",
    "url": "https://www.instagram.com/explore/locations/1116620421749265/favorytgym/"
  },
  {
    "id": "181818942733913",
    "name": "Глобал ICE",
    "city": "Zhytomyr",
    "url": "https://www.instagram.com/explore/locations/181818942733913/ice/"
  },
  {
    "id": "105477641150137",
    "name": "JOMS nail studio",
    "city": "Zhytomyr",
    "url": "https://www.instagram.com/explore/locations/105477641150137/joms-nail-studio/"
  },
  {
    "id": "108821017532175",
    "name": "Туристична Агенція SOVA",
    "city": "Zhytomyr",
    "url": "https://www.instagram.com/explore/locations/108821017532175/sova/"
  },
  {
    "id": "1940245896252206",
    "name": "Гіпермаркет меблів \"Rolf\"",
    "city": "Zhytomyr",
    "url": "https://www.instagram.com/explore/locations/1940245896252206/rolf/"
  },
  {
    "id": "1336173149812421",
    "name": "Тренувальний центр Profit Gym",
    "city": "Zhytomyr",
    "url": "https://www.instagram.com/explore/locations/1336173149812421/profit-gym/"
  },
  {
    "id": "484505208751513",
    "name": "Alien Tattoo",
    "city": "Zhytomyr",
    "url": "https://www.instagram.com/explore/locations/484505208751513/alien-tattoo/"
  },
  {
    "id": "671822806316924",
    "name": "Суши-Бар Черепаха",
    "city": "Zhytomyr",
    "url": "https://www.instagram.com/explore/locations/671822806316924/-/"
  },
  {
    "id": "673681302799583",
    "name": "Житомир Ул.шевченко 103",
    "city": "Zhytomyr",
    "url": "https://www.instagram.com/explore/locations/673681302799583/103/"
  },
  {
    "id": "110063117161551",
    "name": "Житомир, Вул. Вітрука 9 В",
    "city": "Zhytomyr",
    "url": "https://www.instagram.com/explore/locations/110063117161551/9/"
  },
  {
    "id": "197001814434784",
    "name": "Baltic Auto",
    "city": "Zhytomyr",
    "url": "https://www.instagram.com/explore/locations/197001814434784/baltic-auto/"
  },
  {
    "id": "110671283895444",
    "name": "USA Fashion Women",
    "city": "Zhytomyr",
    "url": "https://www.instagram.com/explore/locations/110671283895444/usa-fashion-women/"
  },
  {
    "id": "101109141527123",
    "name": "Donuts club Житомир",
    "city": "Zhytomyr",
    "url": "https://www.instagram.com/explore/locations/101109141527123/donuts-club/"
  },
  {
    "id": "943235250",
    "name": "Киевская 79",
    "city": "Zhytomyr",
    "url": "https://www.instagram.com/explore/locations/943235250/79/"
  },
  {
    "id": "713202131",
    "name": "Танцевальный Центр \"VARSHALEX\"",
    "city": "Zhytomyr",
    "url": "https://www.instagram.com/explore/locations/713202131/varshalex/"
  },
  {
    "id": "135757530385395",
    "name": "Київська 79",
    "city": "Zhytomyr",
    "url": "https://www.instagram.com/explore/locations/135757530385395/79/"
  },
  {
    "id": "314175595773422",
    "name": "Keep Balance ART Base",
    "city": "Zhytomyr",
    "url": "https://www.instagram.com/explore/locations/314175595773422/keep-balance-art-base/"
  },
  {
    "id": "1029804509",
    "name": "Дитячий розважальний Центр \"Aмі Гамі\"",
    "city": "Zhytomyr",
    "url": "https://www.instagram.com/explore/locations/1029804509/a/"
  },
  {
    "id": "1030562173",
    "name": "ICE Fashion - перше в Україні кафе морозива «Рудь»",
    "city": "Zhytomyr",
    "url": "https://www.instagram.com/explore/locations/1030562173/ice-fashion-/"
  },
  {
    "id": "1583655618318003",
    "name": "X-WAVE Zhitomir",
    "city": "Zhytomyr",
    "url": "https://www.instagram.com/explore/locations/1583655618318003/x-wave-zhitomir/"
  },
  {
    "id": "107337758278023",
    "name": "So_beauty_zhytomyr",
    "city": "Zhytomyr",
    "url": "https://www.instagram.com/explore/locations/107337758278023/so_beauty_zhytomyr/"
  },
  {
    "id": "501786696840189",
    "name": "Вул. Київська 81",
    "city": "Zhytomyr",
    "url": "https://www.instagram.com/explore/locations/501786696840189/81/"
  },
  {
    "id": "104261464288714",
    "name": "Ресторан «Sako»",
    "city": "Zhytomyr",
    "url": "https://www.instagram.com/explore/locations/104261464288714/sako/"
  },
  {
    "id": "1033744324",
    "name": "Фуршет Житомир Витрука 9а",
    "city": "Zhytomyr",
    "url": "https://www.instagram.com/explore/locations/1033744324/9/"
  },
  {
    "id": "209296763336095",
    "name": "Креветка -тур туристическое агентство",
    "city": "Zhytomyr",
    "url": "https://www.instagram.com/explore/locations/209296763336095/-/"
  },
  {
    "id": "1431748386932444",
    "name": "Light's Studio- Інтер'єрна Фотостудія . Фотограф Житомир",
    "city": "Zhytomyr",
    "url": "https://www.instagram.com/explore/locations/1431748386932444/lights-studio-/"
  },
  {
    "id": "665631906918505",
    "name": "Letout outlet",
    "city": "Zhytomyr",
    "url": "https://www.instagram.com/explore/locations/665631906918505/letout-outlet/"
  },
  {
    "id": "1595693830733883",
    "name": "Rafinad club",
    "city": "Zhytomyr",
    "url": "https://www.instagram.com/explore/locations/1595693830733883/rafinad-club/"
  },
  {
    "id": "251539339038171",
    "name": "Karpenko Vocal Studio",
    "city": "Zhytomyr",
    "url": "https://www.instagram.com/explore/locations/251539339038171/karpenko-vocal-studio/"
  },
  {
    "id": "4557029",
    "name": "Yurish's Pub",
    "city": "Zhytomyr",
    "url": "https://www.instagram.com/explore/locations/4557029/yurishs-pub/"
  },
  {
    "id": "1950244675223585",
    "name": "Steffany.ua",
    "city": "Zhytomyr",
    "url": "https://www.instagram.com/explore/locations/1950244675223585/steffanyua/"
  },
  {
    "id": "2122337407778501",
    "name": "Житомир, Ул. Скорульского, 5",
    "city": "Zhytomyr",
    "url": "https://www.instagram.com/explore/locations/2122337407778501/5/"
  },
  {
    "id": "1022412532",
    "name": "Світ Курортів - Корал Тревел турагенція",
    "city": "Zhytomyr",
    "url": "https://www.instagram.com/explore/locations/1022412532/-/"
  },
  {
    "id": "111947730436095",
    "name": "Sako Restaurant-Delivery",
    "city": "Zhytomyr",
    "url": "https://www.instagram.com/explore/locations/111947730436095/sako-restaurant-delivery/"
  },
  {
    "id": "298885444319157",
    "name": "Глобал UAКаток",
    "city": "Zhytomyr",
    "url": "https://www.instagram.com/explore/locations/298885444319157/ua/"
  },
  {
    "id": "105595391251777",
    "name": "BlackPeppers_Barbershop",
    "city": "Zhytomyr",
    "url": "https://www.instagram.com/explore/locations/105595391251777/blackpeppers_barbershop/"
  },
  {
    "id": "117166392121585",
    "name": "Рекламна Агенція \"Аспектaspect.ink",
    "city": "Zhytomyr",
    "url": "https://www.instagram.com/explore/locations/117166392121585/aspectink/"
  },
  {
    "id": "1803999986581376",
    "name": "HONEY",
    "city": "Zhytomyr",
    "url": "https://www.instagram.com/explore/locations/1803999986581376/honey/"
  },
  {
    "id": "479604952482983",
    "name": "СирНік Family-міст до здоров‘я",
    "city": "Zhytomyr",
    "url": "https://www.instagram.com/explore/locations/479604952482983/family-/"
  },
  {
    "id": "112872147100654",
    "name": "Студія Автозвуку Soundbox",
    "city": "Zhytomyr",
    "url": "https://www.instagram.com/explore/locations/112872147100654/soundbox/"
  },
  {
    "id": "736239153200597",
    "name": "Школа 30 Житомир",
    "city": "Zhytomyr",
    "url": "https://www.instagram.com/explore/locations/736239153200597/30/"
  },
  {
    "id": "1956452531301455",
    "name": "Мультиплекс ТРЦ \"Глобал UA\"",
    "city": "Zhytomyr",
    "url": "https://www.instagram.com/explore/locations/1956452531301455/ua/"
  },
  {
    "id": "108644374946957",
    "name": "Арт-кондитерська \"молоток\"",
    "city": "Zhytomyr",
    "url": "https://www.instagram.com/explore/locations/108644374946957/-/"
  },
  {
    "id": "103398311173108",
    "name": "Житомир, Київська, 102",
    "city": "Zhytomyr",
    "url": "https://www.instagram.com/explore/locations/103398311173108/102/"
  },
  {
    "id": "113155707171398",
    "name": "golden_stars_zhytomyr",
    "city": "Zhytomyr",
    "url": "https://www.instagram.com/explore/locations/113155707171398/golden_stars_zhytomyr/"
  },
  {
    "id": "270919755",
    "name": "GodsGarage",
    "city": "Zhytomyr",
    "url": "https://www.instagram.com/explore/locations/270919755/godsgarage/"
  },
  {
    "id": "102080843607555",
    "name": "Hairstyle by Goray Yulia",
    "city": "Zhytomyr",
    "url": "https://www.instagram.com/explore/locations/102080843607555/hairstyle-by-goray-yulia/"
  },
  {
    "id": "1837232199859587",
    "name": "Porterhouse PUB",
    "city": "Zhytomyr",
    "url": "https://www.instagram.com/explore/locations/1837232199859587/porterhouse-pub/"
  },
  {
    "id": "606840839670977",
    "name": "Киевская 108.орентир Ирландский Паб",
    "city": "Zhytomyr",
    "url": "https://www.instagram.com/explore/locations/606840839670977/108/"
  },
  {
    "id": "113920023775537",
    "name": "Le Grand ресторан отель",
    "city": "Zhytomyr",
    "url": "https://www.instagram.com/explore/locations/113920023775537/le-grand/"
  },
  {
    "id": "102114271731723",
    "name": "Sharikava",
    "city": "Zhytomyr",
    "url": "https://www.instagram.com/explore/locations/102114271731723/sharikava/"
  },
  {
    "id": "100791541753505",
    "name": "Квест-кімнати \"ІзоляціяІвано-Франківськ",
    "city": "Zhytomyr",
    "url": "https://www.instagram.com/explore/locations/100791541753505/-/"
  },
  {
    "id": "487441065061638",
    "name": "Житомир, Вул. Київська, Буд. 104",
    "city": "Zhytomyr",
    "url": "https://www.instagram.com/explore/locations/487441065061638/104/"
  },
  {
    "id": "100314108149467",
    "name": "Papa Joe",
    "city": "Zhytomyr",
    "url": "https://www.instagram.com/explore/locations/100314108149467/papa-joe/"
  },
  {
    "id": "228849600318397",
    "name": "Tbilisi.ge.zt",
    "city": "Zhytomyr",
    "url": "https://www.instagram.com/explore/locations/228849600318397/tbilisigezt/"
  },
  {
    "id": "407754879952582",
    "name": "Steffany Podology",
    "city": "Zhytomyr",
    "url": "https://www.instagram.com/explore/locations/407754879952582/steffany-podology/"
  },
  {
    "id": "185827105663988",
    "name": "Nonik Models",
    "city": "Zhytomyr",
    "url": "https://www.instagram.com/explore/locations/185827105663988/nonik-models/"
  },
  {
    "id": "385012568745832",
    "name": "Steffany cafe",
    "city": "Zhytomyr",
    "url": "https://www.instagram.com/explore/locations/385012568745832/steffany-cafe/"
  },
  {
    "id": "111021878701885",
    "name": "Ортопедичний центр OrtoSvit Житомир",
    "city": "Zhytomyr",
    "url": "https://www.instagram.com/explore/locations/111021878701885/ortosvit/"
  },
  {
    "id": "1033168077",
    "name": "LeGrand Флористическая компания",
    "city": "Zhytomyr",
    "url": "https://www.instagram.com/explore/locations/1033168077/legrand/"
  },
  {
    "id": "110373024086700",
    "name": "Texas Burger",
    "city": "Zhytomyr",
    "url": "https://www.instagram.com/explore/locations/110373024086700/texas-burger/"
  },
  {
    "id": "579006767",
    "name": "Global Mall",
    "city": "Zhytomyr",
    "url": "https://www.instagram.com/explore/locations/579006767/global-mall/"
  },
  {
    "id": "297819314161569",
    "name": "Гоголівська 4",
    "city": "Zhytomyr",
    "url": "https://www.instagram.com/explore/locations/297819314161569/4/"
  },
  {
    "id": "570672436741544",
    "name": "Osipchuk Tattoo",
    "city": "Zhytomyr",
    "url": "https://www.instagram.com/explore/locations/570672436741544/osipchuk-tattoo/"
  },
  {
    "id": "1790687774497528",
    "name": "Міський культурно-спортивний центр Житомирської міськоїради",
    "city": "Zhytomyr",
    "url": "https://www.instagram.com/explore/locations/1790687774497528/-/"
  },
  {
    "id": "1118082904988564",
    "name": "Житомир Витрука 26",
    "city": "Zhytomyr",
    "url": "https://www.instagram.com/explore/locations/1118082904988564/26/"
  },
  {
    "id": "111587103866079",
    "name": "Vova_polirovka_zhytomyr",
    "city": "Zhytomyr",
    "url": "https://www.instagram.com/explore/locations/111587103866079/vova_polirovka_zhytomyr/"
  },
  {
    "id": "1548500375233423",
    "name": "Житомир, Глобал, Zoo",
    "city": "Zhytomyr",
    "url": "https://www.instagram.com/explore/locations/1548500375233423/zoo/"
  },
  {
    "id": "1832198760365376",
    "name": "Salatius",
    "city": "Zhytomyr",
    "url": "https://www.instagram.com/explore/locations/1832198760365376/salatius/"
  },
  {
    "id": "728368710601269",
    "name": "танц-студияМишель\"",
    "city": "Zhytomyr",
    "url": "https://www.instagram.com/explore/locations/728368710601269/-/"
  },
  {
    "id": "102380708169164",
    "name": "Le Massage Zhitomir",
    "city": "Zhytomyr",
    "url": "https://www.instagram.com/explore/locations/102380708169164/le-massage-zhitomir/"
  },
  {
    "id": "436581463046188",
    "name": "Вокзал 1 Вокзал",
    "city": "Zhytomyr",
    "url": "https://www.instagram.com/explore/locations/436581463046188/1/"
  },
  {
    "id": "1032033729",
    "name": "Intellect Room",
    "city": "Zhytomyr",
    "url": "https://www.instagram.com/explore/locations/1032033729/intellect-room/"
  },
  {
    "id": "451352222",
    "name": "Житомир Мануильского 136 S.tvardovska.",
    "city": "Zhytomyr",
    "url": "https://www.instagram.com/explore/locations/451352222/136-stvardovska/"
  },
  {
    "id": "348471381687890",
    "name": "Салон краси VIVA Ukraine",
    "city": "Zhytomyr",
    "url": "https://www.instagram.com/explore/locations/348471381687890/viva-ukraine/"
  },
  {
    "id": "111469996899752",
    "name": "Доставка піци на дровах в Житомирі - GoPizza",
    "city": "Zhytomyr",
    "url": "https://www.instagram.com/explore/locations/111469996899752/-gopizza/"
  },
  {
    "id": "509198446210518",
    "name": "вул. Гоголівська, 15",
    "city": "Zhytomyr",
    "url": "https://www.instagram.com/explore/locations/509198446210518/15/"
  },
  {
    "id": "1265649760267361",
    "name": "Стоматологія \"Студiя посмiшки\"",
    "city": "Zhytomyr",
    "url": "https://www.instagram.com/explore/locations/1265649760267361/i-i/"
  },
  {
    "id": "480418231",
    "name": "Global",
    "city": "Zhytomyr",
    "url": "https://www.instagram.com/explore/locations/480418231/global/"
  },
  {
    "id": "315230742466500",
    "name": "Alien Tattoo",
    "city": "Zhytomyr",
    "url": "https://www.instagram.com/explore/locations/315230742466500/alien-tattoo/"
  },
  {
    "id": "342589272753424",
    "name": "Elos bar",
    "city": "Zhytomyr",
    "url": "https://www.instagram.com/explore/locations/342589272753424/elos-bar/"
  },
  {
    "id": "1264699846998020",
    "name": "Steffany.ua",
    "city": "Zhytomyr",
    "url": "https://www.instagram.com/explore/locations/1264699846998020/steffanyua/"
  },
  {
    "id": "349991595576196",
    "name": "Гриль-паб «Егерь»",
    "city": "Zhytomyr",
    "url": "https://www.instagram.com/explore/locations/349991595576196/-/"
  },
  {
    "id": "843637232658836",
    "name": "Fitness City",
    "city": "Zhytomyr",
    "url": "https://www.instagram.com/explore/locations/843637232658836/fitness-city/"
  },
  {
    "id": "2123654837720678",
    "name": "McDonald's",
    "city": "Zhytomyr",
    "url": "https://www.instagram.com/explore/locations/2123654837720678/mcdonalds/"
  },
  {
    "id": "2214762442136158",
    "name": "Глобал Strike",
    "city": "Zhytomyr",
    "url": "https://www.instagram.com/explore/locations/2214762442136158/strike/"
  },
  {
    "id": "185423157995274",
    "name": "TAYKO - паназійська кухня",
    "city": "Zhytomyr",
    "url": "https://www.instagram.com/explore/locations/185423157995274/tayko-/"
  },
  {
    "id": "244713709570373",
    "name": "Serdenko свадебный салон",
    "city": "Zhytomyr",
    "url": "https://www.instagram.com/explore/locations/244713709570373/serdenko/"
  },
  {
    "id": "1072801516225969",
    "name": "Reitkartz",
    "city": "Zhytomyr",
    "url": "https://www.instagram.com/explore/locations/1072801516225969/reitkartz/"
  },
  {
    "id": "1032639653565918",
    "name": "Житомир Грушевского 93",
    "city": "Zhytomyr",
    "url": "https://www.instagram.com/explore/locations/1032639653565918/93/"
  },
  {
    "id": "439993743404263",
    "name": "Туристична Агенція QUEEN Travel",
    "city": "Zhytomyr",
    "url": "https://www.instagram.com/explore/locations/439993743404263/queen-travel/"
  },
  {
    "id": "1034240938",
    "name": "Res&Pub \"Фрегат\"",
    "city": "Zhytomyr",
    "url": "https://www.instagram.com/explore/locations/1034240938/respub/"
  },
  {
    "id": "1105960376255290",
    "name": "Сервіс-маркет \"Plus\"",
    "city": "Zhytomyr",
    "url": "https://www.instagram.com/explore/locations/1105960376255290/-plus/"
  },
  {
    "id": "1767627570234381",
    "name": "Школа 20 М. Житомир",
    "city": "Zhytomyr",
    "url": "https://www.instagram.com/explore/locations/1767627570234381/20/"
  },
  {
    "id": "932090306833733",
    "name": "Компания «Н-Проджект»",
    "city": "Zhytomyr",
    "url": "https://www.instagram.com/explore/locations/932090306833733/-/"
  },
  {
    "id": "501566588",
    "name": "Karavan Mcdonalds",
    "city": "Zhytomyr",
    "url": "https://www.instagram.com/explore/locations/501566588/karavan-mcdonalds/"
  },
  {
    "id": "100128504791106",
    "name": "Ул. Киевская 60 Церковь Компас",
    "city": "Zhytomyr",
    "url": "https://www.instagram.com/explore/locations/100128504791106/60/"
  },
  {
    "id": "105484984274547",
    "name": "Житомир Гоголевская 4 Beauty_studio",
    "city": "Zhytomyr",
    "url": "https://www.instagram.com/explore/locations/105484984274547/4-beauty_studio/"
  },
  {
    "id": "103597111159825",
    "name": "RODOS Двері Житомир",
    "city": "Zhytomyr",
    "url": "https://www.instagram.com/explore/locations/103597111159825/rodos/"
  },
  {
    "id": "306765516433411",
    "name": "Medis клініка естетичної стоматології",
    "city": "Zhytomyr",
    "url": "https://www.instagram.com/explore/locations/306765516433411/medis/"
  },
  {
    "id": "509413059577841",
    "name": "школа №20",
    "city": "Zhytomyr",
    "url": "https://www.instagram.com/explore/locations/509413059577841/no20/"
  },
  {
    "id": "734315539",
    "name": "Home)",
    "city": "Zhytomyr",
    "url": "https://www.instagram.com/explore/locations/734315539/home/"
  },
  {
    "id": "179793959633300",
    "name": "Київська 74",
    "city": "Zhytomyr",
    "url": "https://www.instagram.com/explore/locations/179793959633300/74/"
  },
  {
    "id": "100374748104792",
    "name": "MacFon",
    "city": "Zhytomyr",
    "url": "https://www.instagram.com/explore/locations/100374748104792/macfon/"
  },
  {
    "id": "355461041511456",
    "name": "Selfie",
    "city": "Zhytomyr",
    "url": "https://www.instagram.com/explore/locations/355461041511456/selfie/"
  },
  {
    "id": "1739785609386391",
    "name": "Steffany.ua",
    "city": "Zhytomyr",
    "url": "https://www.instagram.com/explore/locations/1739785609386391/steffanyua/"
  },
  {
    "id": "110365386300314",
    "name": "Житомирский Екологический лицей № 24",
    "city": "Zhytomyr",
    "url": "https://www.instagram.com/explore/locations/110365386300314/no-24/"
  },
  {
    "id": "338166788",
    "name": "Multiplex",
    "city": "Zhytomyr",
    "url": "https://www.instagram.com/explore/locations/338166788/multiplex/"
  },
  {
    "id": "1475898712653668",
    "name": "WinDesign",
    "city": "Zhytomyr",
    "url": "https://www.instagram.com/explore/locations/1475898712653668/windesign/"
  },
  {
    "id": "578306975935056",
    "name": "Зоомагазин “Best for Pet”",
    "city": "Zhytomyr",
    "url": "https://www.instagram.com/explore/locations/578306975935056/best-for-pet/"
  },
  {
    "id": "2856350517924312",
    "name": "Подарочная водка Amigos",
    "city": "Zhytomyr",
    "url": "https://www.instagram.com/explore/locations/2856350517924312/amigos/"
  },
  {
    "id": "894149217614466",
    "name": "ALDcars UA",
    "city": "Zhytomyr",
    "url": "https://www.instagram.com/explore/locations/894149217614466/aldcars-ua/"
  },
  {
    "id": "103771591711950",
    "name": "Вулиця Київська, 59",
    "city": "Zhytomyr",
    "url": "https://www.instagram.com/explore/locations/103771591711950/59/"
  },
  {
    "id": "108614831857791",
    "name": "Прокат-Сервіс",
    "city": "Zhytomyr",
    "url": "https://www.instagram.com/explore/locations/108614831857791/-/"
  },
  {
    "id": "110289800350614",
    "name": "Житомир Ліцей 2",
    "city": "Zhytomyr",
    "url": "https://www.instagram.com/explore/locations/110289800350614/2/"
  },
  {
    "id": "1869978246456092",
    "name": "Salatius",
    "city": "Zhytomyr",
    "url": "https://www.instagram.com/explore/locations/1869978246456092/salatius/"
  },
  {
    "id": "369959566707612",
    "name": "Арт-Паб Чеширский Кот \"",
    "city": "Zhytomyr",
    "url": "https://www.instagram.com/explore/locations/369959566707612/-/"
  },
  {
    "id": "106115362146067",
    "name": "Івана Мазепи 51",
    "city": "Zhytomyr",
    "url": "https://www.instagram.com/explore/locations/106115362146067/51/"
  },
  {
    "id": "631354417000224",
    "name": "Дизайн інтер’єрів, ремонт під ключ, меблі - компанія Інтердизайн",
    "city": "Zhytomyr",
    "url": "https://www.instagram.com/explore/locations/631354417000224/-/"
  },
  {
    "id": "1408997905823508",
    "name": "Im.frame studio",
    "city": "Zhytomyr",
    "url": "https://www.instagram.com/explore/locations/1408997905823508/imframe-studio/"
  },
  {
    "id": "183260144870855",
    "name": "Kids Barber Land",
    "city": "Zhytomyr",
    "url": "https://www.instagram.com/explore/locations/183260144870855/kids-barber-land/"
  },
  {
    "id": "248679764",
    "name": "Mario",
    "city": "Zhytomyr",
    "url": "https://www.instagram.com/explore/locations/248679764/mario/"
  },
  {
    "id": "121453511855781",
    "name": "Bereginya Polisya - Берегиня Полісся",
    "city": "Zhytomyr",
    "url": "https://www.instagram.com/explore/locations/121453511855781/bereginya-polisya-/"
  },
  {
    "id": "12711057",
    "name": "Scorini",
    "city": "Zhytomyr",
    "url": "https://www.instagram.com/explore/locations/12711057/scorini/"
  },
  {
    "id": "236347167630880",
    "name": "Вул Івана Сльоти 60 ТРЦ Мікс",
    "city": "Zhytomyr",
    "url": "https://www.instagram.com/explore/locations/236347167630880/60/"
  },
  {
    "id": "107358171729510",
    "name": "Selena salon",
    "city": "Zhytomyr",
    "url": "https://www.instagram.com/explore/locations/107358171729510/selena-salon/"
  },
  {
    "id": "1196771567143249",
    "name": "Академія Східного Танцю Hot Arabian Dance",
    "city": "Zhytomyr",
    "url": "https://www.instagram.com/explore/locations/1196771567143249/hot-arabian-dance/"
  },
  {
    "id": "1312581158776002",
    "name": "Житомир Мануильского 98",
    "city": "Zhytomyr",
    "url": "https://www.instagram.com/explore/locations/1312581158776002/98/"
  },
  {
    "id": "314910542668623",
    "name": "global ua",
    "city": "Zhytomyr",
    "url": "https://www.instagram.com/explore/locations/314910542668623/global-ua/"
  },
  {
    "id": "1028391760",
    "name": "zt.voda.love",
    "city": "Zhytomyr",
    "url": "https://www.instagram.com/explore/locations/1028391760/ztvodalove/"
  },
  {
    "id": "1031120160",
    "name": "Житомир Космонавтов 30 Кафе Орбита",
    "city": "Zhytomyr",
    "url": "https://www.instagram.com/explore/locations/1031120160/30/"
  },
  {
    "id": "933642330116988",
    "name": "Житомир Шевченка 83",
    "city": "Zhytomyr",
    "url": "https://www.instagram.com/explore/locations/933642330116988/83/"
  },
  {
    "id": "576478512817897",
    "name": "Timoha_Taty",
    "city": "Zhytomyr",
    "url": "https://www.instagram.com/explore/locations/576478512817897/timoha_taty/"
  },
  {
    "id": "2367681006794612",
    "name": "Nika Tour",
    "city": "Zhytomyr",
    "url": "https://www.instagram.com/explore/locations/2367681006794612/nika-tour/"
  },
  {
    "id": "2276781185685336",
    "name": "Школа №19",
    "city": "Zhytomyr",
    "url": "https://www.instagram.com/explore/locations/2276781185685336/no19/"
  },
  {
    "id": "156195738329451",
    "name": "ЗОШ № 8",
    "city": "Zhytomyr",
    "url": "https://www.instagram.com/explore/locations/156195738329451/no-8/"
  },
  {
    "id": "375724092959872",
    "name": "Keep Balance ART base",
    "city": "Zhytomyr",
    "url": "https://www.instagram.com/explore/locations/375724092959872/keep-balance-art-base/"
  },
  {
    "id": "108329545056323",
    "name": "Mr. credo",
    "city": "Zhytomyr",
    "url": "https://www.instagram.com/explore/locations/108329545056323/mr-credo/"
  },
  {
    "id": "293610777953222",
    "name": "Lounge Bar Kusty",
    "city": "Zhytomyr",
    "url": "https://www.instagram.com/explore/locations/293610777953222/lounge-bar-kusty/"
  },
  {
    "id": "1020983314",
    "name": "E-commerce agency Paroxod",
    "city": "Zhytomyr",
    "url": "https://www.instagram.com/explore/locations/1020983314/e-commerce-agency-paroxod/"
  },
  {
    "id": "178326569457575",
    "name": "Sharikava Майдан Згоди 6",
    "city": "Zhytomyr",
    "url": "https://www.instagram.com/explore/locations/178326569457575/sharikava-6/"
  },
  {
    "id": "109502437252477",
    "name": "T-Squad DANCE School",
    "city": "Zhytomyr",
    "url": "https://www.instagram.com/explore/locations/109502437252477/t-squad-dance-school/"
  },
  {
    "id": "109284577419901",
    "name": "macozt",
    "city": "Zhytomyr",
    "url": "https://www.instagram.com/explore/locations/109284577419901/macozt/"
  },
  {
    "id": "111836442927891",
    "name": "Житомир,ул.киевская 57",
    "city": "Zhytomyr",
    "url": "https://www.instagram.com/explore/locations/111836442927891/57/"
  },
  {
    "id": "343598532869265",
    "name": "ОСТРIВ РОЗВАГ",
    "city": "Zhytomyr",
    "url": "https://www.instagram.com/explore/locations/343598532869265/i/"
  },
  {
    "id": "1860942610786529",
    "name": "Киевская 88 Житомир",
    "city": "Zhytomyr",
    "url": "https://www.instagram.com/explore/locations/1860942610786529/88/"
  },
  {
    "id": "328845544558829",
    "name": "Einstein",
    "city": "Zhytomyr",
    "url": "https://www.instagram.com/explore/locations/328845544558829/einstein/"
  },
  {
    "id": "587563668577769",
    "name": "BAYLI",
    "city": "Zhytomyr",
    "url": "https://www.instagram.com/explore/locations/587563668577769/bayli/"
  },
  {
    "id": "101625799072866",
    "name": "Mr. Credo",
    "city": "Zhytomyr",
    "url": "https://www.instagram.com/explore/locations/101625799072866/mr-credo/"
  },
  {
    "id": "1035483571",
    "name": "Космонавтов 4а",
    "city": "Zhytomyr",
    "url": "https://www.instagram.com/explore/locations/1035483571/4/"
  },
  {
    "id": "1105259039647115",
    "name": "Felicita",
    "city": "Zhytomyr",
    "url": "https://www.instagram.com/explore/locations/1105259039647115/felicita/"
  },
  {
    "id": "1033577056",
    "name": "Lion’s Den Academy",
    "city": "Zhytomyr",
    "url": "https://www.instagram.com/explore/locations/1033577056/lions-den-academy/"
  },
  {
    "id": "407854272922172",
    "name": "Акватерм Альянс - центр інженерних рішень",
    "city": "Zhytomyr",
    "url": "https://www.instagram.com/explore/locations/407854272922172/-/"
  },
  {
    "id": "1278771745632173",
    "name": "JYSK Ukraine",
    "city": "Zhytomyr",
    "url": "https://www.instagram.com/explore/locations/1278771745632173/jysk-ukraine/"
  },
  {
    "id": "2145575582389382",
    "name": "StyleDance",
    "city": "Zhytomyr",
    "url": "https://www.instagram.com/explore/locations/2145575582389382/styledance/"
  },
  {
    "id": "145939452473225",
    "name": "«Ліктрави» - лідер українського ринку лікарських трав",
    "city": "Zhytomyr",
    "url": "https://www.instagram.com/explore/locations/145939452473225/-/"
  },
  {
    "id": "1877467489199610",
    "name": "Мастерская Красоты \"Steffany\"",
    "city": "Zhytomyr",
    "url": "https://www.instagram.com/explore/locations/1877467489199610/steffany/"
  },
  {
    "id": "105739034179384",
    "name": "Суши Wok",
    "city": "Zhytomyr",
    "url": "https://www.instagram.com/explore/locations/105739034179384/wok/"
  },
  {
    "id": "102889454951754",
    "name": "OK_VOS",
    "city": "Zhytomyr",
    "url": "https://www.instagram.com/explore/locations/102889454951754/ok_vos/"
  },
  {
    "id": "354542878600354",
    "name": "Житомирська загальноосвітня школа І-ІІІ ст. 17",
    "city": "Zhytomyr",
    "url": "https://www.instagram.com/explore/locations/354542878600354/-17/"
  },
  {
    "id": "2157848321123535",
    "name": "Stoyanka",
    "city": "Zhytomyr",
    "url": "https://www.instagram.com/explore/locations/2157848321123535/stoyanka/"
  },
  {
    "id": "282302212381948",
    "name": "КЗПО \"Обласний еколого-натуралістичний центрЖОР",
    "city": "Zhytomyr",
    "url": "https://www.instagram.com/explore/locations/282302212381948/-/"
  },
  {
    "id": "140695186805013",
    "name": "VeAn Tattoo Zhytomyr",
    "city": "Zhytomyr",
    "url": "https://www.instagram.com/explore/locations/140695186805013/vean-tattoo-zhytomyr/"
  },
  {
    "id": "312335749433235",
    "name": "LC Waikiki",
    "city": "Zhytomyr",
    "url": "https://www.instagram.com/explore/locations/312335749433235/lc-waikiki/"
  },
  {
    "id": "440878573049461",
    "name": "Mebli TYT",
    "city": "Zhytomyr",
    "url": "https://www.instagram.com/explore/locations/440878573049461/mebli-tyt/"
  },
  {
    "id": "355470515246525",
    "name": "Profi Center School",
    "city": "Zhytomyr",
    "url": "https://www.instagram.com/explore/locations/355470515246525/profi-center-school/"
  },
  {
    "id": "1901016403446776",
    "name": "Венето / Veneto",
    "city": "Zhytomyr",
    "url": "https://www.instagram.com/explore/locations/1901016403446776/veneto/"
  },
  {
    "id": "348107585627393",
    "name": "Uzor.Group",
    "city": "Zhytomyr",
    "url": "https://www.instagram.com/explore/locations/348107585627393/uzorgroup/"
  },
  {
    "id": "754441994758460",
    "name": "Res&Pub_Fregat",
    "city": "Zhytomyr",
    "url": "https://www.instagram.com/explore/locations/754441994758460/respub_fregat/"
  },
  {
    "id": "1022308696",
    "name": "Житомирське Трамвайно-тролейбусне Управління",
    "city": "Zhytomyr",
    "url": "https://www.instagram.com/explore/locations/1022308696/-/"
  },
  {
    "id": "535840180138242",
    "name": "Інтертелеком/MEIZU",
    "city": "Zhytomyr",
    "url": "https://www.instagram.com/explore/locations/535840180138242/meizu/"
  },
  {
    "id": "250440752242079",
    "name": "AMIGAMI",
    "city": "Zhytomyr",
    "url": "https://www.instagram.com/explore/locations/250440752242079/amigami/"
  },
  {
    "id": "101200152119445",
    "name": "Auto Butik",
    "city": "Zhytomyr",
    "url": "https://www.instagram.com/explore/locations/101200152119445/auto-butik/"
  },
  {
    "id": "1029125557",
    "name": "Ovsienko",
    "city": "Zhytomyr",
    "url": "https://www.instagram.com/explore/locations/1029125557/ovsienko/"
  },
  {
    "id": "200037466525118",
    "name": "Dental Gold Стоматологія",
    "city": "Zhytomyr",
    "url": "https://www.instagram.com/explore/locations/200037466525118/dental-gold/"
  },
  {
    "id": "351799151884915",
    "name": "БТК-Центр Комплект",
    "city": "Zhytomyr",
    "url": "https://www.instagram.com/explore/locations/351799151884915/-/"
  },
  {
    "id": "2002711789816297",
    "name": "Nuga Premium Житомир",
    "city": "Zhytomyr",
    "url": "https://www.instagram.com/explore/locations/2002711789816297/nuga-premium/"
  },
  {
    "id": "397373710842408",
    "name": "FARR ІнБев Житомир",
    "city": "Zhytomyr",
    "url": "https://www.instagram.com/explore/locations/397373710842408/farr/"
  },
  {
    "id": "1903595466401258",
    "name": "Бориса Тена 104",
    "city": "Zhytomyr",
    "url": "https://www.instagram.com/explore/locations/1903595466401258/104/"
  },
  {
    "id": "326310653909749",
    "name": "AtmosphereZt",
    "city": "Zhytomyr",
    "url": "https://www.instagram.com/explore/locations/326310653909749/atmospherezt/"
  },
  {
    "id": "193810411503482",
    "name": "полевая 11",
    "city": "Zhytomyr",
    "url": "https://www.instagram.com/explore/locations/193810411503482/11/"
  },
  {
    "id": "687486091631537",
    "name": "Шелушкова 95-а",
    "city": "Zhytomyr",
    "url": "https://www.instagram.com/explore/locations/687486091631537/95-/"
  },
  {
    "id": "362835944174955",
    "name": "Panoramkazt",
    "city": "Zhytomyr",
    "url": "https://www.instagram.com/explore/locations/362835944174955/panoramkazt/"
  },
  {
    "id": "1587181348183569",
    "name": "Салон штор WinDesign",
    "city": "Zhytomyr",
    "url": "https://www.instagram.com/explore/locations/1587181348183569/windesign/"
  },
  {
    "id": "246124349374685",
    "name": "Texas Burger Zhytomyr",
    "city": "Zhytomyr",
    "url": "https://www.instagram.com/explore/locations/246124349374685/texas-burger-zhytomyr/"
  },
  {
    "id": "1193717934101606",
    "name": "Приватний дитячий садок \"Бедрик\". Ladybug",
    "city": "Zhytomyr",
    "url": "https://www.instagram.com/explore/locations/1193717934101606/ladybug/"
  },
  {
    "id": "111519040614043",
    "name": "Art-latte RA",
    "city": "Zhytomyr",
    "url": "https://www.instagram.com/explore/locations/111519040614043/art-latte-ra/"
  },
  {
    "id": "1760810830679794",
    "name": "Житомир Вул.київська, 65",
    "city": "Zhytomyr",
    "url": "https://www.instagram.com/explore/locations/1760810830679794/65/"
  },
  {
    "id": "557412614705052",
    "name": "Reserved",
    "city": "Zhytomyr",
    "url": "https://www.instagram.com/explore/locations/557412614705052/reserved/"
  },
  {
    "id": "320827004",
    "name": "Мега-батут «Глобал Jumping»",
    "city": "Zhytomyr",
    "url": "https://www.instagram.com/explore/locations/320827004/-jumping/"
  },
  {
    "id": "235230507080315",
    "name": "HappyLady",
    "city": "Zhytomyr",
    "url": "https://www.instagram.com/explore/locations/235230507080315/happylady/"
  },
  {
    "id": "754997378040982",
    "name": "Ліцей #35 міста Житомира",
    "city": "Zhytomyr",
    "url": "https://www.instagram.com/explore/locations/754997378040982/35/"
  },
  {
    "id": "564304173",
    "name": "Трц \"global Ua\"",
    "city": "Zhytomyr",
    "url": "https://www.instagram.com/explore/locations/564304173/global-ua/"
  },
  {
    "id": "1817124501673420",
    "name": "Електрофорс / Electroforce",
    "city": "Zhytomyr",
    "url": "https://www.instagram.com/explore/locations/1817124501673420/electroforce/"
  },
  {
    "id": "500355277070899",
    "name": "Студия Маникюра «Nail Art» by Diana Kolesnik",
    "city": "Zhytomyr",
    "url": "https://www.instagram.com/explore/locations/500355277070899/nail-art-by-diana-kolesnik/"
  },
  {
    "id": "109018531510036",
    "name": "Terassa GROUP,вікна,двері,балкони VEKA",
    "city": "Zhytomyr",
    "url": "https://www.instagram.com/explore/locations/109018531510036/terassa-group-veka/"
  },
  {
    "id": "447989312",
    "name": "Intellectroom",
    "city": "Zhytomyr",
    "url": "https://www.instagram.com/explore/locations/447989312/intellectroom/"
  },
  {
    "id": "1865986736849220",
    "name": "Домбровского 59",
    "city": "Zhytomyr",
    "url": "https://www.instagram.com/explore/locations/1865986736849220/59/"
  },
  {
    "id": "291734278376872",
    "name": "AnywhereSchool",
    "city": "Zhytomyr",
    "url": "https://www.instagram.com/explore/locations/291734278376872/anywhereschool/"
  },
  {
    "id": "342266199624319",
    "name": "6А Вокзальная улица",
    "city": "Zhytomyr",
    "url": "https://www.instagram.com/explore/locations/342266199624319/6/"
  },
  {
    "id": "107055731080787",
    "name": "Battle of nations",
    "city": "Zhytomyr",
    "url": "https://www.instagram.com/explore/locations/107055731080787/battle-of-nations/"
  },
  {
    "id": "474234766283379",
    "name": "Венето / Veneto",
    "city": "Zhytomyr",
    "url": "https://www.instagram.com/explore/locations/474234766283379/veneto/"
  },
  {
    "id": "746314535554528",
    "name": "Хлібна 23",
    "city": "Zhytomyr",
    "url": "https://www.instagram.com/explore/locations/746314535554528/23/"
  },
  {
    "id": "452130298609309",
    "name": "Tiger Run Club",
    "city": "Zhytomyr",
    "url": "https://www.instagram.com/explore/locations/452130298609309/tiger-run-club/"
  },
  {
    "id": "111411521929001",
    "name": "SPORT LIFE",
    "city": "Zhytomyr",
    "url": "https://www.instagram.com/explore/locations/111411521929001/sport-life/"
  },
  {
    "id": "466492700411854",
    "name": "Житомирський Центр Розвитку Дитини 68",
    "city": "Zhytomyr",
    "url": "https://www.instagram.com/explore/locations/466492700411854/68/"
  },
  {
    "id": "2046469162293123",
    "name": "Свято-Успенский Архиерейский собор , Подольская церковь",
    "city": "Zhytomyr",
    "url": "https://www.instagram.com/explore/locations/2046469162293123/-/"
  },
  {
    "id": "1459449950840402",
    "name": "Житомир, Ул. Хлебная, 18 Кафе «бистро»",
    "city": "Zhytomyr",
    "url": "https://www.instagram.com/explore/locations/1459449950840402/18/"
  },
  {
    "id": "101953008258722",
    "name": "Имидж Студия Красоты И Визажа Mary Kay",
    "city": "Zhytomyr",
    "url": "https://www.instagram.com/explore/locations/101953008258722/mary-kay/"
  },
  {
    "id": "1529139860518329",
    "name": "Nail Studio LUXIO",
    "city": "Zhytomyr",
    "url": "https://www.instagram.com/explore/locations/1529139860518329/nail-studio-luxio/"
  },
  {
    "id": "1823557087954983",
    "name": "MOBI",
    "city": "Zhytomyr",
    "url": "https://www.instagram.com/explore/locations/1823557087954983/mobi/"
  },
  {
    "id": "212693366004453",
    "name": "Showroom Secret",
    "city": "Zhytomyr",
    "url": "https://www.instagram.com/explore/locations/212693366004453/showroom-secret/"
  },
  {
    "id": "385349588552892",
    "name": "Sharikava",
    "city": "Zhytomyr",
    "url": "https://www.instagram.com/explore/locations/385349588552892/sharikava/"
  },
  {
    "id": "253845828510242",
    "name": "Pulse Fest 2018 - фестиваль електронної музики",
    "city": "Zhytomyr",
    "url": "https://www.instagram.com/explore/locations/253845828510242/pulse-fest-2018-/"
  },
  {
    "id": "107790537306112",
    "name": "Petite robe noire - Маленькое черное платье",
    "city": "Zhytomyr",
    "url": "https://www.instagram.com/explore/locations/107790537306112/petite-robe-noire-/"
  },
  {
    "id": "865214760277943",
    "name": "AllRezina",
    "city": "Zhytomyr",
    "url": "https://www.instagram.com/explore/locations/865214760277943/allrezina/"
  },
  {
    "id": "883837288422292",
    "name": "Mixfight. ZT",
    "city": "Zhytomyr",
    "url": "https://www.instagram.com/explore/locations/883837288422292/mixfight-zt/"
  },
  {
    "id": "108273655477833",
    "name": "No puede ser",
    "city": "Zhytomyr",
    "url": "https://www.instagram.com/explore/locations/108273655477833/no-puede-ser/"
  },
  {
    "id": "842621112567996",
    "name": "Хлебная 16, Магазин MOBI",
    "city": "Zhytomyr",
    "url": "https://www.instagram.com/explore/locations/842621112567996/16-mobi/"
  },
  {
    "id": "265336990688809",
    "name": "Steffany.ua",
    "city": "Zhytomyr",
    "url": "https://www.instagram.com/explore/locations/265336990688809/steffanyua/"
  },
  {
    "id": "1018604521",
    "name": "Парад - магазин ЕлектроДвигунів",
    "city": "Zhytomyr",
    "url": "https://www.instagram.com/explore/locations/1018604521/-/"
  },
  {
    "id": "110606445088153",
    "name": "Lost In Amsterdam",
    "city": "Zhytomyr",
    "url": "https://www.instagram.com/explore/locations/110606445088153/lost-in-amsterdam/"
  },
  {
    "id": "395052651094942",
    "name": "Медичний центр \"Святовіт-МЕД\"",
    "city": "Zhytomyr",
    "url": "https://www.instagram.com/explore/locations/395052651094942/-/"
  },
  {
    "id": "214716035778118",
    "name": "Художня студіяSweetart Житомир",
    "city": "Zhytomyr",
    "url": "https://www.instagram.com/explore/locations/214716035778118/sweetart/"
  },
  {
    "id": "322389168547779",
    "name": "BROCARD Ukraine",
    "city": "Zhytomyr",
    "url": "https://www.instagram.com/explore/locations/322389168547779/brocard-ukraine/"
  },
  {
    "id": "356788561556382",
    "name": "Киевская 99 Житомир",
    "city": "Zhytomyr",
    "url": "https://www.instagram.com/explore/locations/356788561556382/99/"
  },
  {
    "id": "1496374003767669",
    "name": "Rock’N‘Dent",
    "city": "Zhytomyr",
    "url": "https://www.instagram.com/explore/locations/1496374003767669/rockndent/"
  },
  {
    "id": "807178860",
    "name": "ВІРАЖ - клуб фігурного катання",
    "city": "Zhytomyr",
    "url": "https://www.instagram.com/explore/locations/807178860/-/"
  },
  {
    "id": "329601471226295",
    "name": "Nail master",
    "city": "Zhytomyr",
    "url": "https://www.instagram.com/explore/locations/329601471226295/nail-master/"
  },
  {
    "id": "595464120872675",
    "name": "БРСМ-НАФТА",
    "city": "Zhytomyr",
    "url": "https://www.instagram.com/explore/locations/595464120872675/-/"
  },
  {
    "id": "305669326543088",
    "name": "Ortomedcenter",
    "city": "Zhytomyr",
    "url": "https://www.instagram.com/explore/locations/305669326543088/ortomedcenter/"
  },
  {
    "id": "107665141127425",
    "name": "Jusk",
    "city": "Zhytomyr",
    "url": "https://www.instagram.com/explore/locations/107665141127425/jusk/"
  },
  {
    "id": "598655070492289",
    "name": "ЛІТтера - бібліотеки міста Житомира",
    "city": "Zhytomyr",
    "url": "https://www.instagram.com/explore/locations/598655070492289/-/"
  },
  {
    "id": "1188816011232886",
    "name": "Less Price",
    "city": "Zhytomyr",
    "url": "https://www.instagram.com/explore/locations/1188816011232886/less-price/"
  },
  {
    "id": "111377440253490",
    "name": "feelfreezt",
    "city": "Zhytomyr",
    "url": "https://www.instagram.com/explore/locations/111377440253490/feelfreezt/"
  },
  {
    "id": "359215517963547",
    "name": "Житомирська загальноосвітня школа №35",
    "city": "Zhytomyr",
    "url": "https://www.instagram.com/explore/locations/359215517963547/no35/"
  },
  {
    "id": "226636471443427",
    "name": "NPV - НаПорядокВыше",
    "city": "Zhytomyr",
    "url": "https://www.instagram.com/explore/locations/226636471443427/npv-/"
  },
  {
    "id": "2156851837875145",
    "name": "ЖДНЗ 44",
    "city": "Zhytomyr",
    "url": "https://www.instagram.com/explore/locations/2156851837875145/44/"
  },
  {
    "id": "1104882829720177",
    "name": "визовый центр польша- литва",
    "city": "Zhytomyr",
    "url": "https://www.instagram.com/explore/locations/1104882829720177/-/"
  },
  {
    "id": "450546735330429",
    "name": "INGO Ukraine",
    "city": "Zhytomyr",
    "url": "https://www.instagram.com/explore/locations/450546735330429/ingo-ukraine/"
  },
  {
    "id": "2171738563073615",
    "name": "вул. Івана Мазепи, 78",
    "city": "Zhytomyr",
    "url": "https://www.instagram.com/explore/locations/2171738563073615/78/"
  },
  {
    "id": "3287555384618722",
    "name": "Житомир Бориса Тена102",
    "city": "Zhytomyr",
    "url": "https://www.instagram.com/explore/locations/3287555384618722/102/"
  },
  {
    "id": "1256405324464608",
    "name": "Школа №23",
    "city": "Zhytomyr",
    "url": "https://www.instagram.com/explore/locations/1256405324464608/no23/"
  },
  {
    "id": "427591711381284",
    "name": "MimiCon",
    "city": "Zhytomyr",
    "url": "https://www.instagram.com/explore/locations/427591711381284/mimicon/"
  },
  {
    "id": "1571316806322834",
    "name": "Автошка Parts&Service",
    "city": "Zhytomyr",
    "url": "https://www.instagram.com/explore/locations/1571316806322834/partsservice/"
  },
  {
    "id": "103156138626917",
    "name": "Майдан Згоди 3/75",
    "city": "Zhytomyr",
    "url": "https://www.instagram.com/explore/locations/103156138626917/375/"
  },
  {
    "id": "312247616334441",
    "name": "Київський Ювелірний Завод - КЮЗ",
    "city": "Zhytomyr",
    "url": "https://www.instagram.com/explore/locations/312247616334441/-/"
  },
  {
    "id": "114397359316495",
    "name": "NIKA TOUR",
    "city": "Zhytomyr",
    "url": "https://www.instagram.com/explore/locations/114397359316495/nika-tour/"
  },
  {
    "id": "588462281515043",
    "name": "Житомир Провулок 2",
    "city": "Zhytomyr",
    "url": "https://www.instagram.com/explore/locations/588462281515043/2/"
  },
  {
    "id": "104000035677179",
    "name": "Mini Zoo Hvostata Hata",
    "city": "Zhytomyr",
    "url": "https://www.instagram.com/explore/locations/104000035677179/mini-zoo-hvostata-hata/"
  },
  {
    "id": "389271527829219",
    "name": "Елефант-комфорт",
    "city": "Zhytomyr",
    "url": "https://www.instagram.com/explore/locations/389271527829219/-/"
  },
  {
    "id": "410422479512470",
    "name": "Princess",
    "city": "Zhytomyr",
    "url": "https://www.instagram.com/explore/locations/410422479512470/princess/"
  },
  {
    "id": "471599636682010",
    "name": "ул. Космонавтов 6А",
    "city": "Zhytomyr",
    "url": "https://www.instagram.com/explore/locations/471599636682010/6/"
  },
  {
    "id": "283918065345307",
    "name": "Житомир, Школа 6",
    "city": "Zhytomyr",
    "url": "https://www.instagram.com/explore/locations/283918065345307/6/"
  },
  {
    "id": "102991998361207",
    "name": "Фотостудія 3х4",
    "city": "Zhytomyr",
    "url": "https://www.instagram.com/explore/locations/102991998361207/34/"
  },
  {
    "id": "107752734442938",
    "name": "Success doesn't come by itself",
    "city": "Zhytomyr",
    "url": "https://www.instagram.com/explore/locations/107752734442938/success-doesnt-come-by-itself/"
  },
  {
    "id": "561689404",
    "name": "Житомирська фармацевтична фабрика - Vishpha",
    "city": "Zhytomyr",
    "url": "https://www.instagram.com/explore/locations/561689404/-vishpha/"
  },
  {
    "id": "143529646468633",
    "name": "Sharikava Київська 86",
    "city": "Zhytomyr",
    "url": "https://www.instagram.com/explore/locations/143529646468633/sharikava-86/"
  },
  {
    "id": "265628099",
    "name": "Хлебная 16",
    "city": "Zhytomyr",
    "url": "https://www.instagram.com/explore/locations/265628099/16/"
  },
  {
    "id": "289673404985587",
    "name": "Школа 14",
    "city": "Zhytomyr",
    "url": "https://www.instagram.com/explore/locations/289673404985587/14/"
  },
  {
    "id": "867579223397638",
    "name": "Футбольна школа FireBall",
    "city": "Zhytomyr",
    "url": "https://www.instagram.com/explore/locations/867579223397638/fireball/"
  },
  {
    "id": "174497496794220",
    "name": "вул. Івана Мазепи, 85",
    "city": "Zhytomyr",
    "url": "https://www.instagram.com/explore/locations/174497496794220/85/"
  },
  {
    "id": "2346290665590801",
    "name": "Днз 70 Житомир",
    "city": "Zhytomyr",
    "url": "https://www.instagram.com/explore/locations/2346290665590801/70/"
  },
  {
    "id": "2162393030481858",
    "name": "Дитячий Садок 46",
    "city": "Zhytomyr",
    "url": "https://www.instagram.com/explore/locations/2162393030481858/46/"
  },
  {
    "id": "407727839692940",
    "name": "Житомир,школа 8",
    "city": "Zhytomyr",
    "url": "https://www.instagram.com/explore/locations/407727839692940/8/"
  },
  {
    "id": "2006726999560924",
    "name": "Sharikava",
    "city": "Zhytomyr",
    "url": "https://www.instagram.com/explore/locations/2006726999560924/sharikava/"
  },
  {
    "id": "1031692952",
    "name": "ADS.ZT",
    "city": "Zhytomyr",
    "url": "https://www.instagram.com/explore/locations/1031692952/adszt/"
  },
  {
    "id": "105857975223333",
    "name": "Autocast.com.ua",
    "city": "Zhytomyr",
    "url": "https://www.instagram.com/explore/locations/105857975223333/autocastcomua/"
  },
  {
    "id": "1021555206",
    "name": "Mototop.com.ua",
    "city": "Zhytomyr",
    "url": "https://www.instagram.com/explore/locations/1021555206/mototopcomua/"
  },
  {
    "id": "104080924554136",
    "name": "Kucherry_life",
    "city": "Zhytomyr",
    "url": "https://www.instagram.com/explore/locations/104080924554136/kucherry_life/"
  },
  {
    "id": "102297018566266",
    "name": "Квадро-Туры Заречаны",
    "city": "Zhytomyr",
    "url": "https://www.instagram.com/explore/locations/102297018566266/-/"
  },
  {
    "id": "101441137948235",
    "name": "Віса-Електро, ТОВ",
    "city": "Zhytomyr",
    "url": "https://www.instagram.com/explore/locations/101441137948235/-/"
  },
  {
    "id": "145320952673590",
    "name": "Ліцей 17 міста Житомира",
    "city": "Zhytomyr",
    "url": "https://www.instagram.com/explore/locations/145320952673590/17/"
  },
  {
    "id": "266647147134775",
    "name": "Пивмаг/piv",
    "city": "Zhytomyr",
    "url": "https://www.instagram.com/explore/locations/266647147134775/piv/"
  },
  {
    "id": "789120091",
    "name": "BudMart",
    "city": "Zhytomyr",
    "url": "https://www.instagram.com/explore/locations/789120091/budmart/"
  },
  {
    "id": "111024757205306",
    "name": "Окна Steko Житомир",
    "city": "Zhytomyr",
    "url": "https://www.instagram.com/explore/locations/111024757205306/steko/"
  },
  {
    "id": "846255365552813",
    "name": "Tatastudio",
    "city": "Zhytomyr",
    "url": "https://www.instagram.com/explore/locations/846255365552813/tatastudio/"
  },
  {
    "id": "400811122",
    "name": "Тихий, 13",
    "city": "Zhytomyr",
    "url": "https://www.instagram.com/explore/locations/400811122/13/"
  },
  {
    "id": "1033505477",
    "name": "Krukivka House",
    "city": "Zhytomyr",
    "url": "https://www.instagram.com/explore/locations/1033505477/krukivka-house/"
  },
  {
    "id": "276172403008604",
    "name": "Вульф / Woolf",
    "city": "Zhytomyr",
    "url": "https://www.instagram.com/explore/locations/276172403008604/woolf/"
  },
  {
    "id": "105223184580848",
    "name": "Dim Mlynciv",
    "city": "Zhytomyr",
    "url": "https://www.instagram.com/explore/locations/105223184580848/dim-mlynciv/"
  },
  {
    "id": "1885682265020805",
    "name": "Інтер'єрна Фотостудія \"light's StudioВесільний Та Сімейний",
    "city": "Zhytomyr",
    "url": "https://www.instagram.com/explore/locations/1885682265020805/lights-studio/"
  },
  {
    "id": "416706852223210",
    "name": "Zhitomir production",
    "city": "Zhytomyr",
    "url": "https://www.instagram.com/explore/locations/416706852223210/zhitomir-production/"
  },
  {
    "id": "182524272653193",
    "name": "Beauty Studio",
    "city": "Zhytomyr",
    "url": "https://www.instagram.com/explore/locations/182524272653193/beauty-studio/"
  },
  {
    "id": "117030575677647",
    "name": "17 школа",
    "city": "Zhytomyr",
    "url": "https://www.instagram.com/explore/locations/117030575677647/17/"
  },
  {
    "id": "492698971303744",
    "name": "Florial, Житомир",
    "city": "Zhytomyr",
    "url": "https://www.instagram.com/explore/locations/492698971303744/florial/"
  },
  {
    "id": "1463674910432210",
    "name": "Ажур / Ajour",
    "city": "Zhytomyr",
    "url": "https://www.instagram.com/explore/locations/1463674910432210/ajour/"
  },
  {
    "id": "104899272318483",
    "name": "Utrendi.com - Будь Utrendi • Одяг • Аксесуари • Подарунки",
    "city": "Zhytomyr",
    "url": "https://www.instagram.com/explore/locations/104899272318483/utrendicom-utrendi/"
  },
  {
    "id": "107929437591041",
    "name": "Niklas",
    "city": "Zhytomyr",
    "url": "https://www.instagram.com/explore/locations/107929437591041/niklas/"
  },
  {
    "id": "1387063941342935",
    "name": "Ул. Львовская, 11 Компания Виктори Житомир Курсы Ногтевого Сервиса",
    "city": "Zhytomyr",
    "url": "https://www.instagram.com/explore/locations/1387063941342935/11/"
  },
  {
    "id": "649165448576271",
    "name": "25 Гарнізонний Будинок Офіцерів",
    "city": "Zhytomyr",
    "url": "https://www.instagram.com/explore/locations/649165448576271/25/"
  },
  {
    "id": "2075493772547887",
    "name": "Roller Fun",
    "city": "Zhytomyr",
    "url": "https://www.instagram.com/explore/locations/2075493772547887/roller-fun/"
  },
  {
    "id": "212584139659098",
    "name": "ReFresh Room",
    "city": "Zhytomyr",
    "url": "https://www.instagram.com/explore/locations/212584139659098/refresh-room/"
  },
  {
    "id": "291215234970453",
    "name": "Свято-Володимирський кафедральний собор",
    "city": "Zhytomyr",
    "url": "https://www.instagram.com/explore/locations/291215234970453/-/"
  },
  {
    "id": "360828634384419",
    "name": "Nails Studio \"marmelade\"",
    "city": "Zhytomyr",
    "url": "https://www.instagram.com/explore/locations/360828634384419/nails-studio-marmelade/"
  },
  {
    "id": "1298422310289340",
    "name": "Warriors Wear",
    "city": "Zhytomyr",
    "url": "https://www.instagram.com/explore/locations/1298422310289340/warriors-wear/"
  },
  {
    "id": "1022541829",
    "name": "Motor: Everyday Therapy",
    "city": "Zhytomyr",
    "url": "https://www.instagram.com/explore/locations/1022541829/motor-everyday-therapy/"
  },
  {
    "id": "100181932479509",
    "name": "Акіта - ветеринарна клініка, м. Житомир",
    "city": "Zhytomyr",
    "url": "https://www.instagram.com/explore/locations/100181932479509/-/"
  },
  {
    "id": "141373686508992",
    "name": "Veronika de Fleur - Букетыпод заказ",
    "city": "Zhytomyr",
    "url": "https://www.instagram.com/explore/locations/141373686508992/veronika-de-fleur-/"
  },
  {
    "id": "111380091039994",
    "name": "Vice City Pizza",
    "city": "Zhytomyr",
    "url": "https://www.instagram.com/explore/locations/111380091039994/vice-city-pizza/"
  },
  {
    "id": "104945451056238",
    "name": "Ukraine Zhytomyr •",
    "city": "Zhytomyr",
    "url": "https://www.instagram.com/explore/locations/104945451056238/ukraine-zhytomyr/"
  },
  {
    "id": "662406140816619",
    "name": "ПрофільТех - виробнича компанія",
    "city": "Zhytomyr",
    "url": "https://www.instagram.com/explore/locations/662406140816619/-/"
  },
  {
    "id": "1451814108284856",
    "name": "24 школа",
    "city": "Zhytomyr",
    "url": "https://www.instagram.com/explore/locations/1451814108284856/24/"
  },
  {
    "id": "1922235498003790",
    "name": "Vipcosmetik - интернет-магазин белорусской косметики",
    "city": "Zhytomyr",
    "url": "https://www.instagram.com/explore/locations/1922235498003790/vipcosmetik-/"
  },
  {
    "id": "575005639604592",
    "name": "Easygenerator Ukraіne",
    "city": "Zhytomyr",
    "url": "https://www.instagram.com/explore/locations/575005639604592/easygenerator-ukrane/"
  },
  {
    "id": "110346487961524",
    "name": "Al Basha Shawarma",
    "city": "Zhytomyr",
    "url": "https://www.instagram.com/explore/locations/110346487961524/al-basha-shawarma/"
  },
  {
    "id": "124269798173534",
    "name": "Житомир. Киевская 59",
    "city": "Zhytomyr",
    "url": "https://www.instagram.com/explore/locations/124269798173534/59/"
  },
  {
    "id": "2026998237574348",
    "name": "Школа 22",
    "city": "Zhytomyr",
    "url": "https://www.instagram.com/explore/locations/2026998237574348/22/"
  },
  {
    "id": "333672074170949",
    "name": "Make Your Choice",
    "city": "Zhytomyr",
    "url": "https://www.instagram.com/explore/locations/333672074170949/make-your-choice/"
  },
  {
    "id": "178005069544886",
    "name": "Подорожуй з ZT-travel",
    "city": "Zhytomyr",
    "url": "https://www.instagram.com/explore/locations/178005069544886/zt-travel/"
  },
  {
    "id": "1139702776160927",
    "name": "Кц«просто», Київська,81",
    "city": "Zhytomyr",
    "url": "https://www.instagram.com/explore/locations/1139702776160927/81/"
  },
  {
    "id": "110200907214404",
    "name": "Кибальчича 11 Житомир",
    "city": "Zhytomyr",
    "url": "https://www.instagram.com/explore/locations/110200907214404/11/"
  },
  {
    "id": "716320531",
    "name": "Altstadt Erfurt",
    "city": "Zhytomyr",
    "url": "https://www.instagram.com/explore/locations/716320531/altstadt-erfurt/"
  },
  {
    "id": "464006837739479",
    "name": "Чайківська ЗОШ І-ІІІ ступенів Радомишльського району",
    "city": "Zhytomyr",
    "url": "https://www.instagram.com/explore/locations/464006837739479/-/"
  },
  {
    "id": "106920430923706",
    "name": "zerno_coffee_zt",
    "city": "Zhytomyr",
    "url": "https://www.instagram.com/explore/locations/106920430923706/zerno_coffee_zt/"
  },
  {
    "id": "1032109263639198",
    "name": "ДП \"Житомир-Poligraf\"",
    "city": "Zhytomyr",
    "url": "https://www.instagram.com/explore/locations/1032109263639198/-poligraf/"
  },
  {
    "id": "1032199156",
    "name": "Школа №35",
    "city": "Zhytomyr",
    "url": "https://www.instagram.com/explore/locations/1032199156/no35/"
  },
  {
    "id": "252944041",
    "name": "Mcdonalds",
    "city": "Zhytomyr",
    "url": "https://www.instagram.com/explore/locations/252944041/mcdonalds/"
  },
  {
    "id": "1028653990",
    "name": "Г. Житомир улица Бородия дом 51",
    "city": "Zhytomyr",
    "url": "https://www.instagram.com/explore/locations/1028653990/51/"
  },
  {
    "id": "213092189598674",
    "name": "Megasport",
    "city": "Zhytomyr",
    "url": "https://www.instagram.com/explore/locations/213092189598674/megasport/"
  },
  {
    "id": "782125142151947",
    "name": "Делікатес-маркет",
    "city": "Zhytomyr",
    "url": "https://www.instagram.com/explore/locations/782125142151947/-/"
  },
  {
    "id": "112392100487307",
    "name": "Шоу-рум дверей та інтер'єру - dp",
    "city": "Zhytomyr",
    "url": "https://www.instagram.com/explore/locations/112392100487307/-dp/"
  },
  {
    "id": "744391222438299",
    "name": "Детская футбольная школа SpaceBall",
    "city": "Zhytomyr",
    "url": "https://www.instagram.com/explore/locations/744391222438299/spaceball/"
  },
  {
    "id": "107849534172401",
    "name": "VR Marketing",
    "city": "Zhytomyr",
    "url": "https://www.instagram.com/explore/locations/107849534172401/vr-marketing/"
  },
  {
    "id": "104410174540225",
    "name": "Parquet House",
    "city": "Zhytomyr",
    "url": "https://www.instagram.com/explore/locations/104410174540225/parquet-house/"
  },
  {
    "id": "388014095075042",
    "name": "Шелушкова 112",
    "city": "Zhytomyr",
    "url": "https://www.instagram.com/explore/locations/388014095075042/112/"
  },
  {
    "id": "1927634760683655",
    "name": "Letout",
    "city": "Zhytomyr",
    "url": "https://www.instagram.com/explore/locations/1927634760683655/letout/"
  },
  {
    "id": "104368337709000",
    "name": "BigMob Мастерская",
    "city": "Zhytomyr",
    "url": "https://www.instagram.com/explore/locations/104368337709000/bigmob/"
  },
  {
    "id": "2612393902320232",
    "name": "Online",
    "city": "Zhytomyr",
    "url": "https://www.instagram.com/explore/locations/2612393902320232/online/"
  },
  {
    "id": "557690281356468",
    "name": "Стоматология32",
    "city": "Zhytomyr",
    "url": "https://www.instagram.com/explore/locations/557690281356468/32/"
  },
  {
    "id": "111970377614764",
    "name": "SOCAR",
    "city": "Zhytomyr",
    "url": "https://www.instagram.com/explore/locations/111970377614764/socar/"
  },
  {
    "id": "328387487874085",
    "name": "Дитячий Садок 55",
    "city": "Zhytomyr",
    "url": "https://www.instagram.com/explore/locations/328387487874085/55/"
  },
  {
    "id": "188534935208987",
    "name": "3dtourzt",
    "city": "Zhytomyr",
    "url": "https://www.instagram.com/explore/locations/188534935208987/3dtourzt/"
  },
  {
    "id": "113401990220411",
    "name": "Kebob Bar",
    "city": "Zhytomyr",
    "url": "https://www.instagram.com/explore/locations/113401990220411/kebob-bar/"
  },
  {
    "id": "107295754153316",
    "name": "Управління національно-патріотичного виховання, молоді та спорту ЖОДА",
    "city": "Zhytomyr",
    "url": "https://www.instagram.com/explore/locations/107295754153316/-/"
  },
  {
    "id": "298488237243962",
    "name": "Kids City Житомир",
    "city": "Zhytomyr",
    "url": "https://www.instagram.com/explore/locations/298488237243962/kids-city/"
  },
  {
    "id": "112181047236774",
    "name": "Synchronization",
    "city": "Zhytomyr",
    "url": "https://www.instagram.com/explore/locations/112181047236774/synchronization/"
  },
  {
    "id": "109000747549996",
    "name": "Robots and Cyborgs",
    "city": "Zhytomyr",
    "url": "https://www.instagram.com/explore/locations/109000747549996/robots-and-cyborgs/"
  },
  {
    "id": "706089496196054",
    "name": "Melrose American Grill Restaurant",
    "city": "Zhytomyr",
    "url": "https://www.instagram.com/explore/locations/706089496196054/melrose-american-grill-restaurant/"
  },
  {
    "id": "105544421233309",
    "name": "Маникюр Гель-Лак Житомир",
    "city": "Zhytomyr",
    "url": "https://www.instagram.com/explore/locations/105544421233309/-/"
  },
  {
    "id": "102338634954361",
    "name": "Freedom",
    "city": "Zhytomyr",
    "url": "https://www.instagram.com/explore/locations/102338634954361/freedom/"
  },
  {
    "id": "197457704128246",
    "name": "Kanapkawa",
    "city": "Zhytomyr",
    "url": "https://www.instagram.com/explore/locations/197457704128246/kanapkawa/"
  },
  {
    "id": "2138082059609120",
    "name": "Полісся-Продукт",
    "city": "Zhytomyr",
    "url": "https://www.instagram.com/explore/locations/2138082059609120/-/"
  },
  {
    "id": "628296304315510",
    "name": "GlassLuka",
    "city": "Zhytomyr",
    "url": "https://www.instagram.com/explore/locations/628296304315510/glassluka/"
  },
  {
    "id": "924366657592814",
    "name": "White Rabbit",
    "city": "Zhytomyr",
    "url": "https://www.instagram.com/explore/locations/924366657592814/white-rabbit/"
  },
  {
    "id": "312878419476545",
    "name": "Domson",
    "city": "Zhytomyr",
    "url": "https://www.instagram.com/explore/locations/312878419476545/domson/"
  },
  {
    "id": "107149644052466",
    "name": "Kilogram. Житомир",
    "city": "Zhytomyr",
    "url": "https://www.instagram.com/explore/locations/107149644052466/kilogram/"
  },
  {
    "id": "108777530651117",
    "name": "JASMINE Lingerie",
    "city": "Zhytomyr",
    "url": "https://www.instagram.com/explore/locations/108777530651117/jasmine-lingerie/"
  },
  {
    "id": "415604109219606",
    "name": "Kavasendvich",
    "city": "Zhytomyr",
    "url": "https://www.instagram.com/explore/locations/415604109219606/kavasendvich/"
  },
  {
    "id": "111103321018300",
    "name": "Profit Gym",
    "city": "Zhytomyr",
    "url": "https://www.instagram.com/explore/locations/111103321018300/profit-gym/"
  },
  {
    "id": "981868305347645",
    "name": "Dubai",
    "city": "Zhytomyr",
    "url": "https://www.instagram.com/explore/locations/981868305347645/dubai/"
  },
  {
    "id": "1026774247",
    "name": "Brow Bar",
    "city": "Zhytomyr",
    "url": "https://www.instagram.com/explore/locations/1026774247/brow-bar/"
  },
  {
    "id": "2109807115903059",
    "name": "God's Garage",
    "city": "Zhytomyr",
    "url": "https://www.instagram.com/explore/locations/2109807115903059/gods-garage/"
  },
  {
    "id": "641827719590616",
    "name": "Mega Vision",
    "city": "Zhytomyr",
    "url": "https://www.instagram.com/explore/locations/641827719590616/mega-vision/"
  },
  {
    "id": "1073602402809563",
    "name": "Shell заправка",
    "city": "Zhytomyr",
    "url": "https://www.instagram.com/explore/locations/1073602402809563/shell/"
  },
  {
    "id": "103448481365463",
    "name": "Проспект Мира 37",
    "city": "Zhytomyr",
    "url": "https://www.instagram.com/explore/locations/103448481365463/37/"
  },
  {
    "id": "101322189401823",
    "name": "DavrBank",
    "city": "Zhytomyr",
    "url": "https://www.instagram.com/explore/locations/101322189401823/davrbank/"
  },
  {
    "id": "1433940656742485",
    "name": "Lc Waikiki",
    "city": "Zhytomyr",
    "url": "https://www.instagram.com/explore/locations/1433940656742485/lc-waikiki/"
  },
  {
    "id": "257063665088820",
    "name": "Сухий яр,12, Ресторан «гайки»",
    "city": "Zhytomyr",
    "url": "https://www.instagram.com/explore/locations/257063665088820/12/"
  },
  {
    "id": "333648597391511",
    "name": "KidsStyle",
    "city": "Zhytomyr",
    "url": "https://www.instagram.com/explore/locations/333648597391511/kidsstyle/"
  },
  {
    "id": "263540320965206",
    "name": "X-VID",
    "city": "Zhytomyr",
    "url": "https://www.instagram.com/explore/locations/263540320965206/x-vid/"
  },
  {
    "id": "454257484923866",
    "name": "Porterhousezt Pub",
    "city": "Zhytomyr",
    "url": "https://www.instagram.com/explore/locations/454257484923866/porterhousezt-pub/"
  },
  {
    "id": "468092583710730",
    "name": "Top Agency",
    "city": "Zhytomyr",
    "url": "https://www.instagram.com/explore/locations/468092583710730/top-agency/"
  },
  {
    "id": "102498657898154",
    "name": "Курси Іноземних Мов Langoo",
    "city": "Zhytomyr",
    "url": "https://www.instagram.com/explore/locations/102498657898154/langoo/"
  },
  {
    "id": "1366380196779439",
    "name": "Интернет магазин женской одежды больших размеров \"Style XL\"",
    "city": "Zhytomyr",
    "url": "https://www.instagram.com/explore/locations/1366380196779439/style-xl/"
  },
  {
    "id": "106009304150809",
    "name": "Pandora",
    "city": "Zhytomyr",
    "url": "https://www.instagram.com/explore/locations/106009304150809/pandora/"
  },
  {
    "id": "388681091719390",
    "name": "Школа 34",
    "city": "Zhytomyr",
    "url": "https://www.instagram.com/explore/locations/388681091719390/34/"
  },
  {
    "id": "2170153139914732",
    "name": "Житомирська Загальноосвітня Школа 16",
    "city": "Zhytomyr",
    "url": "https://www.instagram.com/explore/locations/2170153139914732/16/"
  },
  {
    "id": "112722397164228",
    "name": "Stimma",
    "city": "Zhytomyr",
    "url": "https://www.instagram.com/explore/locations/112722397164228/stimma/"
  },
  {
    "id": "593845522",
    "name": "Irish Pub",
    "city": "Zhytomyr",
    "url": "https://www.instagram.com/explore/locations/593845522/irish-pub/"
  },
  {
    "id": "1417783071848673",
    "name": "bolgarka.ukr",
    "city": "Zhytomyr",
    "url": "https://www.instagram.com/explore/locations/1417783071848673/bolgarkaukr/"
  },
  {
    "id": "267486087243861",
    "name": "ул.Ивана Мазепи 2",
    "city": "Zhytomyr",
    "url": "https://www.instagram.com/explore/locations/267486087243861/2/"
  },
  {
    "id": "322429138432009",
    "name": "Trh Global Ua",
    "city": "Zhytomyr",
    "url": "https://www.instagram.com/explore/locations/322429138432009/trh-global-ua/"
  },
  {
    "id": "406685736171047",
    "name": "Буд-Студия",
    "city": "Zhytomyr",
    "url": "https://www.instagram.com/explore/locations/406685736171047/-/"
  },
  {
    "id": "1907726492808290",
    "name": "Школа №17",
    "city": "Zhytomyr",
    "url": "https://www.instagram.com/explore/locations/1907726492808290/no17/"
  },
  {
    "id": "1026645002",
    "name": "Киевская 79. 3 этаж Индиго",
    "city": "Zhytomyr",
    "url": "https://www.instagram.com/explore/locations/1026645002/79-3/"
  },
  {
    "id": "338360283376276",
    "name": "вул. Кибальчича, 5",
    "city": "Zhytomyr",
    "url": "https://www.instagram.com/explore/locations/338360283376276/5/"
  },
  {
    "id": "456221398158011",
    "name": "Trandall",
    "city": "Zhytomyr",
    "url": "https://www.instagram.com/explore/locations/456221398158011/trandall/"
  },
  {
    "id": "481040355766598",
    "name": "Meest",
    "city": "Zhytomyr",
    "url": "https://www.instagram.com/explore/locations/481040355766598/meest/"
  },
  {
    "id": "306006063623549",
    "name": "Автостанція 2",
    "city": "Zhytomyr",
    "url": "https://www.instagram.com/explore/locations/306006063623549/2/"
  },
  {
    "id": "101061633023357",
    "name": "Kushtra Barbershop",
    "city": "Zhytomyr",
    "url": "https://www.instagram.com/explore/locations/101061633023357/kushtra-barbershop/"
  },
  {
    "id": "105178458114028",
    "name": "Jardi Market",
    "city": "Zhytomyr",
    "url": "https://www.instagram.com/explore/locations/105178458114028/jardi-market/"
  },
  {
    "id": "269973071",
    "name": "Бизнес Центр \"Глобал UA\"",
    "city": "Zhytomyr",
    "url": "https://www.instagram.com/explore/locations/269973071/ua/"
  },
  {
    "id": "104188676079225",
    "name": "Laserlifezt",
    "city": "Zhytomyr",
    "url": "https://www.instagram.com/explore/locations/104188676079225/laserlifezt/"
  },
  {
    "id": "681933665296029",
    "name": "Американский Ресторан Melrose",
    "city": "Zhytomyr",
    "url": "https://www.instagram.com/explore/locations/681933665296029/melrose/"
  },
  {
    "id": "282268525696273",
    "name": "Житомир. Проїзд Академіка Тутковського 8",
    "city": "Zhytomyr",
    "url": "https://www.instagram.com/explore/locations/282268525696273/8/"
  },
  {
    "id": "113988693347478",
    "name": "sakura.zt.ua",
    "city": "Zhytomyr",
    "url": "https://www.instagram.com/explore/locations/113988693347478/sakuraztua/"
  },
  {
    "id": "100903775154776",
    "name": "Soundbox",
    "city": "Zhytomyr",
    "url": "https://www.instagram.com/explore/locations/100903775154776/soundbox/"
  },
  {
    "id": "328310981135269",
    "name": "Ул. Киевская 95, Офис 4",
    "city": "Zhytomyr",
    "url": "https://www.instagram.com/explore/locations/328310981135269/95-4/"
  },
  {
    "id": "110294617127882",
    "name": "stockids.zt",
    "city": "Zhytomyr",
    "url": "https://www.instagram.com/explore/locations/110294617127882/stockidszt/"
  },
  {
    "id": "148012386152541",
    "name": "Тутковського 15",
    "city": "Zhytomyr",
    "url": "https://www.instagram.com/explore/locations/148012386152541/15/"
  },
  {
    "id": "2390994571118632",
    "name": "Badura",
    "city": "Zhytomyr",
    "url": "https://www.instagram.com/explore/locations/2390994571118632/badura/"
  },
  {
    "id": "108311775259243",
    "name": "Troyanda Flowers Житомир",
    "city": "Zhytomyr",
    "url": "https://www.instagram.com/explore/locations/108311775259243/troyanda-flowers/"
  },
  {
    "id": "291638628008376",
    "name": "Ул.восточная 65, Житомир",
    "city": "Zhytomyr",
    "url": "https://www.instagram.com/explore/locations/291638628008376/65/"
  },
  {
    "id": "110029321144285",
    "name": "Житомир, Школа 16",
    "city": "Zhytomyr",
    "url": "https://www.instagram.com/explore/locations/110029321144285/16/"
  },
  {
    "id": "425386134464054",
    "name": "Інтер'єрна Фотостудія \"light's StudioВесільний та Сімейний Фотограф",
    "city": "Zhytomyr",
    "url": "https://www.instagram.com/explore/locations/425386134464054/lights-studio/"
  },
  {
    "id": "263998687586505",
    "name": "adidas",
    "city": "Zhytomyr",
    "url": "https://www.instagram.com/explore/locations/263998687586505/adidas/"
  },
  {
    "id": "188169068464481",
    "name": "Last Bell DC",
    "city": "Zhytomyr",
    "url": "https://www.instagram.com/explore/locations/188169068464481/last-bell-dc/"
  },
  {
    "id": "1951298601838598",
    "name": "Vean Tatoo",
    "city": "Zhytomyr",
    "url": "https://www.instagram.com/explore/locations/1951298601838598/vean-tatoo/"
  },
  {
    "id": "111370390257671",
    "name": "Київська, 73 Перукарня",
    "city": "Zhytomyr",
    "url": "https://www.instagram.com/explore/locations/111370390257671/73/"
  },
  {
    "id": "1019098042",
    "name": "Pilgrim Zhytomyr",
    "city": "Zhytomyr",
    "url": "https://www.instagram.com/explore/locations/1019098042/pilgrim-zhytomyr/"
  },
  {
    "id": "119772483186424",
    "name": "La amour",
    "city": "Zhytomyr",
    "url": "https://www.instagram.com/explore/locations/119772483186424/la-amour/"
  },
  {
    "id": "708039289561352",
    "name": "пл. Привокзальная 6/126",
    "city": "Zhytomyr",
    "url": "https://www.instagram.com/explore/locations/708039289561352/6126/"
  },
  {
    "id": "115500770577599",
    "name": "Глобал Кафе Arabica",
    "city": "Zhytomyr",
    "url": "https://www.instagram.com/explore/locations/115500770577599/arabica/"
  },
  {
    "id": "504505446756136",
    "name": "Дитячий Садок 43",
    "city": "Zhytomyr",
    "url": "https://www.instagram.com/explore/locations/504505446756136/43/"
  },
  {
    "id": "104967021174774",
    "name": "Atlant",
    "city": "Zhytomyr",
    "url": "https://www.instagram.com/explore/locations/104967021174774/atlant/"
  },
  {
    "id": "349526949134757",
    "name": "Idea pizza",
    "city": "Zhytomyr",
    "url": "https://www.instagram.com/explore/locations/349526949134757/idea-pizza/"
  },
  {
    "id": "2354274691469092",
    "name": "Житомир, Киевская 96",
    "city": "Zhytomyr",
    "url": "https://www.instagram.com/explore/locations/2354274691469092/96/"
  },
  {
    "id": "258205328082873",
    "name": "FanTown",
    "city": "Zhytomyr",
    "url": "https://www.instagram.com/explore/locations/258205328082873/fantown/"
  },
  {
    "id": "1807131002870557",
    "name": "Family shop Amsterdam",
    "city": "Zhytomyr",
    "url": "https://www.instagram.com/explore/locations/1807131002870557/family-shop-amsterdam/"
  },
  {
    "id": "1256453617813733",
    "name": "Vtrende",
    "city": "Zhytomyr",
    "url": "https://www.instagram.com/explore/locations/1256453617813733/vtrende/"
  },
  {
    "id": "2223771244534504",
    "name": "Browbar.zt",
    "city": "Zhytomyr",
    "url": "https://www.instagram.com/explore/locations/2223771244534504/browbarzt/"
  },
  {
    "id": "865069326",
    "name": "FIAT Житомир",
    "city": "Zhytomyr",
    "url": "https://www.instagram.com/explore/locations/865069326/fiat/"
  },
  {
    "id": "1790163014590029",
    "name": "Житомир Ул. Шелушкова77",
    "city": "Zhytomyr",
    "url": "https://www.instagram.com/explore/locations/1790163014590029/77/"
  },
  {
    "id": "105998074895537",
    "name": "Житомир, Михаила Грушевского 57",
    "city": "Zhytomyr",
    "url": "https://www.instagram.com/explore/locations/105998074895537/57/"
  },
  {
    "id": "2203225126562564",
    "name": "lcwaikiki",
    "city": "Zhytomyr",
    "url": "https://www.instagram.com/explore/locations/2203225126562564/lcwaikiki/"
  },
  {
    "id": "1033577670",
    "name": "Студия Dks.production",
    "city": "Zhytomyr",
    "url": "https://www.instagram.com/explore/locations/1033577670/dksproduction/"
  },
  {
    "id": "102171224849324",
    "name": "Warszawa",
    "city": "Zhytomyr",
    "url": "https://www.instagram.com/explore/locations/102171224849324/warszawa/"
  },
  {
    "id": "102023539341407",
    "name": "Ukraine is my home",
    "city": "Zhytomyr",
    "url": "https://www.instagram.com/explore/locations/102023539341407/ukraine-is-my-home/"
  },
  {
    "id": "1579393815696823",
    "name": "Beauty Bar á la Sevruk",
    "city": "Zhytomyr",
    "url": "https://www.instagram.com/explore/locations/1579393815696823/beauty-bar-a-la-sevruk/"
  },
  {
    "id": "2395313527362052",
    "name": "Osipchuk Tattoo",
    "city": "Zhytomyr",
    "url": "https://www.instagram.com/explore/locations/2395313527362052/osipchuk-tattoo/"
  },
  {
    "id": "101296815452371",
    "name": "Майдан Згоди,1, Житомир",
    "city": "Zhytomyr",
    "url": "https://www.instagram.com/explore/locations/101296815452371/1/"
  },
  {
    "id": "100911811954252",
    "name": "Мікс Маркет вул Сльоти 60 а",
    "city": "Zhytomyr",
    "url": "https://www.instagram.com/explore/locations/100911811954252/60/"
  },
  {
    "id": "109475890436196",
    "name": "Wladna",
    "city": "Zhytomyr",
    "url": "https://www.instagram.com/explore/locations/109475890436196/wladna/"
  },
  {
    "id": "594477834252938",
    "name": "Бензопила.Укр - интернет-магазин инструментов",
    "city": "Zhytomyr",
    "url": "https://www.instagram.com/explore/locations/594477834252938/-/"
  },
  {
    "id": "103445698720846",
    "name": "Light fantasy",
    "city": "Zhytomyr",
    "url": "https://www.instagram.com/explore/locations/103445698720846/light-fantasy/"
  },
  {
    "id": "100795642717770",
    "name": "Шини allrezina.com.ua",
    "city": "Zhytomyr",
    "url": "https://www.instagram.com/explore/locations/100795642717770/allrezinacomua/"
  },
  {
    "id": "105749881214889",
    "name": "NEMO салон тепла",
    "city": "Zhytomyr",
    "url": "https://www.instagram.com/explore/locations/105749881214889/nemo/"
  },
  {
    "id": "253241768695466",
    "name": "Grandma's Place",
    "city": "Zhytomyr",
    "url": "https://www.instagram.com/explore/locations/253241768695466/grandmas-place/"
  },
  {
    "id": "1018945381624952",
    "name": "IBox",
    "city": "Zhytomyr",
    "url": "https://www.instagram.com/explore/locations/1018945381624952/ibox/"
  },
  {
    "id": "103949574732438",
    "name": "Магазин піротехніки \"Stalker\"",
    "city": "Zhytomyr",
    "url": "https://www.instagram.com/explore/locations/103949574732438/stalker/"
  },
  {
    "id": "328509053680526",
    "name": "ZBS.barber",
    "city": "Zhytomyr",
    "url": "https://www.instagram.com/explore/locations/328509053680526/zbsbarber/"
  },
  {
    "id": "2050270758369063",
    "name": "Business Center Global.ua",
    "city": "Zhytomyr",
    "url": "https://www.instagram.com/explore/locations/2050270758369063/business-center-globalua/"
  },
  {
    "id": "1749498178640243",
    "name": "Воліс-Сервіс",
    "city": "Zhytomyr",
    "url": "https://www.instagram.com/explore/locations/1749498178640243/-/"
  },
  {
    "id": "333628870777111",
    "name": "Fresh Berry",
    "city": "Zhytomyr",
    "url": "https://www.instagram.com/explore/locations/333628870777111/fresh-berry/"
  },
  {
    "id": "1913647785355938",
    "name": "СхiднийРинок",
    "city": "Zhytomyr",
    "url": "https://www.instagram.com/explore/locations/1913647785355938/i/"
  },
  {
    "id": "2301984676533307",
    "name": "Житомир, ул. Киевская 59",
    "city": "Zhytomyr",
    "url": "https://www.instagram.com/explore/locations/2301984676533307/59/"
  },
  {
    "id": "759708898",
    "name": "КАТП 0628 ЖМР",
    "city": "Zhytomyr",
    "url": "https://www.instagram.com/explore/locations/759708898/0628/"
  },
  {
    "id": "913133572363467",
    "name": "Полісся-Продукт",
    "city": "Zhytomyr",
    "url": "https://www.instagram.com/explore/locations/913133572363467/-/"
  },
  {
    "id": "323409015147454",
    "name": "Ивана Мазепи 18",
    "city": "Zhytomyr",
    "url": "https://www.instagram.com/explore/locations/323409015147454/18/"
  },
  {
    "id": "108221241665583",
    "name": "Медична лабораторія Invivo",
    "city": "Zhytomyr",
    "url": "https://www.instagram.com/explore/locations/108221241665583/invivo/"
  },
  {
    "id": "432901200247088",
    "name": "News DKS Житомир",
    "city": "Zhytomyr",
    "url": "https://www.instagram.com/explore/locations/432901200247088/news-dks/"
  },
  {
    "id": "105574654599177",
    "name": "Mi банда",
    "city": "Zhytomyr",
    "url": "https://www.instagram.com/explore/locations/105574654599177/mi/"
  },
  {
    "id": "71347722",
    "name": "Глобал Strike",
    "city": "Zhytomyr",
    "url": "https://www.instagram.com/explore/locations/71347722/strike/"
  },
  {
    "id": "176801016298440",
    "name": "INTERTOP",
    "city": "Zhytomyr",
    "url": "https://www.instagram.com/explore/locations/176801016298440/intertop/"
  },
  {
    "id": "539806272871501",
    "name": "Зош 10",
    "city": "Zhytomyr",
    "url": "https://www.instagram.com/explore/locations/539806272871501/10/"
  },
  {
    "id": "219407675266066",
    "name": "GraffitStudio",
    "city": "Zhytomyr",
    "url": "https://www.instagram.com/explore/locations/219407675266066/graffitstudio/"
  },
  {
    "id": "101740812110576",
    "name": "Auto Butik",
    "city": "Zhytomyr",
    "url": "https://www.instagram.com/explore/locations/101740812110576/auto-butik/"
  },
  {
    "id": "105868381977197",
    "name": "oui_ukraine",
    "city": "Zhytomyr",
    "url": "https://www.instagram.com/explore/locations/105868381977197/oui_ukraine/"
  },
  {
    "id": "101646202728023",
    "name": "Ліцей N8 міста Житомира",
    "city": "Zhytomyr",
    "url": "https://www.instagram.com/explore/locations/101646202728023/n8/"
  },
  {
    "id": "111596228321173",
    "name": "Анді. Житомир, Київська 87",
    "city": "Zhytomyr",
    "url": "https://www.instagram.com/explore/locations/111596228321173/87/"
  },
  {
    "id": "259842055",
    "name": "Креветка-тур",
    "city": "Zhytomyr",
    "url": "https://www.instagram.com/explore/locations/259842055/-/"
  },
  {
    "id": "103375422334202",
    "name": "Liudmyla Muravska",
    "city": "Zhytomyr",
    "url": "https://www.instagram.com/explore/locations/103375422334202/liudmyla-muravska/"
  },
  {
    "id": "109464020558849",
    "name": "Inspire Store",
    "city": "Zhytomyr",
    "url": "https://www.instagram.com/explore/locations/109464020558849/inspire-store/"
  },
  {
    "id": "102643491677368",
    "name": "Sharikava",
    "city": "Zhytomyr",
    "url": "https://www.instagram.com/explore/locations/102643491677368/sharikava/"
  },
  {
    "id": "261266427705322",
    "name": "Загальноосвітня школа І-ІІІ ступенів №35",
    "city": "Zhytomyr",
    "url": "https://www.instagram.com/explore/locations/261266427705322/-no35/"
  },
  {
    "id": "728875657465675",
    "name": "вокзальний 14",
    "city": "Zhytomyr",
    "url": "https://www.instagram.com/explore/locations/728875657465675/14/"
  },
  {
    "id": "103837314549688",
    "name": "Вокзальна 6а Мясна Зупинка",
    "city": "Zhytomyr",
    "url": "https://www.instagram.com/explore/locations/103837314549688/6/"
  },
  {
    "id": "202401613826797",
    "name": "Sharikava Князів Острозьких 95",
    "city": "Zhytomyr",
    "url": "https://www.instagram.com/explore/locations/202401613826797/sharikava-95/"
  },
  {
    "id": "327887157973475",
    "name": "Kid's City",
    "city": "Zhytomyr",
    "url": "https://www.instagram.com/explore/locations/327887157973475/kids-city/"
  },
  {
    "id": "1388128997988770",
    "name": "Eldorado.ua",
    "city": "Zhytomyr",
    "url": "https://www.instagram.com/explore/locations/1388128997988770/eldoradoua/"
  },
  {
    "id": "285770965668374",
    "name": "Ashan",
    "city": "Zhytomyr",
    "url": "https://www.instagram.com/explore/locations/285770965668374/ashan/"
  },
  {
    "id": "105113044590580",
    "name": "Soap bubble",
    "city": "Zhytomyr",
    "url": "https://www.instagram.com/explore/locations/105113044590580/soap-bubble/"
  },
  {
    "id": "110371867450060",
    "name": "Fanfare",
    "city": "Zhytomyr",
    "url": "https://www.instagram.com/explore/locations/110371867450060/fanfare/"
  },
  {
    "id": "1700811226731325",
    "name": "IBox",
    "city": "Zhytomyr",
    "url": "https://www.instagram.com/explore/locations/1700811226731325/ibox/"
  },
  {
    "id": "187857745478227",
    "name": "вул. Гоголівська 73",
    "city": "Zhytomyr",
    "url": "https://www.instagram.com/explore/locations/187857745478227/73/"
  },
  {
    "id": "1868368853385522",
    "name": "Житомир, вул Корольова 46а",
    "city": "Zhytomyr",
    "url": "https://www.instagram.com/explore/locations/1868368853385522/46/"
  },
  {
    "id": "431383417624515",
    "name": "Київська, 87",
    "city": "Zhytomyr",
    "url": "https://www.instagram.com/explore/locations/431383417624515/87/"
  },
  {
    "id": "486199851876414",
    "name": "Лектравы / Liktravy",
    "city": "Zhytomyr",
    "url": "https://www.instagram.com/explore/locations/486199851876414/liktravy/"
  },
  {
    "id": "1326351757454160",
    "name": "Alex Club",
    "city": "Zhytomyr",
    "url": "https://www.instagram.com/explore/locations/1326351757454160/alex-club/"
  },
  {
    "id": "108613947305242",
    "name": "Грибоедоff",
    "city": "Zhytomyr",
    "url": "https://www.instagram.com/explore/locations/108613947305242/ff/"
  },
  {
    "id": "100193474842509",
    "name": "Гоголевская 4 ,New Day",
    "city": "Zhytomyr",
    "url": "https://www.instagram.com/explore/locations/100193474842509/4-new-day/"
  },
  {
    "id": "278272786140948",
    "name": "Королёва, 46Б",
    "city": "Zhytomyr",
    "url": "https://www.instagram.com/explore/locations/278272786140948/46/"
  },
  {
    "id": "917772095080423",
    "name": "Зош 32 М. Житомира",
    "city": "Zhytomyr",
    "url": "https://www.instagram.com/explore/locations/917772095080423/32/"
  },
  {
    "id": "100342335932399",
    "name": "MEGASPORT",
    "city": "Zhytomyr",
    "url": "https://www.instagram.com/explore/locations/100342335932399/megasport/"
  },
  {
    "id": "150123695616192",
    "name": "Киевская 65",
    "city": "Zhytomyr",
    "url": "https://www.instagram.com/explore/locations/150123695616192/65/"
  },
  {
    "id": "1063053823769949",
    "name": "Уют Строй - Строительная Компания",
    "city": "Zhytomyr",
    "url": "https://www.instagram.com/explore/locations/1063053823769949/-/"
  },
  {
    "id": "105005997538076",
    "name": "Passion_aroma",
    "city": "Zhytomyr",
    "url": "https://www.instagram.com/explore/locations/105005997538076/passion_aroma/"
  },
  {
    "id": "344369309644380",
    "name": "АЗС «WOG»",
    "city": "Zhytomyr",
    "url": "https://www.instagram.com/explore/locations/344369309644380/wog/"
  }
]