[
  {
    "id": "113518693523099",
    "name": "Kiev",
    "city": "Vygurovshchina",
    "url": "https://www.instagram.com/explore/locations/113518693523099/kiev/"
  },
  {
    "id": "974056345",
    "name": "Sky Family Park",
    "city": "Vygurovshchina",
    "url": "https://www.instagram.com/explore/locations/974056345/sky-family-park/"
  },
  {
    "id": "349411251914271",
    "name": "Lisovyi Masyv",
    "city": "Vygurovshchina",
    "url": "https://www.instagram.com/explore/locations/349411251914271/lisovyi-masyv/"
  },
  {
    "id": "975701016",
    "name": "Voskresenka",
    "city": "Vygurovshchina",
    "url": "https://www.instagram.com/explore/locations/975701016/voskresenka/"
  },
  {
    "id": "1013872730",
    "name": "Skymall",
    "city": "Vygurovshchina",
    "url": "https://www.instagram.com/explore/locations/1013872730/skymall/"
  },
  {
    "id": "778432693",
    "name": "Antalya, Kemer Turkey",
    "city": "Vygurovshchina",
    "url": "https://www.instagram.com/explore/locations/778432693/antalya-kemer-turkey/"
  },
  {
    "id": "1550423788385734",
    "name": "Skymall Kiev",
    "city": "Vygurovshchina",
    "url": "https://www.instagram.com/explore/locations/1550423788385734/skymall-kiev/"
  },
  {
    "id": "1003298535",
    "name": "G-Sky Kyiv",
    "city": "Vygurovshchina",
    "url": "https://www.instagram.com/explore/locations/1003298535/g-sky-kyiv/"
  },
  {
    "id": "104138461125337",
    "name": "FILM.UA Group",
    "city": "Vygurovshchina",
    "url": "https://www.instagram.com/explore/locations/104138461125337/filmua-group/"
  },
  {
    "id": "1979486",
    "name": "Skymall",
    "city": "Vygurovshchina",
    "url": "https://www.instagram.com/explore/locations/1979486/skymall/"
  },
  {
    "id": "1024323564",
    "name": "Multiplex",
    "city": "Vygurovshchina",
    "url": "https://www.instagram.com/explore/locations/1024323564/multiplex/"
  },
  {
    "id": "225240824",
    "name": "Роддом #6",
    "city": "Vygurovshchina",
    "url": "https://www.instagram.com/explore/locations/225240824/6/"
  },
  {
    "id": "529946170708454",
    "name": "Brovary",
    "city": "Vygurovshchina",
    "url": "https://www.instagram.com/explore/locations/529946170708454/brovary/"
  },
  {
    "id": "14884072",
    "name": "Мафия / Mafia",
    "city": "Vygurovshchina",
    "url": "https://www.instagram.com/explore/locations/14884072/mafia/"
  },
  {
    "id": "159864031259899",
    "name": "Sky Mall",
    "city": "Vygurovshchina",
    "url": "https://www.instagram.com/explore/locations/159864031259899/sky-mall/"
  },
  {
    "id": "235018975",
    "name": "Sky Mall Kiev",
    "city": "Vygurovshchina",
    "url": "https://www.instagram.com/explore/locations/235018975/sky-mall-kiev/"
  },
  {
    "id": "106856245096500",
    "name": "Пологовий будинок 6 \"Лівобережний\"",
    "city": "Vygurovshchina",
    "url": "https://www.instagram.com/explore/locations/106856245096500/6/"
  },
  {
    "id": "952782274876482",
    "name": "ТРЦ Skymall",
    "city": "Vygurovshchina",
    "url": "https://www.instagram.com/explore/locations/952782274876482/skymall/"
  },
  {
    "id": "573852249766607",
    "name": "Skay Moll",
    "city": "Vygurovshchina",
    "url": "https://www.instagram.com/explore/locations/573852249766607/skay-moll/"
  },
  {
    "id": "970934236260020",
    "name": "ТРК \"Квадрат NEO\"",
    "city": "Vygurovshchina",
    "url": "https://www.instagram.com/explore/locations/970934236260020/neo/"
  },
  {
    "id": "1034370579",
    "name": "Bykovel",
    "city": "Vygurovshchina",
    "url": "https://www.instagram.com/explore/locations/1034370579/bykovel/"
  },
  {
    "id": "257758808",
    "name": "Flower Show",
    "city": "Vygurovshchina",
    "url": "https://www.instagram.com/explore/locations/257758808/flower-show/"
  },
  {
    "id": "113715163353818",
    "name": "Парк Zакревського Періоду",
    "city": "Vygurovshchina",
    "url": "https://www.instagram.com/explore/locations/113715163353818/z/"
  },
  {
    "id": "218736368",
    "name": "Bison Bar",
    "city": "Vygurovshchina",
    "url": "https://www.instagram.com/explore/locations/218736368/bison-bar/"
  },
  {
    "id": "399630147161289",
    "name": "Osminog - суши и деликатесы",
    "city": "Vygurovshchina",
    "url": "https://www.instagram.com/explore/locations/399630147161289/osminog-/"
  },
  {
    "id": "103975774425723",
    "name": "Fitness Continent",
    "city": "Vygurovshchina",
    "url": "https://www.instagram.com/explore/locations/103975774425723/fitness-continent/"
  },
  {
    "id": "1023271111",
    "name": "Картинг-клуб \"SkyMall Karting Kyiv\"",
    "city": "Vygurovshchina",
    "url": "https://www.instagram.com/explore/locations/1023271111/-skymall-karting-kyiv/"
  },
  {
    "id": "1056867531181209",
    "name": "Sport Life",
    "city": "Vygurovshchina",
    "url": "https://www.instagram.com/explore/locations/1056867531181209/sport-life/"
  },
  {
    "id": "100629848155477",
    "name": "ZebraSport",
    "city": "Vygurovshchina",
    "url": "https://www.instagram.com/explore/locations/100629848155477/zebrasport/"
  },
  {
    "id": "1772530466125395",
    "name": "ТРЦ ZakrevSky",
    "city": "Vygurovshchina",
    "url": "https://www.instagram.com/explore/locations/1772530466125395/zakrevsky/"
  },
  {
    "id": "2063445130586231",
    "name": "Шарм-Эль-Шейх, Наама Бей",
    "city": "Vygurovshchina",
    "url": "https://www.instagram.com/explore/locations/2063445130586231/-/"
  },
  {
    "id": "2146635545569600",
    "name": "Île Sainte-Marguerite",
    "city": "Vygurovshchina",
    "url": "https://www.instagram.com/explore/locations/2146635545569600/ile-sainte-marguerite/"
  },
  {
    "id": "394233178071370",
    "name": "КНУТД (Київський Національний Університет Технологій і Дизайну), V корпус",
    "city": "Vygurovshchina",
    "url": "https://www.instagram.com/explore/locations/394233178071370/v/"
  },
  {
    "id": "1042721409254010",
    "name": "Пологовий будинок 6",
    "city": "Vygurovshchina",
    "url": "https://www.instagram.com/explore/locations/1042721409254010/6/"
  },
  {
    "id": "234745295",
    "name": "Sport Life \"палац Спорта\"",
    "city": "Vygurovshchina",
    "url": "https://www.instagram.com/explore/locations/234745295/sport-life/"
  },
  {
    "id": "1690444904605870",
    "name": "VIP CAR",
    "city": "Vygurovshchina",
    "url": "https://www.instagram.com/explore/locations/1690444904605870/vip-car/"
  },
  {
    "id": "1024468736",
    "name": "Кафе \"чао-Какао\"",
    "city": "Vygurovshchina",
    "url": "https://www.instagram.com/explore/locations/1024468736/-/"
  },
  {
    "id": "1021289762",
    "name": "Фан-Бар \"банкаМаяковського",
    "city": "Vygurovshchina",
    "url": "https://www.instagram.com/explore/locations/1021289762/-/"
  },
  {
    "id": "130531114242412",
    "name": "Victoria Film Studio",
    "city": "Vygurovshchina",
    "url": "https://www.instagram.com/explore/locations/130531114242412/victoria-film-studio/"
  },
  {
    "id": "200564904059690",
    "name": "Евразия - японська та європейська кухня",
    "city": "Vygurovshchina",
    "url": "https://www.instagram.com/explore/locations/200564904059690/-/"
  },
  {
    "id": "1522923184421170",
    "name": "Green Garden lounge&terrace",
    "city": "Vygurovshchina",
    "url": "https://www.instagram.com/explore/locations/1522923184421170/green-garden-loungeterrace/"
  },
  {
    "id": "1833407470314595",
    "name": "Anna Trofimchuk's Art Dance Studio",
    "city": "Vygurovshchina",
    "url": "https://www.instagram.com/explore/locations/1833407470314595/anna-trofimchuks-art-dance-studio/"
  },
  {
    "id": "427669261299750",
    "name": "КНП \"Київська міська клінічна лікарня 3\"",
    "city": "Vygurovshchina",
    "url": "https://www.instagram.com/explore/locations/427669261299750/3/"
  },
  {
    "id": "913043238792444",
    "name": "UPark Festival",
    "city": "Vygurovshchina",
    "url": "https://www.instagram.com/explore/locations/913043238792444/upark-festival/"
  },
  {
    "id": "260842581",
    "name": "Troeschina",
    "city": "Vygurovshchina",
    "url": "https://www.instagram.com/explore/locations/260842581/troeschina/"
  },
  {
    "id": "588439517",
    "name": "Квадрат - торговый центр",
    "city": "Vygurovshchina",
    "url": "https://www.instagram.com/explore/locations/588439517/-/"
  },
  {
    "id": "102608877928640",
    "name": "КНП \"Київська міська дитяча клінічна лікарня # 2\"",
    "city": "Vygurovshchina",
    "url": "https://www.instagram.com/explore/locations/102608877928640/2/"
  },
  {
    "id": "300488917160315",
    "name": "Атлетико, Радужная 25",
    "city": "Vygurovshchina",
    "url": "https://www.instagram.com/explore/locations/300488917160315/25/"
  },
  {
    "id": "1460333054245510",
    "name": "Rocker pub Tarantino'S",
    "city": "Vygurovshchina",
    "url": "https://www.instagram.com/explore/locations/1460333054245510/rocker-pub-tarantinos/"
  },
  {
    "id": "670668046454512",
    "name": "МістоГрай - розважальний дитячий центр",
    "city": "Vygurovshchina",
    "url": "https://www.instagram.com/explore/locations/670668046454512/-/"
  },
  {
    "id": "383273608756236",
    "name": "Egersund Seafood, Sky Mall",
    "city": "Vygurovshchina",
    "url": "https://www.instagram.com/explore/locations/383273608756236/egersund-seafood-sky-mall/"
  },
  {
    "id": "782928888567701",
    "name": "Евразия - японська та європейська кухня",
    "city": "Vygurovshchina",
    "url": "https://www.instagram.com/explore/locations/782928888567701/-/"
  },
  {
    "id": "214497804",
    "name": "Tarantino's Rocker Pub",
    "city": "Vygurovshchina",
    "url": "https://www.instagram.com/explore/locations/214497804/tarantinos-rocker-pub/"
  },
  {
    "id": "103080212173341",
    "name": "Что-то на богатом",
    "city": "Vygurovshchina",
    "url": "https://www.instagram.com/explore/locations/103080212173341/-/"
  },
  {
    "id": "346543833",
    "name": "Oleksandra Saburova",
    "city": "Vygurovshchina",
    "url": "https://www.instagram.com/explore/locations/346543833/oleksandra-saburova/"
  },
  {
    "id": "1003146917",
    "name": "Вигуровщина-Троещина",
    "city": "Vygurovshchina",
    "url": "https://www.instagram.com/explore/locations/1003146917/-/"
  },
  {
    "id": "457110049",
    "name": "Sprintech: Creating the culture of tuning",
    "city": "Vygurovshchina",
    "url": "https://www.instagram.com/explore/locations/457110049/sprintech-creating-the-culture-of-tuning/"
  },
  {
    "id": "811164019",
    "name": "Muzline",
    "city": "Vygurovshchina",
    "url": "https://www.instagram.com/explore/locations/811164019/muzline/"
  },
  {
    "id": "764321440575556",
    "name": "Київська міська дитяча клінічна лікарня №2",
    "city": "Vygurovshchina",
    "url": "https://www.instagram.com/explore/locations/764321440575556/no2/"
  },
  {
    "id": "1034681274",
    "name": "Фрунзе 103 ТМО Психиатрия",
    "city": "Vygurovshchina",
    "url": "https://www.instagram.com/explore/locations/1034681274/103/"
  },
  {
    "id": "717239155147864",
    "name": "Пр-т Маяковского, Троещина Чёткий РайOn",
    "city": "Vygurovshchina",
    "url": "https://www.instagram.com/explore/locations/717239155147864/-on/"
  },
  {
    "id": "106619632160672",
    "name": "44 WAKE PARK",
    "city": "Vygurovshchina",
    "url": "https://www.instagram.com/explore/locations/106619632160672/44-wake-park/"
  },
  {
    "id": "266575057380965",
    "name": "вул. Оноре де Бальзака, 6",
    "city": "Vygurovshchina",
    "url": "https://www.instagram.com/explore/locations/266575057380965/6/"
  },
  {
    "id": "533260406799199",
    "name": "Pole Dance&Fitness Studio \"Grand Grace\"",
    "city": "Vygurovshchina",
    "url": "https://www.instagram.com/explore/locations/533260406799199/pole-dancefitness-studio-grand-grace/"
  },
  {
    "id": "878171009",
    "name": "Troieschyna-2",
    "city": "Vygurovshchina",
    "url": "https://www.instagram.com/explore/locations/878171009/troieschyna-2/"
  },
  {
    "id": "223218814",
    "name": "Кинотеатр\"Одесса-кино\"",
    "city": "Vygurovshchina",
    "url": "https://www.instagram.com/explore/locations/223218814/-/"
  },
  {
    "id": "2301402113282766",
    "name": "Hillsong Church Kiev",
    "city": "Vygurovshchina",
    "url": "https://www.instagram.com/explore/locations/2301402113282766/hillsong-church-kiev/"
  },
  {
    "id": "467440049",
    "name": "Skypark Kiev ️",
    "city": "Vygurovshchina",
    "url": "https://www.instagram.com/explore/locations/467440049/skypark-kiev/"
  },
  {
    "id": "298219830",
    "name": "EpiCentre K",
    "city": "Vygurovshchina",
    "url": "https://www.instagram.com/explore/locations/298219830/epicentre-k/"
  },
  {
    "id": "874707968",
    "name": "Kyiv Specialized School No. 98",
    "city": "Vygurovshchina",
    "url": "https://www.instagram.com/explore/locations/874707968/kyiv-specialized-school-no-98/"
  },
  {
    "id": "102793128007343",
    "name": "BabyFitness",
    "city": "Vygurovshchina",
    "url": "https://www.instagram.com/explore/locations/102793128007343/babyfitness/"
  },
  {
    "id": "388177889",
    "name": "ТЦ Б-52",
    "city": "Vygurovshchina",
    "url": "https://www.instagram.com/explore/locations/388177889/-52/"
  },
  {
    "id": "446066757",
    "name": "Sweet home, Kiev",
    "city": "Vygurovshchina",
    "url": "https://www.instagram.com/explore/locations/446066757/sweet-home-kiev/"
  },
  {
    "id": "405322230069841",
    "name": "Petrenko-garage",
    "city": "Vygurovshchina",
    "url": "https://www.instagram.com/explore/locations/405322230069841/petrenko-garage/"
  },
  {
    "id": "1649865008616417",
    "name": "Ліцей 246 Дніпровського району м.Києва",
    "city": "Vygurovshchina",
    "url": "https://www.instagram.com/explore/locations/1649865008616417/246/"
  },
  {
    "id": "1019683667",
    "name": "Троещина-2",
    "city": "Vygurovshchina",
    "url": "https://www.instagram.com/explore/locations/1019683667/-2/"
  },
  {
    "id": "393851874430761",
    "name": "Film.ua",
    "city": "Vygurovshchina",
    "url": "https://www.instagram.com/explore/locations/393851874430761/filmua/"
  },
  {
    "id": "111733310954058",
    "name": "Стрілецький ТИР «ART Bullet»",
    "city": "Vygurovshchina",
    "url": "https://www.instagram.com/explore/locations/111733310954058/art-bullet/"
  },
  {
    "id": "2404648393095684",
    "name": "Петра Запорожця 26А",
    "city": "Vygurovshchina",
    "url": "https://www.instagram.com/explore/locations/2404648393095684/26/"
  },
  {
    "id": "1154008281366018",
    "name": "На Районе Troyeshchina",
    "city": "Vygurovshchina",
    "url": "https://www.instagram.com/explore/locations/1154008281366018/troyeshchina/"
  },
  {
    "id": "7499129",
    "name": "L'kafa Cafe",
    "city": "Vygurovshchina",
    "url": "https://www.instagram.com/explore/locations/7499129/lkafa-cafe/"
  },
  {
    "id": "1857353774477793",
    "name": "G-Dog Kyiv",
    "city": "Vygurovshchina",
    "url": "https://www.instagram.com/explore/locations/1857353774477793/g-dog-kyiv/"
  },
  {
    "id": "1784165821811527",
    "name": "Медицинский Центр «Цертус» TM «Certus»",
    "city": "Vygurovshchina",
    "url": "https://www.instagram.com/explore/locations/1784165821811527/tm-certus/"
  },
  {
    "id": "252155817",
    "name": "FILM.UA Events",
    "city": "Vygurovshchina",
    "url": "https://www.instagram.com/explore/locations/252155817/filmua-events/"
  },
  {
    "id": "346625420",
    "name": "Henerala Vatutina",
    "city": "Vygurovshchina",
    "url": "https://www.instagram.com/explore/locations/346625420/henerala-vatutina/"
  },
  {
    "id": "643975322663130",
    "name": "Київський міський пологовий будинок №6",
    "city": "Vygurovshchina",
    "url": "https://www.instagram.com/explore/locations/643975322663130/no6/"
  },
  {
    "id": "1912008405679948",
    "name": "No Mercy",
    "city": "Vygurovshchina",
    "url": "https://www.instagram.com/explore/locations/1912008405679948/no-mercy/"
  },
  {
    "id": "234771779",
    "name": "Каменец-Подольский",
    "city": "Vygurovshchina",
    "url": "https://www.instagram.com/explore/locations/234771779/-/"
  },
  {
    "id": "813939615637912",
    "name": "Troeschina Live",
    "city": "Vygurovshchina",
    "url": "https://www.instagram.com/explore/locations/813939615637912/troeschina-live/"
  },
  {
    "id": "296568381098520",
    "name": "GymFit Troya",
    "city": "Vygurovshchina",
    "url": "https://www.instagram.com/explore/locations/296568381098520/gymfit-troya/"
  },
  {
    "id": "218656756",
    "name": "Kievs Mcdonalds",
    "city": "Vygurovshchina",
    "url": "https://www.instagram.com/explore/locations/218656756/kievs-mcdonalds/"
  },
  {
    "id": "461083121015768",
    "name": "Sky Family Park Pool",
    "city": "Vygurovshchina",
    "url": "https://www.instagram.com/explore/locations/461083121015768/sky-family-park-pool/"
  },
  {
    "id": "112864307853134",
    "name": "Osminog",
    "city": "Vygurovshchina",
    "url": "https://www.instagram.com/explore/locations/112864307853134/osminog/"
  },
  {
    "id": "104637761375234",
    "name": "Mixstyle DS Florence",
    "city": "Vygurovshchina",
    "url": "https://www.instagram.com/explore/locations/104637761375234/mixstyle-ds-florence/"
  },
  {
    "id": "456089364",
    "name": "Фитнесс Клуб Atletiko",
    "city": "Vygurovshchina",
    "url": "https://www.instagram.com/explore/locations/456089364/atletiko/"
  },
  {
    "id": "128236904442246",
    "name": "Sky Mall",
    "city": "Vygurovshchina",
    "url": "https://www.instagram.com/explore/locations/128236904442246/sky-mall/"
  },
  {
    "id": "1024472256",
    "name": "Narikela Saburova",
    "city": "Vygurovshchina",
    "url": "https://www.instagram.com/explore/locations/1024472256/narikela-saburova/"
  },
  {
    "id": "1021882507",
    "name": "Ресторан \"Ti - Art\"",
    "city": "Vygurovshchina",
    "url": "https://www.instagram.com/explore/locations/1021882507/ti-art/"
  },
  {
    "id": "228468603",
    "name": "Григоренка 22/20",
    "city": "Vygurovshchina",
    "url": "https://www.instagram.com/explore/locations/228468603/2220/"
  },
  {
    "id": "269235524",
    "name": "Sky Mall, Kronverk Cinema",
    "city": "Vygurovshchina",
    "url": "https://www.instagram.com/explore/locations/269235524/sky-mall-kronverk-cinema/"
  },
  {
    "id": "711232695929635",
    "name": "закревского22a Киностудия Фильм.ua",
    "city": "Vygurovshchina",
    "url": "https://www.instagram.com/explore/locations/711232695929635/22a-ua/"
  },
  {
    "id": "2071074253114459",
    "name": "AirTrick_Kyiv",
    "city": "Vygurovshchina",
    "url": "https://www.instagram.com/explore/locations/2071074253114459/airtrick_kyiv/"
  },
  {
    "id": "110107381301610",
    "name": "Legion Fight Club",
    "city": "Vygurovshchina",
    "url": "https://www.instagram.com/explore/locations/110107381301610/legion-fight-club/"
  },
  {
    "id": "227264616",
    "name": "Sportlife",
    "city": "Vygurovshchina",
    "url": "https://www.instagram.com/explore/locations/227264616/sportlife/"
  },
  {
    "id": "1979536245596826",
    "name": "GreenGarden Lounge&Terrace",
    "city": "Vygurovshchina",
    "url": "https://www.instagram.com/explore/locations/1979536245596826/greengarden-loungeterrace/"
  },
  {
    "id": "101915954865811",
    "name": "VANO IVANO",
    "city": "Vygurovshchina",
    "url": "https://www.instagram.com/explore/locations/101915954865811/vano-ivano/"
  },
  {
    "id": "860838720738368",
    "name": "Ул. Закревского, Троещина Чёткий РайOn",
    "city": "Vygurovshchina",
    "url": "https://www.instagram.com/explore/locations/860838720738368/on/"
  },
  {
    "id": "102046838814966",
    "name": "To CAFE lesnoy",
    "city": "Vygurovshchina",
    "url": "https://www.instagram.com/explore/locations/102046838814966/to-cafe-lesnoy/"
  },
  {
    "id": "445677542123131",
    "name": "Школа № 265",
    "city": "Vygurovshchina",
    "url": "https://www.instagram.com/explore/locations/445677542123131/no-265/"
  },
  {
    "id": "762539930551036",
    "name": "Ліцей 234 Дніпровського району м. Києва",
    "city": "Vygurovshchina",
    "url": "https://www.instagram.com/explore/locations/762539930551036/234/"
  },
  {
    "id": "360667027",
    "name": "Kobzov Circus",
    "city": "Vygurovshchina",
    "url": "https://www.instagram.com/explore/locations/360667027/kobzov-circus/"
  },
  {
    "id": "103322218094163",
    "name": "KaratDetailing",
    "city": "Vygurovshchina",
    "url": "https://www.instagram.com/explore/locations/103322218094163/karatdetailing/"
  },
  {
    "id": "1739794992935769",
    "name": "Николаевская Обл. Березанский Р-н. Рыбаковка",
    "city": "Vygurovshchina",
    "url": "https://www.instagram.com/explore/locations/1739794992935769/-/"
  },
  {
    "id": "244340895",
    "name": "3 Больница На Петра Запорожца",
    "city": "Vygurovshchina",
    "url": "https://www.instagram.com/explore/locations/244340895/3/"
  },
  {
    "id": "223289113",
    "name": "Sky Mall",
    "city": "Vygurovshchina",
    "url": "https://www.instagram.com/explore/locations/223289113/sky-mall/"
  },
  {
    "id": "1021503565",
    "name": "Школа 263",
    "city": "Vygurovshchina",
    "url": "https://www.instagram.com/explore/locations/1021503565/263/"
  },
  {
    "id": "129151574484809",
    "name": "Школа 259 Київ",
    "city": "Vygurovshchina",
    "url": "https://www.instagram.com/explore/locations/129151574484809/259/"
  },
  {
    "id": "426286394424761",
    "name": "KFC",
    "city": "Vygurovshchina",
    "url": "https://www.instagram.com/explore/locations/426286394424761/kfc/"
  },
  {
    "id": "197259990933483",
    "name": "Sky Family Bar",
    "city": "Vygurovshchina",
    "url": "https://www.instagram.com/explore/locations/197259990933483/sky-family-bar/"
  },
  {
    "id": "1719694484969675",
    "name": "Sky Family Park",
    "city": "Vygurovshchina",
    "url": "https://www.instagram.com/explore/locations/1719694484969675/sky-family-park/"
  },
  {
    "id": "110853428583019",
    "name": "Le Petrov shop",
    "city": "Vygurovshchina",
    "url": "https://www.instagram.com/explore/locations/110853428583019/le-petrov-shop/"
  },
  {
    "id": "688128794679005",
    "name": "Школа І-ІІІ ступенів 292 імені гетьмана України Івана Мазепи",
    "city": "Vygurovshchina",
    "url": "https://www.instagram.com/explore/locations/688128794679005/-292/"
  },
  {
    "id": "1285922848108223",
    "name": "Киев Маяковского 63/12",
    "city": "Vygurovshchina",
    "url": "https://www.instagram.com/explore/locations/1285922848108223/6312/"
  },
  {
    "id": "2028776543874758",
    "name": "Банно-оздоровительный комплекс \"Parium\"",
    "city": "Vygurovshchina",
    "url": "https://www.instagram.com/explore/locations/2028776543874758/-parium/"
  },
  {
    "id": "733206080",
    "name": "Sportlife",
    "city": "Vygurovshchina",
    "url": "https://www.instagram.com/explore/locations/733206080/sportlife/"
  },
  {
    "id": "247046685",
    "name": "О-в Крит",
    "city": "Vygurovshchina",
    "url": "https://www.instagram.com/explore/locations/247046685/-/"
  },
  {
    "id": "257899439",
    "name": "Ресторан Mafia Skymall",
    "city": "Vygurovshchina",
    "url": "https://www.instagram.com/explore/locations/257899439/mafia-skymall/"
  },
  {
    "id": "787179908",
    "name": "Ул. Закревского 22, Star Media",
    "city": "Vygurovshchina",
    "url": "https://www.instagram.com/explore/locations/787179908/22-star-media/"
  },
  {
    "id": "560354987720498",
    "name": "HOLLY FOOD",
    "city": "Vygurovshchina",
    "url": "https://www.instagram.com/explore/locations/560354987720498/holly-food/"
  },
  {
    "id": "244767325897733",
    "name": "Kovalenko flower boutique",
    "city": "Vygurovshchina",
    "url": "https://www.instagram.com/explore/locations/244767325897733/kovalenko-flower-boutique/"
  },
  {
    "id": "264708934",
    "name": "Dacha Зазимье",
    "city": "Vygurovshchina",
    "url": "https://www.instagram.com/explore/locations/264708934/dacha/"
  },
  {
    "id": "2695455490484676",
    "name": "кинодеревня film.ua",
    "city": "Vygurovshchina",
    "url": "https://www.instagram.com/explore/locations/2695455490484676/filmua/"
  },
  {
    "id": "245549644",
    "name": "РВУ ФК, Киев Ул. Матеюка 4",
    "city": "Vygurovshchina",
    "url": "https://www.instagram.com/explore/locations/245549644/4/"
  },
  {
    "id": "1025630452",
    "name": "Школа №234",
    "city": "Vygurovshchina",
    "url": "https://www.instagram.com/explore/locations/1025630452/no234/"
  },
  {
    "id": "1207660312716293",
    "name": "Paris",
    "city": "Vygurovshchina",
    "url": "https://www.instagram.com/explore/locations/1207660312716293/paris/"
  },
  {
    "id": "927204577411741",
    "name": "Prosecco Bar",
    "city": "Vygurovshchina",
    "url": "https://www.instagram.com/explore/locations/927204577411741/prosecco-bar/"
  },
  {
    "id": "543501496048469",
    "name": "Свято-Троицкий Храм Киев",
    "city": "Vygurovshchina",
    "url": "https://www.instagram.com/explore/locations/543501496048469/-/"
  },
  {
    "id": "250600145790712",
    "name": "Girls Studio",
    "city": "Vygurovshchina",
    "url": "https://www.instagram.com/explore/locations/250600145790712/girls-studio/"
  },
  {
    "id": "1740052532720400",
    "name": "Салон Красоты и здоровья Lumiere",
    "city": "Vygurovshchina",
    "url": "https://www.instagram.com/explore/locations/1740052532720400/lumiere/"
  },
  {
    "id": "890035352",
    "name": "Garage Kyiv",
    "city": "Vygurovshchina",
    "url": "https://www.instagram.com/explore/locations/890035352/garage-kyiv/"
  },
  {
    "id": "118691925436329",
    "name": "Салон краси Kamilla",
    "city": "Vygurovshchina",
    "url": "https://www.instagram.com/explore/locations/118691925436329/kamilla/"
  },
  {
    "id": "2346373208712263",
    "name": "Спеціалізована школа 264 м.Києва",
    "city": "Vygurovshchina",
    "url": "https://www.instagram.com/explore/locations/2346373208712263/264/"
  },
  {
    "id": "934701523306570",
    "name": "Малибу Penthouse",
    "city": "Vygurovshchina",
    "url": "https://www.instagram.com/explore/locations/934701523306570/penthouse/"
  },
  {
    "id": "1030023060",
    "name": "Спортивний клуб ORION на Троєщині",
    "city": "Vygurovshchina",
    "url": "https://www.instagram.com/explore/locations/1030023060/orion/"
  },
  {
    "id": "243697212",
    "name": "Gym Fit",
    "city": "Vygurovshchina",
    "url": "https://www.instagram.com/explore/locations/243697212/gym-fit/"
  },
  {
    "id": "260886671",
    "name": "Ул. Маршала Жукова, 24",
    "city": "Vygurovshchina",
    "url": "https://www.instagram.com/explore/locations/260886671/24/"
  },
  {
    "id": "730855423936202",
    "name": "METRO Cash & Carry",
    "city": "Vygurovshchina",
    "url": "https://www.instagram.com/explore/locations/730855423936202/metro-cash-carry/"
  },
  {
    "id": "1014786139",
    "name": "Гимназия 39 - г. Киев",
    "city": "Vygurovshchina",
    "url": "https://www.instagram.com/explore/locations/1014786139/39-/"
  },
  {
    "id": "581979181841714",
    "name": "Йога студия Sadhana",
    "city": "Vygurovshchina",
    "url": "https://www.instagram.com/explore/locations/581979181841714/sadhana/"
  },
  {
    "id": "334940677167446",
    "name": "SUPhub",
    "city": "Vygurovshchina",
    "url": "https://www.instagram.com/explore/locations/334940677167446/suphub/"
  },
  {
    "id": "248259052525010",
    "name": "маршала Жукова 21",
    "city": "Vygurovshchina",
    "url": "https://www.instagram.com/explore/locations/248259052525010/21/"
  },
  {
    "id": "279208998",
    "name": "КМКЛ 3",
    "city": "Vygurovshchina",
    "url": "https://www.instagram.com/explore/locations/279208998/3/"
  },
  {
    "id": "172891156680760",
    "name": "Детская Больница 2",
    "city": "Vygurovshchina",
    "url": "https://www.instagram.com/explore/locations/172891156680760/2/"
  },
  {
    "id": "1033253441",
    "name": "ЛІЦЕЙ 98",
    "city": "Vygurovshchina",
    "url": "https://www.instagram.com/explore/locations/1033253441/98/"
  },
  {
    "id": "1708197189212967",
    "name": "GLOBE International School",
    "city": "Vygurovshchina",
    "url": "https://www.instagram.com/explore/locations/1708197189212967/globe-international-school/"
  },
  {
    "id": "87406165",
    "name": "Бальзака 6",
    "city": "Vygurovshchina",
    "url": "https://www.instagram.com/explore/locations/87406165/6/"
  },
  {
    "id": "1025692044134417",
    "name": "Школа 158 Киев",
    "city": "Vygurovshchina",
    "url": "https://www.instagram.com/explore/locations/1025692044134417/158/"
  },
  {
    "id": "101152174627870",
    "name": "BIGudi beauty studio",
    "city": "Vygurovshchina",
    "url": "https://www.instagram.com/explore/locations/101152174627870/bigudi-beauty-studio/"
  },
  {
    "id": "1020552339",
    "name": "Sport club “Judo Master” Ukraine, Kyiv",
    "city": "Vygurovshchina",
    "url": "https://www.instagram.com/explore/locations/1020552339/sport-club-judo-master-ukraine-kyiv/"
  },
  {
    "id": "1820449678239043",
    "name": "AL-GROUP",
    "city": "Vygurovshchina",
    "url": "https://www.instagram.com/explore/locations/1820449678239043/al-group/"
  },
  {
    "id": "105751895269854",
    "name": "DAZZ beauty space",
    "city": "Vygurovshchina",
    "url": "https://www.instagram.com/explore/locations/105751895269854/dazz-beauty-space/"
  },
  {
    "id": "288987829",
    "name": "Grillhouse",
    "city": "Vygurovshchina",
    "url": "https://www.instagram.com/explore/locations/288987829/grillhouse/"
  },
  {
    "id": "392621748240786",
    "name": "Prime Auto - аксессуары для автомобилей",
    "city": "Vygurovshchina",
    "url": "https://www.instagram.com/explore/locations/392621748240786/prime-auto-/"
  },
  {
    "id": "108113090948034",
    "name": "_my.birthday.cake_",
    "city": "Vygurovshchina",
    "url": "https://www.instagram.com/explore/locations/108113090948034/_mybirthdaycake_/"
  },
  {
    "id": "466299133",
    "name": "Deutsche Garage",
    "city": "Vygurovshchina",
    "url": "https://www.instagram.com/explore/locations/466299133/deutsche-garage/"
  },
  {
    "id": "124975572232536",
    "name": "Vitae- медичний центр",
    "city": "Vygurovshchina",
    "url": "https://www.instagram.com/explore/locations/124975572232536/vitae-/"
  },
  {
    "id": "101934611488383",
    "name": "Теодора Драйзера 8",
    "city": "Vygurovshchina",
    "url": "https://www.instagram.com/explore/locations/101934611488383/8/"
  },
  {
    "id": "784030015266804",
    "name": "проспект Маяковского 1-Б",
    "city": "Vygurovshchina",
    "url": "https://www.instagram.com/explore/locations/784030015266804/1-/"
  },
  {
    "id": "1308598722570300",
    "name": "Школа № 276",
    "city": "Vygurovshchina",
    "url": "https://www.instagram.com/explore/locations/1308598722570300/no-276/"
  },
  {
    "id": "384501081",
    "name": "Film Ua",
    "city": "Vygurovshchina",
    "url": "https://www.instagram.com/explore/locations/384501081/film-ua/"
  },
  {
    "id": "110134883941828",
    "name": "Киев, Проспект Маяковского, 6",
    "city": "Vygurovshchina",
    "url": "https://www.instagram.com/explore/locations/110134883941828/6/"
  },
  {
    "id": "120991068547888",
    "name": "школа 224",
    "city": "Vygurovshchina",
    "url": "https://www.instagram.com/explore/locations/120991068547888/224/"
  },
  {
    "id": "106029496104158",
    "name": "Гимназия \"Киево-Могилянский коллегиум\"",
    "city": "Vygurovshchina",
    "url": "https://www.instagram.com/explore/locations/106029496104158/-/"
  },
  {
    "id": "290673327",
    "name": "Каштанова 7",
    "city": "Vygurovshchina",
    "url": "https://www.instagram.com/explore/locations/290673327/7/"
  },
  {
    "id": "470008770",
    "name": "Kobzov Circus Kiev",
    "city": "Vygurovshchina",
    "url": "https://www.instagram.com/explore/locations/470008770/kobzov-circus-kiev/"
  },
  {
    "id": "1917177531904815",
    "name": "VapeShop Ekopar магазин электронных сигарет",
    "city": "Vygurovshchina",
    "url": "https://www.instagram.com/explore/locations/1917177531904815/vapeshop-ekopar/"
  },
  {
    "id": "113938832574261",
    "name": "M'Alee Salon",
    "city": "Vygurovshchina",
    "url": "https://www.instagram.com/explore/locations/113938832574261/malee-salon/"
  },
  {
    "id": "102817104534561",
    "name": "LLES. espresso bar",
    "city": "Vygurovshchina",
    "url": "https://www.instagram.com/explore/locations/102817104534561/lles-espresso-bar/"
  },
  {
    "id": "1022087972",
    "name": "METRO Cash & Carry Троещина",
    "city": "Vygurovshchina",
    "url": "https://www.instagram.com/explore/locations/1022087972/metro-cash-carry/"
  },
  {
    "id": "733432111",
    "name": "Бул.дружбы Народов 18/7",
    "city": "Vygurovshchina",
    "url": "https://www.instagram.com/explore/locations/733432111/187/"
  },
  {
    "id": "135563986774912",
    "name": "Гімназія 201 Дніпровського району м.Києва",
    "city": "Vygurovshchina",
    "url": "https://www.instagram.com/explore/locations/135563986774912/201/"
  },
  {
    "id": "107428999352624",
    "name": "Авто-рынок",
    "city": "Vygurovshchina",
    "url": "https://www.instagram.com/explore/locations/107428999352624/-/"
  },
  {
    "id": "112968290407052",
    "name": "mk_krasi",
    "city": "Vygurovshchina",
    "url": "https://www.instagram.com/explore/locations/112968290407052/mk_krasi/"
  },
  {
    "id": "331690064423466",
    "name": "Kokkous Coffee",
    "city": "Vygurovshchina",
    "url": "https://www.instagram.com/explore/locations/331690064423466/kokkous-coffee/"
  },
  {
    "id": "475434009316230",
    "name": "Karlson Park",
    "city": "Vygurovshchina",
    "url": "https://www.instagram.com/explore/locations/475434009316230/karlson-park/"
  },
  {
    "id": "106463310934066",
    "name": "DVIZH",
    "city": "Vygurovshchina",
    "url": "https://www.instagram.com/explore/locations/106463310934066/dvizh/"
  },
  {
    "id": "293747497997492",
    "name": "Mamamia!",
    "city": "Vygurovshchina",
    "url": "https://www.instagram.com/explore/locations/293747497997492/mamamia/"
  },
  {
    "id": "125718754817939",
    "name": "Радужная 59-б",
    "city": "Vygurovshchina",
    "url": "https://www.instagram.com/explore/locations/125718754817939/59-/"
  },
  {
    "id": "277863076194348",
    "name": "Євразія / Eurasia",
    "city": "Vygurovshchina",
    "url": "https://www.instagram.com/explore/locations/277863076194348/eurasia/"
  },
  {
    "id": "758094676",
    "name": "Marc O'Polo Kiev Sky Mall",
    "city": "Vygurovshchina",
    "url": "https://www.instagram.com/explore/locations/758094676/marc-opolo-kiev-sky-mall/"
  },
  {
    "id": "103375305804579",
    "name": "Party Stars Space",
    "city": "Vygurovshchina",
    "url": "https://www.instagram.com/explore/locations/103375305804579/party-stars-space/"
  },
  {
    "id": "102261074936002",
    "name": "Dayinlinen",
    "city": "Vygurovshchina",
    "url": "https://www.instagram.com/explore/locations/102261074936002/dayinlinen/"
  },
  {
    "id": "978581898997712",
    "name": "Lr-Chip",
    "city": "Vygurovshchina",
    "url": "https://www.instagram.com/explore/locations/978581898997712/lr-chip/"
  },
  {
    "id": "1062724124116551",
    "name": "Троещина Драйзера 4",
    "city": "Vygurovshchina",
    "url": "https://www.instagram.com/explore/locations/1062724124116551/4/"
  },
  {
    "id": "1667082716916913",
    "name": "Ресторан \"Тарілка 22\"",
    "city": "Vygurovshchina",
    "url": "https://www.instagram.com/explore/locations/1667082716916913/22/"
  },
  {
    "id": "209047196655651",
    "name": "Євразія / Eurasia",
    "city": "Vygurovshchina",
    "url": "https://www.instagram.com/explore/locations/209047196655651/eurasia/"
  },
  {
    "id": "1401354696585768",
    "name": "Перова 23",
    "city": "Vygurovshchina",
    "url": "https://www.instagram.com/explore/locations/1401354696585768/23/"
  },
  {
    "id": "607415186581713",
    "name": "Mechanika",
    "city": "Vygurovshchina",
    "url": "https://www.instagram.com/explore/locations/607415186581713/mechanika/"
  },
  {
    "id": "1938576846360428",
    "name": "AutoLife Tuning. Тюнінг-Сервіс",
    "city": "Vygurovshchina",
    "url": "https://www.instagram.com/explore/locations/1938576846360428/autolife-tuning-/"
  },
  {
    "id": "110543244083560",
    "name": "Rest&Bit",
    "city": "Vygurovshchina",
    "url": "https://www.instagram.com/explore/locations/110543244083560/restbit/"
  },
  {
    "id": "831502417218401",
    "name": "Underhand",
    "city": "Vygurovshchina",
    "url": "https://www.instagram.com/explore/locations/831502417218401/underhand/"
  },
  {
    "id": "100557051365507",
    "name": "Андрія Малишка 3",
    "city": "Vygurovshchina",
    "url": "https://www.instagram.com/explore/locations/100557051365507/3/"
  },
  {
    "id": "1584774205174917",
    "name": "A-Green.ua",
    "city": "Vygurovshchina",
    "url": "https://www.instagram.com/explore/locations/1584774205174917/a-greenua/"
  },
  {
    "id": "1029237483",
    "name": "Церква Воскресіння / Resurrection Church",
    "city": "Vygurovshchina",
    "url": "https://www.instagram.com/explore/locations/1029237483/resurrection-church/"
  },
  {
    "id": "2164082940285233",
    "name": "ZARA",
    "city": "Vygurovshchina",
    "url": "https://www.instagram.com/explore/locations/2164082940285233/zara/"
  },
  {
    "id": "172126476986627",
    "name": "Sweet_Home",
    "city": "Vygurovshchina",
    "url": "https://www.instagram.com/explore/locations/172126476986627/sweet_home/"
  },
  {
    "id": "1012747030",
    "name": "Tarantino-s",
    "city": "Vygurovshchina",
    "url": "https://www.instagram.com/explore/locations/1012747030/tarantino-s/"
  },
  {
    "id": "503391686714105",
    "name": "Grill House",
    "city": "Vygurovshchina",
    "url": "https://www.instagram.com/explore/locations/503391686714105/grill-house/"
  },
  {
    "id": "309733652744570",
    "name": "YahtClab",
    "city": "Vygurovshchina",
    "url": "https://www.instagram.com/explore/locations/309733652744570/yahtclab/"
  },
  {
    "id": "392127352",
    "name": "FILM.UA Факультет",
    "city": "Vygurovshchina",
    "url": "https://www.instagram.com/explore/locations/392127352/filmua/"
  },
  {
    "id": "445131216222948",
    "name": "Agent Provocator",
    "city": "Vygurovshchina",
    "url": "https://www.instagram.com/explore/locations/445131216222948/agent-provocator/"
  },
  {
    "id": "106321505688446",
    "name": "salon_vilna",
    "city": "Vygurovshchina",
    "url": "https://www.instagram.com/explore/locations/106321505688446/salon_vilna/"
  },
  {
    "id": "505797173138950",
    "name": "средняя школа 250",
    "city": "Vygurovshchina",
    "url": "https://www.instagram.com/explore/locations/505797173138950/250/"
  },
  {
    "id": "116177802424447",
    "name": "Ул. Лаврухина, Троещина Чёткий Райon",
    "city": "Vygurovshchina",
    "url": "https://www.instagram.com/explore/locations/116177802424447/on/"
  },
  {
    "id": "1034543092",
    "name": "Beauty Salon Armandal’",
    "city": "Vygurovshchina",
    "url": "https://www.instagram.com/explore/locations/1034543092/beauty-salon-armandal/"
  },
  {
    "id": "639139456475342",
    "name": "Фан-Бар Банка Троещина",
    "city": "Vygurovshchina",
    "url": "https://www.instagram.com/explore/locations/639139456475342/-/"
  },
  {
    "id": "544680975875494",
    "name": "Милютенко, 19, Mamamia",
    "city": "Vygurovshchina",
    "url": "https://www.instagram.com/explore/locations/544680975875494/19-mamamia/"
  },
  {
    "id": "755633131440393",
    "name": "вул. Оноре де Бальзака, 4",
    "city": "Vygurovshchina",
    "url": "https://www.instagram.com/explore/locations/755633131440393/4/"
  },
  {
    "id": "1767682390134468",
    "name": "Ремонт Часов - Левый берег - ул. Петра Запорожца 28",
    "city": "Vygurovshchina",
    "url": "https://www.instagram.com/explore/locations/1767682390134468/-28/"
  },
  {
    "id": "321066784",
    "name": "Fan Burger Bar",
    "city": "Vygurovshchina",
    "url": "https://www.instagram.com/explore/locations/321066784/fan-burger-bar/"
  },
  {
    "id": "143642289763620",
    "name": "Violetta_beauty-nails",
    "city": "Vygurovshchina",
    "url": "https://www.instagram.com/explore/locations/143642289763620/violetta_beauty-nails/"
  },
  {
    "id": "757302837",
    "name": "Школа 207 г. Киев",
    "city": "Vygurovshchina",
    "url": "https://www.instagram.com/explore/locations/757302837/207/"
  },
  {
    "id": "1025174397",
    "name": "Ресторан-Ковчег",
    "city": "Vygurovshchina",
    "url": "https://www.instagram.com/explore/locations/1025174397/-/"
  },
  {
    "id": "1826560194323017",
    "name": "Ул. Данькевича, Троещина Чёткий РайOn",
    "city": "Vygurovshchina",
    "url": "https://www.instagram.com/explore/locations/1826560194323017/on/"
  },
  {
    "id": "106068924554686",
    "name": "Радужная 58",
    "city": "Vygurovshchina",
    "url": "https://www.instagram.com/explore/locations/106068924554686/58/"
  },
  {
    "id": "180661322395941",
    "name": "Timedance&fit",
    "city": "Vygurovshchina",
    "url": "https://www.instagram.com/explore/locations/180661322395941/timedancefit/"
  },
  {
    "id": "1031717312",
    "name": "Троещина - Чёткий РайOn",
    "city": "Vygurovshchina",
    "url": "https://www.instagram.com/explore/locations/1031717312/-on/"
  },
  {
    "id": "1623651801044918",
    "name": "Спорт Лайф Курчатова 5",
    "city": "Vygurovshchina",
    "url": "https://www.instagram.com/explore/locations/1623651801044918/5/"
  },
  {
    "id": "1022996725",
    "name": "Мультиплекс в ТРЦ Skymall",
    "city": "Vygurovshchina",
    "url": "https://www.instagram.com/explore/locations/1022996725/skymall/"
  },
  {
    "id": "834962079943057",
    "name": "Середня Школа 277",
    "city": "Vygurovshchina",
    "url": "https://www.instagram.com/explore/locations/834962079943057/277/"
  },
  {
    "id": "532013033801504",
    "name": "Калинка-Малинка",
    "city": "Vygurovshchina",
    "url": "https://www.instagram.com/explore/locations/532013033801504/-/"
  },
  {
    "id": "324652518139440",
    "name": "Школа №251",
    "city": "Vygurovshchina",
    "url": "https://www.instagram.com/explore/locations/324652518139440/no251/"
  },
  {
    "id": "1029428090",
    "name": "Pechersk Sky",
    "city": "Vygurovshchina",
    "url": "https://www.instagram.com/explore/locations/1029428090/pechersk-sky/"
  },
  {
    "id": "101518534610185",
    "name": "NOVUS",
    "city": "Vygurovshchina",
    "url": "https://www.instagram.com/explore/locations/101518534610185/novus/"
  },
  {
    "id": "103691791003804",
    "name": "Iqos",
    "city": "Vygurovshchina",
    "url": "https://www.instagram.com/explore/locations/103691791003804/iqos/"
  },
  {
    "id": "2224127744499567",
    "name": "Ресторан Ти-Арт",
    "city": "Vygurovshchina",
    "url": "https://www.instagram.com/explore/locations/2224127744499567/-/"
  },
  {
    "id": "1033655081",
    "name": "Школа I-III Ступенів 119, Вул.закревського, 11б",
    "city": "Vygurovshchina",
    "url": "https://www.instagram.com/explore/locations/1033655081/i-iii-119-11/"
  },
  {
    "id": "102289389107208",
    "name": "Munchen Garage",
    "city": "Vygurovshchina",
    "url": "https://www.instagram.com/explore/locations/102289389107208/munchen-garage/"
  },
  {
    "id": "2256999387850453",
    "name": "Fayno Maysternya",
    "city": "Vygurovshchina",
    "url": "https://www.instagram.com/explore/locations/2256999387850453/fayno-maysternya/"
  },
  {
    "id": "1029042549",
    "name": "Обувь TOMS Ukraine",
    "city": "Vygurovshchina",
    "url": "https://www.instagram.com/explore/locations/1029042549/toms-ukraine/"
  },
  {
    "id": "714641425601241",
    "name": "Радужная, 6",
    "city": "Vygurovshchina",
    "url": "https://www.instagram.com/explore/locations/714641425601241/6/"
  },
  {
    "id": "1034443171",
    "name": "ДНЗ 433\"Дивосвіт\"",
    "city": "Vygurovshchina",
    "url": "https://www.instagram.com/explore/locations/1034443171/433/"
  },
  {
    "id": "725947957775778",
    "name": "H&M",
    "city": "Vygurovshchina",
    "url": "https://www.instagram.com/explore/locations/725947957775778/hm/"
  },
  {
    "id": "304428323682458",
    "name": "Миколи Кибальчича 19",
    "city": "Vygurovshchina",
    "url": "https://www.instagram.com/explore/locations/304428323682458/19/"
  },
  {
    "id": "275607036",
    "name": "Мураками, Маяковского 43-47",
    "city": "Vygurovshchina",
    "url": "https://www.instagram.com/explore/locations/275607036/43-47/"
  },
  {
    "id": "502232686461312",
    "name": "Школа 147",
    "city": "Vygurovshchina",
    "url": "https://www.instagram.com/explore/locations/502232686461312/147/"
  },
  {
    "id": "2251592701782678",
    "name": "il Molino",
    "city": "Vygurovshchina",
    "url": "https://www.instagram.com/explore/locations/2251592701782678/il-molino/"
  },
  {
    "id": "108794713944301",
    "name": "It land. Hub T",
    "city": "Vygurovshchina",
    "url": "https://www.instagram.com/explore/locations/108794713944301/it-land-hub-t/"
  },
  {
    "id": "1929367730619290",
    "name": "Центр соціально-психологічної реабілітації дітей 1",
    "city": "Vygurovshchina",
    "url": "https://www.instagram.com/explore/locations/1929367730619290/-1/"
  },
  {
    "id": "1029357426",
    "name": "Коновальца - щорса",
    "city": "Vygurovshchina",
    "url": "https://www.instagram.com/explore/locations/1029357426/-/"
  },
  {
    "id": "124694238292112",
    "name": "Школа 270 I-III ступенів Деснянського району міста Києва",
    "city": "Vygurovshchina",
    "url": "https://www.instagram.com/explore/locations/124694238292112/270-i-iii/"
  },
  {
    "id": "211755046248158",
    "name": "Itis Cafe Kiev",
    "city": "Vygurovshchina",
    "url": "https://www.instagram.com/explore/locations/211755046248158/itis-cafe-kiev/"
  },
  {
    "id": "345996626015097",
    "name": "VARVAR Detailing Center",
    "city": "Vygurovshchina",
    "url": "https://www.instagram.com/explore/locations/345996626015097/varvar-detailing-center/"
  },
  {
    "id": "105298588930163",
    "name": "FILM.UA Distribution",
    "city": "Vygurovshchina",
    "url": "https://www.instagram.com/explore/locations/105298588930163/filmua-distribution/"
  },
  {
    "id": "120287091917744",
    "name": "Ресторан \"у ЛісіВул. Мілютенка, 44 А",
    "city": "Vygurovshchina",
    "url": "https://www.instagram.com/explore/locations/120287091917744/44/"
  },
  {
    "id": "234999079",
    "name": "Улица Петра Запорожца 26",
    "city": "Vygurovshchina",
    "url": "https://www.instagram.com/explore/locations/234999079/26/"
  },
  {
    "id": "239092750",
    "name": "сушия в sky mall",
    "city": "Vygurovshchina",
    "url": "https://www.instagram.com/explore/locations/239092750/sky-mall/"
  },
  {
    "id": "772303826447518",
    "name": "Refresh studio",
    "city": "Vygurovshchina",
    "url": "https://www.instagram.com/explore/locations/772303826447518/refresh-studio/"
  },
  {
    "id": "1615981848649322",
    "name": "DR art studio",
    "city": "Vygurovshchina",
    "url": "https://www.instagram.com/explore/locations/1615981848649322/dr-art-studio/"
  },
  {
    "id": "456325154908248",
    "name": "Книжный Рынок Петровка 41 Ряд 5 Место",
    "city": "Vygurovshchina",
    "url": "https://www.instagram.com/explore/locations/456325154908248/41-5/"
  },
  {
    "id": "1011840749",
    "name": "R&K Penthouse",
    "city": "Vygurovshchina",
    "url": "https://www.instagram.com/explore/locations/1011840749/rk-penthouse/"
  },
  {
    "id": "1197923046975763",
    "name": "Skymall Ігроленд",
    "city": "Vygurovshchina",
    "url": "https://www.instagram.com/explore/locations/1197923046975763/skymall/"
  },
  {
    "id": "779647985718352",
    "name": "Pegas-shop",
    "city": "Vygurovshchina",
    "url": "https://www.instagram.com/explore/locations/779647985718352/pegas-shop/"
  },
  {
    "id": "1034539109",
    "name": "Атлетико Радужная 15",
    "city": "Vygurovshchina",
    "url": "https://www.instagram.com/explore/locations/1034539109/15/"
  },
  {
    "id": "1587846491255150",
    "name": "Школа# 247",
    "city": "Vygurovshchina",
    "url": "https://www.instagram.com/explore/locations/1587846491255150/247/"
  },
  {
    "id": "973944429376514",
    "name": "Школа #275, Киев",
    "city": "Vygurovshchina",
    "url": "https://www.instagram.com/explore/locations/973944429376514/275/"
  },
  {
    "id": "243460222995398",
    "name": "Київська дитяча школа мистецтв №3",
    "city": "Vygurovshchina",
    "url": "https://www.instagram.com/explore/locations/243460222995398/no3/"
  },
  {
    "id": "590274032",
    "name": "BEST FIT Фитнес БоксШкола танцев",
    "city": "Vygurovshchina",
    "url": "https://www.instagram.com/explore/locations/590274032/best-fit/"
  },
  {
    "id": "396218117429366",
    "name": "ORION studio",
    "city": "Vygurovshchina",
    "url": "https://www.instagram.com/explore/locations/396218117429366/orion-studio/"
  },
  {
    "id": "712511779",
    "name": "Братиславская 5",
    "city": "Vygurovshchina",
    "url": "https://www.instagram.com/explore/locations/712511779/5/"
  },
  {
    "id": "119802582010859",
    "name": "Goody-Goody",
    "city": "Vygurovshchina",
    "url": "https://www.instagram.com/explore/locations/119802582010859/goody-goody/"
  },
  {
    "id": "102869404729519",
    "name": "DNAcode",
    "city": "Vygurovshchina",
    "url": "https://www.instagram.com/explore/locations/102869404729519/dnacode/"
  },
  {
    "id": "4650099",
    "name": "McCafe",
    "city": "Vygurovshchina",
    "url": "https://www.instagram.com/explore/locations/4650099/mccafe/"
  },
  {
    "id": "112966931391919",
    "name": "МотосервісBOX 56",
    "city": "Vygurovshchina",
    "url": "https://www.instagram.com/explore/locations/112966931391919/box-56/"
  },
  {
    "id": "136068683739467",
    "name": "Dr Art Studio",
    "city": "Vygurovshchina",
    "url": "https://www.instagram.com/explore/locations/136068683739467/dr-art-studio/"
  },
  {
    "id": "151495479135662",
    "name": "курнатовского 11",
    "city": "Vygurovshchina",
    "url": "https://www.instagram.com/explore/locations/151495479135662/11/"
  },
  {
    "id": "550211788772357",
    "name": "Навчально-науковий інститут пiдготовки фахiвцiв для експертно кримiналiстичних пiдроздiлiвНАВС",
    "city": "Vygurovshchina",
    "url": "https://www.instagram.com/explore/locations/550211788772357/-i-ii-ii-iii/"
  },
  {
    "id": "265477747309177",
    "name": "The Founders of Kyiv Monument",
    "city": "Vygurovshchina",
    "url": "https://www.instagram.com/explore/locations/265477747309177/the-founders-of-kyiv-monument/"
  },
  {
    "id": "106266484303571",
    "name": "Автосервис WSService",
    "city": "Vygurovshchina",
    "url": "https://www.instagram.com/explore/locations/106266484303571/wsservice/"
  },
  {
    "id": "311838060",
    "name": "Средняя Школа 184 Г. Киев",
    "city": "Vygurovshchina",
    "url": "https://www.instagram.com/explore/locations/311838060/184/"
  },
  {
    "id": "302840416874829",
    "name": "Ул. Братиславская 3 Киев",
    "city": "Vygurovshchina",
    "url": "https://www.instagram.com/explore/locations/302840416874829/3/"
  },
  {
    "id": "258136204913363",
    "name": "Курчатова 19",
    "city": "Vygurovshchina",
    "url": "https://www.instagram.com/explore/locations/258136204913363/19/"
  },
  {
    "id": "1003056441",
    "name": "Orange Cafe",
    "city": "Vygurovshchina",
    "url": "https://www.instagram.com/explore/locations/1003056441/orange-cafe/"
  },
  {
    "id": "1153383101424334",
    "name": "DogWin Майданчик для дресирування собак.",
    "city": "Vygurovshchina",
    "url": "https://www.instagram.com/explore/locations/1153383101424334/dogwin/"
  },
  {
    "id": "592436737",
    "name": "Jysk",
    "city": "Vygurovshchina",
    "url": "https://www.instagram.com/explore/locations/592436737/jysk/"
  },
  {
    "id": "296552977436791",
    "name": "Гидропарк , Кафе Очеретяний Кiт",
    "city": "Vygurovshchina",
    "url": "https://www.instagram.com/explore/locations/296552977436791/i/"
  },
  {
    "id": "380416124",
    "name": "Киев, Улица Бассейная 2",
    "city": "Vygurovshchina",
    "url": "https://www.instagram.com/explore/locations/380416124/2/"
  },
  {
    "id": "442303505883852",
    "name": "«Центр первинної медико-санітарної допомоги 1» Дніпровського району",
    "city": "Vygurovshchina",
    "url": "https://www.instagram.com/explore/locations/442303505883852/-1/"
  },
  {
    "id": "716225461917228",
    "name": "Fitnesstudio Voskresenka",
    "city": "Vygurovshchina",
    "url": "https://www.instagram.com/explore/locations/716225461917228/fitnesstudio-voskresenka/"
  },
  {
    "id": "260016941317326",
    "name": "ул. Каштановая, 8",
    "city": "Vygurovshchina",
    "url": "https://www.instagram.com/explore/locations/260016941317326/8/"
  },
  {
    "id": "506585023149990",
    "name": "Дитяче інфекційне відділення КМДКЛ #2",
    "city": "Vygurovshchina",
    "url": "https://www.instagram.com/explore/locations/506585023149990/2/"
  },
  {
    "id": "343383156237329",
    "name": "Одесса Кіно / Odessa Kino Cinema",
    "city": "Vygurovshchina",
    "url": "https://www.instagram.com/explore/locations/343383156237329/odessa-kino-cinema/"
  },
  {
    "id": "102202631368846",
    "name": "Ліцей 277",
    "city": "Vygurovshchina",
    "url": "https://www.instagram.com/explore/locations/102202631368846/277/"
  },
  {
    "id": "11892308",
    "name": "Sport Life",
    "city": "Vygurovshchina",
    "url": "https://www.instagram.com/explore/locations/11892308/sport-life/"
  },
  {
    "id": "275830412",
    "name": "Sport Life. Троещина",
    "city": "Vygurovshchina",
    "url": "https://www.instagram.com/explore/locations/275830412/sport-life/"
  },
  {
    "id": "103743945309762",
    "name": "Good Fish",
    "city": "Vygurovshchina",
    "url": "https://www.instagram.com/explore/locations/103743945309762/good-fish/"
  },
  {
    "id": "1066575756880333",
    "name": "FILM-UA СТБ Х-фактор",
    "city": "Vygurovshchina",
    "url": "https://www.instagram.com/explore/locations/1066575756880333/film-ua-/"
  },
  {
    "id": "1296995837043752",
    "name": "Студия танцев \"Inside of Dance\"",
    "city": "Vygurovshchina",
    "url": "https://www.instagram.com/explore/locations/1296995837043752/inside-of-dance/"
  },
  {
    "id": "244718992612378",
    "name": "TimeDance&Fit",
    "city": "Vygurovshchina",
    "url": "https://www.instagram.com/explore/locations/244718992612378/timedancefit/"
  },
  {
    "id": "554279161682679",
    "name": "Ресторан Баграти. Киев. Ул Драйзера 8",
    "city": "Vygurovshchina",
    "url": "https://www.instagram.com/explore/locations/554279161682679/8/"
  },
  {
    "id": "584435515075366",
    "name": "Украина, Киев, школа 238",
    "city": "Vygurovshchina",
    "url": "https://www.instagram.com/explore/locations/584435515075366/238/"
  },
  {
    "id": "300548303777385",
    "name": "School 212",
    "city": "Vygurovshchina",
    "url": "https://www.instagram.com/explore/locations/300548303777385/school-212/"
  },
  {
    "id": "747474189",
    "name": "Специализированная Школа 152 С Углубленным Изучением Английского Языка",
    "city": "Vygurovshchina",
    "url": "https://www.instagram.com/explore/locations/747474189/152/"
  },
  {
    "id": "1076822232444334",
    "name": "Postmodern",
    "city": "Vygurovshchina",
    "url": "https://www.instagram.com/explore/locations/1076822232444334/postmodern/"
  },
  {
    "id": "237238136823596",
    "name": "Медицинский Центр На Закревского. 47",
    "city": "Vygurovshchina",
    "url": "https://www.instagram.com/explore/locations/237238136823596/47/"
  },
  {
    "id": "105443524241465",
    "name": "Кінний портал України - Horseua.com",
    "city": "Vygurovshchina",
    "url": "https://www.instagram.com/explore/locations/105443524241465/-horseuacom/"
  },
  {
    "id": "1991452664235377",
    "name": "Dr. Nima",
    "city": "Vygurovshchina",
    "url": "https://www.instagram.com/explore/locations/1991452664235377/dr-nima/"
  },
  {
    "id": "2194739610780608",
    "name": "маяковского 26б",
    "city": "Vygurovshchina",
    "url": "https://www.instagram.com/explore/locations/2194739610780608/26/"
  },
  {
    "id": "1427106050804469",
    "name": "Art Dance Studio Анны Трофимчук",
    "city": "Vygurovshchina",
    "url": "https://www.instagram.com/explore/locations/1427106050804469/art-dance-studio/"
  },
  {
    "id": "240472009",
    "name": "Закревского31",
    "city": "Vygurovshchina",
    "url": "https://www.instagram.com/explore/locations/240472009/31/"
  },
  {
    "id": "701352273",
    "name": "Muhin Company in Film.ua Group",
    "city": "Vygurovshchina",
    "url": "https://www.instagram.com/explore/locations/701352273/muhin-company-in-filmua-group/"
  },
  {
    "id": "1566344556995503",
    "name": "Центр розвитку дітей \"Малюк GO\"",
    "city": "Vygurovshchina",
    "url": "https://www.instagram.com/explore/locations/1566344556995503/go/"
  },
  {
    "id": "110732771402401",
    "name": "Neostar",
    "city": "Vygurovshchina",
    "url": "https://www.instagram.com/explore/locations/110732771402401/neostar/"
  },
  {
    "id": "799053820",
    "name": "Крайняя, 1",
    "city": "Vygurovshchina",
    "url": "https://www.instagram.com/explore/locations/799053820/1/"
  },
  {
    "id": "152703075320690",
    "name": "Fitnessmix",
    "city": "Vygurovshchina",
    "url": "https://www.instagram.com/explore/locations/152703075320690/fitnessmix/"
  },
  {
    "id": "104479817909888",
    "name": "Приватна школа New LEVEL",
    "city": "Vygurovshchina",
    "url": "https://www.instagram.com/explore/locations/104479817909888/new-level/"
  },
  {
    "id": "312404455",
    "name": "Спеціалізована Школа 202",
    "city": "Vygurovshchina",
    "url": "https://www.instagram.com/explore/locations/312404455/202/"
  },
  {
    "id": "345491246023328",
    "name": "Киев ул. Маршала Жукова 31-А",
    "city": "Vygurovshchina",
    "url": "https://www.instagram.com/explore/locations/345491246023328/31-/"
  },
  {
    "id": "324101394947992",
    "name": "Global UA",
    "city": "Vygurovshchina",
    "url": "https://www.instagram.com/explore/locations/324101394947992/global-ua/"
  },
  {
    "id": "838509154",
    "name": "Калейдоскопье Open Air",
    "city": "Vygurovshchina",
    "url": "https://www.instagram.com/explore/locations/838509154/open-air/"
  },
  {
    "id": "436667271",
    "name": "ТА MIA Travel",
    "city": "Vygurovshchina",
    "url": "https://www.instagram.com/explore/locations/436667271/mia-travel/"
  },
  {
    "id": "597203260699012",
    "name": "Кальянная \"Dark Side\"",
    "city": "Vygurovshchina",
    "url": "https://www.instagram.com/explore/locations/597203260699012/dark-side/"
  },
  {
    "id": "721002004943194",
    "name": "ул.Маршала Жукова 49",
    "city": "Vygurovshchina",
    "url": "https://www.instagram.com/explore/locations/721002004943194/49/"
  },
  {
    "id": "1024924904",
    "name": "Narikela Saburova",
    "city": "Vygurovshchina",
    "url": "https://www.instagram.com/explore/locations/1024924904/narikela-saburova/"
  },
  {
    "id": "911898535627132",
    "name": "Anna Ocheretko LASH Studio",
    "city": "Vygurovshchina",
    "url": "https://www.instagram.com/explore/locations/911898535627132/anna-ocheretko-lash-studio/"
  },
  {
    "id": "20875478",
    "name": "Planettoys",
    "city": "Vygurovshchina",
    "url": "https://www.instagram.com/explore/locations/20875478/planettoys/"
  },
  {
    "id": "109869250883839",
    "name": "Twin House",
    "city": "Vygurovshchina",
    "url": "https://www.instagram.com/explore/locations/109869250883839/twin-house/"
  },
  {
    "id": "243603571",
    "name": "Киевская Городская Клиническая Больница #3",
    "city": "Vygurovshchina",
    "url": "https://www.instagram.com/explore/locations/243603571/3/"
  },
  {
    "id": "517281061981345",
    "name": "Кинотеатр Флоренция, Троещина Чёткий РайOn",
    "city": "Vygurovshchina",
    "url": "https://www.instagram.com/explore/locations/517281061981345/on/"
  },
  {
    "id": "903897260",
    "name": "Спеціалізована школа 98 м. Києва",
    "city": "Vygurovshchina",
    "url": "https://www.instagram.com/explore/locations/903897260/98/"
  },
  {
    "id": "331810526",
    "name": "Macdonald's",
    "city": "Vygurovshchina",
    "url": "https://www.instagram.com/explore/locations/331810526/macdonalds/"
  },
  {
    "id": "1022631577",
    "name": "Pole Dance Studio \"grand Grace\"",
    "city": "Vygurovshchina",
    "url": "https://www.instagram.com/explore/locations/1022631577/pole-dance-studio-grand-grace/"
  },
  {
    "id": "328372477808382",
    "name": "Salateira",
    "city": "Vygurovshchina",
    "url": "https://www.instagram.com/explore/locations/328372477808382/salateira/"
  },
  {
    "id": "1030441304",
    "name": "Vape_Nation",
    "city": "Vygurovshchina",
    "url": "https://www.instagram.com/explore/locations/1030441304/vape_nation/"
  },
  {
    "id": "5524184",
    "name": "Itisflowerscafe",
    "city": "Vygurovshchina",
    "url": "https://www.instagram.com/explore/locations/5524184/itisflowerscafe/"
  },
  {
    "id": "789346165",
    "name": "пр-т маяковского 26",
    "city": "Vygurovshchina",
    "url": "https://www.instagram.com/explore/locations/789346165/-26/"
  },
  {
    "id": "289745125",
    "name": "Киев, Школа 249",
    "city": "Vygurovshchina",
    "url": "https://www.instagram.com/explore/locations/289745125/249/"
  },
  {
    "id": "109120960803632",
    "name": "ID. Центр Бухгалтерських Послуг",
    "city": "Vygurovshchina",
    "url": "https://www.instagram.com/explore/locations/109120960803632/id/"
  },
  {
    "id": "1762149730670805",
    "name": "Спортивний клуб \"SportsMir\"",
    "city": "Vygurovshchina",
    "url": "https://www.instagram.com/explore/locations/1762149730670805/sportsmir/"
  },
  {
    "id": "450588135466224",
    "name": "Морг №2",
    "city": "Vygurovshchina",
    "url": "https://www.instagram.com/explore/locations/450588135466224/no2/"
  },
  {
    "id": "165020291108330",
    "name": "СТО АлмазMercedes-Benz",
    "city": "Vygurovshchina",
    "url": "https://www.instagram.com/explore/locations/165020291108330/mercedes-benz/"
  },
  {
    "id": "373175023422948",
    "name": "Греко-католицький Храм Святого Андрія",
    "city": "Vygurovshchina",
    "url": "https://www.instagram.com/explore/locations/373175023422948/-/"
  },
  {
    "id": "100672331564411",
    "name": "Vivi Coffee&Food",
    "city": "Vygurovshchina",
    "url": "https://www.instagram.com/explore/locations/100672331564411/vivi-coffeefood/"
  },
  {
    "id": "113729083794370",
    "name": "Велоремонт Almaz bike service",
    "city": "Vygurovshchina",
    "url": "https://www.instagram.com/explore/locations/113729083794370/almaz-bike-service/"
  },
  {
    "id": "1965182477043025",
    "name": "For_you_print",
    "city": "Vygurovshchina",
    "url": "https://www.instagram.com/explore/locations/1965182477043025/for_you_print/"
  },
  {
    "id": "100144169399262",
    "name": "Школа 249",
    "city": "Vygurovshchina",
    "url": "https://www.instagram.com/explore/locations/100144169399262/249/"
  },
  {
    "id": "139256993371740",
    "name": "ELIQ store Vape shop на Лесном. Лесной Проспект 39-г",
    "city": "Vygurovshchina",
    "url": "https://www.instagram.com/explore/locations/139256993371740/eliq-store-vape-shop-39-/"
  },
  {
    "id": "105800557635584",
    "name": "SPORT LIFE",
    "city": "Vygurovshchina",
    "url": "https://www.instagram.com/explore/locations/105800557635584/sport-life/"
  },
  {
    "id": "182589252243505",
    "name": "СШ № 190",
    "city": "Vygurovshchina",
    "url": "https://www.instagram.com/explore/locations/182589252243505/no-190/"
  },
  {
    "id": "990427115",
    "name": "Wellness - студия Дарьи Беловой",
    "city": "Vygurovshchina",
    "url": "https://www.instagram.com/explore/locations/990427115/wellness-/"
  },
  {
    "id": "311913279301281",
    "name": "Специализированная Школа 322",
    "city": "Vygurovshchina",
    "url": "https://www.instagram.com/explore/locations/311913279301281/322/"
  },
  {
    "id": "1920322728075642",
    "name": "Боулинг Skymall",
    "city": "Vygurovshchina",
    "url": "https://www.instagram.com/explore/locations/1920322728075642/skymall/"
  },
  {
    "id": "1029079219",
    "name": "школа №282",
    "city": "Vygurovshchina",
    "url": "https://www.instagram.com/explore/locations/1029079219/no282/"
  },
  {
    "id": "340997656619634",
    "name": "Turbo Expert",
    "city": "Vygurovshchina",
    "url": "https://www.instagram.com/explore/locations/340997656619634/turbo-expert/"
  },
  {
    "id": "255427295161391",
    "name": "вул. Райдужна, 13",
    "city": "Vygurovshchina",
    "url": "https://www.instagram.com/explore/locations/255427295161391/13/"
  },
  {
    "id": "101621557963671",
    "name": "Школа 248 Деснянського району міста Києва",
    "city": "Vygurovshchina",
    "url": "https://www.instagram.com/explore/locations/101621557963671/248/"
  },
  {
    "id": "112826053826837",
    "name": "Robin Gud",
    "city": "Vygurovshchina",
    "url": "https://www.instagram.com/explore/locations/112826053826837/robin-gud/"
  },
  {
    "id": "300537767340949",
    "name": "RESERVED",
    "city": "Vygurovshchina",
    "url": "https://www.instagram.com/explore/locations/300537767340949/reserved/"
  },
  {
    "id": "1718832805093771",
    "name": "Сильна Нація /Strong Nation",
    "city": "Vygurovshchina",
    "url": "https://www.instagram.com/explore/locations/1718832805093771/strong-nation/"
  },
  {
    "id": "138343450061438",
    "name": "Perspectiva 21.3",
    "city": "Vygurovshchina",
    "url": "https://www.instagram.com/explore/locations/138343450061438/perspectiva-213/"
  },
  {
    "id": "115100156974246",
    "name": "FlexStudio",
    "city": "Vygurovshchina",
    "url": "https://www.instagram.com/explore/locations/115100156974246/flexstudio/"
  },
  {
    "id": "157476634823248",
    "name": "Банкнотно-Монетный Двор. НБУ",
    "city": "Vygurovshchina",
    "url": "https://www.instagram.com/explore/locations/157476634823248/-/"
  },
  {
    "id": "794216490776922",
    "name": "MinMax clinic",
    "city": "Vygurovshchina",
    "url": "https://www.instagram.com/explore/locations/794216490776922/minmax-clinic/"
  },
  {
    "id": "101559703028595",
    "name": "Виготовлення Автоключів - SmartKey",
    "city": "Vygurovshchina",
    "url": "https://www.instagram.com/explore/locations/101559703028595/-smartkey/"
  },
  {
    "id": "130716880848093",
    "name": "Kava to be",
    "city": "Vygurovshchina",
    "url": "https://www.instagram.com/explore/locations/130716880848093/kava-to-be/"
  },
  {
    "id": "588897038",
    "name": "Школа #312",
    "city": "Vygurovshchina",
    "url": "https://www.instagram.com/explore/locations/588897038/312/"
  },
  {
    "id": "549963111791909",
    "name": "Max Manicure",
    "city": "Vygurovshchina",
    "url": "https://www.instagram.com/explore/locations/549963111791909/max-manicure/"
  },
  {
    "id": "455465218173981",
    "name": "Пр. В. Маяковского 43/2",
    "city": "Vygurovshchina",
    "url": "https://www.instagram.com/explore/locations/455465218173981/432/"
  },
  {
    "id": "261534174",
    "name": "Школа 246",
    "city": "Vygurovshchina",
    "url": "https://www.instagram.com/explore/locations/261534174/246/"
  },
  {
    "id": "633255887109032",
    "name": "Сервісний Центр МВС #8044",
    "city": "Vygurovshchina",
    "url": "https://www.instagram.com/explore/locations/633255887109032/8044/"
  },
  {
    "id": "31754959",
    "name": "Б52",
    "city": "Vygurovshchina",
    "url": "https://www.instagram.com/explore/locations/31754959/52/"
  },
  {
    "id": "104368971146920",
    "name": "Фенікс Kids",
    "city": "Vygurovshchina",
    "url": "https://www.instagram.com/explore/locations/104368971146920/kids/"
  },
  {
    "id": "738832629641761",
    "name": "FitCurvesФестивальный",
    "city": "Vygurovshchina",
    "url": "https://www.instagram.com/explore/locations/738832629641761/fitcurves/"
  },
  {
    "id": "1027417962",
    "name": "Средняя школа 180",
    "city": "Vygurovshchina",
    "url": "https://www.instagram.com/explore/locations/1027417962/180/"
  },
  {
    "id": "109417810650754",
    "name": "ʏᴏɢᴀ ᴀsᴀɴᴀ",
    "city": "Vygurovshchina",
    "url": "https://www.instagram.com/explore/locations/109417810650754/s/"
  },
  {
    "id": "293223301567834",
    "name": "Orangekava",
    "city": "Vygurovshchina",
    "url": "https://www.instagram.com/explore/locations/293223301567834/orangekava/"
  },
  {
    "id": "247311154",
    "name": "Kiev, Draizer Street 7",
    "city": "Vygurovshchina",
    "url": "https://www.instagram.com/explore/locations/247311154/kiev-draizer-street-7/"
  },
  {
    "id": "107002304005222",
    "name": "Студія танцю «OneRoom»",
    "city": "Vygurovshchina",
    "url": "https://www.instagram.com/explore/locations/107002304005222/oneroom/"
  },
  {
    "id": "435144380399064",
    "name": "Play Production",
    "city": "Vygurovshchina",
    "url": "https://www.instagram.com/explore/locations/435144380399064/play-production/"
  },
  {
    "id": "247187201",
    "name": "Лесной проспект 22",
    "city": "Vygurovshchina",
    "url": "https://www.instagram.com/explore/locations/247187201/22/"
  },
  {
    "id": "502215052",
    "name": "Mafia",
    "city": "Vygurovshchina",
    "url": "https://www.instagram.com/explore/locations/502215052/mafia/"
  },
  {
    "id": "1840357022944828",
    "name": "Skymall",
    "city": "Vygurovshchina",
    "url": "https://www.instagram.com/explore/locations/1840357022944828/skymall/"
  },
  {
    "id": "185008999079457",
    "name": "ул Н.Закревского 73/1",
    "city": "Vygurovshchina",
    "url": "https://www.instagram.com/explore/locations/185008999079457/731/"
  },
  {
    "id": "1458204924287380",
    "name": "Братиславська 7",
    "city": "Vygurovshchina",
    "url": "https://www.instagram.com/explore/locations/1458204924287380/7/"
  },
  {
    "id": "107526417868948",
    "name": "ЄвроПерукарня Drayzera",
    "city": "Vygurovshchina",
    "url": "https://www.instagram.com/explore/locations/107526417868948/drayzera/"
  },
  {
    "id": "969624696558912",
    "name": "Sport Life",
    "city": "Vygurovshchina",
    "url": "https://www.instagram.com/explore/locations/969624696558912/sport-life/"
  },
  {
    "id": "336138807165484",
    "name": "Київська міська психоневрологічна лікарня №2",
    "city": "Vygurovshchina",
    "url": "https://www.instagram.com/explore/locations/336138807165484/no2/"
  },
  {
    "id": "321909005054365",
    "name": "Lazzaro Coffee",
    "city": "Vygurovshchina",
    "url": "https://www.instagram.com/explore/locations/321909005054365/lazzaro-coffee/"
  },
  {
    "id": "1897164153878266",
    "name": "Детская ортопедия и травматология КГДКБ 2",
    "city": "Vygurovshchina",
    "url": "https://www.instagram.com/explore/locations/1897164153878266/2/"
  },
  {
    "id": "398735973874546",
    "name": "Маникюр, педикюр - Троещина, Киев",
    "city": "Vygurovshchina",
    "url": "https://www.instagram.com/explore/locations/398735973874546/-/"
  },
  {
    "id": "1029527532",
    "name": "Киев Ул. Радужная 6",
    "city": "Vygurovshchina",
    "url": "https://www.instagram.com/explore/locations/1029527532/6/"
  },
  {
    "id": "103285757757065",
    "name": "Компания BLAD - интернет-магазин",
    "city": "Vygurovshchina",
    "url": "https://www.instagram.com/explore/locations/103285757757065/blad-/"
  },
  {
    "id": "1033401302",
    "name": "Середня загальноосвітня школа №184",
    "city": "Vygurovshchina",
    "url": "https://www.instagram.com/explore/locations/1033401302/no184/"
  },
  {
    "id": "174499080814791",
    "name": "Shashlikyan справжній шашлик",
    "city": "Vygurovshchina",
    "url": "https://www.instagram.com/explore/locations/174499080814791/shashlikyan/"
  },
  {
    "id": "315994637",
    "name": "Сильпо, Маяковского 43/2",
    "city": "Vygurovshchina",
    "url": "https://www.instagram.com/explore/locations/315994637/432/"
  },
  {
    "id": "1029428937203368",
    "name": "Фуршет - Furshet",
    "city": "Vygurovshchina",
    "url": "https://www.instagram.com/explore/locations/1029428937203368/-furshet/"
  },
  {
    "id": "342704469508820",
    "name": "СЗШ № 4",
    "city": "Vygurovshchina",
    "url": "https://www.instagram.com/explore/locations/342704469508820/no-4/"
  },
  {
    "id": "1484935368444078",
    "name": "Ветклиника \"4 Лапы\"",
    "city": "Vygurovshchina",
    "url": "https://www.instagram.com/explore/locations/1484935368444078/4/"
  },
  {
    "id": "429701412",
    "name": "Проспект Победы 53",
    "city": "Vygurovshchina",
    "url": "https://www.instagram.com/explore/locations/429701412/53/"
  },
  {
    "id": "677390852451989",
    "name": "Blue lake Ukraine",
    "city": "Vygurovshchina",
    "url": "https://www.instagram.com/explore/locations/677390852451989/blue-lake-ukraine/"
  },
  {
    "id": "27735648",
    "name": "Закревского 11",
    "city": "Vygurovshchina",
    "url": "https://www.instagram.com/explore/locations/27735648/11/"
  },
  {
    "id": "102189501507765",
    "name": "___krasa__",
    "city": "Vygurovshchina",
    "url": "https://www.instagram.com/explore/locations/102189501507765/___krasa__/"
  },
  {
    "id": "582673267",
    "name": "Маршала Жукова 31А",
    "city": "Vygurovshchina",
    "url": "https://www.instagram.com/explore/locations/582673267/31/"
  },
  {
    "id": "488215221699249",
    "name": "Николая Закревского 27/2",
    "city": "Vygurovshchina",
    "url": "https://www.instagram.com/explore/locations/488215221699249/272/"
  },
  {
    "id": "105703200977849",
    "name": "SPORT LIFE",
    "city": "Vygurovshchina",
    "url": "https://www.instagram.com/explore/locations/105703200977849/sport-life/"
  },
  {
    "id": "711185925",
    "name": "Rodina-mat (motherland)",
    "city": "Vygurovshchina",
    "url": "https://www.instagram.com/explore/locations/711185925/rodina-mat-motherland/"
  },
  {
    "id": "111603903724019",
    "name": "Anna K. beauty studio",
    "city": "Vygurovshchina",
    "url": "https://www.instagram.com/explore/locations/111603903724019/anna-k-beauty-studio/"
  },
  {
    "id": "1776259092585710",
    "name": "Orange Cafe",
    "city": "Vygurovshchina",
    "url": "https://www.instagram.com/explore/locations/1776259092585710/orange-cafe/"
  },
  {
    "id": "392409127797050",
    "name": "Хінкальня у ТРЦ Skymall",
    "city": "Vygurovshchina",
    "url": "https://www.instagram.com/explore/locations/392409127797050/skymall/"
  },
  {
    "id": "2692562977426711",
    "name": "Каштанова 5",
    "city": "Vygurovshchina",
    "url": "https://www.instagram.com/explore/locations/2692562977426711/5/"
  },
  {
    "id": "193880891521216",
    "name": "Миколи Кибальчича 9",
    "city": "Vygurovshchina",
    "url": "https://www.instagram.com/explore/locations/193880891521216/9/"
  },
  {
    "id": "2182216838480245",
    "name": "Pub Country Bar",
    "city": "Vygurovshchina",
    "url": "https://www.instagram.com/explore/locations/2182216838480245/pub-country-bar/"
  },
  {
    "id": "466949940011958",
    "name": "Animagrad",
    "city": "Vygurovshchina",
    "url": "https://www.instagram.com/explore/locations/466949940011958/animagrad/"
  },
  {
    "id": "102052985069373",
    "name": "Студия маникюра Modern M&P Studio",
    "city": "Vygurovshchina",
    "url": "https://www.instagram.com/explore/locations/102052985069373/modern-mp-studio/"
  },
  {
    "id": "22548483",
    "name": "Zebra Sport",
    "city": "Vygurovshchina",
    "url": "https://www.instagram.com/explore/locations/22548483/zebra-sport/"
  },
  {
    "id": "273337966575630",
    "name": "Киев, ул Лысенко 4",
    "city": "Vygurovshchina",
    "url": "https://www.instagram.com/explore/locations/273337966575630/4/"
  },
  {
    "id": "230731327454881",
    "name": "Школа #218",
    "city": "Vygurovshchina",
    "url": "https://www.instagram.com/explore/locations/230731327454881/218/"
  },
  {
    "id": "196321550223720",
    "name": "Noice • Lounge Restaurant • Voice Room • Event Hall",
    "city": "Vygurovshchina",
    "url": "https://www.instagram.com/explore/locations/196321550223720/noice-lounge-restaurant-voice-room-event-hall/"
  },
  {
    "id": "702049426649522",
    "name": "Raduga Ua",
    "city": "Vygurovshchina",
    "url": "https://www.instagram.com/explore/locations/702049426649522/raduga-ua/"
  },
  {
    "id": "1879817748999337",
    "name": "НВК \"Щастя\", СШ 325 \"Щастя\"",
    "city": "Vygurovshchina",
    "url": "https://www.instagram.com/explore/locations/1879817748999337/325/"
  },
  {
    "id": "322869209",
    "name": "закревского 42-а",
    "city": "Vygurovshchina",
    "url": "https://www.instagram.com/explore/locations/322869209/42-/"
  },
  {
    "id": "287165005439715",
    "name": "Nogotok.Kyiv",
    "city": "Vygurovshchina",
    "url": "https://www.instagram.com/explore/locations/287165005439715/nogotokkyiv/"
  },
  {
    "id": "175323703103149",
    "name": "Fusion Dent",
    "city": "Vygurovshchina",
    "url": "https://www.instagram.com/explore/locations/175323703103149/fusion-dent/"
  },
  {
    "id": "231501540526889",
    "name": "TSUPōSH by Yuriy Sim",
    "city": "Vygurovshchina",
    "url": "https://www.instagram.com/explore/locations/231501540526889/tsuposh-by-yuriy-sim/"
  },
  {
    "id": "2021017191469146",
    "name": "Green GardenLounge&terrace",
    "city": "Vygurovshchina",
    "url": "https://www.instagram.com/explore/locations/2021017191469146/green-gardenloungeterrace/"
  },
  {
    "id": "104554062664721",
    "name": "𝗻𝗮𝗧𝗿𝗼ї faino",
    "city": "Vygurovshchina",
    "url": "https://www.instagram.com/explore/locations/104554062664721/natro-faino/"
  },
  {
    "id": "873384356",
    "name": "MBolshukhina",
    "city": "Vygurovshchina",
    "url": "https://www.instagram.com/explore/locations/873384356/mbolshukhina/"
  },
  {
    "id": "2225818994365967",
    "name": "Проспект Маяковского 38/10",
    "city": "Vygurovshchina",
    "url": "https://www.instagram.com/explore/locations/2225818994365967/3810/"
  },
  {
    "id": "113467056977408",
    "name": "Sweet home bakery Kiev",
    "city": "Vygurovshchina",
    "url": "https://www.instagram.com/explore/locations/113467056977408/sweet-home-bakery-kiev/"
  },
  {
    "id": "1765041806841197",
    "name": "Сушия - сучасна японська кухня",
    "city": "Vygurovshchina",
    "url": "https://www.instagram.com/explore/locations/1765041806841197/-/"
  },
  {
    "id": "1026898366",
    "name": "Сабурова 2а",
    "city": "Vygurovshchina",
    "url": "https://www.instagram.com/explore/locations/1026898366/2/"
  },
  {
    "id": "341747586319341",
    "name": "Larinna-Shop",
    "city": "Vygurovshchina",
    "url": "https://www.instagram.com/explore/locations/341747586319341/larinna-shop/"
  },
  {
    "id": "110148937385843",
    "name": "An.Sandra Flower Studio",
    "city": "Vygurovshchina",
    "url": "https://www.instagram.com/explore/locations/110148937385843/ansandra-flower-studio/"
  },
  {
    "id": "789288655",
    "name": "Kiev Home",
    "city": "Vygurovshchina",
    "url": "https://www.instagram.com/explore/locations/789288655/kiev-home/"
  },
  {
    "id": "285329502179685",
    "name": "Take a Bag",
    "city": "Vygurovshchina",
    "url": "https://www.instagram.com/explore/locations/285329502179685/take-a-bag/"
  },
  {
    "id": "1720264824938595",
    "name": "Young PAPA bar \"night\"",
    "city": "Vygurovshchina",
    "url": "https://www.instagram.com/explore/locations/1720264824938595/young-papa-bar-night/"
  },
  {
    "id": "102848481617818",
    "name": "Everything Black",
    "city": "Vygurovshchina",
    "url": "https://www.instagram.com/explore/locations/102848481617818/everything-black/"
  },
  {
    "id": "146812978519861",
    "name": "Silver team спортивний клуб",
    "city": "Vygurovshchina",
    "url": "https://www.instagram.com/explore/locations/146812978519861/silver-team/"
  },
  {
    "id": "19626269",
    "name": "Mamamia",
    "city": "Vygurovshchina",
    "url": "https://www.instagram.com/explore/locations/19626269/mamamia/"
  },
  {
    "id": "102487821243816",
    "name": "brotherhood_barbershop",
    "city": "Vygurovshchina",
    "url": "https://www.instagram.com/explore/locations/102487821243816/brotherhood_barbershop/"
  },
  {
    "id": "159354757991149",
    "name": "Петра Запорожца 21",
    "city": "Vygurovshchina",
    "url": "https://www.instagram.com/explore/locations/159354757991149/21/"
  },
  {
    "id": "1711480919126090",
    "name": "Пр. Маяковского, 6",
    "city": "Vygurovshchina",
    "url": "https://www.instagram.com/explore/locations/1711480919126090/6/"
  },
  {
    "id": "328010657985841",
    "name": "Курчатова 22",
    "city": "Vygurovshchina",
    "url": "https://www.instagram.com/explore/locations/328010657985841/22/"
  },
  {
    "id": "287647088754596",
    "name": "Miniso",
    "city": "Vygurovshchina",
    "url": "https://www.instagram.com/explore/locations/287647088754596/miniso/"
  },
  {
    "id": "131664326697302",
    "name": "Bowling SkyMall",
    "city": "Vygurovshchina",
    "url": "https://www.instagram.com/explore/locations/131664326697302/bowling-skymall/"
  },
  {
    "id": "101155471265397",
    "name": "DRAMAN",
    "city": "Vygurovshchina",
    "url": "https://www.instagram.com/explore/locations/101155471265397/draman/"
  },
  {
    "id": "363491087070522",
    "name": "Школа 248",
    "city": "Vygurovshchina",
    "url": "https://www.instagram.com/explore/locations/363491087070522/248/"
  },
  {
    "id": "321945255249445",
    "name": "SportLife Басейн",
    "city": "Vygurovshchina",
    "url": "https://www.instagram.com/explore/locations/321945255249445/sportlife/"
  },
  {
    "id": "1993366727567165",
    "name": "Lesnaya",
    "city": "Vygurovshchina",
    "url": "https://www.instagram.com/explore/locations/1993366727567165/lesnaya/"
  },
  {
    "id": "111390210479353",
    "name": "Салон Красоты КАФО в ЖК Riverstone",
    "city": "Vygurovshchina",
    "url": "https://www.instagram.com/explore/locations/111390210479353/riverstone/"
  },
  {
    "id": "1021495531",
    "name": "Шашлык STAR",
    "city": "Vygurovshchina",
    "url": "https://www.instagram.com/explore/locations/1021495531/star/"
  },
  {
    "id": "192091451625716",
    "name": "Forest Bird Coffee Bar",
    "city": "Vygurovshchina",
    "url": "https://www.instagram.com/explore/locations/192091451625716/forest-bird-coffee-bar/"
  },
  {
    "id": "1022992924",
    "name": "Київська Дитяча Клінічна Лікарня # 2",
    "city": "Vygurovshchina",
    "url": "https://www.instagram.com/explore/locations/1022992924/2/"
  },
  {
    "id": "1718081201785902",
    "name": "Just flowershops IЦветы Киев",
    "city": "Vygurovshchina",
    "url": "https://www.instagram.com/explore/locations/1718081201785902/just-flowershops-i/"
  },
  {
    "id": "373153239803664",
    "name": "Handmade - частичка души, любви и заботы",
    "city": "Vygurovshchina",
    "url": "https://www.instagram.com/explore/locations/373153239803664/handmade-/"
  },
  {
    "id": "2027200260869178",
    "name": "Курнатовского 15",
    "city": "Vygurovshchina",
    "url": "https://www.instagram.com/explore/locations/2027200260869178/15/"
  },
  {
    "id": "543857276036362",
    "name": "Общага экспертов-криминалистов",
    "city": "Vygurovshchina",
    "url": "https://www.instagram.com/explore/locations/543857276036362/-/"
  },
  {
    "id": "1264260230260101",
    "name": "Петра Запорожца 26а",
    "city": "Vygurovshchina",
    "url": "https://www.instagram.com/explore/locations/1264260230260101/26/"
  },
  {
    "id": "326761734816594",
    "name": "Драйзера 30а",
    "city": "Vygurovshchina",
    "url": "https://www.instagram.com/explore/locations/326761734816594/30/"
  }
]