[
  {
    "id": "237125887",
    "name": "Svit Kavy",
    "city": "Znesieniye",
    "url": "https://www.instagram.com/explore/locations/237125887/svit-kavy/"
  },
  {
    "id": "111503449473858",
    "name": "ISeller Lviv",
    "city": "Znesieniye",
    "url": "https://www.instagram.com/explore/locations/111503449473858/iseller-lviv/"
  },
  {
    "id": "160134134004852",
    "name": "Adam-Mickiewicz-Denkmal (Lemberg)",
    "city": "Znesieniye",
    "url": "https://www.instagram.com/explore/locations/160134134004852/adam-mickiewicz-denkmal-lemberg/"
  },
  {
    "id": "175908052847122",
    "name": "Lviv Pekarska Street 01:49",
    "city": "Znesieniye",
    "url": "https://www.instagram.com/explore/locations/175908052847122/lviv-pekarska-street-0149/"
  },
  {
    "id": "769255113",
    "name": "Хованки/Hovanky",
    "city": "Znesieniye",
    "url": "https://www.instagram.com/explore/locations/769255113/hovanky/"
  },
  {
    "id": "101923731413549",
    "name": "TOGEN - екіпіровка для єдиноборств",
    "city": "Znesieniye",
    "url": "https://www.instagram.com/explore/locations/101923731413549/togen-/"
  },
  {
    "id": "228749071017327",
    "name": "Приватна Стоматологічна Практика dr. Kobylnyk",
    "city": "Znesieniye",
    "url": "https://www.instagram.com/explore/locations/228749071017327/dr-kobylnyk/"
  },
  {
    "id": "259413931268327",
    "name": "otolaryngology department",
    "city": "Znesieniye",
    "url": "https://www.instagram.com/explore/locations/259413931268327/otolaryngology-department/"
  },
  {
    "id": "1207586522725398",
    "name": "PROMarketing",
    "city": "Znesieniye",
    "url": "https://www.instagram.com/explore/locations/1207586522725398/promarketing/"
  }
]