[
  {
    "id": "1436017156722345",
    "name": "Irpin'",
    "city": "Yablonka",
    "url": "https://www.instagram.com/explore/locations/1436017156722345/irpin/"
  },
  {
    "id": "1020307522",
    "name": "Toscana Grill",
    "city": "Yablonka",
    "url": "https://www.instagram.com/explore/locations/1020307522/toscana-grill/"
  },
  {
    "id": "199225756934986",
    "name": "Місто - герой Буча",
    "city": "Yablonka",
    "url": "https://www.instagram.com/explore/locations/199225756934986/-/"
  },
  {
    "id": "116350332122681",
    "name": "ТРЦ \"Жираф- Ирпень",
    "city": "Yablonka",
    "url": "https://www.instagram.com/explore/locations/116350332122681/-/"
  },
  {
    "id": "493938037483961",
    "name": "ЖК Millennium State",
    "city": "Yablonka",
    "url": "https://www.instagram.com/explore/locations/493938037483961/millennium-state/"
  },
  {
    "id": "111990224690298",
    "name": "Avenir Plaza Буча",
    "city": "Yablonka",
    "url": "https://www.instagram.com/explore/locations/111990224690298/avenir-plaza/"
  },
  {
    "id": "241336053149256",
    "name": "Family Park Residence",
    "city": "Yablonka",
    "url": "https://www.instagram.com/explore/locations/241336053149256/family-park-residence/"
  },
  {
    "id": "1023490300",
    "name": "ЖК \"Rich Town\"",
    "city": "Yablonka",
    "url": "https://www.instagram.com/explore/locations/1023490300/rich-town/"
  },
  {
    "id": "1222340604510124",
    "name": "Отаманша Ресторан-Варенична",
    "city": "Yablonka",
    "url": "https://www.instagram.com/explore/locations/1222340604510124/-/"
  },
  {
    "id": "1910449192503115",
    "name": "Ресторан ТINATIN",
    "city": "Yablonka",
    "url": "https://www.instagram.com/explore/locations/1910449192503115/inatin/"
  },
  {
    "id": "1016334535075248",
    "name": "Школа для собак ДРЕД DRED",
    "city": "Yablonka",
    "url": "https://www.instagram.com/explore/locations/1016334535075248/dred/"
  },
  {
    "id": "172691703493288",
    "name": "Готельно-ресторанний комплекс \"Рим\"",
    "city": "Yablonka",
    "url": "https://www.instagram.com/explore/locations/172691703493288/-/"
  },
  {
    "id": "473401539827142",
    "name": "FitBerry Bucha Fitness Club",
    "city": "Yablonka",
    "url": "https://www.instagram.com/explore/locations/473401539827142/fitberry-bucha-fitness-club/"
  },
  {
    "id": "344580609349239",
    "name": "RichHealth",
    "city": "Yablonka",
    "url": "https://www.instagram.com/explore/locations/344580609349239/richhealth/"
  },
  {
    "id": "178983859239336",
    "name": "WTKB, ТК Варшавский",
    "city": "Yablonka",
    "url": "https://www.instagram.com/explore/locations/178983859239336/wtkb/"
  },
  {
    "id": "153040747884277",
    "name": "«EnerGym». Буча",
    "city": "Yablonka",
    "url": "https://www.instagram.com/explore/locations/153040747884277/energym/"
  },
  {
    "id": "342154912912082",
    "name": "ЖК Центральный - Буча",
    "city": "Yablonka",
    "url": "https://www.instagram.com/explore/locations/342154912912082/-/"
  },
  {
    "id": "107690132099202",
    "name": "SPORT LIFE",
    "city": "Yablonka",
    "url": "https://www.instagram.com/explore/locations/107690132099202/sport-life/"
  },
  {
    "id": "581537302225475",
    "name": "Portal: Коворкінг Кав'ярня Крафт",
    "city": "Yablonka",
    "url": "https://www.instagram.com/explore/locations/581537302225475/portal/"
  },
  {
    "id": "208909896335160",
    "name": "Wood&Food",
    "city": "Yablonka",
    "url": "https://www.instagram.com/explore/locations/208909896335160/woodfood/"
  },
  {
    "id": "146682965931588",
    "name": "Фітнес клуб \"Energy\"",
    "city": "Yablonka",
    "url": "https://www.instagram.com/explore/locations/146682965931588/energy/"
  },
  {
    "id": "864480887062182",
    "name": "Studio Blonde by Ustinova Alena",
    "city": "Yablonka",
    "url": "https://www.instagram.com/explore/locations/864480887062182/studio-blonde-by-ustinova-alena/"
  },
  {
    "id": "101310625519352",
    "name": "JUL'S Coffee & Peace",
    "city": "Yablonka",
    "url": "https://www.instagram.com/explore/locations/101310625519352/juls-coffee-peace/"
  },
  {
    "id": "1018680332",
    "name": "Toscana Grill",
    "city": "Yablonka",
    "url": "https://www.instagram.com/explore/locations/1018680332/toscana-grill/"
  },
  {
    "id": "595921747491150",
    "name": "Богдана Хмельницкого 4",
    "city": "Yablonka",
    "url": "https://www.instagram.com/explore/locations/595921747491150/4/"
  },
  {
    "id": "309425242867572",
    "name": "Студия Красоты ES",
    "city": "Yablonka",
    "url": "https://www.instagram.com/explore/locations/309425242867572/es/"
  },
  {
    "id": "633296353",
    "name": "Бучанський ліцей #9",
    "city": "Yablonka",
    "url": "https://www.instagram.com/explore/locations/633296353/9/"
  },
  {
    "id": "1014555055",
    "name": "Бучанський Ролер Клуб \"Koleso\"",
    "city": "Yablonka",
    "url": "https://www.instagram.com/explore/locations/1014555055/koleso/"
  },
  {
    "id": "320013231860889",
    "name": "Автомобили из США - Autolegion7777",
    "city": "Yablonka",
    "url": "https://www.instagram.com/explore/locations/320013231860889/-autolegion7777/"
  },
  {
    "id": "601689396697108",
    "name": "STEM-школа Inventor Буча",
    "city": "Yablonka",
    "url": "https://www.instagram.com/explore/locations/601689396697108/stem-inventor/"
  },
  {
    "id": "114024670435923",
    "name": "Sydorova Dental Clinic",
    "city": "Yablonka",
    "url": "https://www.instagram.com/explore/locations/114024670435923/sydorova-dental-clinic/"
  },
  {
    "id": "113659763752780",
    "name": "Отаманша Drive",
    "city": "Yablonka",
    "url": "https://www.instagram.com/explore/locations/113659763752780/drive/"
  },
  {
    "id": "2213407308896257",
    "name": "Upgrade Zone",
    "city": "Yablonka",
    "url": "https://www.instagram.com/explore/locations/2213407308896257/upgrade-zone/"
  },
  {
    "id": "1029588058",
    "name": "Sector 51",
    "city": "Yablonka",
    "url": "https://www.instagram.com/explore/locations/1029588058/sector-51/"
  },
  {
    "id": "15886245",
    "name": "Divine Pizza",
    "city": "Yablonka",
    "url": "https://www.instagram.com/explore/locations/15886245/divine-pizza/"
  },
  {
    "id": "219349521901879",
    "name": "Студия красоты ElenaBuyvolyuk",
    "city": "Yablonka",
    "url": "https://www.instagram.com/explore/locations/219349521901879/elenabuyvolyuk/"
  },
  {
    "id": "103774024573856",
    "name": "Energy Фитнес клуб Буча",
    "city": "Yablonka",
    "url": "https://www.instagram.com/explore/locations/103774024573856/energy/"
  },
  {
    "id": "108976897559026",
    "name": "Країна чудес Гелевi кульки",
    "city": "Yablonka",
    "url": "https://www.instagram.com/explore/locations/108976897559026/i/"
  },
  {
    "id": "785360601",
    "name": "Стоматологія Voznyi Dental Clinic",
    "city": "Yablonka",
    "url": "https://www.instagram.com/explore/locations/785360601/voznyi-dental-clinic/"
  },
  {
    "id": "292421881",
    "name": "Bucha City",
    "city": "Yablonka",
    "url": "https://www.instagram.com/explore/locations/292421881/bucha-city/"
  },
  {
    "id": "466756350430426",
    "name": "Hookah Brothers Буча - Кальянная",
    "city": "Yablonka",
    "url": "https://www.instagram.com/explore/locations/466756350430426/hookah-brothers-/"
  },
  {
    "id": "1443650969059040",
    "name": "Фотостудия PhotoCourt",
    "city": "Yablonka",
    "url": "https://www.instagram.com/explore/locations/1443650969059040/photocourt/"
  },
  {
    "id": "475080122860391",
    "name": "Sem&Friends CF",
    "city": "Yablonka",
    "url": "https://www.instagram.com/explore/locations/475080122860391/semfriends-cf/"
  },
  {
    "id": "115515990318667",
    "name": "Shpuntik_toys",
    "city": "Yablonka",
    "url": "https://www.instagram.com/explore/locations/115515990318667/shpuntik_toys/"
  },
  {
    "id": "938842265",
    "name": "Kachalka",
    "city": "Yablonka",
    "url": "https://www.instagram.com/explore/locations/938842265/kachalka/"
  },
  {
    "id": "104891455631492",
    "name": "Bunker burger & döner",
    "city": "Yablonka",
    "url": "https://www.instagram.com/explore/locations/104891455631492/bunker-burger-doner/"
  },
  {
    "id": "740818166274040",
    "name": "FURS LANDмагазин изделий из меха и кожи",
    "city": "Yablonka",
    "url": "https://www.instagram.com/explore/locations/740818166274040/furs-land/"
  },
  {
    "id": "104961821424824",
    "name": "True place",
    "city": "Yablonka",
    "url": "https://www.instagram.com/explore/locations/104961821424824/true-place/"
  },
  {
    "id": "114578224865139",
    "name": "kristalls_bucha",
    "city": "Yablonka",
    "url": "https://www.instagram.com/explore/locations/114578224865139/kristalls_bucha/"
  },
  {
    "id": "670932189770379",
    "name": "Буча ЖК Мiленiум Сiтi",
    "city": "Yablonka",
    "url": "https://www.instagram.com/explore/locations/670932189770379/ii-ii/"
  },
  {
    "id": "101667805158146",
    "name": "Luxwashpremium",
    "city": "Yablonka",
    "url": "https://www.instagram.com/explore/locations/101667805158146/luxwashpremium/"
  },
  {
    "id": "2192631684096205",
    "name": "Нова-медикал Буча Медицинский центр",
    "city": "Yablonka",
    "url": "https://www.instagram.com/explore/locations/2192631684096205/-/"
  },
  {
    "id": "267912043593624",
    "name": "SmartLab Креативна Лабораторія",
    "city": "Yablonka",
    "url": "https://www.instagram.com/explore/locations/267912043593624/smartlab/"
  },
  {
    "id": "218572514665531",
    "name": "Studio Blonde by Olga Lagoda",
    "city": "Yablonka",
    "url": "https://www.instagram.com/explore/locations/218572514665531/studio-blonde-by-olga-lagoda/"
  },
  {
    "id": "149463835759197",
    "name": "ЖК Idilika",
    "city": "Yablonka",
    "url": "https://www.instagram.com/explore/locations/149463835759197/idilika/"
  },
  {
    "id": "1618046231829322",
    "name": "Redslay - реклама и полиграфия",
    "city": "Yablonka",
    "url": "https://www.instagram.com/explore/locations/1618046231829322/redslay-/"
  },
  {
    "id": "1158375677558687",
    "name": "Тк Варшавський WKTB",
    "city": "Yablonka",
    "url": "https://www.instagram.com/explore/locations/1158375677558687/wktb/"
  },
  {
    "id": "100984884973457",
    "name": "Bazar&Vokzal",
    "city": "Yablonka",
    "url": "https://www.instagram.com/explore/locations/100984884973457/bazarvokzal/"
  },
  {
    "id": "1032359403",
    "name": "Doska Pub",
    "city": "Yablonka",
    "url": "https://www.instagram.com/explore/locations/1032359403/doska-pub/"
  },
  {
    "id": "388032830",
    "name": "Бучанская Школа 4",
    "city": "Yablonka",
    "url": "https://www.instagram.com/explore/locations/388032830/4/"
  },
  {
    "id": "888800201218208",
    "name": "Pudra House Bucha",
    "city": "Yablonka",
    "url": "https://www.instagram.com/explore/locations/888800201218208/pudra-house-bucha/"
  },
  {
    "id": "111816788019917",
    "name": "Mr. B - Cocktail Bar Bucha",
    "city": "Yablonka",
    "url": "https://www.instagram.com/explore/locations/111816788019917/mr-b-cocktail-bar-bucha/"
  },
  {
    "id": "105674601979275",
    "name": "Avenir Plaza",
    "city": "Yablonka",
    "url": "https://www.instagram.com/explore/locations/105674601979275/avenir-plaza/"
  },
  {
    "id": "1020914741",
    "name": "СТО Буча Авто Bosch Service",
    "city": "Yablonka",
    "url": "https://www.instagram.com/explore/locations/1020914741/bosch-service/"
  },
  {
    "id": "106887421217747",
    "name": "ozzy.espresso.bar",
    "city": "Yablonka",
    "url": "https://www.instagram.com/explore/locations/106887421217747/ozzyespressobar/"
  },
  {
    "id": "101450131360447",
    "name": "Музична студія MusicFox",
    "city": "Yablonka",
    "url": "https://www.instagram.com/explore/locations/101450131360447/musicfox/"
  },
  {
    "id": "1033360882",
    "name": "Бучанська ЗОШ І-ІІІ Ступенів n3",
    "city": "Yablonka",
    "url": "https://www.instagram.com/explore/locations/1033360882/-n3/"
  },
  {
    "id": "347549850",
    "name": "Центр творчого навчання Kiwi",
    "city": "Yablonka",
    "url": "https://www.instagram.com/explore/locations/347549850/kiwi/"
  },
  {
    "id": "682240351958409",
    "name": "Федерація естетичної групової гімнастики Odeliya та Ансамбль Fantasy.",
    "city": "Yablonka",
    "url": "https://www.instagram.com/explore/locations/682240351958409/odeliya-fantasy/"
  },
  {
    "id": "156434741964560",
    "name": "La Buket",
    "city": "Yablonka",
    "url": "https://www.instagram.com/explore/locations/156434741964560/la-buket/"
  },
  {
    "id": "315195355734382",
    "name": "Studenetskiy Sport Hub",
    "city": "Yablonka",
    "url": "https://www.instagram.com/explore/locations/315195355734382/studenetskiy-sport-hub/"
  },
  {
    "id": "1734867863482770",
    "name": "Smoke Bar",
    "city": "Yablonka",
    "url": "https://www.instagram.com/explore/locations/1734867863482770/smoke-bar/"
  },
  {
    "id": "260620694654463",
    "name": "Дом КрасотыPUDRA HOUSE",
    "city": "Yablonka",
    "url": "https://www.instagram.com/explore/locations/260620694654463/pudra-house/"
  },
  {
    "id": "106343458805950",
    "name": "Diamond Буча Автомойка",
    "city": "Yablonka",
    "url": "https://www.instagram.com/explore/locations/106343458805950/diamond/"
  },
  {
    "id": "913588568804970",
    "name": "Fitmoms",
    "city": "Yablonka",
    "url": "https://www.instagram.com/explore/locations/913588568804970/fitmoms/"
  },
  {
    "id": "476287999444323",
    "name": "PORTAL освіта і бізнес",
    "city": "Yablonka",
    "url": "https://www.instagram.com/explore/locations/476287999444323/portal/"
  },
  {
    "id": "252163121850669",
    "name": "Fruitberry Cafe",
    "city": "Yablonka",
    "url": "https://www.instagram.com/explore/locations/252163121850669/fruitberry-cafe/"
  },
  {
    "id": "626869070830704",
    "name": "FLY Yoga Studio Bucha",
    "city": "Yablonka",
    "url": "https://www.instagram.com/explore/locations/626869070830704/fly-yoga-studio-bucha/"
  },
  {
    "id": "468179167",
    "name": "Фитнес-клуб «Happy GYM»",
    "city": "Yablonka",
    "url": "https://www.instagram.com/explore/locations/468179167/-happy-gym/"
  },
  {
    "id": "307965679806280",
    "name": "Бучанскаяшкола 5",
    "city": "Yablonka",
    "url": "https://www.instagram.com/explore/locations/307965679806280/5/"
  },
  {
    "id": "2183648788574875",
    "name": "HAIR LAB by Olha Yamkova",
    "city": "Yablonka",
    "url": "https://www.instagram.com/explore/locations/2183648788574875/hair-lab-by-olha-yamkova/"
  },
  {
    "id": "1026958939",
    "name": "Бучанська Зош I-ІІІ Ст. N4",
    "city": "Yablonka",
    "url": "https://www.instagram.com/explore/locations/1026958939/i-n4/"
  },
  {
    "id": "1019564342",
    "name": "Бучанська СЗОШ-інтернат",
    "city": "Yablonka",
    "url": "https://www.instagram.com/explore/locations/1019564342/-/"
  },
  {
    "id": "105018031344188",
    "name": "WmodaGroup",
    "city": "Yablonka",
    "url": "https://www.instagram.com/explore/locations/105018031344188/wmodagroup/"
  },
  {
    "id": "102529261353326",
    "name": "Tabacco",
    "city": "Yablonka",
    "url": "https://www.instagram.com/explore/locations/102529261353326/tabacco/"
  },
  {
    "id": "912626506",
    "name": "Буча Концерт-Хол \"елка\"",
    "city": "Yablonka",
    "url": "https://www.instagram.com/explore/locations/912626506/-/"
  },
  {
    "id": "106457990791672",
    "name": "Upgrade beauty space",
    "city": "Yablonka",
    "url": "https://www.instagram.com/explore/locations/106457990791672/upgrade-beauty-space/"
  },
  {
    "id": "111847531386793",
    "name": "Стоматологія Melnyk Dent",
    "city": "Yablonka",
    "url": "https://www.instagram.com/explore/locations/111847531386793/melnyk-dent/"
  },
  {
    "id": "719548911729494",
    "name": "Millennium Fitness",
    "city": "Yablonka",
    "url": "https://www.instagram.com/explore/locations/719548911729494/millennium-fitness/"
  },
  {
    "id": "444592710",
    "name": "Malibu - студия загара",
    "city": "Yablonka",
    "url": "https://www.instagram.com/explore/locations/444592710/malibu-/"
  },
  {
    "id": "105587681993577",
    "name": "Lviv Croissants",
    "city": "Yablonka",
    "url": "https://www.instagram.com/explore/locations/105587681993577/lviv-croissants/"
  },
  {
    "id": "174461019733726",
    "name": "Hookah Brothers Bucha",
    "city": "Yablonka",
    "url": "https://www.instagram.com/explore/locations/174461019733726/hookah-brothers-bucha/"
  },
  {
    "id": "330049784124506",
    "name": "Буча Салон Красоты Profi",
    "city": "Yablonka",
    "url": "https://www.instagram.com/explore/locations/330049784124506/profi/"
  },
  {
    "id": "102635989085110",
    "name": "Bucha",
    "city": "Yablonka",
    "url": "https://www.instagram.com/explore/locations/102635989085110/bucha/"
  },
  {
    "id": "2124276264337695",
    "name": "Буча, Водопроводная，34",
    "city": "Yablonka",
    "url": "https://www.instagram.com/explore/locations/2124276264337695/34/"
  },
  {
    "id": "406610126389599",
    "name": "Flamingo Travel • Турагенція • Буча",
    "city": "Yablonka",
    "url": "https://www.instagram.com/explore/locations/406610126389599/flamingo-travel/"
  },
  {
    "id": "502640173486981",
    "name": "Нетландия-здесь есть все для детей",
    "city": "Yablonka",
    "url": "https://www.instagram.com/explore/locations/502640173486981/-/"
  },
  {
    "id": "476281776156531",
    "name": "Фитнес Клуб Energy",
    "city": "Yablonka",
    "url": "https://www.instagram.com/explore/locations/476281776156531/energy/"
  },
  {
    "id": "270720106832169",
    "name": "Beauty Workshop",
    "city": "Yablonka",
    "url": "https://www.instagram.com/explore/locations/270720106832169/beauty-workshop/"
  },
  {
    "id": "112814413619748",
    "name": "FitFrox_Bucha",
    "city": "Yablonka",
    "url": "https://www.instagram.com/explore/locations/112814413619748/fitfrox_bucha/"
  },
  {
    "id": "491403111347128",
    "name": "вул. Нове Шосе, 16",
    "city": "Yablonka",
    "url": "https://www.instagram.com/explore/locations/491403111347128/16/"
  },
  {
    "id": "396544327500071",
    "name": "Бальные танцы «New Life» Буча",
    "city": "Yablonka",
    "url": "https://www.instagram.com/explore/locations/396544327500071/new-life/"
  },
  {
    "id": "101304488064671",
    "name": "Суши Wok",
    "city": "Yablonka",
    "url": "https://www.instagram.com/explore/locations/101304488064671/wok/"
  },
  {
    "id": "105032672076671",
    "name": "Агенство нерухомості Mery Lend",
    "city": "Yablonka",
    "url": "https://www.instagram.com/explore/locations/105032672076671/mery-lend/"
  },
  {
    "id": "260033508031792",
    "name": "FLY Yoga Studio Bucha",
    "city": "Yablonka",
    "url": "https://www.instagram.com/explore/locations/260033508031792/fly-yoga-studio-bucha/"
  },
  {
    "id": "462204391227882",
    "name": "Bambini House",
    "city": "Yablonka",
    "url": "https://www.instagram.com/explore/locations/462204391227882/bambini-house/"
  },
  {
    "id": "1085679034825189",
    "name": "Бучанський ЗДО1 \"Сонячний\"",
    "city": "Yablonka",
    "url": "https://www.instagram.com/explore/locations/1085679034825189/1/"
  },
  {
    "id": "102332901829689",
    "name": "Frisor Barbershop Bucha",
    "city": "Yablonka",
    "url": "https://www.instagram.com/explore/locations/102332901829689/frisor-barbershop-bucha/"
  },
  {
    "id": "697001537160986",
    "name": "Lightwood",
    "city": "Yablonka",
    "url": "https://www.instagram.com/explore/locations/697001537160986/lightwood/"
  },
  {
    "id": "120719701827130",
    "name": "Tinatin Restaurant",
    "city": "Yablonka",
    "url": "https://www.instagram.com/explore/locations/120719701827130/tinatin-restaurant/"
  },
  {
    "id": "107827610971870",
    "name": "Dr.Gulak Остеопат Буча",
    "city": "Yablonka",
    "url": "https://www.instagram.com/explore/locations/107827610971870/drgulak/"
  },
  {
    "id": "1372530629432733",
    "name": "BellaBar",
    "city": "Yablonka",
    "url": "https://www.instagram.com/explore/locations/1372530629432733/bellabar/"
  },
  {
    "id": "108867197149053",
    "name": "Сервісний центр МВС #3247",
    "city": "Yablonka",
    "url": "https://www.instagram.com/explore/locations/108867197149053/3247/"
  },
  {
    "id": "152861288499189",
    "name": "Woodstock, Буча",
    "city": "Yablonka",
    "url": "https://www.instagram.com/explore/locations/152861288499189/woodstock/"
  },
  {
    "id": "795563957472266",
    "name": "GC Barbershop",
    "city": "Yablonka",
    "url": "https://www.instagram.com/explore/locations/795563957472266/gc-barbershop/"
  },
  {
    "id": "106414655234822",
    "name": "Prestige Center",
    "city": "Yablonka",
    "url": "https://www.instagram.com/explore/locations/106414655234822/prestige-center/"
  },
  {
    "id": "1365986123526920",
    "name": "Ti Amo все для дітей",
    "city": "Yablonka",
    "url": "https://www.instagram.com/explore/locations/1365986123526920/ti-amo/"
  },
  {
    "id": "1015573113",
    "name": "My Swit Home",
    "city": "Yablonka",
    "url": "https://www.instagram.com/explore/locations/1015573113/my-swit-home/"
  },
  {
    "id": "100520494756015",
    "name": "Magic Voice Studio",
    "city": "Yablonka",
    "url": "https://www.instagram.com/explore/locations/100520494756015/magic-voice-studio/"
  },
  {
    "id": "308615639694120",
    "name": "SmokyBox",
    "city": "Yablonka",
    "url": "https://www.instagram.com/explore/locations/308615639694120/smokybox/"
  },
  {
    "id": "109330300686971",
    "name": "Woka Asiafood",
    "city": "Yablonka",
    "url": "https://www.instagram.com/explore/locations/109330300686971/woka-asiafood/"
  },
  {
    "id": "111852636999055",
    "name": "KICC Dent",
    "city": "Yablonka",
    "url": "https://www.instagram.com/explore/locations/111852636999055/kicc-dent/"
  },
  {
    "id": "111227981699876",
    "name": "SOHO Barbershop",
    "city": "Yablonka",
    "url": "https://www.instagram.com/explore/locations/111227981699876/soho-barbershop/"
  },
  {
    "id": "1022035233",
    "name": "Буча, Пушкинская 59",
    "city": "Yablonka",
    "url": "https://www.instagram.com/explore/locations/1022035233/59/"
  },
  {
    "id": "946471268812427",
    "name": "Bella Bar 093 752 37 02",
    "city": "Yablonka",
    "url": "https://www.instagram.com/explore/locations/946471268812427/bella-bar-093-752-37-02/"
  },
  {
    "id": "438315594",
    "name": "Romantica Pizza Restaurant",
    "city": "Yablonka",
    "url": "https://www.instagram.com/explore/locations/438315594/romantica-pizza-restaurant/"
  },
  {
    "id": "101691288111913",
    "name": "Hard_Rockkitchen",
    "city": "Yablonka",
    "url": "https://www.instagram.com/explore/locations/101691288111913/hard_rockkitchen/"
  },
  {
    "id": "310563072148012",
    "name": "Салон краси “Vivart beauty studio”",
    "city": "Yablonka",
    "url": "https://www.instagram.com/explore/locations/310563072148012/vivart-beauty-studio/"
  },
  {
    "id": "278447046130185",
    "name": "У Настi на городi",
    "city": "Yablonka",
    "url": "https://www.instagram.com/explore/locations/278447046130185/i-i/"
  },
  {
    "id": "1884908841757571",
    "name": "Soccer Pub",
    "city": "Yablonka",
    "url": "https://www.instagram.com/explore/locations/1884908841757571/soccer-pub/"
  },
  {
    "id": "2075797819098196",
    "name": "Топ - 5",
    "city": "Yablonka",
    "url": "https://www.instagram.com/explore/locations/2075797819098196/-5/"
  },
  {
    "id": "679131588927514",
    "name": "Irpinbowling",
    "city": "Yablonka",
    "url": "https://www.instagram.com/explore/locations/679131588927514/irpinbowling/"
  },
  {
    "id": "264119820838996",
    "name": "Multi Moto Ukraine",
    "city": "Yablonka",
    "url": "https://www.instagram.com/explore/locations/264119820838996/multi-moto-ukraine/"
  },
  {
    "id": "363612100690176",
    "name": "Модуль _ Житловий комплекс",
    "city": "Yablonka",
    "url": "https://www.instagram.com/explore/locations/363612100690176/_/"
  },
  {
    "id": "1456421084460191",
    "name": "Ул.Островского 34",
    "city": "Yablonka",
    "url": "https://www.instagram.com/explore/locations/1456421084460191/34/"
  },
  {
    "id": "1023101045",
    "name": "Kofein",
    "city": "Yablonka",
    "url": "https://www.instagram.com/explore/locations/1023101045/kofein/"
  },
  {
    "id": "250667399129438",
    "name": "Кав'ярняN13",
    "city": "Yablonka",
    "url": "https://www.instagram.com/explore/locations/250667399129438/n13/"
  },
  {
    "id": "657713674394793",
    "name": "Beauty salon \"Alie\"",
    "city": "Yablonka",
    "url": "https://www.instagram.com/explore/locations/657713674394793/beauty-salon-alie/"
  },
  {
    "id": "120471173194861",
    "name": "Arancini Boom",
    "city": "Yablonka",
    "url": "https://www.instagram.com/explore/locations/120471173194861/arancini-boom/"
  },
  {
    "id": "563155627167871",
    "name": "StandUp&Dance Studio",
    "city": "Yablonka",
    "url": "https://www.instagram.com/explore/locations/563155627167871/standupdance-studio/"
  },
  {
    "id": "351685001359949",
    "name": "Medical Plaza Буча",
    "city": "Yablonka",
    "url": "https://www.instagram.com/explore/locations/351685001359949/medical-plaza/"
  },
  {
    "id": "108815773886858",
    "name": "RS_auto",
    "city": "Yablonka",
    "url": "https://www.instagram.com/explore/locations/108815773886858/rs_auto/"
  },
  {
    "id": "108039979007760",
    "name": "Felisss Tattoo",
    "city": "Yablonka",
    "url": "https://www.instagram.com/explore/locations/108039979007760/felisss-tattoo/"
  },
  {
    "id": "103914742211654",
    "name": "Юрчишин Олександр ортопед-травматолог",
    "city": "Yablonka",
    "url": "https://www.instagram.com/explore/locations/103914742211654/-/"
  },
  {
    "id": "398852463965308",
    "name": "Brow-master Slava Surova",
    "city": "Yablonka",
    "url": "https://www.instagram.com/explore/locations/398852463965308/brow-master-slava-surova/"
  },
  {
    "id": "102635078922542",
    "name": "JYSK Ukraine",
    "city": "Yablonka",
    "url": "https://www.instagram.com/explore/locations/102635078922542/jysk-ukraine/"
  },
  {
    "id": "100195598054777",
    "name": "Berrykava",
    "city": "Yablonka",
    "url": "https://www.instagram.com/explore/locations/100195598054777/berrykava/"
  },
  {
    "id": "1780503118848687",
    "name": "Jam_cafe_bucha",
    "city": "Yablonka",
    "url": "https://www.instagram.com/explore/locations/1780503118848687/jam_cafe_bucha/"
  },
  {
    "id": "304881706587537",
    "name": "Соробан Буча-Iрпiнь Школа усного рахунку",
    "city": "Yablonka",
    "url": "https://www.instagram.com/explore/locations/304881706587537/-ii/"
  },
  {
    "id": "1929239450714431",
    "name": "Цирк в Буче , с клоуном -попом.",
    "city": "Yablonka",
    "url": "https://www.instagram.com/explore/locations/1929239450714431/-/"
  },
  {
    "id": "352023564662566",
    "name": "Bebos Garden",
    "city": "Yablonka",
    "url": "https://www.instagram.com/explore/locations/352023564662566/bebos-garden/"
  },
  {
    "id": "110529308179527",
    "name": "Il Molino",
    "city": "Yablonka",
    "url": "https://www.instagram.com/explore/locations/110529308179527/il-molino/"
  },
  {
    "id": "319902262021426",
    "name": "UPG",
    "city": "Yablonka",
    "url": "https://www.instagram.com/explore/locations/319902262021426/upg/"
  },
  {
    "id": "109703733728395",
    "name": "Optima Magistra",
    "city": "Yablonka",
    "url": "https://www.instagram.com/explore/locations/109703733728395/optima-magistra/"
  },
  {
    "id": "249712362167618",
    "name": "Прокат-Кафе 100 КОЛІС",
    "city": "Yablonka",
    "url": "https://www.instagram.com/explore/locations/249712362167618/-100/"
  },
  {
    "id": "1701762486586305",
    "name": "Dr.Liyka",
    "city": "Yablonka",
    "url": "https://www.instagram.com/explore/locations/1701762486586305/drliyka/"
  },
  {
    "id": "112266618265626",
    "name": "Okakao",
    "city": "Yablonka",
    "url": "https://www.instagram.com/explore/locations/112266618265626/okakao/"
  },
  {
    "id": "1032464235",
    "name": "Papaya school",
    "city": "Yablonka",
    "url": "https://www.instagram.com/explore/locations/1032464235/papaya-school/"
  },
  {
    "id": "100282754938442",
    "name": "KachalkaPro",
    "city": "Yablonka",
    "url": "https://www.instagram.com/explore/locations/100282754938442/kachalkapro/"
  },
  {
    "id": "160009977496664",
    "name": "Vorne",
    "city": "Yablonka",
    "url": "https://www.instagram.com/explore/locations/160009977496664/vorne/"
  },
  {
    "id": "279132299403992",
    "name": "Центр здоровья и красоты Nika Spa",
    "city": "Yablonka",
    "url": "https://www.instagram.com/explore/locations/279132299403992/nika-spa/"
  },
  {
    "id": "1026944421",
    "name": "Mini Bar La Habana",
    "city": "Yablonka",
    "url": "https://www.instagram.com/explore/locations/1026944421/mini-bar-la-habana/"
  },
  {
    "id": "859089761122971",
    "name": "artkafeter",
    "city": "Yablonka",
    "url": "https://www.instagram.com/explore/locations/859089761122971/artkafeter/"
  },
  {
    "id": "1783651785269623",
    "name": "Florence Квіткова майстерня",
    "city": "Yablonka",
    "url": "https://www.instagram.com/explore/locations/1783651785269623/florence/"
  },
  {
    "id": "1013039207",
    "name": "Malina Irpen",
    "city": "Yablonka",
    "url": "https://www.instagram.com/explore/locations/1013039207/malina-irpen/"
  },
  {
    "id": "334171767898904",
    "name": "Endorphine.Bucha",
    "city": "Yablonka",
    "url": "https://www.instagram.com/explore/locations/334171767898904/endorphinebucha/"
  },
  {
    "id": "107448820723012",
    "name": "Star Model Studio",
    "city": "Yablonka",
    "url": "https://www.instagram.com/explore/locations/107448820723012/star-model-studio/"
  },
  {
    "id": "158421254772185",
    "name": "Dental Studio",
    "city": "Yablonka",
    "url": "https://www.instagram.com/explore/locations/158421254772185/dental-studio/"
  },
  {
    "id": "218351762054051",
    "name": "Portal_Bucha",
    "city": "Yablonka",
    "url": "https://www.instagram.com/explore/locations/218351762054051/portal_bucha/"
  },
  {
    "id": "167380323668479",
    "name": "Буча Novus",
    "city": "Yablonka",
    "url": "https://www.instagram.com/explore/locations/167380323668479/novus/"
  },
  {
    "id": "222478134899878",
    "name": "Бучанський ЗДО 5 \"Капітошка\"",
    "city": "Yablonka",
    "url": "https://www.instagram.com/explore/locations/222478134899878/5/"
  },
  {
    "id": "111226226922770",
    "name": "Sorry Mama",
    "city": "Yablonka",
    "url": "https://www.instagram.com/explore/locations/111226226922770/sorry-mama/"
  },
  {
    "id": "128861327763902",
    "name": "DiaSof_Bucha",
    "city": "Yablonka",
    "url": "https://www.instagram.com/explore/locations/128861327763902/diasof_bucha/"
  },
  {
    "id": "1034722451",
    "name": "Alabama burger",
    "city": "Yablonka",
    "url": "https://www.instagram.com/explore/locations/1034722451/alabama-burger/"
  },
  {
    "id": "110505627181501",
    "name": "Right things",
    "city": "Yablonka",
    "url": "https://www.instagram.com/explore/locations/110505627181501/right-things/"
  },
  {
    "id": "106474951130242",
    "name": "ПОКЕР - это спорт",
    "city": "Yablonka",
    "url": "https://www.instagram.com/explore/locations/106474951130242/-/"
  },
  {
    "id": "594043837435959",
    "name": "Wtkb",
    "city": "Yablonka",
    "url": "https://www.instagram.com/explore/locations/594043837435959/wtkb/"
  },
  {
    "id": "107557985436153",
    "name": "Bayraktar & Javelin",
    "city": "Yablonka",
    "url": "https://www.instagram.com/explore/locations/107557985436153/bayraktar-javelin/"
  },
  {
    "id": "108136191763759",
    "name": "Hookah Brothers Bucha",
    "city": "Yablonka",
    "url": "https://www.instagram.com/explore/locations/108136191763759/hookah-brothers-bucha/"
  },
  {
    "id": "336682656888716",
    "name": "Menders",
    "city": "Yablonka",
    "url": "https://www.instagram.com/explore/locations/336682656888716/menders/"
  },
  {
    "id": "169415888130794",
    "name": "Буча Островського 20",
    "city": "Yablonka",
    "url": "https://www.instagram.com/explore/locations/169415888130794/20/"
  },
  {
    "id": "101377594736620",
    "name": "Pegas Touristik Bucha",
    "city": "Yablonka",
    "url": "https://www.instagram.com/explore/locations/101377594736620/pegas-touristik-bucha/"
  },
  {
    "id": "2111113052483054",
    "name": "Бучанський НВК #4",
    "city": "Yablonka",
    "url": "https://www.instagram.com/explore/locations/2111113052483054/4/"
  },
  {
    "id": "1752493854879794",
    "name": "Средняя Школа #2",
    "city": "Yablonka",
    "url": "https://www.instagram.com/explore/locations/1752493854879794/2/"
  },
  {
    "id": "317143668901069",
    "name": "Ирпень, Ул.грибоедова, 26",
    "city": "Yablonka",
    "url": "https://www.instagram.com/explore/locations/317143668901069/26/"
  },
  {
    "id": "2084563584943308",
    "name": "ЖКRich Town",
    "city": "Yablonka",
    "url": "https://www.instagram.com/explore/locations/2084563584943308/rich-town/"
  },
  {
    "id": "1477654622449403",
    "name": "Granat tour - Гранат тур",
    "city": "Yablonka",
    "url": "https://www.instagram.com/explore/locations/1477654622449403/granat-tour-/"
  },
  {
    "id": "615178298829345",
    "name": "Автомойка Royard Centre",
    "city": "Yablonka",
    "url": "https://www.instagram.com/explore/locations/615178298829345/royard-centre/"
  },
  {
    "id": "475972790",
    "name": "Kangoo Jump",
    "city": "Yablonka",
    "url": "https://www.instagram.com/explore/locations/475972790/kangoo-jump/"
  },
  {
    "id": "599969513472228",
    "name": "Бьютi простiр JOY",
    "city": "Yablonka",
    "url": "https://www.instagram.com/explore/locations/599969513472228/i-i-joy/"
  },
  {
    "id": "847056045370132",
    "name": "Klever People Club",
    "city": "Yablonka",
    "url": "https://www.instagram.com/explore/locations/847056045370132/klever-people-club/"
  },
  {
    "id": "496127077246158",
    "name": "Ukraine Live",
    "city": "Yablonka",
    "url": "https://www.instagram.com/explore/locations/496127077246158/ukraine-live/"
  },
  {
    "id": "107871847696082",
    "name": "Церква АСД \"Буча-Центральна\"",
    "city": "Yablonka",
    "url": "https://www.instagram.com/explore/locations/107871847696082/-/"
  },
  {
    "id": "407509326296385",
    "name": "Сто 'Ірпінь-Буча\"",
    "city": "Yablonka",
    "url": "https://www.instagram.com/explore/locations/407509326296385/-/"
  },
  {
    "id": "749491057",
    "name": "Клавдієво-Тарасове",
    "city": "Yablonka",
    "url": "https://www.instagram.com/explore/locations/749491057/-/"
  },
  {
    "id": "881393075366009",
    "name": "Бучанський центр первинної медико-санітарної допомоги",
    "city": "Yablonka",
    "url": "https://www.instagram.com/explore/locations/881393075366009/-/"
  },
  {
    "id": "217616042330185",
    "name": "Labuket",
    "city": "Yablonka",
    "url": "https://www.instagram.com/explore/locations/217616042330185/labuket/"
  },
  {
    "id": "103546935449872",
    "name": "Studenetskiy _sport_hub",
    "city": "Yablonka",
    "url": "https://www.instagram.com/explore/locations/103546935449872/studenetskiy-_sport_hub/"
  },
  {
    "id": "275204436440782",
    "name": "ЗОЖ House",
    "city": "Yablonka",
    "url": "https://www.instagram.com/explore/locations/275204436440782/house/"
  },
  {
    "id": "1801036686662006",
    "name": "ЖК Женевьева-2",
    "city": "Yablonka",
    "url": "https://www.instagram.com/explore/locations/1801036686662006/-2/"
  },
  {
    "id": "358443157363517",
    "name": "Beautystars Bucha Spa",
    "city": "Yablonka",
    "url": "https://www.instagram.com/explore/locations/358443157363517/beautystars-bucha-spa/"
  },
  {
    "id": "683858175",
    "name": "Novus, Bucha .",
    "city": "Yablonka",
    "url": "https://www.instagram.com/explore/locations/683858175/novus-bucha/"
  },
  {
    "id": "373152516655622",
    "name": "PENA car wash & detailing",
    "city": "Yablonka",
    "url": "https://www.instagram.com/explore/locations/373152516655622/pena-car-wash-detailing/"
  },
  {
    "id": "106658687575405",
    "name": "Phoenix - Стоматологічна практика",
    "city": "Yablonka",
    "url": "https://www.instagram.com/explore/locations/106658687575405/phoenix-/"
  },
  {
    "id": "101631551602273",
    "name": "Matori - Садові меблі",
    "city": "Yablonka",
    "url": "https://www.instagram.com/explore/locations/101631551602273/matori-/"
  },
  {
    "id": "346697881849226",
    "name": "Oasis.nails.studio",
    "city": "Yablonka",
    "url": "https://www.instagram.com/explore/locations/346697881849226/oasisnailsstudio/"
  },
  {
    "id": "494908881047488",
    "name": "Бучанська загальноосв. школа І-ІІІ ст. 3",
    "city": "Yablonka",
    "url": "https://www.instagram.com/explore/locations/494908881047488/-3/"
  },
  {
    "id": "1079402768808249",
    "name": "RICH Family",
    "city": "Yablonka",
    "url": "https://www.instagram.com/explore/locations/1079402768808249/rich-family/"
  },
  {
    "id": "104913288919742",
    "name": "AnnetBalloons - повітряні кульки Ірпінь, Буча",
    "city": "Yablonka",
    "url": "https://www.instagram.com/explore/locations/104913288919742/annetballoons-/"
  },
  {
    "id": "105793634506576",
    "name": "Фитнес-Притон Satirkahuman",
    "city": "Yablonka",
    "url": "https://www.instagram.com/explore/locations/105793634506576/-satirkahuman/"
  },
  {
    "id": "812701462417528",
    "name": "Kovkas",
    "city": "Yablonka",
    "url": "https://www.instagram.com/explore/locations/812701462417528/kovkas/"
  },
  {
    "id": "800693413405248",
    "name": "Strakhovskyi Group",
    "city": "Yablonka",
    "url": "https://www.instagram.com/explore/locations/800693413405248/strakhovskyi-group/"
  },
  {
    "id": "455328601513741",
    "name": "Турагенція Irpin Travel",
    "city": "Yablonka",
    "url": "https://www.instagram.com/explore/locations/455328601513741/irpin-travel/"
  },
  {
    "id": "1898922310128365",
    "name": "ЖК Rich Town Буча",
    "city": "Yablonka",
    "url": "https://www.instagram.com/explore/locations/1898922310128365/rich-town/"
  },
  {
    "id": "543456662656833",
    "name": "Буча, Ул. Вокзальная, 76-б",
    "city": "Yablonka",
    "url": "https://www.instagram.com/explore/locations/543456662656833/76-/"
  },
  {
    "id": "1162015697254349",
    "name": "Kraft Studio",
    "city": "Yablonka",
    "url": "https://www.instagram.com/explore/locations/1162015697254349/kraft-studio/"
  },
  {
    "id": "1958291484435513",
    "name": "X-wood",
    "city": "Yablonka",
    "url": "https://www.instagram.com/explore/locations/1958291484435513/x-wood/"
  },
  {
    "id": "291952687506069",
    "name": "Свадебный салон \"Skarlett\"",
    "city": "Yablonka",
    "url": "https://www.instagram.com/explore/locations/291952687506069/skarlett/"
  },
  {
    "id": "140363443187654",
    "name": "Balance Pole Dance",
    "city": "Yablonka",
    "url": "https://www.instagram.com/explore/locations/140363443187654/balance-pole-dance/"
  },
  {
    "id": "400613480681455",
    "name": "ALESYA SHEVTSOVA",
    "city": "Yablonka",
    "url": "https://www.instagram.com/explore/locations/400613480681455/alesya-shevtsova/"
  },
  {
    "id": "129041723619099",
    "name": "«Bosscafe кафе-бар»",
    "city": "Yablonka",
    "url": "https://www.instagram.com/explore/locations/129041723619099/bosscafe-/"
  },
  {
    "id": "321365626",
    "name": "Lunapark Kiev Атракціони Льодова ковзанка",
    "city": "Yablonka",
    "url": "https://www.instagram.com/explore/locations/321365626/lunapark-kiev/"
  },
  {
    "id": "1810480212562385",
    "name": "Дитячий розвиваючий центр Малина-club",
    "city": "Yablonka",
    "url": "https://www.instagram.com/explore/locations/1810480212562385/-club/"
  },
  {
    "id": "1759009097494632",
    "name": "K&S motors",
    "city": "Yablonka",
    "url": "https://www.instagram.com/explore/locations/1759009097494632/ks-motors/"
  },
  {
    "id": "363009644059913",
    "name": "Bella Bar",
    "city": "Yablonka",
    "url": "https://www.instagram.com/explore/locations/363009644059913/bella-bar/"
  },
  {
    "id": "1028715619",
    "name": "Ирпень Центральная 18",
    "city": "Yablonka",
    "url": "https://www.instagram.com/explore/locations/1028715619/18/"
  },
  {
    "id": "106219271955163",
    "name": "Сушия - сучасна японська кухня",
    "city": "Yablonka",
    "url": "https://www.instagram.com/explore/locations/106219271955163/-/"
  },
  {
    "id": "245938965",
    "name": "Bucha",
    "city": "Yablonka",
    "url": "https://www.instagram.com/explore/locations/245938965/bucha/"
  },
  {
    "id": "111936473524777",
    "name": "Спасо-Ольгинська Церква Пцу Ворзель",
    "city": "Yablonka",
    "url": "https://www.instagram.com/explore/locations/111936473524777/-/"
  },
  {
    "id": "301830247418192",
    "name": "Monokl",
    "city": "Yablonka",
    "url": "https://www.instagram.com/explore/locations/301830247418192/monokl/"
  },
  {
    "id": "468658519660077",
    "name": "PIED-DE-POULE Bucha",
    "city": "Yablonka",
    "url": "https://www.instagram.com/explore/locations/468658519660077/pied-de-poule-bucha/"
  },
  {
    "id": "2295787794043527",
    "name": "Woodstock Cafe",
    "city": "Yablonka",
    "url": "https://www.instagram.com/explore/locations/2295787794043527/woodstock-cafe/"
  },
  {
    "id": "1021796182",
    "name": "Tosccana Glil",
    "city": "Yablonka",
    "url": "https://www.instagram.com/explore/locations/1021796182/tosccana-glil/"
  },
  {
    "id": "207367179616254",
    "name": "Страхове агентство \"StrahBrok\". страховка Буча",
    "city": "Yablonka",
    "url": "https://www.instagram.com/explore/locations/207367179616254/strahbrok/"
  },
  {
    "id": "670882149647280",
    "name": "Z8",
    "city": "Yablonka",
    "url": "https://www.instagram.com/explore/locations/670882149647280/z8/"
  },
  {
    "id": "444807596104382",
    "name": "Just Nails Bucha",
    "city": "Yablonka",
    "url": "https://www.instagram.com/explore/locations/444807596104382/just-nails-bucha/"
  },
  {
    "id": "188956225085253",
    "name": "Tokio_Bucha",
    "city": "Yablonka",
    "url": "https://www.instagram.com/explore/locations/188956225085253/tokio_bucha/"
  },
  {
    "id": "135017313026881",
    "name": "Prime_Car_Service.Irpin",
    "city": "Yablonka",
    "url": "https://www.instagram.com/explore/locations/135017313026881/prime_car_serviceirpin/"
  },
  {
    "id": "2051348054886425",
    "name": "Lego club",
    "city": "Yablonka",
    "url": "https://www.instagram.com/explore/locations/2051348054886425/lego-club/"
  },
  {
    "id": "199622617101002",
    "name": "KIDS CLUB дитячий садок",
    "city": "Yablonka",
    "url": "https://www.instagram.com/explore/locations/199622617101002/kids-club/"
  },
  {
    "id": "471784043324235",
    "name": "Sport_Style",
    "city": "Yablonka",
    "url": "https://www.instagram.com/explore/locations/471784043324235/sport_style/"
  },
  {
    "id": "102754364869761",
    "name": "Yam-Yam artcafe, coffee andcocktailsbar",
    "city": "Yablonka",
    "url": "https://www.instagram.com/explore/locations/102754364869761/yam-yam-artcafe-coffee-andcocktailsbar/"
  },
  {
    "id": "2311539142468587",
    "name": "Агент з нерухомості Inhaus",
    "city": "Yablonka",
    "url": "https://www.instagram.com/explore/locations/2311539142468587/inhaus/"
  },
  {
    "id": "1100684653276142",
    "name": "Весільна агенція \"Balagur time\"",
    "city": "Yablonka",
    "url": "https://www.instagram.com/explore/locations/1100684653276142/balagur-time/"
  },
  {
    "id": "100146325180546",
    "name": "Aroma Kava",
    "city": "Yablonka",
    "url": "https://www.instagram.com/explore/locations/100146325180546/aroma-kava/"
  },
  {
    "id": "1162505553813990",
    "name": "Буча Улица Новое Шоссе, 8а",
    "city": "Yablonka",
    "url": "https://www.instagram.com/explore/locations/1162505553813990/8/"
  },
  {
    "id": "250680402032535",
    "name": "Центр психологической помощи \"NeuroBalance\"",
    "city": "Yablonka",
    "url": "https://www.instagram.com/explore/locations/250680402032535/neurobalance/"
  },
  {
    "id": "288878421559804",
    "name": "SmartComfort",
    "city": "Yablonka",
    "url": "https://www.instagram.com/explore/locations/288878421559804/smartcomfort/"
  },
  {
    "id": "106093794901422",
    "name": "SPAR Буча,вул.Бориса Гмирі,10а",
    "city": "Yablonka",
    "url": "https://www.instagram.com/explore/locations/106093794901422/spar-10/"
  },
  {
    "id": "109351097337561",
    "name": "Lady'studio 08289",
    "city": "Yablonka",
    "url": "https://www.instagram.com/explore/locations/109351097337561/ladystudio-08289/"
  },
  {
    "id": "293716094471857",
    "name": "La Reine Beauty House",
    "city": "Yablonka",
    "url": "https://www.instagram.com/explore/locations/293716094471857/la-reine-beauty-house/"
  },
  {
    "id": "585839565248438",
    "name": "LavaLab",
    "city": "Yablonka",
    "url": "https://www.instagram.com/explore/locations/585839565248438/lavalab/"
  },
  {
    "id": "114613036586756",
    "name": "Nuga Best Буча-Ирпень",
    "city": "Yablonka",
    "url": "https://www.instagram.com/explore/locations/114613036586756/nuga-best-/"
  },
  {
    "id": "1166730363374223",
    "name": "Хі-хімія",
    "city": "Yablonka",
    "url": "https://www.instagram.com/explore/locations/1166730363374223/-/"
  },
  {
    "id": "226239057804870",
    "name": "Детский развлекательный центр Little People",
    "city": "Yablonka",
    "url": "https://www.instagram.com/explore/locations/226239057804870/little-people/"
  },
  {
    "id": "23783989",
    "name": "Romantica Pizza",
    "city": "Yablonka",
    "url": "https://www.instagram.com/explore/locations/23783989/romantica-pizza/"
  },
  {
    "id": "106889947793045",
    "name": "Secret Chat",
    "city": "Yablonka",
    "url": "https://www.instagram.com/explore/locations/106889947793045/secret-chat/"
  },
  {
    "id": "105388588974475",
    "name": "Divine pizza",
    "city": "Yablonka",
    "url": "https://www.instagram.com/explore/locations/105388588974475/divine-pizza/"
  },
  {
    "id": "133038117121453",
    "name": "GO \"Olimpiya\"",
    "city": "Yablonka",
    "url": "https://www.instagram.com/explore/locations/133038117121453/go-olimpiya/"
  },
  {
    "id": "1012395597",
    "name": "Gold City",
    "city": "Yablonka",
    "url": "https://www.instagram.com/explore/locations/1012395597/gold-city/"
  },
  {
    "id": "231762120903816",
    "name": "Tarasovsky Bucha",
    "city": "Yablonka",
    "url": "https://www.instagram.com/explore/locations/231762120903816/tarasovsky-bucha/"
  },
  {
    "id": "106881529151640",
    "name": "Академія розвитку інтелекту Smartum Буча Ірпінь",
    "city": "Yablonka",
    "url": "https://www.instagram.com/explore/locations/106881529151640/smartum/"
  },
  {
    "id": "2243546412532127",
    "name": "Школа №4",
    "city": "Yablonka",
    "url": "https://www.instagram.com/explore/locations/2243546412532127/no4/"
  },
  {
    "id": "102992267726561",
    "name": "topstars",
    "city": "Yablonka",
    "url": "https://www.instagram.com/explore/locations/102992267726561/topstars/"
  },
  {
    "id": "100342048281225",
    "name": "RUNO",
    "city": "Yablonka",
    "url": "https://www.instagram.com/explore/locations/100342048281225/runo/"
  },
  {
    "id": "766849286793843",
    "name": "Бюро туризма& sergeevatour",
    "city": "Yablonka",
    "url": "https://www.instagram.com/explore/locations/766849286793843/sergeevatour/"
  },
  {
    "id": "776485549196140",
    "name": "ReForma fitness",
    "city": "Yablonka",
    "url": "https://www.instagram.com/explore/locations/776485549196140/reforma-fitness/"
  },
  {
    "id": "349463648895129",
    "name": "Vedainstalling",
    "city": "Yablonka",
    "url": "https://www.instagram.com/explore/locations/349463648895129/vedainstalling/"
  },
  {
    "id": "1029910840",
    "name": "Good Day",
    "city": "Yablonka",
    "url": "https://www.instagram.com/explore/locations/1029910840/good-day/"
  },
  {
    "id": "1303003889776848",
    "name": "Краïна чудес",
    "city": "Yablonka",
    "url": "https://www.instagram.com/explore/locations/1303003889776848/i/"
  },
  {
    "id": "124871934859817",
    "name": "Benedict Gourmet",
    "city": "Yablonka",
    "url": "https://www.instagram.com/explore/locations/124871934859817/benedict-gourmet/"
  },
  {
    "id": "101165268283917",
    "name": "Royard carpet - стирка ковров",
    "city": "Yablonka",
    "url": "https://www.instagram.com/explore/locations/101165268283917/royard-carpet-/"
  },
  {
    "id": "107721291915662",
    "name": "Bucha Kyiv Oblast",
    "city": "Yablonka",
    "url": "https://www.instagram.com/explore/locations/107721291915662/bucha-kyiv-oblast/"
  },
  {
    "id": "701265029",
    "name": "Пмк-Арена",
    "city": "Yablonka",
    "url": "https://www.instagram.com/explore/locations/701265029/-/"
  },
  {
    "id": "2356904404521673",
    "name": "JoinUp_Bucha",
    "city": "Yablonka",
    "url": "https://www.instagram.com/explore/locations/2356904404521673/joinup_bucha/"
  },
  {
    "id": "109224087325995",
    "name": "Bachata & Salsa",
    "city": "Yablonka",
    "url": "https://www.instagram.com/explore/locations/109224087325995/bachata-salsa/"
  },
  {
    "id": "697739010383118",
    "name": "Еко-садочок Буча",
    "city": "Yablonka",
    "url": "https://www.instagram.com/explore/locations/697739010383118/-/"
  },
  {
    "id": "148533589233092",
    "name": "Нова Medical",
    "city": "Yablonka",
    "url": "https://www.instagram.com/explore/locations/148533589233092/medical/"
  },
  {
    "id": "100652381606961",
    "name": "Шинный центр Vianor Буча",
    "city": "Yablonka",
    "url": "https://www.instagram.com/explore/locations/100652381606961/vianor/"
  },
  {
    "id": "321861658607243",
    "name": "Wood & Food",
    "city": "Yablonka",
    "url": "https://www.instagram.com/explore/locations/321861658607243/wood-food/"
  },
  {
    "id": "630453624263316",
    "name": "Мережа АЗК UPG",
    "city": "Yablonka",
    "url": "https://www.instagram.com/explore/locations/630453624263316/upg/"
  },
  {
    "id": "344051706366205",
    "name": "зупинкастанція Лісова Буча(МТ 422)",
    "city": "Yablonka",
    "url": "https://www.instagram.com/explore/locations/344051706366205/422/"
  },
  {
    "id": "510051609469258",
    "name": "Hello School",
    "city": "Yablonka",
    "url": "https://www.instagram.com/explore/locations/510051609469258/hello-school/"
  },
  {
    "id": "150345735527223",
    "name": "Пушкинская 3 б",
    "city": "Yablonka",
    "url": "https://www.instagram.com/explore/locations/150345735527223/3/"
  },
  {
    "id": "495247457011112",
    "name": "Дитячий садочок Limpopo Буча",
    "city": "Yablonka",
    "url": "https://www.instagram.com/explore/locations/495247457011112/limpopo/"
  },
  {
    "id": "385571531805914",
    "name": "Дитячий садочок FUN KIDS",
    "city": "Yablonka",
    "url": "https://www.instagram.com/explore/locations/385571531805914/fun-kids/"
  },
  {
    "id": "1021763918",
    "name": "Toscana Grill",
    "city": "Yablonka",
    "url": "https://www.instagram.com/explore/locations/1021763918/toscana-grill/"
  },
  {
    "id": "341800626665921",
    "name": "М.буча Вул.нове Шосе 8а",
    "city": "Yablonka",
    "url": "https://www.instagram.com/explore/locations/341800626665921/8/"
  },
  {
    "id": "515384495869143",
    "name": "Автоплощадка Autolegion7777 Автопригон авто с США Грузии Европы",
    "city": "Yablonka",
    "url": "https://www.instagram.com/explore/locations/515384495869143/autolegion7777/"
  },
  {
    "id": "464283700094578",
    "name": "Стоматологія Antoniuk Dental Clinic",
    "city": "Yablonka",
    "url": "https://www.instagram.com/explore/locations/464283700094578/antoniuk-dental-clinic/"
  },
  {
    "id": "109589137156816",
    "name": "Hotka Construction Group",
    "city": "Yablonka",
    "url": "https://www.instagram.com/explore/locations/109589137156816/hotka-construction-group/"
  },
  {
    "id": "488763460",
    "name": "Хет-трик паб",
    "city": "Yablonka",
    "url": "https://www.instagram.com/explore/locations/488763460/-/"
  },
  {
    "id": "1464079807006415",
    "name": "Barber Shop Garage Bucha",
    "city": "Yablonka",
    "url": "https://www.instagram.com/explore/locations/1464079807006415/barber-shop-garage-bucha/"
  },
  {
    "id": "835131126821787",
    "name": "Sweet.drug Кондитерская",
    "city": "Yablonka",
    "url": "https://www.instagram.com/explore/locations/835131126821787/sweetdrug/"
  },
  {
    "id": "1908019975982460",
    "name": "rich health",
    "city": "Yablonka",
    "url": "https://www.instagram.com/explore/locations/1908019975982460/rich-health/"
  },
  {
    "id": "565848746615422",
    "name": "RG Group Системи безпеки",
    "city": "Yablonka",
    "url": "https://www.instagram.com/explore/locations/565848746615422/rg-group/"
  },
  {
    "id": "323753854882135",
    "name": "Teahouse",
    "city": "Yablonka",
    "url": "https://www.instagram.com/explore/locations/323753854882135/teahouse/"
  },
  {
    "id": "262698894100701",
    "name": "Бізнес-Центр Полісся",
    "city": "Yablonka",
    "url": "https://www.instagram.com/explore/locations/262698894100701/-/"
  },
  {
    "id": "1208671982615357",
    "name": "Ellefunkids",
    "city": "Yablonka",
    "url": "https://www.instagram.com/explore/locations/1208671982615357/ellefunkids/"
  },
  {
    "id": "303017813368104",
    "name": "Ремонт компьютерної техніки КоСА-Сервіс, м.Буча",
    "city": "Yablonka",
    "url": "https://www.instagram.com/explore/locations/303017813368104/-/"
  },
  {
    "id": "100592989085584",
    "name": "Studenetskiy_sport_hub",
    "city": "Yablonka",
    "url": "https://www.instagram.com/explore/locations/100592989085584/studenetskiy_sport_hub/"
  },
  {
    "id": "1637813843191065",
    "name": "Happy_day",
    "city": "Yablonka",
    "url": "https://www.instagram.com/explore/locations/1637813843191065/happy_day/"
  },
  {
    "id": "1208376199282258",
    "name": "Г. Буча Ул. Вокзальная, 111",
    "city": "Yablonka",
    "url": "https://www.instagram.com/explore/locations/1208376199282258/111/"
  },
  {
    "id": "367014960524016",
    "name": "Сумочка UA",
    "city": "Yablonka",
    "url": "https://www.instagram.com/explore/locations/367014960524016/ua/"
  },
  {
    "id": "171995513524892",
    "name": "Розвивашки для дітей Alisa KidsClub",
    "city": "Yablonka",
    "url": "https://www.instagram.com/explore/locations/171995513524892/alisa-kidsclub/"
  },
  {
    "id": "104257355506445",
    "name": "Barbershop Rufford",
    "city": "Yablonka",
    "url": "https://www.instagram.com/explore/locations/104257355506445/barbershop-rufford/"
  },
  {
    "id": "1978166325816647",
    "name": "Pomidoros",
    "city": "Yablonka",
    "url": "https://www.instagram.com/explore/locations/1978166325816647/pomidoros/"
  },
  {
    "id": "106014743543418",
    "name": "Дом 24",
    "city": "Yablonka",
    "url": "https://www.instagram.com/explore/locations/106014743543418/24/"
  },
  {
    "id": "126915237996868",
    "name": "Жк\"rich TownБуча",
    "city": "Yablonka",
    "url": "https://www.instagram.com/explore/locations/126915237996868/rich-town/"
  },
  {
    "id": "269807500358508",
    "name": "Antoshka Bucha",
    "city": "Yablonka",
    "url": "https://www.instagram.com/explore/locations/269807500358508/antoshka-bucha/"
  },
  {
    "id": "102687777978285",
    "name": "Moto Artel",
    "city": "Yablonka",
    "url": "https://www.instagram.com/explore/locations/102687777978285/moto-artel/"
  },
  {
    "id": "2033225173564278",
    "name": "Butša",
    "city": "Yablonka",
    "url": "https://www.instagram.com/explore/locations/2033225173564278/butsa/"
  },
  {
    "id": "114399839311795",
    "name": "Bucha Travel",
    "city": "Yablonka",
    "url": "https://www.instagram.com/explore/locations/114399839311795/bucha-travel/"
  },
  {
    "id": "100894937417017",
    "name": "Студия-Ателье LOya Dress: твоя Нарядная жизнь",
    "city": "Yablonka",
    "url": "https://www.instagram.com/explore/locations/100894937417017/-loya-dress/"
  },
  {
    "id": "2175878945781430",
    "name": "Ellefunkids",
    "city": "Yablonka",
    "url": "https://www.instagram.com/explore/locations/2175878945781430/ellefunkids/"
  },
  {
    "id": "103414454885312",
    "name": "MyBlog",
    "city": "Yablonka",
    "url": "https://www.instagram.com/explore/locations/103414454885312/myblog/"
  },
  {
    "id": "1029616416",
    "name": "Школа Владельцев Собак \"Pride\", г.Киев",
    "city": "Yablonka",
    "url": "https://www.instagram.com/explore/locations/1029616416/pride/"
  },
  {
    "id": "111782130303518",
    "name": "Babby's Shop - Детская одежда",
    "city": "Yablonka",
    "url": "https://www.instagram.com/explore/locations/111782130303518/babbys-shop-/"
  },
  {
    "id": "1670375873270800",
    "name": "Авторская Студия Красоты Elena Buyvolyuk",
    "city": "Yablonka",
    "url": "https://www.instagram.com/explore/locations/1670375873270800/elena-buyvolyuk/"
  },
  {
    "id": "630185020744840",
    "name": "бул. Богдана Хмельницького, 2",
    "city": "Yablonka",
    "url": "https://www.instagram.com/explore/locations/630185020744840/2/"
  },
  {
    "id": "102386252827800",
    "name": "prime_wash.ua",
    "city": "Yablonka",
    "url": "https://www.instagram.com/explore/locations/102386252827800/prime_washua/"
  },
  {
    "id": "116761814842611",
    "name": "GgZoo",
    "city": "Yablonka",
    "url": "https://www.instagram.com/explore/locations/116761814842611/ggzoo/"
  },
  {
    "id": "1043920895741990",
    "name": "Химчистка KIMS Ирпень. Ул. Центральная 26 Б",
    "city": "Yablonka",
    "url": "https://www.instagram.com/explore/locations/1043920895741990/kims-26/"
  },
  {
    "id": "344192743009329",
    "name": "Автошкола Experimental Driver Буча",
    "city": "Yablonka",
    "url": "https://www.instagram.com/explore/locations/344192743009329/experimental-driver/"
  },
  {
    "id": "105856358340555",
    "name": "TURNE",
    "city": "Yablonka",
    "url": "https://www.instagram.com/explore/locations/105856358340555/turne/"
  },
  {
    "id": "464428166753411",
    "name": "Melnyk Dent Стоматологія",
    "city": "Yablonka",
    "url": "https://www.instagram.com/explore/locations/464428166753411/melnyk-dent/"
  },
  {
    "id": "1216215635066287",
    "name": "Буча,ул.полтавская 6",
    "city": "Yablonka",
    "url": "https://www.instagram.com/explore/locations/1216215635066287/6/"
  },
  {
    "id": "112388886957245",
    "name": "«Unity» - Агенція інтернет-маркетінгу",
    "city": "Yablonka",
    "url": "https://www.instagram.com/explore/locations/112388886957245/unity-/"
  },
  {
    "id": "104274957664849",
    "name": "Lepota",
    "city": "Yablonka",
    "url": "https://www.instagram.com/explore/locations/104274957664849/lepota/"
  },
  {
    "id": "393537574424970",
    "name": "English Boom",
    "city": "Yablonka",
    "url": "https://www.instagram.com/explore/locations/393537574424970/english-boom/"
  },
  {
    "id": "2372806209615189",
    "name": "Tvoy Barber Bucha",
    "city": "Yablonka",
    "url": "https://www.instagram.com/explore/locations/2372806209615189/tvoy-barber-bucha/"
  },
  {
    "id": "118612940051918",
    "name": "ЦеТе - Центр Техніки. Епіцентр",
    "city": "Yablonka",
    "url": "https://www.instagram.com/explore/locations/118612940051918/-/"
  },
  {
    "id": "403441053406810",
    "name": "Bingo Pizza доставка їжі Буча, Ірпінь, Гостомель, Ворзель",
    "city": "Yablonka",
    "url": "https://www.instagram.com/explore/locations/403441053406810/bingo-pizza/"
  },
  {
    "id": "224728901588702",
    "name": "Magnum Katalizator",
    "city": "Yablonka",
    "url": "https://www.instagram.com/explore/locations/224728901588702/magnum-katalizator/"
  },
  {
    "id": "219644628550274",
    "name": "Натуральні продукти - для здоров'я",
    "city": "Yablonka",
    "url": "https://www.instagram.com/explore/locations/219644628550274/-/"
  },
  {
    "id": "674705840",
    "name": "521356",
    "city": "Yablonka",
    "url": "https://www.instagram.com/explore/locations/674705840/521356/"
  },
  {
    "id": "2450618621860962",
    "name": "Бучанська Спеціалізована Загальноосвітня школа І-Ііі Ст. 5",
    "city": "Yablonka",
    "url": "https://www.instagram.com/explore/locations/2450618621860962/-5/"
  },
  {
    "id": "815891598452300",
    "name": "Салон штор \"VeneziaБуча",
    "city": "Yablonka",
    "url": "https://www.instagram.com/explore/locations/815891598452300/venezia/"
  },
  {
    "id": "111815781090105",
    "name": "dance_bucha",
    "city": "Yablonka",
    "url": "https://www.instagram.com/explore/locations/111815781090105/dance_bucha/"
  },
  {
    "id": "180158276219796",
    "name": "Графф-Афф",
    "city": "Yablonka",
    "url": "https://www.instagram.com/explore/locations/180158276219796/-/"
  },
  {
    "id": "108954022199180",
    "name": "Beauty profi",
    "city": "Yablonka",
    "url": "https://www.instagram.com/explore/locations/108954022199180/beauty-profi/"
  },
  {
    "id": "325626041708658",
    "name": "Василь Олексюк-Служу народу",
    "city": "Yablonka",
    "url": "https://www.instagram.com/explore/locations/325626041708658/-/"
  },
  {
    "id": "180802376147343",
    "name": "Нова Пошта №1",
    "city": "Yablonka",
    "url": "https://www.instagram.com/explore/locations/180802376147343/no1/"
  },
  {
    "id": "101538794669844",
    "name": "puffy.bunny",
    "city": "Yablonka",
    "url": "https://www.instagram.com/explore/locations/101538794669844/puffybunny/"
  },
  {
    "id": "296669791",
    "name": "Буча, Заправка Klo, Кафе \"борщ\"",
    "city": "Yablonka",
    "url": "https://www.instagram.com/explore/locations/296669791/klo/"
  },
  {
    "id": "2263628840533824",
    "name": "Ірпінсько-Бучанський Омвк",
    "city": "Yablonka",
    "url": "https://www.instagram.com/explore/locations/2263628840533824/-/"
  },
  {
    "id": "799361706899393",
    "name": "Black Shark Diving Center - Sharm El Sheikh, Red Sea",
    "city": "Yablonka",
    "url": "https://www.instagram.com/explore/locations/799361706899393/black-shark-diving-center-sharm-el-sheikh-red-sea/"
  },
  {
    "id": "1014396571",
    "name": "Balkanika Tour",
    "city": "Yablonka",
    "url": "https://www.instagram.com/explore/locations/1014396571/balkanika-tour/"
  },
  {
    "id": "108907940484667",
    "name": "Буча, вул. Шевченко 7-а Шкодний Дворик",
    "city": "Yablonka",
    "url": "https://www.instagram.com/explore/locations/108907940484667/7-/"
  },
  {
    "id": "503621126485144",
    "name": "Royal Nails",
    "city": "Yablonka",
    "url": "https://www.instagram.com/explore/locations/503621126485144/royal-nails/"
  },
  {
    "id": "264565853",
    "name": "Soul Pizza - Буча, Ірпінь, Гостомель, Ворзель",
    "city": "Yablonka",
    "url": "https://www.instagram.com/explore/locations/264565853/soul-pizza-/"
  },
  {
    "id": "108915713950121",
    "name": "Makememakeup",
    "city": "Yablonka",
    "url": "https://www.instagram.com/explore/locations/108915713950121/makememakeup/"
  },
  {
    "id": "159575657237401",
    "name": "Jakard Hometextiles",
    "city": "Yablonka",
    "url": "https://www.instagram.com/explore/locations/159575657237401/jakard-hometextiles/"
  },
  {
    "id": "109971123966386",
    "name": "КофейняСup of joy",
    "city": "Yablonka",
    "url": "https://www.instagram.com/explore/locations/109971123966386/up-of-joy/"
  },
  {
    "id": "500512950293217",
    "name": "Keller Bar",
    "city": "Yablonka",
    "url": "https://www.instagram.com/explore/locations/500512950293217/keller-bar/"
  },
  {
    "id": "598384287333589",
    "name": "Blasercafe",
    "city": "Yablonka",
    "url": "https://www.instagram.com/explore/locations/598384287333589/blasercafe/"
  },
  {
    "id": "572678716554809",
    "name": "Боді студія \"My b-flexy\"",
    "city": "Yablonka",
    "url": "https://www.instagram.com/explore/locations/572678716554809/my-b-flexy/"
  },
  {
    "id": "121098565156161",
    "name": "Divine",
    "city": "Yablonka",
    "url": "https://www.instagram.com/explore/locations/121098565156161/divine/"
  },
  {
    "id": "103323304364817",
    "name": "EdelWood",
    "city": "Yablonka",
    "url": "https://www.instagram.com/explore/locations/103323304364817/edelwood/"
  },
  {
    "id": "304702217029006",
    "name": "Tokio",
    "city": "Yablonka",
    "url": "https://www.instagram.com/explore/locations/304702217029006/tokio/"
  },
  {
    "id": "1024079144",
    "name": "Baby Room",
    "city": "Yablonka",
    "url": "https://www.instagram.com/explore/locations/1024079144/baby-room/"
  },
  {
    "id": "111434270422023",
    "name": "DENTA ЛЮКС",
    "city": "Yablonka",
    "url": "https://www.instagram.com/explore/locations/111434270422023/denta/"
  },
  {
    "id": "263730984487634",
    "name": "Буча, улица Садовая, 7Б.",
    "city": "Yablonka",
    "url": "https://www.instagram.com/explore/locations/263730984487634/7/"
  },
  {
    "id": "1501243466850887",
    "name": "Kosmed Centr",
    "city": "Yablonka",
    "url": "https://www.instagram.com/explore/locations/1501243466850887/kosmed-centr/"
  },
  {
    "id": "102840172506989",
    "name": "Виробництво меблів та меблевих фасадів Xside",
    "city": "Yablonka",
    "url": "https://www.instagram.com/explore/locations/102840172506989/xside/"
  },
  {
    "id": "260851477906718",
    "name": "NOVUS",
    "city": "Yablonka",
    "url": "https://www.instagram.com/explore/locations/260851477906718/novus/"
  },
  {
    "id": "102357494792416",
    "name": "Beautiful places",
    "city": "Yablonka",
    "url": "https://www.instagram.com/explore/locations/102357494792416/beautiful-places/"
  },
  {
    "id": "255549208305574",
    "name": "ЖК Forest House",
    "city": "Yablonka",
    "url": "https://www.instagram.com/explore/locations/255549208305574/forest-house/"
  },
  {
    "id": "103144872608659",
    "name": "Shi Bar",
    "city": "Yablonka",
    "url": "https://www.instagram.com/explore/locations/103144872608659/shi-bar/"
  },
  {
    "id": "787914321346792",
    "name": "R&S g r o u p",
    "city": "Yablonka",
    "url": "https://www.instagram.com/explore/locations/787914321346792/rs-g-r-o-u-p/"
  },
  {
    "id": "726078751122823",
    "name": "Bulgakoff Residence",
    "city": "Yablonka",
    "url": "https://www.instagram.com/explore/locations/726078751122823/bulgakoff-residence/"
  },
  {
    "id": "105173521147434",
    "name": "Шинный центр Vianor Буча",
    "city": "Yablonka",
    "url": "https://www.instagram.com/explore/locations/105173521147434/vianor/"
  },
  {
    "id": "107497647390109",
    "name": "Бучанський консультативно-діагностичний центр",
    "city": "Yablonka",
    "url": "https://www.instagram.com/explore/locations/107497647390109/-/"
  },
  {
    "id": "2502230819821974",
    "name": "Beauty-queen",
    "city": "Yablonka",
    "url": "https://www.instagram.com/explore/locations/2502230819821974/beauty-queen/"
  },
  {
    "id": "798528763541089",
    "name": "Днз 3 \"козачок\", М. Буча",
    "city": "Yablonka",
    "url": "https://www.instagram.com/explore/locations/798528763541089/3/"
  },
  {
    "id": "509310042915861",
    "name": "Shell",
    "city": "Yablonka",
    "url": "https://www.instagram.com/explore/locations/509310042915861/shell/"
  },
  {
    "id": "1913226418757814",
    "name": "Дитячий центр розвитку \"Smart ChildБуча",
    "city": "Yablonka",
    "url": "https://www.instagram.com/explore/locations/1913226418757814/smart-child/"
  },
  {
    "id": "496656777485195",
    "name": "Jools Art Studio",
    "city": "Yablonka",
    "url": "https://www.instagram.com/explore/locations/496656777485195/jools-art-studio/"
  },
  {
    "id": "487645504696647",
    "name": "082",
    "city": "Yablonka",
    "url": "https://www.instagram.com/explore/locations/487645504696647/082/"
  },
  {
    "id": "103048284855266",
    "name": "gr.oksana_nails",
    "city": "Yablonka",
    "url": "https://www.instagram.com/explore/locations/103048284855266/groksana_nails/"
  },
  {
    "id": "255901471469617",
    "name": "Vivo-Cafe",
    "city": "Yablonka",
    "url": "https://www.instagram.com/explore/locations/255901471469617/vivo-cafe/"
  },
  {
    "id": "631113006762111",
    "name": "Bavkabucha",
    "city": "Yablonka",
    "url": "https://www.instagram.com/explore/locations/631113006762111/bavkabucha/"
  },
  {
    "id": "1136028113074244",
    "name": "Nicardi",
    "city": "Yablonka",
    "url": "https://www.instagram.com/explore/locations/1136028113074244/nicardi/"
  },
  {
    "id": "116056146935747",
    "name": "FitFrox_Bucha",
    "city": "Yablonka",
    "url": "https://www.instagram.com/explore/locations/116056146935747/fitfrox_bucha/"
  },
  {
    "id": "205193753308442",
    "name": "Магазин Обуви VZUTI  г. Буча",
    "city": "Yablonka",
    "url": "https://www.instagram.com/explore/locations/205193753308442/vzuti/"
  },
  {
    "id": "286630667863754",
    "name": "ГотуЇмо: Фабрика-Кухня",
    "city": "Yablonka",
    "url": "https://www.instagram.com/explore/locations/286630667863754/-/"
  },
  {
    "id": "100845369118690",
    "name": "Modern Teplo Systems",
    "city": "Yablonka",
    "url": "https://www.instagram.com/explore/locations/100845369118690/modern-teplo-systems/"
  },
  {
    "id": "100824141343098",
    "name": "Barber kids bucha",
    "city": "Yablonka",
    "url": "https://www.instagram.com/explore/locations/100824141343098/barber-kids-bucha/"
  },
  {
    "id": "153070548681886",
    "name": "MaxiDance",
    "city": "Yablonka",
    "url": "https://www.instagram.com/explore/locations/153070548681886/maxidance/"
  },
  {
    "id": "1128762393959795",
    "name": "Kristalls beauty salon",
    "city": "Yablonka",
    "url": "https://www.instagram.com/explore/locations/1128762393959795/kristalls-beauty-salon/"
  },
  {
    "id": "115478923340361",
    "name": "Love Sweet",
    "city": "Yablonka",
    "url": "https://www.instagram.com/explore/locations/115478923340361/love-sweet/"
  },
  {
    "id": "144129646391116",
    "name": "LightHub",
    "city": "Yablonka",
    "url": "https://www.instagram.com/explore/locations/144129646391116/lighthub/"
  },
  {
    "id": "102230285442347",
    "name": "rosalia_flowersshop",
    "city": "Yablonka",
    "url": "https://www.instagram.com/explore/locations/102230285442347/rosalia_flowersshop/"
  },
  {
    "id": "1023766645",
    "name": "Стоматология NeoDent- г.Буча",
    "city": "Yablonka",
    "url": "https://www.instagram.com/explore/locations/1023766645/neodent-/"
  },
  {
    "id": "266281680693587",
    "name": "Tinatin Restaurant",
    "city": "Yablonka",
    "url": "https://www.instagram.com/explore/locations/266281680693587/tinatin-restaurant/"
  },
  {
    "id": "112204143825563",
    "name": "IT-Elit школа програмування",
    "city": "Yablonka",
    "url": "https://www.instagram.com/explore/locations/112204143825563/it-elit/"
  },
  {
    "id": "767392595",
    "name": "Sweet Home",
    "city": "Yablonka",
    "url": "https://www.instagram.com/explore/locations/767392595/sweet-home/"
  },
  {
    "id": "1017430747",
    "name": "фитнес клуб Energy",
    "city": "Yablonka",
    "url": "https://www.instagram.com/explore/locations/1017430747/energy/"
  },
  {
    "id": "487455118726074",
    "name": "Еко-маркет",
    "city": "Yablonka",
    "url": "https://www.instagram.com/explore/locations/487455118726074/-/"
  },
  {
    "id": "2224054274272678",
    "name": "Заправка KLO",
    "city": "Yablonka",
    "url": "https://www.instagram.com/explore/locations/2224054274272678/klo/"
  },
  {
    "id": "274602229836607",
    "name": "Lounge Bar «Палуба»",
    "city": "Yablonka",
    "url": "https://www.instagram.com/explore/locations/274602229836607/lounge-bar/"
  },
  {
    "id": "524756867863867",
    "name": "Вокзальна 71 Б Буча",
    "city": "Yablonka",
    "url": "https://www.instagram.com/explore/locations/524756867863867/71/"
  },
  {
    "id": "1585347255092201",
    "name": "Kotiki Royal Residence",
    "city": "Yablonka",
    "url": "https://www.instagram.com/explore/locations/1585347255092201/kotiki-royal-residence/"
  },
  {
    "id": "1880331228916427",
    "name": "FISH\"ka",
    "city": "Yablonka",
    "url": "https://www.instagram.com/explore/locations/1880331228916427/fishka/"
  },
  {
    "id": "282408622281045",
    "name": "Friendy",
    "city": "Yablonka",
    "url": "https://www.instagram.com/explore/locations/282408622281045/friendy/"
  },
  {
    "id": "1081145512046815",
    "name": "O'baldini",
    "city": "Yablonka",
    "url": "https://www.instagram.com/explore/locations/1081145512046815/obaldini/"
  },
  {
    "id": "1186062608095377",
    "name": "American Brands",
    "city": "Yablonka",
    "url": "https://www.instagram.com/explore/locations/1186062608095377/american-brands/"
  },
  {
    "id": "1697946060252206",
    "name": "Кавярня Johnny Teacher",
    "city": "Yablonka",
    "url": "https://www.instagram.com/explore/locations/1697946060252206/johnny-teacher/"
  },
  {
    "id": "199343911000638",
    "name": "бул. Богдана Хмельницького, 6",
    "city": "Yablonka",
    "url": "https://www.instagram.com/explore/locations/199343911000638/6/"
  },
  {
    "id": "1313107938742818",
    "name": "Realstock одежда из европы",
    "city": "Yablonka",
    "url": "https://www.instagram.com/explore/locations/1313107938742818/realstock/"
  },
  {
    "id": "731017494",
    "name": "Буча Хмельницкого 6",
    "city": "Yablonka",
    "url": "https://www.instagram.com/explore/locations/731017494/6/"
  },
  {
    "id": "105782984112138",
    "name": "Yatna Organic Cafe",
    "city": "Yablonka",
    "url": "https://www.instagram.com/explore/locations/105782984112138/yatna-organic-cafe/"
  },
  {
    "id": "110023621147426",
    "name": "Дента Люкс - Стоматологія в Бучі",
    "city": "Yablonka",
    "url": "https://www.instagram.com/explore/locations/110023621147426/-/"
  },
  {
    "id": "106832157564593",
    "name": "Ventsgradov Вентиляція Кондиціонери, Очистка води",
    "city": "Yablonka",
    "url": "https://www.instagram.com/explore/locations/106832157564593/ventsgradov/"
  },
  {
    "id": "550831905329838",
    "name": "На 9-м этаже",
    "city": "Yablonka",
    "url": "https://www.instagram.com/explore/locations/550831905329838/9-/"
  },
  {
    "id": "465916899",
    "name": "Буча Школа 3",
    "city": "Yablonka",
    "url": "https://www.instagram.com/explore/locations/465916899/3/"
  },
  {
    "id": "194046991494083",
    "name": "Полевая 28",
    "city": "Yablonka",
    "url": "https://www.instagram.com/explore/locations/194046991494083/28/"
  },
  {
    "id": "422245804826643",
    "name": "Mini Пространство ❰CurlySpace❱",
    "city": "Yablonka",
    "url": "https://www.instagram.com/explore/locations/422245804826643/mini-curlyspace/"
  },
  {
    "id": "1470407779879389",
    "name": "9-А клас Бучанської СЗОШ 5",
    "city": "Yablonka",
    "url": "https://www.instagram.com/explore/locations/1470407779879389/9-5/"
  },
  {
    "id": "439433076615329",
    "name": "Bycha",
    "city": "Yablonka",
    "url": "https://www.instagram.com/explore/locations/439433076615329/bycha/"
  },
  {
    "id": "584516685063489",
    "name": "TheBuffet Sausage",
    "city": "Yablonka",
    "url": "https://www.instagram.com/explore/locations/584516685063489/thebuffet-sausage/"
  },
  {
    "id": "2053115098347380",
    "name": "Pishokids",
    "city": "Yablonka",
    "url": "https://www.instagram.com/explore/locations/2053115098347380/pishokids/"
  },
  {
    "id": "637532636385694",
    "name": "Ed Rihter",
    "city": "Yablonka",
    "url": "https://www.instagram.com/explore/locations/637532636385694/ed-rihter/"
  },
  {
    "id": "2235300156726539",
    "name": "IBox",
    "city": "Yablonka",
    "url": "https://www.instagram.com/explore/locations/2235300156726539/ibox/"
  },
  {
    "id": "272604583370774",
    "name": "Art Kids",
    "city": "Yablonka",
    "url": "https://www.instagram.com/explore/locations/272604583370774/art-kids/"
  },
  {
    "id": "2280156585587544",
    "name": "Beauty Mania",
    "city": "Yablonka",
    "url": "https://www.instagram.com/explore/locations/2280156585587544/beauty-mania/"
  },
  {
    "id": "103291184345029",
    "name": "Салон штор VeneziaБуча",
    "city": "Yablonka",
    "url": "https://www.instagram.com/explore/locations/103291184345029/venezia/"
  },
  {
    "id": "114428579931987",
    "name": "Альфа-Банк Україна",
    "city": "Yablonka",
    "url": "https://www.instagram.com/explore/locations/114428579931987/-/"
  },
  {
    "id": "2463845970510800",
    "name": "Womans.beauty.room",
    "city": "Yablonka",
    "url": "https://www.instagram.com/explore/locations/2463845970510800/womansbeautyroom/"
  },
  {
    "id": "2338725723021690",
    "name": "Тарасовская 10 Д",
    "city": "Yablonka",
    "url": "https://www.instagram.com/explore/locations/2338725723021690/10/"
  },
  {
    "id": "407419409820168",
    "name": "Intersport-Україна",
    "city": "Yablonka",
    "url": "https://www.instagram.com/explore/locations/407419409820168/intersport-/"
  },
  {
    "id": "112871006758060",
    "name": "Bucha English Tutor",
    "city": "Yablonka",
    "url": "https://www.instagram.com/explore/locations/112871006758060/bucha-english-tutor/"
  },
  {
    "id": "139389906712768",
    "name": "«Буча-Бульвар» ОСББ",
    "city": "Yablonka",
    "url": "https://www.instagram.com/explore/locations/139389906712768/-/"
  },
  {
    "id": "114665950303306",
    "name": "Paula Luna",
    "city": "Yablonka",
    "url": "https://www.instagram.com/explore/locations/114665950303306/paula-luna/"
  },
  {
    "id": "342010626145984",
    "name": "SunShine Voyage",
    "city": "Yablonka",
    "url": "https://www.instagram.com/explore/locations/342010626145984/sunshine-voyage/"
  },
  {
    "id": "815831175184247",
    "name": "Gold City Буча",
    "city": "Yablonka",
    "url": "https://www.instagram.com/explore/locations/815831175184247/gold-city/"
  },
  {
    "id": "613320432171036",
    "name": "TPG Agency Буча",
    "city": "Yablonka",
    "url": "https://www.instagram.com/explore/locations/613320432171036/tpg-agency/"
  },
  {
    "id": "108065428161299",
    "name": "Design.UA_",
    "city": "Yablonka",
    "url": "https://www.instagram.com/explore/locations/108065428161299/designua_/"
  },
  {
    "id": "108615737540429",
    "name": "Zelinska Tetiana",
    "city": "Yablonka",
    "url": "https://www.instagram.com/explore/locations/108615737540429/zelinska-tetiana/"
  },
  {
    "id": "106375741603615",
    "name": "Frisor Barbershop Bucha",
    "city": "Yablonka",
    "url": "https://www.instagram.com/explore/locations/106375741603615/frisor-barbershop-bucha/"
  },
  {
    "id": "499128313282274",
    "name": "Barbershop Grunge",
    "city": "Yablonka",
    "url": "https://www.instagram.com/explore/locations/499128313282274/barbershop-grunge/"
  },
  {
    "id": "107002633973279",
    "name": "Koło językowe «Dwie Siostry»",
    "city": "Yablonka",
    "url": "https://www.instagram.com/explore/locations/107002633973279/koo-jezykowe-dwie-siostry/"
  },
  {
    "id": "334299517323588",
    "name": "кафе-бар Аладдин",
    "city": "Yablonka",
    "url": "https://www.instagram.com/explore/locations/334299517323588/-/"
  },
  {
    "id": "326945494536706",
    "name": "Крута Наука Буча-Ірпінь",
    "city": "Yablonka",
    "url": "https://www.instagram.com/explore/locations/326945494536706/-/"
  },
  {
    "id": "1885256401689494",
    "name": "БХм6",
    "city": "Yablonka",
    "url": "https://www.instagram.com/explore/locations/1885256401689494/6/"
  },
  {
    "id": "439286929615583",
    "name": "Арт-студія",
    "city": "Yablonka",
    "url": "https://www.instagram.com/explore/locations/439286929615583/-/"
  },
  {
    "id": "340012223243166",
    "name": "м Буча вул. Мічуріна 29",
    "city": "Yablonka",
    "url": "https://www.instagram.com/explore/locations/340012223243166/29/"
  },
  {
    "id": "517157101670111",
    "name": "Elektro Shok",
    "city": "Yablonka",
    "url": "https://www.instagram.com/explore/locations/517157101670111/elektro-shok/"
  },
  {
    "id": "337255953313850",
    "name": "Буча Ул.луговая 26",
    "city": "Yablonka",
    "url": "https://www.instagram.com/explore/locations/337255953313850/26/"
  },
  {
    "id": "599817532",
    "name": "Буча, ул. Вокзальная, 101 Паб Бірлога",
    "city": "Yablonka",
    "url": "https://www.instagram.com/explore/locations/599817532/101/"
  },
  {
    "id": "1886164704935052",
    "name": "Буча, Енергетиків 17",
    "city": "Yablonka",
    "url": "https://www.instagram.com/explore/locations/1886164704935052/17/"
  },
  {
    "id": "2100513553607333",
    "name": "Кофейня Ирпень Who's Taddy Coffee",
    "city": "Yablonka",
    "url": "https://www.instagram.com/explore/locations/2100513553607333/whos-taddy-coffee/"
  },
  {
    "id": "2282237128728563",
    "name": "IBox",
    "city": "Yablonka",
    "url": "https://www.instagram.com/explore/locations/2282237128728563/ibox/"
  },
  {
    "id": "101432587964256",
    "name": "bucha_grooming_ok",
    "city": "Yablonka",
    "url": "https://www.instagram.com/explore/locations/101432587964256/bucha_grooming_ok/"
  },
  {
    "id": "102653704837256",
    "name": "Archer бензопила",
    "city": "Yablonka",
    "url": "https://www.instagram.com/explore/locations/102653704837256/archer/"
  },
  {
    "id": "2048913018733850",
    "name": "Школа # 9",
    "city": "Yablonka",
    "url": "https://www.instagram.com/explore/locations/2048913018733850/9/"
  },
  {
    "id": "251265008314163",
    "name": "At Home",
    "city": "Yablonka",
    "url": "https://www.instagram.com/explore/locations/251265008314163/at-home/"
  },
  {
    "id": "547734785425130",
    "name": "Leclub",
    "city": "Yablonka",
    "url": "https://www.instagram.com/explore/locations/547734785425130/leclub/"
  },
  {
    "id": "322389558220689",
    "name": "HILB Lounge bar",
    "city": "Yablonka",
    "url": "https://www.instagram.com/explore/locations/322389558220689/hilb-lounge-bar/"
  },
  {
    "id": "100171151640423",
    "name": "Future Bucha",
    "city": "Yablonka",
    "url": "https://www.instagram.com/explore/locations/100171151640423/future-bucha/"
  },
  {
    "id": "751259101611793",
    "name": "Мастерская-магазин \"ВелоБуча\"",
    "city": "Yablonka",
    "url": "https://www.instagram.com/explore/locations/751259101611793/-/"
  },
  {
    "id": "631976580335460",
    "name": "Автосервис \"Автохолод Ирпень-Буча",
    "city": "Yablonka",
    "url": "https://www.instagram.com/explore/locations/631976580335460/-/"
  },
  {
    "id": "1757297854336490",
    "name": "STEKO",
    "city": "Yablonka",
    "url": "https://www.instagram.com/explore/locations/1757297854336490/steko/"
  },
  {
    "id": "324908931481238",
    "name": "IBox",
    "city": "Yablonka",
    "url": "https://www.instagram.com/explore/locations/324908931481238/ibox/"
  },
  {
    "id": "1227632077339433",
    "name": "Kids Club",
    "city": "Yablonka",
    "url": "https://www.instagram.com/explore/locations/1227632077339433/kids-club/"
  },
  {
    "id": "391654851645452",
    "name": "IBox",
    "city": "Yablonka",
    "url": "https://www.instagram.com/explore/locations/391654851645452/ibox/"
  },
  {
    "id": "542921659811208",
    "name": "Man Service",
    "city": "Yablonka",
    "url": "https://www.instagram.com/explore/locations/542921659811208/man-service/"
  },
  {
    "id": "341695873021373",
    "name": "Baza",
    "city": "Yablonka",
    "url": "https://www.instagram.com/explore/locations/341695873021373/baza/"
  },
  {
    "id": "561422117654256",
    "name": "Нумерологическая т-игра \"ТриНити\"",
    "city": "Yablonka",
    "url": "https://www.instagram.com/explore/locations/561422117654256/-/"
  },
  {
    "id": "1606533802694341",
    "name": "Студия косметологии La Belle",
    "city": "Yablonka",
    "url": "https://www.instagram.com/explore/locations/1606533802694341/la-belle/"
  },
  {
    "id": "1014945607",
    "name": "СТО \"Heli-X\", бывшее СТО \"У Полковника\"",
    "city": "Yablonka",
    "url": "https://www.instagram.com/explore/locations/1014945607/heli-x/"
  },
  {
    "id": "249349465529390",
    "name": "Hookah Brothers Bucha",
    "city": "Yablonka",
    "url": "https://www.instagram.com/explore/locations/249349465529390/hookah-brothers-bucha/"
  },
  {
    "id": "357039164646804",
    "name": "Улица Шевченко 7б, Буча, Киевская Область",
    "city": "Yablonka",
    "url": "https://www.instagram.com/explore/locations/357039164646804/7/"
  },
  {
    "id": "985535898313434",
    "name": "Новое Шоссе 11 а",
    "city": "Yablonka",
    "url": "https://www.instagram.com/explore/locations/985535898313434/11/"
  },
  {
    "id": "1596472060649044",
    "name": "ЖК \"Pacific Park\"",
    "city": "Yablonka",
    "url": "https://www.instagram.com/explore/locations/1596472060649044/pacific-park/"
  },
  {
    "id": "104662734546837",
    "name": "Garden Studio",
    "city": "Yablonka",
    "url": "https://www.instagram.com/explore/locations/104662734546837/garden-studio/"
  },
  {
    "id": "1206759002720400",
    "name": "Салон Красоты \"Rich Style\"",
    "city": "Yablonka",
    "url": "https://www.instagram.com/explore/locations/1206759002720400/rich-style/"
  },
  {
    "id": "1023258164",
    "name": "YBhelp",
    "city": "Yablonka",
    "url": "https://www.instagram.com/explore/locations/1023258164/ybhelp/"
  },
  {
    "id": "243987006407623",
    "name": "Live brightly",
    "city": "Yablonka",
    "url": "https://www.instagram.com/explore/locations/243987006407623/live-brightly/"
  },
  {
    "id": "112978928498589",
    "name": "Kukuha2",
    "city": "Yablonka",
    "url": "https://www.instagram.com/explore/locations/112978928498589/kukuha2/"
  },
  {
    "id": "109229980535250",
    "name": "TL company",
    "city": "Yablonka",
    "url": "https://www.instagram.com/explore/locations/109229980535250/tl-company/"
  },
  {
    "id": "110958544697357",
    "name": "Studenetskiy_sport_hub",
    "city": "Yablonka",
    "url": "https://www.instagram.com/explore/locations/110958544697357/studenetskiy_sport_hub/"
  },
  {
    "id": "106966981892357",
    "name": "Riwale Bucha",
    "city": "Yablonka",
    "url": "https://www.instagram.com/explore/locations/106966981892357/riwale-bucha/"
  },
  {
    "id": "2313112955449059",
    "name": "Dr. Fennec",
    "city": "Yablonka",
    "url": "https://www.instagram.com/explore/locations/2313112955449059/dr-fennec/"
  },
  {
    "id": "298412693920079",
    "name": "Hookah Brothers bucha",
    "city": "Yablonka",
    "url": "https://www.instagram.com/explore/locations/298412693920079/hookah-brothers-bucha/"
  },
  {
    "id": "329172179",
    "name": "Zolotyi Dukat Bucha",
    "city": "Yablonka",
    "url": "https://www.instagram.com/explore/locations/329172179/zolotyi-dukat-bucha/"
  },
  {
    "id": "503671053337254",
    "name": "Дитячий Центр Baby Світ",
    "city": "Yablonka",
    "url": "https://www.instagram.com/explore/locations/503671053337254/baby/"
  },
  {
    "id": "494678228017862",
    "name": "UPG",
    "city": "Yablonka",
    "url": "https://www.instagram.com/explore/locations/494678228017862/upg/"
  },
  {
    "id": "506071403146166",
    "name": "Бучанська Броварня l Хата пива",
    "city": "Yablonka",
    "url": "https://www.instagram.com/explore/locations/506071403146166/l/"
  },
  {
    "id": "496218143870884",
    "name": "Плетенка - эксклюзивная плетеная мебель",
    "city": "Yablonka",
    "url": "https://www.instagram.com/explore/locations/496218143870884/-/"
  },
  {
    "id": "122098117484016736",
    "name": "Finest HOME",
    "city": "Yablonka",
    "url": "https://www.instagram.com/explore/locations/122098117484016736/finest-home/"
  },
  {
    "id": "2137137186516601",
    "name": "Кав'ярня на жовтневій 42",
    "city": "Yablonka",
    "url": "https://www.instagram.com/explore/locations/2137137186516601/42/"
  },
  {
    "id": "102688651285423",
    "name": "Smartum_Bucha",
    "city": "Yablonka",
    "url": "https://www.instagram.com/explore/locations/102688651285423/smartum_bucha/"
  },
  {
    "id": "101209118003561",
    "name": "Maxi Flora",
    "city": "Yablonka",
    "url": "https://www.instagram.com/explore/locations/101209118003561/maxi-flora/"
  },
  {
    "id": "2414665758552306",
    "name": "Nakuyu - завод металлоизделий",
    "city": "Yablonka",
    "url": "https://www.instagram.com/explore/locations/2414665758552306/nakuyu-/"
  },
  {
    "id": "103743918014030",
    "name": "Baby shop",
    "city": "Yablonka",
    "url": "https://www.instagram.com/explore/locations/103743918014030/baby-shop/"
  }
]