[
  {
    "id": "213969292",
    "name": "Poltava",
    "city": "Poltava",
    "url": "https://www.instagram.com/explore/locations/213969292/poltava/"
  },
  {
    "id": "295378924",
    "name": "Ukraine Poltava",
    "city": "Poltava",
    "url": "https://www.instagram.com/explore/locations/295378924/ukraine-poltava/"
  },
  {
    "id": "239332092",
    "name": "Poltava City",
    "city": "Poltava",
    "url": "https://www.instagram.com/explore/locations/239332092/poltava-city/"
  },
  {
    "id": "14979264",
    "name": "Полтавський державний аграрний університет - ПДАУ",
    "city": "Poltava",
    "url": "https://www.instagram.com/explore/locations/14979264/-/"
  },
  {
    "id": "154545948675178",
    "name": "Sportlife Poltava",
    "city": "Poltava",
    "url": "https://www.instagram.com/explore/locations/154545948675178/sportlife-poltava/"
  },
  {
    "id": "696018437137435",
    "name": "Торгово-розважальний центр «Київ»",
    "city": "Poltava",
    "url": "https://www.instagram.com/explore/locations/696018437137435/-/"
  },
  {
    "id": "640481599764925",
    "name": "Marie Patisserie 2",
    "city": "Poltava",
    "url": "https://www.instagram.com/explore/locations/640481599764925/marie-patisserie-2/"
  },
  {
    "id": "1034275131",
    "name": "Versal Concert Hall - Poltava",
    "city": "Poltava",
    "url": "https://www.instagram.com/explore/locations/1034275131/versal-concert-hall-poltava/"
  },
  {
    "id": "734481500093324",
    "name": "G.Bar Полтава",
    "city": "Poltava",
    "url": "https://www.instagram.com/explore/locations/734481500093324/gbar/"
  },
  {
    "id": "177095951082378",
    "name": "IЗI lounge bar",
    "city": "Poltava",
    "url": "https://www.instagram.com/explore/locations/177095951082378/ii-lounge-bar/"
  },
  {
    "id": "543177032840852",
    "name": "Подиум / Podium",
    "city": "Poltava",
    "url": "https://www.instagram.com/explore/locations/543177032840852/podium/"
  },
  {
    "id": "595776607576114",
    "name": "Бизнес центр ERA, Котляревского, 3",
    "city": "Poltava",
    "url": "https://www.instagram.com/explore/locations/595776607576114/era-3/"
  },
  {
    "id": "250405700",
    "name": "Центр Города Полтава, Ул. Октябрьская 34",
    "city": "Poltava",
    "url": "https://www.instagram.com/explore/locations/250405700/34/"
  },
  {
    "id": "1018885948",
    "name": "Poltava University of Economics and Trade",
    "city": "Poltava",
    "url": "https://www.instagram.com/explore/locations/1018885948/poltava-university-of-economics-and-trade/"
  },
  {
    "id": "1910597012322205",
    "name": "Poltava, Ukraine",
    "city": "Poltava",
    "url": "https://www.instagram.com/explore/locations/1910597012322205/poltava-ukraine/"
  },
  {
    "id": "108277382060967",
    "name": "Кав’ярня-пекарня \"Фотограф\"",
    "city": "Poltava",
    "url": "https://www.instagram.com/explore/locations/108277382060967/-/"
  },
  {
    "id": "238028592",
    "name": "Oleksiy Butovskyi Vorskla Stadium",
    "city": "Poltava",
    "url": "https://www.instagram.com/explore/locations/238028592/oleksiy-butovskyi-vorskla-stadium/"
  },
  {
    "id": "102822781564040",
    "name": "Barhat",
    "city": "Poltava",
    "url": "https://www.instagram.com/explore/locations/102822781564040/barhat/"
  },
  {
    "id": "1259031460794079",
    "name": "ГотельAtmosphereРесторанАтмосфера",
    "city": "Poltava",
    "url": "https://www.instagram.com/explore/locations/1259031460794079/atmosphere/"
  },
  {
    "id": "1145011662233156",
    "name": "Light Studio Metropolitan",
    "city": "Poltava",
    "url": "https://www.instagram.com/explore/locations/1145011662233156/light-studio-metropolitan/"
  },
  {
    "id": "1403261203223894",
    "name": "Spartak GYM фітнес-клуб",
    "city": "Poltava",
    "url": "https://www.instagram.com/explore/locations/1403261203223894/spartak-gym-/"
  },
  {
    "id": "1020397415",
    "name": "BarConcrete Ресторан в Полтаве",
    "city": "Poltava",
    "url": "https://www.instagram.com/explore/locations/1020397415/barconcrete/"
  },
  {
    "id": "188212054918035",
    "name": "The CheeseCake",
    "city": "Poltava",
    "url": "https://www.instagram.com/explore/locations/188212054918035/the-cheesecake/"
  },
  {
    "id": "2283921995177012",
    "name": "Ц - бар",
    "city": "Poltava",
    "url": "https://www.instagram.com/explore/locations/2283921995177012/-/"
  },
  {
    "id": "1017819992",
    "name": "Meat Wood",
    "city": "Poltava",
    "url": "https://www.instagram.com/explore/locations/1017819992/meat-wood/"
  },
  {
    "id": "1032205024",
    "name": "Buns Brew Bar",
    "city": "Poltava",
    "url": "https://www.instagram.com/explore/locations/1032205024/buns-brew-bar/"
  },
  {
    "id": "1773466812775835",
    "name": "Wizoria Конкорд",
    "city": "Poltava",
    "url": "https://www.instagram.com/explore/locations/1773466812775835/wizoria/"
  },
  {
    "id": "111283247257795",
    "name": "Aperol Terrace",
    "city": "Poltava",
    "url": "https://www.instagram.com/explore/locations/111283247257795/aperol-terrace/"
  },
  {
    "id": "301692493520397",
    "name": "Граммофонъ Lounge Karaoke",
    "city": "Poltava",
    "url": "https://www.instagram.com/explore/locations/301692493520397/lounge-karaoke/"
  },
  {
    "id": "337020343774022",
    "name": "Metropolitan Mall",
    "city": "Poltava",
    "url": "https://www.instagram.com/explore/locations/337020343774022/metropolitan-mall/"
  },
  {
    "id": "549228035553998",
    "name": "Гостиница «Киев» / Hotel 'Kyiv'",
    "city": "Poltava",
    "url": "https://www.instagram.com/explore/locations/549228035553998/hotel-kyiv/"
  },
  {
    "id": "1081423671933140",
    "name": "Marie patisserie",
    "city": "Poltava",
    "url": "https://www.instagram.com/explore/locations/1081423671933140/marie-patisserie/"
  },
  {
    "id": "135039487036294",
    "name": "Fitland Центр",
    "city": "Poltava",
    "url": "https://www.instagram.com/explore/locations/135039487036294/fitland/"
  },
  {
    "id": "223526374",
    "name": "Premier Hotel Palazzo",
    "city": "Poltava",
    "url": "https://www.instagram.com/explore/locations/223526374/premier-hotel-palazzo/"
  },
  {
    "id": "106295864190980",
    "name": "Кипяток, Соборности 53/1",
    "city": "Poltava",
    "url": "https://www.instagram.com/explore/locations/106295864190980/531/"
  },
  {
    "id": "7929809",
    "name": "Kofein",
    "city": "Poltava",
    "url": "https://www.instagram.com/explore/locations/7929809/kofein/"
  },
  {
    "id": "609089851",
    "name": "Valber",
    "city": "Poltava",
    "url": "https://www.instagram.com/explore/locations/609089851/valber/"
  },
  {
    "id": "183628332064283",
    "name": "KiotoRich",
    "city": "Poltava",
    "url": "https://www.instagram.com/explore/locations/183628332064283/kiotorich/"
  },
  {
    "id": "1121583114685882",
    "name": "где-то в поле",
    "city": "Poltava",
    "url": "https://www.instagram.com/explore/locations/1121583114685882/-/"
  },
  {
    "id": "485871195197924",
    "name": "ПДМУ PDMU",
    "city": "Poltava",
    "url": "https://www.instagram.com/explore/locations/485871195197924/pdmu/"
  },
  {
    "id": "536564906696237",
    "name": "Wizoria Колос",
    "city": "Poltava",
    "url": "https://www.instagram.com/explore/locations/536564906696237/wizoria/"
  },
  {
    "id": "577523016014652",
    "name": "Школа №5",
    "city": "Poltava",
    "url": "https://www.instagram.com/explore/locations/577523016014652/no5/"
  },
  {
    "id": "1577510325878279",
    "name": "Resto club PODIUM",
    "city": "Poltava",
    "url": "https://www.instagram.com/explore/locations/1577510325878279/resto-club-podium/"
  },
  {
    "id": "111600450295727",
    "name": "nail__tatiana_poltava",
    "city": "Poltava",
    "url": "https://www.instagram.com/explore/locations/111600450295727/nail__tatiana_poltava/"
  },
  {
    "id": "1023341804",
    "name": "Полтава-Киевская",
    "city": "Poltava",
    "url": "https://www.instagram.com/explore/locations/1023341804/-/"
  },
  {
    "id": "1021141752",
    "name": "Jack Bar",
    "city": "Poltava",
    "url": "https://www.instagram.com/explore/locations/1021141752/jack-bar/"
  },
  {
    "id": "476837836058060",
    "name": "Каштанова алея / The Сhestnut alley",
    "city": "Poltava",
    "url": "https://www.instagram.com/explore/locations/476837836058060/the-hestnut-alley/"
  },
  {
    "id": "112206773611436",
    "name": "Pecher's",
    "city": "Poltava",
    "url": "https://www.instagram.com/explore/locations/112206773611436/pechers/"
  },
  {
    "id": "762154743951017",
    "name": "Ресторан \"TAU Poltava\"",
    "city": "Poltava",
    "url": "https://www.instagram.com/explore/locations/762154743951017/tau-poltava/"
  },
  {
    "id": "1032736944",
    "name": "Кондитерська майстерня Komarist",
    "city": "Poltava",
    "url": "https://www.instagram.com/explore/locations/1032736944/komarist/"
  },
  {
    "id": "1644879322500968",
    "name": "Shade Burger",
    "city": "Poltava",
    "url": "https://www.instagram.com/explore/locations/1644879322500968/shade-burger/"
  },
  {
    "id": "1032195928",
    "name": "Сади 2",
    "city": "Poltava",
    "url": "https://www.instagram.com/explore/locations/1032195928/2/"
  },
  {
    "id": "868966396638709",
    "name": "Fitland Club",
    "city": "Poltava",
    "url": "https://www.instagram.com/explore/locations/868966396638709/fitland-club/"
  },
  {
    "id": "865238443822931",
    "name": "Izi",
    "city": "Poltava",
    "url": "https://www.instagram.com/explore/locations/865238443822931/izi/"
  },
  {
    "id": "113048847178619",
    "name": "O ‘ Donna Outlet",
    "city": "Poltava",
    "url": "https://www.instagram.com/explore/locations/113048847178619/o-donna-outlet/"
  },
  {
    "id": "100684828227595",
    "name": "Алмаз_ Бизнес-Центр",
    "city": "Poltava",
    "url": "https://www.instagram.com/explore/locations/100684828227595/_-/"
  },
  {
    "id": "283966409146943",
    "name": "Пологовий будинок 1",
    "city": "Poltava",
    "url": "https://www.instagram.com/explore/locations/283966409146943/1/"
  },
  {
    "id": "12957483",
    "name": "Fashion Club Podium",
    "city": "Poltava",
    "url": "https://www.instagram.com/explore/locations/12957483/fashion-club-podium/"
  },
  {
    "id": "123646526088443",
    "name": "Bad Company Barbershop",
    "city": "Poltava",
    "url": "https://www.instagram.com/explore/locations/123646526088443/bad-company-barbershop/"
  },
  {
    "id": "100449058598272",
    "name": "Piana Vyshnia / П'яна Вишня",
    "city": "Poltava",
    "url": "https://www.instagram.com/explore/locations/100449058598272/piana-vyshnia/"
  },
  {
    "id": "1722451224531627",
    "name": "TUI Полтава ТЦ Метрополітен",
    "city": "Poltava",
    "url": "https://www.instagram.com/explore/locations/1722451224531627/tui/"
  },
  {
    "id": "220167526",
    "name": "Versal",
    "city": "Poltava",
    "url": "https://www.instagram.com/explore/locations/220167526/versal/"
  },
  {
    "id": "228966447601656",
    "name": "Фітнес-клуб Space",
    "city": "Poltava",
    "url": "https://www.instagram.com/explore/locations/228966447601656/-space/"
  },
  {
    "id": "1039237996167716",
    "name": "Кафе-кондитерская \"Ваниль\"",
    "city": "Poltava",
    "url": "https://www.instagram.com/explore/locations/1039237996167716/-/"
  },
  {
    "id": "153479921927528",
    "name": "JoinUp Poltava",
    "city": "Poltava",
    "url": "https://www.instagram.com/explore/locations/153479921927528/joinup-poltava/"
  },
  {
    "id": "112872210073718",
    "name": "Beauty Coworking Point",
    "city": "Poltava",
    "url": "https://www.instagram.com/explore/locations/112872210073718/beauty-coworking-point/"
  },
  {
    "id": "432600900",
    "name": "Moxito",
    "city": "Poltava",
    "url": "https://www.instagram.com/explore/locations/432600900/moxito/"
  },
  {
    "id": "1418060698503909",
    "name": "JPLC",
    "city": "Poltava",
    "url": "https://www.instagram.com/explore/locations/1418060698503909/jplc/"
  },
  {
    "id": "696625223812935",
    "name": "GREEN ETUDE",
    "city": "Poltava",
    "url": "https://www.instagram.com/explore/locations/696625223812935/green-etude/"
  },
  {
    "id": "610321165",
    "name": "Мюнхен - Шашлычный двор",
    "city": "Poltava",
    "url": "https://www.instagram.com/explore/locations/610321165/-/"
  },
  {
    "id": "728211516",
    "name": "1 Городская Больница Полтава",
    "city": "Poltava",
    "url": "https://www.instagram.com/explore/locations/728211516/1/"
  },
  {
    "id": "1911754449085570",
    "name": "Woka Poltava",
    "city": "Poltava",
    "url": "https://www.instagram.com/explore/locations/1911754449085570/woka-poltava/"
  },
  {
    "id": "110506530753533",
    "name": "Poltava Region",
    "city": "Poltava",
    "url": "https://www.instagram.com/explore/locations/110506530753533/poltava-region/"
  },
  {
    "id": "299319421",
    "name": "Metropolıtan",
    "city": "Poltava",
    "url": "https://www.instagram.com/explore/locations/299319421/metropoltan/"
  },
  {
    "id": "510323602742467",
    "name": "Old Tiflis",
    "city": "Poltava",
    "url": "https://www.instagram.com/explore/locations/510323602742467/old-tiflis/"
  },
  {
    "id": "625828364255207",
    "name": "Лесной Ресторан-Отель Глухомань",
    "city": "Poltava",
    "url": "https://www.instagram.com/explore/locations/625828364255207/-/"
  },
  {
    "id": "1756734627696974",
    "name": "Полтава,европейская 20а",
    "city": "Poltava",
    "url": "https://www.instagram.com/explore/locations/1756734627696974/20/"
  },
  {
    "id": "104727818077116",
    "name": "Йога - это жизнь",
    "city": "Poltava",
    "url": "https://www.instagram.com/explore/locations/104727818077116/-/"
  },
  {
    "id": "251721562431175",
    "name": "JJ&K - Кальян Бар Полтава",
    "city": "Poltava",
    "url": "https://www.instagram.com/explore/locations/251721562431175/jjk-/"
  },
  {
    "id": "419898155224951",
    "name": "Ajour",
    "city": "Poltava",
    "url": "https://www.instagram.com/explore/locations/419898155224951/ajour/"
  },
  {
    "id": "1031901865",
    "name": "TUR Турагенція Полтава",
    "city": "Poltava",
    "url": "https://www.instagram.com/explore/locations/1031901865/tur/"
  },
  {
    "id": "1043252375814061",
    "name": "Poltava Pole Dance Studio",
    "city": "Poltava",
    "url": "https://www.instagram.com/explore/locations/1043252375814061/poltava-pole-dance-studio/"
  },
  {
    "id": "357013654",
    "name": "Шато Галери - Gallery Reikartz Poltava",
    "city": "Poltava",
    "url": "https://www.instagram.com/explore/locations/357013654/-gallery-reikartz-poltava/"
  },
  {
    "id": "986297428150298",
    "name": "Школа №38",
    "city": "Poltava",
    "url": "https://www.instagram.com/explore/locations/986297428150298/no38/"
  },
  {
    "id": "1862367944002855",
    "name": "Viva Olive",
    "city": "Poltava",
    "url": "https://www.instagram.com/explore/locations/1862367944002855/viva-olive/"
  },
  {
    "id": "102511798037849",
    "name": "Горлиця Beauty",
    "city": "Poltava",
    "url": "https://www.instagram.com/explore/locations/102511798037849/beauty/"
  },
  {
    "id": "1021290421",
    "name": "Beer House, Poltava",
    "city": "Poltava",
    "url": "https://www.instagram.com/explore/locations/1021290421/beer-house-poltava/"
  },
  {
    "id": "106418601015466",
    "name": "Hotel&cafe Everest",
    "city": "Poltava",
    "url": "https://www.instagram.com/explore/locations/106418601015466/hotelcafe-everest/"
  },
  {
    "id": "528400837515368",
    "name": "JJ&K - Кальян Бар",
    "city": "Poltava",
    "url": "https://www.instagram.com/explore/locations/528400837515368/jjk-/"
  },
  {
    "id": "846083782403162",
    "name": "Vitamin Beauty",
    "city": "Poltava",
    "url": "https://www.instagram.com/explore/locations/846083782403162/vitamin-beauty/"
  },
  {
    "id": "1340715959342115",
    "name": "ЖК \"Family Park\"",
    "city": "Poltava",
    "url": "https://www.instagram.com/explore/locations/1340715959342115/family-park/"
  },
  {
    "id": "1004753612988691",
    "name": "Floret",
    "city": "Poltava",
    "url": "https://www.instagram.com/explore/locations/1004753612988691/floret/"
  },
  {
    "id": "266651967370293",
    "name": "Natali Beauty Studio",
    "city": "Poltava",
    "url": "https://www.instagram.com/explore/locations/266651967370293/natali-beauty-studio/"
  },
  {
    "id": "327140239",
    "name": "Шаляпин Караоке Клуб Котляревского 1/27 Полтава",
    "city": "Poltava",
    "url": "https://www.instagram.com/explore/locations/327140239/127/"
  },
  {
    "id": "106780618365783",
    "name": "Офісний центр, пл. Павленківська, 3Д",
    "city": "Poltava",
    "url": "https://www.instagram.com/explore/locations/106780618365783/3/"
  },
  {
    "id": "2034089563512371",
    "name": "Студия VeAn tattoo Полтава",
    "city": "Poltava",
    "url": "https://www.instagram.com/explore/locations/2034089563512371/vean-tattoo/"
  },
  {
    "id": "358564431142664",
    "name": "Ok flowers",
    "city": "Poltava",
    "url": "https://www.instagram.com/explore/locations/358564431142664/ok-flowers/"
  },
  {
    "id": "409209077",
    "name": "Полтавський обласний центр естетичного виховання учнівської молоді - ОЦЕВУМ",
    "city": "Poltava",
    "url": "https://www.instagram.com/explore/locations/409209077/-/"
  },
  {
    "id": "1018532184",
    "name": "Poltava Kyivska Railway station",
    "city": "Poltava",
    "url": "https://www.instagram.com/explore/locations/1018532184/poltava-kyivska-railway-station/"
  },
  {
    "id": "517981528",
    "name": "Art Centre ZELO",
    "city": "Poltava",
    "url": "https://www.instagram.com/explore/locations/517981528/art-centre-zelo/"
  },
  {
    "id": "2220441064670965",
    "name": "Полтава Котляревського 21",
    "city": "Poltava",
    "url": "https://www.instagram.com/explore/locations/2220441064670965/21/"
  },
  {
    "id": "643631645",
    "name": "Залізничний Вокзал Полтава-Київська",
    "city": "Poltava",
    "url": "https://www.instagram.com/explore/locations/643631645/-/"
  },
  {
    "id": "302371713915217",
    "name": "Полтавский Городской Роддом N1",
    "city": "Poltava",
    "url": "https://www.instagram.com/explore/locations/302371713915217/n1/"
  },
  {
    "id": "158864061341446",
    "name": "FitZona17",
    "city": "Poltava",
    "url": "https://www.instagram.com/explore/locations/158864061341446/fitzona17/"
  },
  {
    "id": "1435284769937209",
    "name": "Reikartz Галерея Полтава",
    "city": "Poltava",
    "url": "https://www.instagram.com/explore/locations/1435284769937209/reikartz/"
  },
  {
    "id": "1957713054539019",
    "name": "Viv live м.Полтава",
    "city": "Poltava",
    "url": "https://www.instagram.com/explore/locations/1957713054539019/viv-live/"
  },
  {
    "id": "188917591649366",
    "name": "Aromakava",
    "city": "Poltava",
    "url": "https://www.instagram.com/explore/locations/188917591649366/aromakava/"
  },
  {
    "id": "101488231422668",
    "name": "Brosko.studio.poltava",
    "city": "Poltava",
    "url": "https://www.instagram.com/explore/locations/101488231422668/broskostudiopoltava/"
  },
  {
    "id": "1033040295",
    "name": "Арт Платформа 11",
    "city": "Poltava",
    "url": "https://www.instagram.com/explore/locations/1033040295/11/"
  },
  {
    "id": "520369470",
    "name": "International Scientific Educational Center of PUET",
    "city": "Poltava",
    "url": "https://www.instagram.com/explore/locations/520369470/international-scientific-educational-center-of-puet/"
  },
  {
    "id": "851263478342398",
    "name": "Old Dutch barbershop",
    "city": "Poltava",
    "url": "https://www.instagram.com/explore/locations/851263478342398/old-dutch-barbershop/"
  },
  {
    "id": "267625516",
    "name": "Kharkiv",
    "city": "Poltava",
    "url": "https://www.instagram.com/explore/locations/267625516/kharkiv/"
  },
  {
    "id": "1654097561564687",
    "name": "NovaStyle",
    "city": "Poltava",
    "url": "https://www.instagram.com/explore/locations/1654097561564687/novastyle/"
  },
  {
    "id": "604768386542884",
    "name": "Степного Фронта, 48.магазин Наталка І Петро\"",
    "city": "Poltava",
    "url": "https://www.instagram.com/explore/locations/604768386542884/48/"
  },
  {
    "id": "213352827",
    "name": "Podium, Poltava",
    "city": "Poltava",
    "url": "https://www.instagram.com/explore/locations/213352827/podium-poltava/"
  },
  {
    "id": "1288437047915183",
    "name": "Фотостудія \"Happy\"",
    "city": "Poltava",
    "url": "https://www.instagram.com/explore/locations/1288437047915183/happy/"
  },
  {
    "id": "226173940",
    "name": "Karaoke-Hall Balkon",
    "city": "Poltava",
    "url": "https://www.instagram.com/explore/locations/226173940/karaoke-hall-balkon/"
  },
  {
    "id": "256738354696406",
    "name": "Салон краси Laser Studio Elle. г.Полтава",
    "city": "Poltava",
    "url": "https://www.instagram.com/explore/locations/256738354696406/laser-studio-elle/"
  },
  {
    "id": "1251854634888750",
    "name": "1st Room by PFD",
    "city": "Poltava",
    "url": "https://www.instagram.com/explore/locations/1251854634888750/1st-room-by-pfd/"
  },
  {
    "id": "1018555899",
    "name": "Магазин BOOTiCO",
    "city": "Poltava",
    "url": "https://www.instagram.com/explore/locations/1018555899/bootico/"
  },
  {
    "id": "154203181853135",
    "name": "Montana Pizza Poltava",
    "city": "Poltava",
    "url": "https://www.instagram.com/explore/locations/154203181853135/montana-pizza-poltava/"
  },
  {
    "id": "1275375865935992",
    "name": "фитнес клуб KING",
    "city": "Poltava",
    "url": "https://www.instagram.com/explore/locations/1275375865935992/king/"
  },
  {
    "id": "141141676675863",
    "name": "Соборности 54",
    "city": "Poltava",
    "url": "https://www.instagram.com/explore/locations/141141676675863/54/"
  },
  {
    "id": "1024151328",
    "name": "Sorochin Yar",
    "city": "Poltava",
    "url": "https://www.instagram.com/explore/locations/1024151328/sorochin-yar/"
  },
  {
    "id": "695639367",
    "name": "G Coffee",
    "city": "Poltava",
    "url": "https://www.instagram.com/explore/locations/695639367/g-coffee/"
  },
  {
    "id": "889839429",
    "name": "PTV.UA",
    "city": "Poltava",
    "url": "https://www.instagram.com/explore/locations/889839429/ptvua/"
  },
  {
    "id": "324385898207251",
    "name": "Freeride",
    "city": "Poltava",
    "url": "https://www.instagram.com/explore/locations/324385898207251/freeride/"
  },
  {
    "id": "1983666718519780",
    "name": "DREAM Hostel Poltava / Дрим Хостел Полтава",
    "city": "Poltava",
    "url": "https://www.instagram.com/explore/locations/1983666718519780/dream-hostel-poltava/"
  },
  {
    "id": "105782725208095",
    "name": "Detox Centre Poltava",
    "city": "Poltava",
    "url": "https://www.instagram.com/explore/locations/105782725208095/detox-centre-poltava/"
  },
  {
    "id": "152058008788547",
    "name": "POLE ART studio",
    "city": "Poltava",
    "url": "https://www.instagram.com/explore/locations/152058008788547/pole-art-studio/"
  },
  {
    "id": "256143894790883",
    "name": "Свято - Макаріївський кафедральний собор",
    "city": "Poltava",
    "url": "https://www.instagram.com/explore/locations/256143894790883/-/"
  },
  {
    "id": "1022169619",
    "name": "Кіото-Бар",
    "city": "Poltava",
    "url": "https://www.instagram.com/explore/locations/1022169619/-/"
  },
  {
    "id": "100452875105293",
    "name": "Полтава Соборності 46",
    "city": "Poltava",
    "url": "https://www.instagram.com/explore/locations/100452875105293/46/"
  },
  {
    "id": "1972606849441105",
    "name": "Sinsay",
    "city": "Poltava",
    "url": "https://www.instagram.com/explore/locations/1972606849441105/sinsay/"
  },
  {
    "id": "487321128337288",
    "name": "kavapoltava",
    "city": "Poltava",
    "url": "https://www.instagram.com/explore/locations/487321128337288/kavapoltava/"
  },
  {
    "id": "1029676253",
    "name": "Салон краси та SPA \"Caesar\"",
    "city": "Poltava",
    "url": "https://www.instagram.com/explore/locations/1029676253/spa-caesar/"
  },
  {
    "id": "822972307",
    "name": "JUMP Contemporary Art Center",
    "city": "Poltava",
    "url": "https://www.instagram.com/explore/locations/822972307/jump-contemporary-art-center/"
  },
  {
    "id": "282959631733740",
    "name": "ВСП \"Аграрно-економічний фаховий коледж ПДАУ\"",
    "city": "Poltava",
    "url": "https://www.instagram.com/explore/locations/282959631733740/-/"
  },
  {
    "id": "106455654962859",
    "name": "BENCH",
    "city": "Poltava",
    "url": "https://www.instagram.com/explore/locations/106455654962859/bench/"
  },
  {
    "id": "112458833671516",
    "name": "Фітнес-студія New Time",
    "city": "Poltava",
    "url": "https://www.instagram.com/explore/locations/112458833671516/-new-time/"
  },
  {
    "id": "391608667837662",
    "name": "Полтава, Европейская 68",
    "city": "Poltava",
    "url": "https://www.instagram.com/explore/locations/391608667837662/68/"
  },
  {
    "id": "116551202364270",
    "name": "Helen Doron Poltava",
    "city": "Poltava",
    "url": "https://www.instagram.com/explore/locations/116551202364270/helen-doron-poltava/"
  },
  {
    "id": "1451787701639729",
    "name": "SC Pavlenki",
    "city": "Poltava",
    "url": "https://www.instagram.com/explore/locations/1451787701639729/sc-pavlenki/"
  },
  {
    "id": "423597518475253",
    "name": "Poltava Mosque",
    "city": "Poltava",
    "url": "https://www.instagram.com/explore/locations/423597518475253/poltava-mosque/"
  },
  {
    "id": "515587778964186",
    "name": "ONE GOG",
    "city": "Poltava",
    "url": "https://www.instagram.com/explore/locations/515587778964186/one-gog/"
  },
  {
    "id": "268823520",
    "name": "Black Label Tattoo Studio",
    "city": "Poltava",
    "url": "https://www.instagram.com/explore/locations/268823520/black-label-tattoo-studio/"
  },
  {
    "id": "101216404773625",
    "name": "Shvaikovskaya Clinic",
    "city": "Poltava",
    "url": "https://www.instagram.com/explore/locations/101216404773625/shvaikovskaya-clinic/"
  },
  {
    "id": "573762782974894",
    "name": "Bar 22",
    "city": "Poltava",
    "url": "https://www.instagram.com/explore/locations/573762782974894/bar-22/"
  },
  {
    "id": "100984869021634",
    "name": "Офісний центр \"Парковий\", пл. Павленківська, 3Д",
    "city": "Poltava",
    "url": "https://www.instagram.com/explore/locations/100984869021634/3/"
  },
  {
    "id": "1229938030455060",
    "name": "La Sposa салон весільних та вечірніх суконь",
    "city": "Poltava",
    "url": "https://www.instagram.com/explore/locations/1229938030455060/la-sposa/"
  },
  {
    "id": "176883209836908",
    "name": "TA-DA",
    "city": "Poltava",
    "url": "https://www.instagram.com/explore/locations/176883209836908/ta-da/"
  },
  {
    "id": "234293564",
    "name": "Poltava Kyivska Railway Terminal",
    "city": "Poltava",
    "url": "https://www.instagram.com/explore/locations/234293564/poltava-kyivska-railway-terminal/"
  },
  {
    "id": "1742027529394349",
    "name": "New York Street Pizza",
    "city": "Poltava",
    "url": "https://www.instagram.com/explore/locations/1742027529394349/new-york-street-pizza/"
  },
  {
    "id": "300032029",
    "name": "Aristokrat Hotel",
    "city": "Poltava",
    "url": "https://www.instagram.com/explore/locations/300032029/aristokrat-hotel/"
  },
  {
    "id": "110755011744515",
    "name": "BOOST coffee club",
    "city": "Poltava",
    "url": "https://www.instagram.com/explore/locations/110755011744515/boost-coffee-club/"
  },
  {
    "id": "1303923869726554",
    "name": "Love Cake",
    "city": "Poltava",
    "url": "https://www.instagram.com/explore/locations/1303923869726554/love-cake/"
  },
  {
    "id": "1034441050",
    "name": "Sherbet Poltava",
    "city": "Poltava",
    "url": "https://www.instagram.com/explore/locations/1034441050/sherbet-poltava/"
  },
  {
    "id": "111062309588037",
    "name": "Rockit pizza & sushi",
    "city": "Poltava",
    "url": "https://www.instagram.com/explore/locations/111062309588037/rockit-pizza-sushi/"
  },
  {
    "id": "2794243990615891",
    "name": "Fashion mood poltava",
    "city": "Poltava",
    "url": "https://www.instagram.com/explore/locations/2794243990615891/fashion-mood-poltava/"
  },
  {
    "id": "738573416245406",
    "name": "Кальянная в Полтаве AliceHookah",
    "city": "Poltava",
    "url": "https://www.instagram.com/explore/locations/738573416245406/alicehookah/"
  },
  {
    "id": "126476274804385",
    "name": "Nail PLACE",
    "city": "Poltava",
    "url": "https://www.instagram.com/explore/locations/126476274804385/nail-place/"
  },
  {
    "id": "501584283573617",
    "name": "BeautyStudioЯНА",
    "city": "Poltava",
    "url": "https://www.instagram.com/explore/locations/501584283573617/beautystudio/"
  },
  {
    "id": "259062505",
    "name": "WORLD Travel",
    "city": "Poltava",
    "url": "https://www.instagram.com/explore/locations/259062505/world-travel/"
  },
  {
    "id": "459586514503608",
    "name": "Полтава, Соборності 72, Атб-маркет",
    "city": "Poltava",
    "url": "https://www.instagram.com/explore/locations/459586514503608/72-/"
  },
  {
    "id": "431437056895632",
    "name": "Baltavar",
    "city": "Poltava",
    "url": "https://www.instagram.com/explore/locations/431437056895632/baltavar/"
  },
  {
    "id": "333594273872682",
    "name": "MAKAO",
    "city": "Poltava",
    "url": "https://www.instagram.com/explore/locations/333594273872682/makao/"
  },
  {
    "id": "511699525889024",
    "name": "Суржик Pub",
    "city": "Poltava",
    "url": "https://www.instagram.com/explore/locations/511699525889024/pub/"
  },
  {
    "id": "418480142",
    "name": "Kioto Bar Poltava",
    "city": "Poltava",
    "url": "https://www.instagram.com/explore/locations/418480142/kioto-bar-poltava/"
  },
  {
    "id": "110612017410358",
    "name": "Коворкінг-Антикафе \"Friendzone\"",
    "city": "Poltava",
    "url": "https://www.instagram.com/explore/locations/110612017410358/-friendzone/"
  },
  {
    "id": "1016023768",
    "name": "Barconcrete",
    "city": "Poltava",
    "url": "https://www.instagram.com/explore/locations/1016023768/barconcrete/"
  },
  {
    "id": "1014071306",
    "name": "ProWine",
    "city": "Poltava",
    "url": "https://www.instagram.com/explore/locations/1014071306/prowine/"
  },
  {
    "id": "1017923475",
    "name": "Bar Concrete",
    "city": "Poltava",
    "url": "https://www.instagram.com/explore/locations/1017923475/bar-concrete/"
  },
  {
    "id": "405074323558077",
    "name": "SHOOM",
    "city": "Poltava",
    "url": "https://www.instagram.com/explore/locations/405074323558077/shoom/"
  },
  {
    "id": "825788960935264",
    "name": "Паб Beer House на Пушкина 16",
    "city": "Poltava",
    "url": "https://www.instagram.com/explore/locations/825788960935264/beer-house-16/"
  },
  {
    "id": "1857705620928885",
    "name": "Теле-Пицца",
    "city": "Poltava",
    "url": "https://www.instagram.com/explore/locations/1857705620928885/-/"
  },
  {
    "id": "279450456070520",
    "name": "Double A",
    "city": "Poltava",
    "url": "https://www.instagram.com/explore/locations/279450456070520/double-a/"
  },
  {
    "id": "101300011301289",
    "name": "Dreamcraft.com.ua",
    "city": "Poltava",
    "url": "https://www.instagram.com/explore/locations/101300011301289/dreamcraftcomua/"
  },
  {
    "id": "374734630018015",
    "name": "ZUZU sushi",
    "city": "Poltava",
    "url": "https://www.instagram.com/explore/locations/374734630018015/zuzu-sushi/"
  },
  {
    "id": "1017742647",
    "name": "ROCK NAILS",
    "city": "Poltava",
    "url": "https://www.instagram.com/explore/locations/1017742647/rock-nails/"
  },
  {
    "id": "106112354579677",
    "name": "Dom Colorista",
    "city": "Poltava",
    "url": "https://www.instagram.com/explore/locations/106112354579677/dom-colorista/"
  },
  {
    "id": "2127054357327335",
    "name": "Poltava Ул. Гетьмана Сагайдачного,8а",
    "city": "Poltava",
    "url": "https://www.instagram.com/explore/locations/2127054357327335/poltava-8/"
  },
  {
    "id": "1035212116610316",
    "name": "Becon",
    "city": "Poltava",
    "url": "https://www.instagram.com/explore/locations/1035212116610316/becon/"
  },
  {
    "id": "105329218648099",
    "name": "Територія 404",
    "city": "Poltava",
    "url": "https://www.instagram.com/explore/locations/105329218648099/404/"
  },
  {
    "id": "1027056410",
    "name": "Galushka",
    "city": "Poltava",
    "url": "https://www.instagram.com/explore/locations/1027056410/galushka/"
  },
  {
    "id": "584732341978158",
    "name": "Сади-2",
    "city": "Poltava",
    "url": "https://www.instagram.com/explore/locations/584732341978158/-2/"
  },
  {
    "id": "104695717661040",
    "name": "_mango_poltava_",
    "city": "Poltava",
    "url": "https://www.instagram.com/explore/locations/104695717661040/_mango_poltava_/"
  },
  {
    "id": "1975519889344332",
    "name": "Pizza Cat",
    "city": "Poltava",
    "url": "https://www.instagram.com/explore/locations/1975519889344332/pizza-cat/"
  },
  {
    "id": "154817762027763",
    "name": "Полтавський НВК №16",
    "city": "Poltava",
    "url": "https://www.instagram.com/explore/locations/154817762027763/no16/"
  },
  {
    "id": "580908459043754",
    "name": "Hokku",
    "city": "Poltava",
    "url": "https://www.instagram.com/explore/locations/580908459043754/hokku/"
  },
  {
    "id": "1024749042",
    "name": "Grass Business Labs",
    "city": "Poltava",
    "url": "https://www.instagram.com/explore/locations/1024749042/grass-business-labs/"
  },
  {
    "id": "450593918782984",
    "name": "Hookah Boss Lounge bar Полтава",
    "city": "Poltava",
    "url": "https://www.instagram.com/explore/locations/450593918782984/hookah-boss-lounge-bar/"
  },
  {
    "id": "104627847858376",
    "name": "Rustaveli",
    "city": "Poltava",
    "url": "https://www.instagram.com/explore/locations/104627847858376/rustaveli/"
  },
  {
    "id": "113610783667227",
    "name": "«Сито» Магазин-ресторан",
    "city": "Poltava",
    "url": "https://www.instagram.com/explore/locations/113610783667227/-/"
  },
  {
    "id": "173809190210107",
    "name": "Wizoria Konkord",
    "city": "Poltava",
    "url": "https://www.instagram.com/explore/locations/173809190210107/wizoria-konkord/"
  },
  {
    "id": "107447584876450",
    "name": "33 coffee wave",
    "city": "Poltava",
    "url": "https://www.instagram.com/explore/locations/107447584876450/33-coffee-wave/"
  },
  {
    "id": "315893889199519",
    "name": "ТанінТорт / TaninTort",
    "city": "Poltava",
    "url": "https://www.instagram.com/explore/locations/315893889199519/tanintort/"
  },
  {
    "id": "774687385",
    "name": "Meat Wood",
    "city": "Poltava",
    "url": "https://www.instagram.com/explore/locations/774687385/meat-wood/"
  },
  {
    "id": "447521881",
    "name": "Церква Хліб Життя/Bread of Life Church",
    "city": "Poltava",
    "url": "https://www.instagram.com/explore/locations/447521881/bread-of-life-church/"
  },
  {
    "id": "111059376970938",
    "name": "Lord Barbershop",
    "city": "Poltava",
    "url": "https://www.instagram.com/explore/locations/111059376970938/lord-barbershop/"
  },
  {
    "id": "984537011642768",
    "name": "Sherbet Beer Club & Food",
    "city": "Poltava",
    "url": "https://www.instagram.com/explore/locations/984537011642768/sherbet-beer-club-food/"
  },
  {
    "id": "1014694524",
    "name": "Poltava, Lileya",
    "city": "Poltava",
    "url": "https://www.instagram.com/explore/locations/1014694524/poltava-lileya/"
  },
  {
    "id": "462518991246261",
    "name": "Перинатальний центр КП \"1-А МКЛ ПМР\"",
    "city": "Poltava",
    "url": "https://www.instagram.com/explore/locations/462518991246261/1-/"
  },
  {
    "id": "105692191190441",
    "name": "Grand Mangal Restaurant",
    "city": "Poltava",
    "url": "https://www.instagram.com/explore/locations/105692191190441/grand-mangal-restaurant/"
  },
  {
    "id": "1081182425396746",
    "name": "Wake Up Coffee",
    "city": "Poltava",
    "url": "https://www.instagram.com/explore/locations/1081182425396746/wake-up-coffee/"
  },
  {
    "id": "104205132049395",
    "name": "brosko.studio.poltava2",
    "city": "Poltava",
    "url": "https://www.instagram.com/explore/locations/104205132049395/broskostudiopoltava2/"
  },
  {
    "id": "261156659",
    "name": "Sweet Home",
    "city": "Poltava",
    "url": "https://www.instagram.com/explore/locations/261156659/sweet-home/"
  },
  {
    "id": "49494327",
    "name": "Peperoncino",
    "city": "Poltava",
    "url": "https://www.instagram.com/explore/locations/49494327/peperoncino/"
  },
  {
    "id": "489052778118290",
    "name": "Daru Studio",
    "city": "Poltava",
    "url": "https://www.instagram.com/explore/locations/489052778118290/daru-studio/"
  },
  {
    "id": "385193472309570",
    "name": "Alicehookah",
    "city": "Poltava",
    "url": "https://www.instagram.com/explore/locations/385193472309570/alicehookah/"
  },
  {
    "id": "1887366918241214",
    "name": "Ukrainian Medical Stomatological Academy Poltava-UMSA",
    "city": "Poltava",
    "url": "https://www.instagram.com/explore/locations/1887366918241214/ukrainian-medical-stomatological-academy-poltava-umsa/"
  },
  {
    "id": "531553647370564",
    "name": "Pecher’s",
    "city": "Poltava",
    "url": "https://www.instagram.com/explore/locations/531553647370564/pechers/"
  },
  {
    "id": "266063987",
    "name": "Tau",
    "city": "Poltava",
    "url": "https://www.instagram.com/explore/locations/266063987/tau/"
  },
  {
    "id": "260305777863543",
    "name": "MAMA_Ink_tattoo",
    "city": "Poltava",
    "url": "https://www.instagram.com/explore/locations/260305777863543/mama_ink_tattoo/"
  },
  {
    "id": "1427573630592130",
    "name": "Vivat Провинция\"",
    "city": "Poltava",
    "url": "https://www.instagram.com/explore/locations/1427573630592130/vivat/"
  },
  {
    "id": "1249622668390568",
    "name": "Смайлик - дитячий клуб",
    "city": "Poltava",
    "url": "https://www.instagram.com/explore/locations/1249622668390568/-/"
  },
  {
    "id": "102020071326700",
    "name": "KFC Poltava",
    "city": "Poltava",
    "url": "https://www.instagram.com/explore/locations/102020071326700/kfc-poltava/"
  },
  {
    "id": "101787965474240",
    "name": "BVS",
    "city": "Poltava",
    "url": "https://www.instagram.com/explore/locations/101787965474240/bvs/"
  },
  {
    "id": "102200799959993",
    "name": "ABC English School",
    "city": "Poltava",
    "url": "https://www.instagram.com/explore/locations/102200799959993/abc-english-school/"
  },
  {
    "id": "112883443613703",
    "name": "Era.Poltava",
    "city": "Poltava",
    "url": "https://www.instagram.com/explore/locations/112883443613703/erapoltava/"
  },
  {
    "id": "235530394",
    "name": "Oliva",
    "city": "Poltava",
    "url": "https://www.instagram.com/explore/locations/235530394/oliva/"
  },
  {
    "id": "110177151404250",
    "name": "Bio Dental Clinic Полтава",
    "city": "Poltava",
    "url": "https://www.instagram.com/explore/locations/110177151404250/bio-dental-clinic/"
  },
  {
    "id": "582924575545618",
    "name": "Atmosfera",
    "city": "Poltava",
    "url": "https://www.instagram.com/explore/locations/582924575545618/atmosfera/"
  },
  {
    "id": "1844441725786510",
    "name": "Кофейня - MY KAVA",
    "city": "Poltava",
    "url": "https://www.instagram.com/explore/locations/1844441725786510/-my-kava/"
  },
  {
    "id": "189302481437401",
    "name": "Voronianska",
    "city": "Poltava",
    "url": "https://www.instagram.com/explore/locations/189302481437401/voronianska/"
  },
  {
    "id": "102402921255423",
    "name": "Кафе 13-й Кордон",
    "city": "Poltava",
    "url": "https://www.instagram.com/explore/locations/102402921255423/13-/"
  },
  {
    "id": "109954857185332",
    "name": "Poltava Judo Team",
    "city": "Poltava",
    "url": "https://www.instagram.com/explore/locations/109954857185332/poltava-judo-team/"
  },
  {
    "id": "475596162474189",
    "name": "JustTravel",
    "city": "Poltava",
    "url": "https://www.instagram.com/explore/locations/475596162474189/justtravel/"
  },
  {
    "id": "169679373642513",
    "name": "Vladicom Cosmetics Poltava",
    "city": "Poltava",
    "url": "https://www.instagram.com/explore/locations/169679373642513/vladicom-cosmetics-poltava/"
  },
  {
    "id": "363903664470381",
    "name": "Food House",
    "city": "Poltava",
    "url": "https://www.instagram.com/explore/locations/363903664470381/food-house/"
  },
  {
    "id": "1711036445801347",
    "name": "King Poltava 2016",
    "city": "Poltava",
    "url": "https://www.instagram.com/explore/locations/1711036445801347/king-poltava-2016/"
  },
  {
    "id": "591351787941789",
    "name": "Poltava State Medical University",
    "city": "Poltava",
    "url": "https://www.instagram.com/explore/locations/591351787941789/poltava-state-medical-university/"
  },
  {
    "id": "102292615001907",
    "name": "Beauty ST Bar",
    "city": "Poltava",
    "url": "https://www.instagram.com/explore/locations/102292615001907/beauty-st-bar/"
  },
  {
    "id": "398932772",
    "name": "Versal Concert Hall",
    "city": "Poltava",
    "url": "https://www.instagram.com/explore/locations/398932772/versal-concert-hall/"
  },
  {
    "id": "577282863",
    "name": "Groomboomгруминг-студия, стрижка собак и котов",
    "city": "Poltava",
    "url": "https://www.instagram.com/explore/locations/577282863/groomboom-/"
  },
  {
    "id": "667573896912077",
    "name": "Pushka.lounge",
    "city": "Poltava",
    "url": "https://www.instagram.com/explore/locations/667573896912077/pushkalounge/"
  },
  {
    "id": "2274615162858352",
    "name": "Va_bene_plt",
    "city": "Poltava",
    "url": "https://www.instagram.com/explore/locations/2274615162858352/va_bene_plt/"
  },
  {
    "id": "891465214314144",
    "name": "Студия Stile Regina",
    "city": "Poltava",
    "url": "https://www.instagram.com/explore/locations/891465214314144/stile-regina/"
  },
  {
    "id": "1015966549",
    "name": "TUI Полтава на Соборности46",
    "city": "Poltava",
    "url": "https://www.instagram.com/explore/locations/1015966549/tui-46/"
  },
  {
    "id": "113748383762727",
    "name": "Lora Studio",
    "city": "Poltava",
    "url": "https://www.instagram.com/explore/locations/113748383762727/lora-studio/"
  },
  {
    "id": "102720254561816",
    "name": "Полтава,ул.чорновола 2",
    "city": "Poltava",
    "url": "https://www.instagram.com/explore/locations/102720254561816/2/"
  },
  {
    "id": "1130219037055318",
    "name": "Полтава, Ул.сковороды 2В",
    "city": "Poltava",
    "url": "https://www.instagram.com/explore/locations/1130219037055318/2/"
  },
  {
    "id": "105129081432171",
    "name": "Soul Touch Coffee",
    "city": "Poltava",
    "url": "https://www.instagram.com/explore/locations/105129081432171/soul-touch-coffee/"
  },
  {
    "id": "193101124913684",
    "name": "Kofein",
    "city": "Poltava",
    "url": "https://www.instagram.com/explore/locations/193101124913684/kofein/"
  },
  {
    "id": "243302500",
    "name": "Общежитие #2",
    "city": "Poltava",
    "url": "https://www.instagram.com/explore/locations/243302500/2/"
  },
  {
    "id": "461685674567773",
    "name": "Arevik",
    "city": "Poltava",
    "url": "https://www.instagram.com/explore/locations/461685674567773/arevik/"
  },
  {
    "id": "109988411858702",
    "name": "Готельно-ресторанний комплекс \"Optima Collection Галерея Полтава\"",
    "city": "Poltava",
    "url": "https://www.instagram.com/explore/locations/109988411858702/-optima-collection/"
  },
  {
    "id": "566335500440508",
    "name": "КП \"2-а міська клінічна лікарня Полтавської міської ради\"",
    "city": "Poltava",
    "url": "https://www.instagram.com/explore/locations/566335500440508/2-/"
  },
  {
    "id": "102387391140292",
    "name": "Обнова Outlet",
    "city": "Poltava",
    "url": "https://www.instagram.com/explore/locations/102387391140292/outlet/"
  },
  {
    "id": "100109615537697",
    "name": "Lucky Travel Poltava",
    "city": "Poltava",
    "url": "https://www.instagram.com/explore/locations/100109615537697/lucky-travel-poltava/"
  },
  {
    "id": "1439778179417469",
    "name": "Iphorma",
    "city": "Poltava",
    "url": "https://www.instagram.com/explore/locations/1439778179417469/iphorma/"
  },
  {
    "id": "100842658052506",
    "name": "Склад Цветов Flower Mira",
    "city": "Poltava",
    "url": "https://www.instagram.com/explore/locations/100842658052506/flower-mira/"
  },
  {
    "id": "110712588492964",
    "name": "vi_estetika",
    "city": "Poltava",
    "url": "https://www.instagram.com/explore/locations/110712588492964/vi_estetika/"
  },
  {
    "id": "409973692679510",
    "name": "Естрадна студія New Time Poltava",
    "city": "Poltava",
    "url": "https://www.instagram.com/explore/locations/409973692679510/new-time-poltava/"
  },
  {
    "id": "234988138",
    "name": "ТЕЛЕ-ПИЦЦА",
    "city": "Poltava",
    "url": "https://www.instagram.com/explore/locations/234988138/-/"
  },
  {
    "id": "2136800076541910",
    "name": "ArtLazer - лазерная эпиляция в Полтаве",
    "city": "Poltava",
    "url": "https://www.instagram.com/explore/locations/2136800076541910/artlazer-/"
  },
  {
    "id": "254827055217124",
    "name": "Кожно-венерологический диспансер",
    "city": "Poltava",
    "url": "https://www.instagram.com/explore/locations/254827055217124/-/"
  },
  {
    "id": "275740883143137",
    "name": "Ваниль / Vanil",
    "city": "Poltava",
    "url": "https://www.instagram.com/explore/locations/275740883143137/vanil/"
  },
  {
    "id": "45231559",
    "name": "Shade",
    "city": "Poltava",
    "url": "https://www.instagram.com/explore/locations/45231559/shade/"
  },
  {
    "id": "144731309528512",
    "name": "Gangster Coffee",
    "city": "Poltava",
    "url": "https://www.instagram.com/explore/locations/144731309528512/gangster-coffee/"
  },
  {
    "id": "462881967807764",
    "name": "Bazilik",
    "city": "Poltava",
    "url": "https://www.instagram.com/explore/locations/462881967807764/bazilik/"
  },
  {
    "id": "247035015",
    "name": "Християнська Реформаторська Церква - Полтава",
    "city": "Poltava",
    "url": "https://www.instagram.com/explore/locations/247035015/-/"
  },
  {
    "id": "103824277870138",
    "name": "Mango Photostudio",
    "city": "Poltava",
    "url": "https://www.instagram.com/explore/locations/103824277870138/mango-photostudio/"
  },
  {
    "id": "174022413327816",
    "name": "Полтавська Гімназія «здоров'я» 14",
    "city": "Poltava",
    "url": "https://www.instagram.com/explore/locations/174022413327816/14/"
  },
  {
    "id": "368699806834186",
    "name": "FitCurves г.Полтава ТЦ \"Киев\"",
    "city": "Poltava",
    "url": "https://www.instagram.com/explore/locations/368699806834186/fitcurves/"
  },
  {
    "id": "115158286931316",
    "name": "medom.pomazano",
    "city": "Poltava",
    "url": "https://www.instagram.com/explore/locations/115158286931316/medompomazano/"
  },
  {
    "id": "111468787061798",
    "name": "SPORT LIFE",
    "city": "Poltava",
    "url": "https://www.instagram.com/explore/locations/111468787061798/sport-life/"
  },
  {
    "id": "390266278186183",
    "name": "Эдем Poltava",
    "city": "Poltava",
    "url": "https://www.instagram.com/explore/locations/390266278186183/poltava/"
  },
  {
    "id": "580860148",
    "name": "Гастро Лавка Bruschetta",
    "city": "Poltava",
    "url": "https://www.instagram.com/explore/locations/580860148/bruschetta/"
  },
  {
    "id": "297513990922920",
    "name": "Hotel Royal",
    "city": "Poltava",
    "url": "https://www.instagram.com/explore/locations/297513990922920/hotel-royal/"
  },
  {
    "id": "2027268390857823",
    "name": "Vela Marina",
    "city": "Poltava",
    "url": "https://www.instagram.com/explore/locations/2027268390857823/vela-marina/"
  },
  {
    "id": "1894898760781829",
    "name": "Nails studio Geraschenko Olga",
    "city": "Poltava",
    "url": "https://www.instagram.com/explore/locations/1894898760781829/nails-studio-geraschenko-olga/"
  },
  {
    "id": "1777312875820562",
    "name": "Явір-2000",
    "city": "Poltava",
    "url": "https://www.instagram.com/explore/locations/1777312875820562/-2000/"
  },
  {
    "id": "290012618155783",
    "name": "Black & White nails Team",
    "city": "Poltava",
    "url": "https://www.instagram.com/explore/locations/290012618155783/black-white-nails-team/"
  },
  {
    "id": "234694443562253",
    "name": "Saffron",
    "city": "Poltava",
    "url": "https://www.instagram.com/explore/locations/234694443562253/saffron/"
  },
  {
    "id": "1817477828482178",
    "name": "Sushiya",
    "city": "Poltava",
    "url": "https://www.instagram.com/explore/locations/1817477828482178/sushiya/"
  },
  {
    "id": "102198974495527",
    "name": "K2 Business center",
    "city": "Poltava",
    "url": "https://www.instagram.com/explore/locations/102198974495527/k2-business-center/"
  },
  {
    "id": "770684403",
    "name": "Полтавський Університет Економіки І Права - ПУЕТ",
    "city": "Poltava",
    "url": "https://www.instagram.com/explore/locations/770684403/-/"
  },
  {
    "id": "1024970090",
    "name": "Volvo Car - Полтава",
    "city": "Poltava",
    "url": "https://www.instagram.com/explore/locations/1024970090/volvo-car-/"
  },
  {
    "id": "106627827653031",
    "name": "КП \"1-А міська клінічна лікарня Полтавської міської ради\"",
    "city": "Poltava",
    "url": "https://www.instagram.com/explore/locations/106627827653031/1-/"
  },
  {
    "id": "680772652306923",
    "name": "Таверна \"4-ий Бастіон\"",
    "city": "Poltava",
    "url": "https://www.instagram.com/explore/locations/680772652306923/4-/"
  },
  {
    "id": "187410198389508",
    "name": "Private Language School",
    "city": "Poltava",
    "url": "https://www.instagram.com/explore/locations/187410198389508/private-language-school/"
  },
  {
    "id": "508166772888412",
    "name": "Полтава Школа 23",
    "city": "Poltava",
    "url": "https://www.instagram.com/explore/locations/508166772888412/23/"
  },
  {
    "id": "106168165132175",
    "name": "Statum Barbershop",
    "city": "Poltava",
    "url": "https://www.instagram.com/explore/locations/106168165132175/statum-barbershop/"
  },
  {
    "id": "197800790694170",
    "name": "Кинотеатр Wizoria - Колос Полтава",
    "city": "Poltava",
    "url": "https://www.instagram.com/explore/locations/197800790694170/wizoria-/"
  },
  {
    "id": "110783673679080",
    "name": "A.beauty.studio",
    "city": "Poltava",
    "url": "https://www.instagram.com/explore/locations/110783673679080/abeautystudio/"
  },
  {
    "id": "1778631225730866",
    "name": "Barbiq Hof",
    "city": "Poltava",
    "url": "https://www.instagram.com/explore/locations/1778631225730866/barbiq-hof/"
  },
  {
    "id": "252799708568367",
    "name": "Школа танцю \"LA VIDA/ Полтава: bachata, salsa, zouk, reggaeton",
    "city": "Poltava",
    "url": "https://www.instagram.com/explore/locations/252799708568367/la-vida-bachata-salsa-zouk-reggaeton/"
  },
  {
    "id": "108188951495147",
    "name": "EverestOhorona",
    "city": "Poltava",
    "url": "https://www.instagram.com/explore/locations/108188951495147/everestohorona/"
  },
  {
    "id": "101398288506095",
    "name": "Detox Wellness & Coffee Bar",
    "city": "Poltava",
    "url": "https://www.instagram.com/explore/locations/101398288506095/detox-wellness-coffee-bar/"
  },
  {
    "id": "254011735261589",
    "name": "Общежитие #4 ПУЭТ",
    "city": "Poltava",
    "url": "https://www.instagram.com/explore/locations/254011735261589/4/"
  },
  {
    "id": "1186525748130686",
    "name": "Nebo Concept Store",
    "city": "Poltava",
    "url": "https://www.instagram.com/explore/locations/1186525748130686/nebo-concept-store/"
  },
  {
    "id": "649938645",
    "name": "Кагамлика 35",
    "city": "Poltava",
    "url": "https://www.instagram.com/explore/locations/649938645/35/"
  },
  {
    "id": "113216453658184",
    "name": "On-Site - Скеледром",
    "city": "Poltava",
    "url": "https://www.instagram.com/explore/locations/113216453658184/on-site-/"
  },
  {
    "id": "105448931059109",
    "name": "Комора-Перша Галушкова Мануфактура",
    "city": "Poltava",
    "url": "https://www.instagram.com/explore/locations/105448931059109/-/"
  },
  {
    "id": "235185900401672",
    "name": "Sagura cosmetic center",
    "city": "Poltava",
    "url": "https://www.instagram.com/explore/locations/235185900401672/sagura-cosmetic-center/"
  },
  {
    "id": "418725016",
    "name": "Beerloga",
    "city": "Poltava",
    "url": "https://www.instagram.com/explore/locations/418725016/beerloga/"
  },
  {
    "id": "250285862032737",
    "name": "13 Кордон",
    "city": "Poltava",
    "url": "https://www.instagram.com/explore/locations/250285862032737/13/"
  },
  {
    "id": "133941473990682",
    "name": "Estet House",
    "city": "Poltava",
    "url": "https://www.instagram.com/explore/locations/133941473990682/estet-house/"
  },
  {
    "id": "237463740195066",
    "name": "Pushka",
    "city": "Poltava",
    "url": "https://www.instagram.com/explore/locations/237463740195066/pushka/"
  },
  {
    "id": "627413647702535",
    "name": "Масажно-косметологічна студія \"АлСея\"",
    "city": "Poltava",
    "url": "https://www.instagram.com/explore/locations/627413647702535/-/"
  },
  {
    "id": "317771428975660",
    "name": "М. Полтава, Вул. Шевченка 52",
    "city": "Poltava",
    "url": "https://www.instagram.com/explore/locations/317771428975660/52/"
  },
  {
    "id": "110091827177699",
    "name": "Welcome.pizza.sushi",
    "city": "Poltava",
    "url": "https://www.instagram.com/explore/locations/110091827177699/welcomepizzasushi/"
  },
  {
    "id": "379540375743640",
    "name": "Побутова техніка та електроніка GOLD TECH",
    "city": "Poltava",
    "url": "https://www.instagram.com/explore/locations/379540375743640/gold-tech/"
  },
  {
    "id": "108129251965090",
    "name": "Akita Sushi Полтава",
    "city": "Poltava",
    "url": "https://www.instagram.com/explore/locations/108129251965090/akita-sushi/"
  },
  {
    "id": "194223027278142",
    "name": "FC Vorskla",
    "city": "Poltava",
    "url": "https://www.instagram.com/explore/locations/194223027278142/fc-vorskla/"
  },
  {
    "id": "155378244646897",
    "name": "Полтава 6 гимназия",
    "city": "Poltava",
    "url": "https://www.instagram.com/explore/locations/155378244646897/6/"
  },
  {
    "id": "101350358615919",
    "name": "Manicure Студія Краси",
    "city": "Poltava",
    "url": "https://www.instagram.com/explore/locations/101350358615919/manicure/"
  },
  {
    "id": "1935146910071206",
    "name": "Государственный Музей-Заповедник Николая Гоголя",
    "city": "Poltava",
    "url": "https://www.instagram.com/explore/locations/1935146910071206/-/"
  },
  {
    "id": "1192855117424490",
    "name": "Papa Burger",
    "city": "Poltava",
    "url": "https://www.instagram.com/explore/locations/1192855117424490/papa-burger/"
  },
  {
    "id": "1023563080",
    "name": "Lucky Lunch",
    "city": "Poltava",
    "url": "https://www.instagram.com/explore/locations/1023563080/lucky-lunch/"
  },
  {
    "id": "1691875394368220",
    "name": "M2 Studio",
    "city": "Poltava",
    "url": "https://www.instagram.com/explore/locations/1691875394368220/m2-studio/"
  },
  {
    "id": "450295475409639",
    "name": "Victory Studio Poltava",
    "city": "Poltava",
    "url": "https://www.instagram.com/explore/locations/450295475409639/victory-studio-poltava/"
  },
  {
    "id": "163112974503755",
    "name": "Severin Dental Clinic",
    "city": "Poltava",
    "url": "https://www.instagram.com/explore/locations/163112974503755/severin-dental-clinic/"
  },
  {
    "id": "13797041",
    "name": "Palazzo Hotel",
    "city": "Poltava",
    "url": "https://www.instagram.com/explore/locations/13797041/palazzo-hotel/"
  },
  {
    "id": "1714543092118414",
    "name": "Shaherezada Poltava",
    "city": "Poltava",
    "url": "https://www.instagram.com/explore/locations/1714543092118414/shaherezada-poltava/"
  },
  {
    "id": "256068656",
    "name": "Poltava state med. university",
    "city": "Poltava",
    "url": "https://www.instagram.com/explore/locations/256068656/poltava-state-med-university/"
  },
  {
    "id": "2361732900505599",
    "name": "NKM",
    "city": "Poltava",
    "url": "https://www.instagram.com/explore/locations/2361732900505599/nkm/"
  },
  {
    "id": "862053927286135",
    "name": "Ukrsibbank BNP Paribas Group",
    "city": "Poltava",
    "url": "https://www.instagram.com/explore/locations/862053927286135/ukrsibbank-bnp-paribas-group/"
  },
  {
    "id": "1025709319",
    "name": "Вулиця Котляревського, Мiсто Полтава",
    "city": "Poltava",
    "url": "https://www.instagram.com/explore/locations/1025709319/i/"
  },
  {
    "id": "457919321674159",
    "name": "Ivanova_style_shop Poltava Меховой Шоу-Рум",
    "city": "Poltava",
    "url": "https://www.instagram.com/explore/locations/457919321674159/ivanova_style_shop-poltava-/"
  },
  {
    "id": "177097866394510",
    "name": "Desert Rose салон красоты",
    "city": "Poltava",
    "url": "https://www.instagram.com/explore/locations/177097866394510/desert-rose/"
  },
  {
    "id": "112240693577298",
    "name": "Н_о_с_т_а_л_ь_г_и_я",
    "city": "Poltava",
    "url": "https://www.instagram.com/explore/locations/112240693577298/_________/"
  },
  {
    "id": "110198878034649",
    "name": "КП \"2-а міська клінічна лікарня Полтавської міської ради\"",
    "city": "Poltava",
    "url": "https://www.instagram.com/explore/locations/110198878034649/2-/"
  },
  {
    "id": "168693550484305",
    "name": "школа-гимназия №9",
    "city": "Poltava",
    "url": "https://www.instagram.com/explore/locations/168693550484305/-no9/"
  },
  {
    "id": "204138960137960",
    "name": "Полтава, Европейская,57. Интеркосметикс",
    "city": "Poltava",
    "url": "https://www.instagram.com/explore/locations/204138960137960/57/"
  },
  {
    "id": "1025426524",
    "name": "Poltava365",
    "city": "Poltava",
    "url": "https://www.instagram.com/explore/locations/1025426524/poltava365/"
  },
  {
    "id": "1018257018",
    "name": "Об'єкт 7.62",
    "city": "Poltava",
    "url": "https://www.instagram.com/explore/locations/1018257018/762/"
  },
  {
    "id": "111651127627030",
    "name": "Lytvynenko Clinic Центр Дерматології",
    "city": "Poltava",
    "url": "https://www.instagram.com/explore/locations/111651127627030/lytvynenko-clinic/"
  },
  {
    "id": "1021785653",
    "name": "OK Flowers Poltava",
    "city": "Poltava",
    "url": "https://www.instagram.com/explore/locations/1021785653/ok-flowers-poltava/"
  },
  {
    "id": "2055159814699685",
    "name": "Полтава, Европейская 108",
    "city": "Poltava",
    "url": "https://www.instagram.com/explore/locations/2055159814699685/108/"
  },
  {
    "id": "1320380788028988",
    "name": "Магазин Vitamin Plus",
    "city": "Poltava",
    "url": "https://www.instagram.com/explore/locations/1320380788028988/vitamin-plus/"
  },
  {
    "id": "101409414870854",
    "name": "«Домус»-строительно-хозяйственный",
    "city": "Poltava",
    "url": "https://www.instagram.com/explore/locations/101409414870854/-/"
  },
  {
    "id": "100471019642364",
    "name": "Grill & bar «7teen» Полтава",
    "city": "Poltava",
    "url": "https://www.instagram.com/explore/locations/100471019642364/grill-bar-7teen/"
  },
  {
    "id": "305453736936479",
    "name": "Полтава • Poltava • Ukraine",
    "city": "Poltava",
    "url": "https://www.instagram.com/explore/locations/305453736936479/poltava-ukraine/"
  },
  {
    "id": "1652870231680272",
    "name": "Freshshop",
    "city": "Poltava",
    "url": "https://www.instagram.com/explore/locations/1652870231680272/freshshop/"
  },
  {
    "id": "101238382648225",
    "name": "Panorama_everest",
    "city": "Poltava",
    "url": "https://www.instagram.com/explore/locations/101238382648225/panorama_everest/"
  },
  {
    "id": "172424726731837",
    "name": "Pion Studio",
    "city": "Poltava",
    "url": "https://www.instagram.com/explore/locations/172424726731837/pion-studio/"
  },
  {
    "id": "1009801707",
    "name": "FC Vorskla Poltava",
    "city": "Poltava",
    "url": "https://www.instagram.com/explore/locations/1009801707/fc-vorskla-poltava/"
  },
  {
    "id": "108444042215972",
    "name": "Perfume Bar White Smell",
    "city": "Poltava",
    "url": "https://www.instagram.com/explore/locations/108444042215972/perfume-bar-white-smell/"
  },
  {
    "id": "612584932571703",
    "name": "Антикафе “Friendzone”",
    "city": "Poltava",
    "url": "https://www.instagram.com/explore/locations/612584932571703/friendzone/"
  },
  {
    "id": "582581095766217",
    "name": "vokrugsveta.pl",
    "city": "Poltava",
    "url": "https://www.instagram.com/explore/locations/582581095766217/vokrugsvetapl/"
  },
  {
    "id": "1014837543",
    "name": "SUGAR",
    "city": "Poltava",
    "url": "https://www.instagram.com/explore/locations/1014837543/sugar/"
  },
  {
    "id": "570422969967249",
    "name": "Соборности 72",
    "city": "Poltava",
    "url": "https://www.instagram.com/explore/locations/570422969967249/72/"
  },
  {
    "id": "336608506720178",
    "name": "G Coffee",
    "city": "Poltava",
    "url": "https://www.instagram.com/explore/locations/336608506720178/g-coffee/"
  },
  {
    "id": "815736645",
    "name": "Автопланета-Моторс Полтава - на Сінній",
    "city": "Poltava",
    "url": "https://www.instagram.com/explore/locations/815736645/-/"
  },
  {
    "id": "1186399831417130",
    "name": "Г Полтава, Ул С Петлюры 7/22",
    "city": "Poltava",
    "url": "https://www.instagram.com/explore/locations/1186399831417130/722/"
  },
  {
    "id": "158760868168451",
    "name": "boutique BONJOUR",
    "city": "Poltava",
    "url": "https://www.instagram.com/explore/locations/158760868168451/boutique-bonjour/"
  },
  {
    "id": "307339506525540",
    "name": "New York Street Pizza",
    "city": "Poltava",
    "url": "https://www.instagram.com/explore/locations/307339506525540/new-york-street-pizza/"
  },
  {
    "id": "585389625153683",
    "name": "Єдем - текстиль для дому",
    "city": "Poltava",
    "url": "https://www.instagram.com/explore/locations/585389625153683/-/"
  },
  {
    "id": "224834298242105",
    "name": "Magnum",
    "city": "Poltava",
    "url": "https://www.instagram.com/explore/locations/224834298242105/magnum/"
  },
  {
    "id": "753256861482770",
    "name": "New Way School",
    "city": "Poltava",
    "url": "https://www.instagram.com/explore/locations/753256861482770/new-way-school/"
  },
  {
    "id": "165604784005454",
    "name": "Pug'sbrowbar: Косметология & Брови",
    "city": "Poltava",
    "url": "https://www.instagram.com/explore/locations/165604784005454/pugsbrowbar/"
  },
  {
    "id": "869702469861727",
    "name": "Onflex Школа Гибкости",
    "city": "Poltava",
    "url": "https://www.instagram.com/explore/locations/869702469861727/onflex/"
  },
  {
    "id": "431528077211494",
    "name": "Voronianska Atelier",
    "city": "Poltava",
    "url": "https://www.instagram.com/explore/locations/431528077211494/voronianska-atelier/"
  },
  {
    "id": "701158453575940",
    "name": "Scorini",
    "city": "Poltava",
    "url": "https://www.instagram.com/explore/locations/701158453575940/scorini/"
  },
  {
    "id": "1608605706103234",
    "name": "Kashalot Studio - мастерская декора из бетона",
    "city": "Poltava",
    "url": "https://www.instagram.com/explore/locations/1608605706103234/kashalot-studio-/"
  },
  {
    "id": "390211285153523",
    "name": "Полтава ,Ул.Чапаева,9",
    "city": "Poltava",
    "url": "https://www.instagram.com/explore/locations/390211285153523/9/"
  },
  {
    "id": "111125552888032",
    "name": "Мовна Школа New Way",
    "city": "Poltava",
    "url": "https://www.instagram.com/explore/locations/111125552888032/new-way/"
  },
  {
    "id": "101983898372257",
    "name": "Лікар-ревматолог Капустянська Анна",
    "city": "Poltava",
    "url": "https://www.instagram.com/explore/locations/101983898372257/-/"
  },
  {
    "id": "197838821113088",
    "name": "Черновола 2б",
    "city": "Poltava",
    "url": "https://www.instagram.com/explore/locations/197838821113088/2/"
  },
  {
    "id": "100581368344730",
    "name": "TK Laser Полтава",
    "city": "Poltava",
    "url": "https://www.instagram.com/explore/locations/100581368344730/tk-laser/"
  },
  {
    "id": "113708103661597",
    "name": "Setka.shop",
    "city": "Poltava",
    "url": "https://www.instagram.com/explore/locations/113708103661597/setkashop/"
  },
  {
    "id": "1068083493315071",
    "name": "Pervial Учебно-Эстетическая Студия",
    "city": "Poltava",
    "url": "https://www.instagram.com/explore/locations/1068083493315071/pervial-/"
  },
  {
    "id": "527630810739536",
    "name": "Mix Fashion",
    "city": "Poltava",
    "url": "https://www.instagram.com/explore/locations/527630810739536/mix-fashion/"
  },
  {
    "id": "110718354864426",
    "name": "Науковий ліцей 3 Полтавської міської ради",
    "city": "Poltava",
    "url": "https://www.instagram.com/explore/locations/110718354864426/3/"
  },
  {
    "id": "104020885720775",
    "name": "Something In The Orange",
    "city": "Poltava",
    "url": "https://www.instagram.com/explore/locations/104020885720775/something-in-the-orange/"
  },
  {
    "id": "917492577",
    "name": "ТРЦ Киев, 5 этаж",
    "city": "Poltava",
    "url": "https://www.instagram.com/explore/locations/917492577/5/"
  },
  {
    "id": "2223481291071995",
    "name": "Поліклініка 4-ої Міської Лікарні",
    "city": "Poltava",
    "url": "https://www.instagram.com/explore/locations/2223481291071995/4-/"
  },
  {
    "id": "237400072787209",
    "name": "The Studio",
    "city": "Poltava",
    "url": "https://www.instagram.com/explore/locations/237400072787209/the-studio/"
  },
  {
    "id": "1626361757375277",
    "name": "UMSA-Poltava",
    "city": "Poltava",
    "url": "https://www.instagram.com/explore/locations/1626361757375277/umsa-poltava/"
  },
  {
    "id": "105817739199941",
    "name": "Matviez",
    "city": "Poltava",
    "url": "https://www.instagram.com/explore/locations/105817739199941/matviez/"
  },
  {
    "id": "1448066351946930",
    "name": "Школа MarGo м.Полтава",
    "city": "Poltava",
    "url": "https://www.instagram.com/explore/locations/1448066351946930/margo/"
  },
  {
    "id": "705686895",
    "name": "Estadio Oleksiy Butovskyi Vorskla",
    "city": "Poltava",
    "url": "https://www.instagram.com/explore/locations/705686895/estadio-oleksiy-butovskyi-vorskla/"
  },
  {
    "id": "100191058043150",
    "name": "Best Fitness",
    "city": "Poltava",
    "url": "https://www.instagram.com/explore/locations/100191058043150/best-fitness/"
  },
  {
    "id": "249805092",
    "name": "Ukrainan Medical Dental Acadmy",
    "city": "Poltava",
    "url": "https://www.instagram.com/explore/locations/249805092/ukrainan-medical-dental-acadmy/"
  },
  {
    "id": "578834988970513",
    "name": "PR-агентство Yoda Consult",
    "city": "Poltava",
    "url": "https://www.instagram.com/explore/locations/578834988970513/pr-yoda-consult/"
  },
  {
    "id": "1382989768447257",
    "name": "Georgia • Грузинська кухня",
    "city": "Poltava",
    "url": "https://www.instagram.com/explore/locations/1382989768447257/georgia/"
  },
  {
    "id": "109177561526621",
    "name": "buybest.poltava",
    "city": "Poltava",
    "url": "https://www.instagram.com/explore/locations/109177561526621/buybestpoltava/"
  },
  {
    "id": "211915322527841",
    "name": "Котляревского38\\40",
    "city": "Poltava",
    "url": "https://www.instagram.com/explore/locations/211915322527841/3840/"
  },
  {
    "id": "109303813929148",
    "name": "Delova Hair Magic",
    "city": "Poltava",
    "url": "https://www.instagram.com/explore/locations/109303813929148/delova-hair-magic/"
  },
  {
    "id": "600681527090663",
    "name": "Marie Patisserie 2",
    "city": "Poltava",
    "url": "https://www.instagram.com/explore/locations/600681527090663/marie-patisserie-2/"
  },
  {
    "id": "331511614880503",
    "name": "X ZERO lounge",
    "city": "Poltava",
    "url": "https://www.instagram.com/explore/locations/331511614880503/x-zero-lounge/"
  },
  {
    "id": "1026279885",
    "name": "Кулька з Перцем - Майстерня Повітряних Кульок",
    "city": "Poltava",
    "url": "https://www.instagram.com/explore/locations/1026279885/-/"
  },
  {
    "id": "1022473183",
    "name": "Полтавська сдюсшор 2",
    "city": "Poltava",
    "url": "https://www.instagram.com/explore/locations/1022473183/2/"
  },
  {
    "id": "194782864512030",
    "name": "Сервісний центр Display Service",
    "city": "Poltava",
    "url": "https://www.instagram.com/explore/locations/194782864512030/display-service/"
  },
  {
    "id": "110053240577129",
    "name": "Mad love",
    "city": "Poltava",
    "url": "https://www.instagram.com/explore/locations/110053240577129/mad-love/"
  },
  {
    "id": "479761962231743",
    "name": "Poltava State Medical University - PSMU",
    "city": "Poltava",
    "url": "https://www.instagram.com/explore/locations/479761962231743/poltava-state-medical-university-psmu/"
  },
  {
    "id": "264861450616757",
    "name": "Alisa Mur",
    "city": "Poltava",
    "url": "https://www.instagram.com/explore/locations/264861450616757/alisa-mur/"
  },
  {
    "id": "1022161118",
    "name": "Интернет-магазин \"Elmax\"",
    "city": "Poltava",
    "url": "https://www.instagram.com/explore/locations/1022161118/-elmax/"
  },
  {
    "id": "429129424598836",
    "name": "Top Dance Motion",
    "city": "Poltava",
    "url": "https://www.instagram.com/explore/locations/429129424598836/top-dance-motion/"
  },
  {
    "id": "1137267413118478",
    "name": "Avtomagazin.VTK",
    "city": "Poltava",
    "url": "https://www.instagram.com/explore/locations/1137267413118478/avtomagazinvtk/"
  },
  {
    "id": "108123491608275",
    "name": "VeAn Полтава",
    "city": "Poltava",
    "url": "https://www.instagram.com/explore/locations/108123491608275/vean/"
  },
  {
    "id": "106380875539084",
    "name": "Обійми / Obiimy Poltava",
    "city": "Poltava",
    "url": "https://www.instagram.com/explore/locations/106380875539084/obiimy-poltava/"
  },
  {
    "id": "105152725003453",
    "name": "Speak it. Англійська - вільно",
    "city": "Poltava",
    "url": "https://www.instagram.com/explore/locations/105152725003453/speak-it-/"
  },
  {
    "id": "293815183805821",
    "name": "Helen Doron Poltava",
    "city": "Poltava",
    "url": "https://www.instagram.com/explore/locations/293815183805821/helen-doron-poltava/"
  },
  {
    "id": "1743460899228226",
    "name": "MARGOgroup",
    "city": "Poltava",
    "url": "https://www.instagram.com/explore/locations/1743460899228226/margogroup/"
  },
  {
    "id": "108427668221313",
    "name": "BRO DC",
    "city": "Poltava",
    "url": "https://www.instagram.com/explore/locations/108427668221313/bro-dc/"
  },
  {
    "id": "424894731176641",
    "name": "Mafia",
    "city": "Poltava",
    "url": "https://www.instagram.com/explore/locations/424894731176641/mafia/"
  },
  {
    "id": "109616440430799",
    "name": "1 Euro Pub",
    "city": "Poltava",
    "url": "https://www.instagram.com/explore/locations/109616440430799/1-euro-pub/"
  },
  {
    "id": "454425185084851",
    "name": "Primalash",
    "city": "Poltava",
    "url": "https://www.instagram.com/explore/locations/454425185084851/primalash/"
  },
  {
    "id": "491166984601285",
    "name": "AV Studio",
    "city": "Poltava",
    "url": "https://www.instagram.com/explore/locations/491166984601285/av-studio/"
  },
  {
    "id": "1461191990769334",
    "name": "Школа № 10 имени В. Г. Короленко",
    "city": "Poltava",
    "url": "https://www.instagram.com/explore/locations/1461191990769334/no-10/"
  },
  {
    "id": "142757919727833",
    "name": "Урологічний центр лікаря Решетнікова-Центр дистанційної літотрипсії",
    "city": "Poltava",
    "url": "https://www.instagram.com/explore/locations/142757919727833/-/"
  },
  {
    "id": "943237909192033",
    "name": "TUI Полтава вул.Гоголя 38 ТЦ Метрополітен Молл",
    "city": "Poltava",
    "url": "https://www.instagram.com/explore/locations/943237909192033/tui-38/"
  },
  {
    "id": "100863225659292",
    "name": "deshevi_mebli",
    "city": "Poltava",
    "url": "https://www.instagram.com/explore/locations/100863225659292/deshevi_mebli/"
  },
  {
    "id": "667242706797131",
    "name": "Progaz Poltava",
    "city": "Poltava",
    "url": "https://www.instagram.com/explore/locations/667242706797131/progaz-poltava/"
  },
  {
    "id": "100311261744300",
    "name": "salon_lik.plt",
    "city": "Poltava",
    "url": "https://www.instagram.com/explore/locations/100311261744300/salon_likplt/"
  },
  {
    "id": "119691165310898",
    "name": "Japan Garage Poltava",
    "city": "Poltava",
    "url": "https://www.instagram.com/explore/locations/119691165310898/japan-garage-poltava/"
  },
  {
    "id": "1115487561959282",
    "name": "Robot School - Дитяча Школа Робототехніки",
    "city": "Poltava",
    "url": "https://www.instagram.com/explore/locations/1115487561959282/robot-school-/"
  },
  {
    "id": "411612462644709",
    "name": "Европейская, 124а",
    "city": "Poltava",
    "url": "https://www.instagram.com/explore/locations/411612462644709/124/"
  },
  {
    "id": "107736851413339",
    "name": "micom.ua",
    "city": "Poltava",
    "url": "https://www.instagram.com/explore/locations/107736851413339/micomua/"
  },
  {
    "id": "1031723303",
    "name": "Зал единоборств Jaguar GYM",
    "city": "Poltava",
    "url": "https://www.instagram.com/explore/locations/1031723303/jaguar-gym/"
  },
  {
    "id": "187424345220877",
    "name": "Конно-Спортивный клуб Импульс",
    "city": "Poltava",
    "url": "https://www.instagram.com/explore/locations/187424345220877/-/"
  },
  {
    "id": "112445478139294",
    "name": "We Don't Talk Anymore",
    "city": "Poltava",
    "url": "https://www.instagram.com/explore/locations/112445478139294/we-dont-talk-anymore/"
  },
  {
    "id": "1298245460225082",
    "name": "Майстерня \"VelSet\"",
    "city": "Poltava",
    "url": "https://www.instagram.com/explore/locations/1298245460225082/velset/"
  },
  {
    "id": "147891919268300",
    "name": "Полтава, Вул. Європейська,9",
    "city": "Poltava",
    "url": "https://www.instagram.com/explore/locations/147891919268300/9/"
  },
  {
    "id": "114640519965070",
    "name": "Vorskla Stadium",
    "city": "Poltava",
    "url": "https://www.instagram.com/explore/locations/114640519965070/vorskla-stadium/"
  },
  {
    "id": "731577713667266",
    "name": "Лабиринт - Больше чем квест в Полтаве",
    "city": "Poltava",
    "url": "https://www.instagram.com/explore/locations/731577713667266/-/"
  },
  {
    "id": "374613779641682",
    "name": "Nikolaienko Anna",
    "city": "Poltava",
    "url": "https://www.instagram.com/explore/locations/374613779641682/nikolaienko-anna/"
  },
  {
    "id": "145094649566026",
    "name": "Poltava_now",
    "city": "Poltava",
    "url": "https://www.instagram.com/explore/locations/145094649566026/poltava_now/"
  },
  {
    "id": "1997560340476398",
    "name": "Справедливый Djigit",
    "city": "Poltava",
    "url": "https://www.instagram.com/explore/locations/1997560340476398/djigit/"
  },
  {
    "id": "115486352449238",
    "name": "Медичний факультет 1Полтавський державний медичний університет",
    "city": "Poltava",
    "url": "https://www.instagram.com/explore/locations/115486352449238/1/"
  },
  {
    "id": "106760391825474",
    "name": "Феліцітас Spa&beauty",
    "city": "Poltava",
    "url": "https://www.instagram.com/explore/locations/106760391825474/spabeauty/"
  },
  {
    "id": "606147409434355",
    "name": "Полтава-Киевская (станция)",
    "city": "Poltava",
    "url": "https://www.instagram.com/explore/locations/606147409434355/-/"
  },
  {
    "id": "101514939018203",
    "name": "beautypracticum",
    "city": "Poltava",
    "url": "https://www.instagram.com/explore/locations/101514939018203/beautypracticum/"
  },
  {
    "id": "2114934422128919",
    "name": "Mostodesign",
    "city": "Poltava",
    "url": "https://www.instagram.com/explore/locations/2114934422128919/mostodesign/"
  },
  {
    "id": "2099689396765692",
    "name": "Ben Biggun",
    "city": "Poltava",
    "url": "https://www.instagram.com/explore/locations/2099689396765692/ben-biggun/"
  },
  {
    "id": "117292445637081",
    "name": "On Top Extreme-Все для активного відпочинку",
    "city": "Poltava",
    "url": "https://www.instagram.com/explore/locations/117292445637081/on-top-extreme-/"
  },
  {
    "id": "389083104903634",
    "name": "Bambini_italia",
    "city": "Poltava",
    "url": "https://www.instagram.com/explore/locations/389083104903634/bambini_italia/"
  },
  {
    "id": "1016858948",
    "name": "Barber Shop",
    "city": "Poltava",
    "url": "https://www.instagram.com/explore/locations/1016858948/barber-shop/"
  },
  {
    "id": "108496197624639",
    "name": "Онлайн-школа",
    "city": "Poltava",
    "url": "https://www.instagram.com/explore/locations/108496197624639/-/"
  },
  {
    "id": "167120207217532",
    "name": "Соборності 43",
    "city": "Poltava",
    "url": "https://www.instagram.com/explore/locations/167120207217532/43/"
  },
  {
    "id": "1347213975370857",
    "name": "Сковороды 2в",
    "city": "Poltava",
    "url": "https://www.instagram.com/explore/locations/1347213975370857/2/"
  },
  {
    "id": "1021850608",
    "name": "Школа Лезгинки Kavikaus в Полтаве",
    "city": "Poltava",
    "url": "https://www.instagram.com/explore/locations/1021850608/kavikaus/"
  },
  {
    "id": "835537423483291",
    "name": "La Fete",
    "city": "Poltava",
    "url": "https://www.instagram.com/explore/locations/835537423483291/la-fete/"
  },
  {
    "id": "1590595771251414",
    "name": "Имидж-М",
    "city": "Poltava",
    "url": "https://www.instagram.com/explore/locations/1590595771251414/-/"
  },
  {
    "id": "295395091306856",
    "name": "Площа 1100-річчя Полтави",
    "city": "Poltava",
    "url": "https://www.instagram.com/explore/locations/295395091306856/1100-/"
  },
  {
    "id": "783660205128713",
    "name": "Grill Pub Poltava",
    "city": "Poltava",
    "url": "https://www.instagram.com/explore/locations/783660205128713/grill-pub-poltava/"
  },
  {
    "id": "2201996693378967",
    "name": "MUSIC Hostel Poltava",
    "city": "Poltava",
    "url": "https://www.instagram.com/explore/locations/2201996693378967/music-hostel-poltava/"
  },
  {
    "id": "409150933173713",
    "name": "Фаховий медико - фармацевтичний коледж ПДМУ",
    "city": "Poltava",
    "url": "https://www.instagram.com/explore/locations/409150933173713/-/"
  },
  {
    "id": "107702175346905",
    "name": "Master Of Puppets",
    "city": "Poltava",
    "url": "https://www.instagram.com/explore/locations/107702175346905/master-of-puppets/"
  },
  {
    "id": "1938810263054949",
    "name": "Show Flora ЦветыБукеты Полтава",
    "city": "Poltava",
    "url": "https://www.instagram.com/explore/locations/1938810263054949/show-flora/"
  },
  {
    "id": "670337439",
    "name": "R9:creative agency",
    "city": "Poltava",
    "url": "https://www.instagram.com/explore/locations/670337439/r9creative-agency/"
  },
  {
    "id": "284944265750508",
    "name": "Соборности 72а",
    "city": "Poltava",
    "url": "https://www.instagram.com/explore/locations/284944265750508/72/"
  },
  {
    "id": "744383155896682",
    "name": "Гуртожиток#2 УМСА",
    "city": "Poltava",
    "url": "https://www.instagram.com/explore/locations/744383155896682/2/"
  },
  {
    "id": "335011527",
    "name": "МОХIТО",
    "city": "Poltava",
    "url": "https://www.instagram.com/explore/locations/335011527/i/"
  },
  {
    "id": "1017931616",
    "name": "Status Language School",
    "city": "Poltava",
    "url": "https://www.instagram.com/explore/locations/1017931616/status-language-school/"
  },
  {
    "id": "940551072788202",
    "name": "Салон декоративних штукатурок Декорум elite",
    "city": "Poltava",
    "url": "https://www.instagram.com/explore/locations/940551072788202/elite/"
  },
  {
    "id": "2025003264450271",
    "name": "Light Wood - Доставка цветов Полтава. Букеты Полтава",
    "city": "Poltava",
    "url": "https://www.instagram.com/explore/locations/2025003264450271/light-wood-/"
  },
  {
    "id": "1342988135766298",
    "name": "Allure Denisse Studio",
    "city": "Poltava",
    "url": "https://www.instagram.com/explore/locations/1342988135766298/allure-denisse-studio/"
  },
  {
    "id": "269734680",
    "name": "Фитнес-Клуб \"витамин\"",
    "city": "Poltava",
    "url": "https://www.instagram.com/explore/locations/269734680/-/"
  },
  {
    "id": "102450294738303",
    "name": "𝓟𝓪𝓼𝓼𝓲𝓯𝓵𝓸𝓻𝓪",
    "city": "Poltava",
    "url": "https://www.instagram.com/explore/locations/102450294738303/passiflora/"
  },
  {
    "id": "114326763658805",
    "name": "Hakuna Matata Coffe",
    "city": "Poltava",
    "url": "https://www.instagram.com/explore/locations/114326763658805/hakuna-matata-coffe/"
  },
  {
    "id": "111508160275536",
    "name": "Lukas Cake",
    "city": "Poltava",
    "url": "https://www.instagram.com/explore/locations/111508160275536/lukas-cake/"
  },
  {
    "id": "100707889181318",
    "name": "The Cork Wine Bar",
    "city": "Poltava",
    "url": "https://www.instagram.com/explore/locations/100707889181318/the-cork-wine-bar/"
  },
  {
    "id": "114380916775941",
    "name": "rumyanyi.pl",
    "city": "Poltava",
    "url": "https://www.instagram.com/explore/locations/114380916775941/rumyanyipl/"
  },
  {
    "id": "490227481349705",
    "name": "Maccaж Полтава",
    "city": "Poltava",
    "url": "https://www.instagram.com/explore/locations/490227481349705/macca/"
  },
  {
    "id": "255559029",
    "name": "Burger Club",
    "city": "Poltava",
    "url": "https://www.instagram.com/explore/locations/255559029/burger-club/"
  },
  {
    "id": "1810243225912444",
    "name": "Korpusnyy Park",
    "city": "Poltava",
    "url": "https://www.instagram.com/explore/locations/1810243225912444/korpusnyy-park/"
  },
  {
    "id": "1695189697461371",
    "name": "Стоматологічна практика КомпоДент-Орто",
    "city": "Poltava",
    "url": "https://www.instagram.com/explore/locations/1695189697461371/-/"
  },
  {
    "id": "1164261580330271",
    "name": "Zippy-Food",
    "city": "Poltava",
    "url": "https://www.instagram.com/explore/locations/1164261580330271/zippy-food/"
  },
  {
    "id": "67432260",
    "name": "New York Street",
    "city": "Poltava",
    "url": "https://www.instagram.com/explore/locations/67432260/new-york-street/"
  },
  {
    "id": "356874061752963",
    "name": "Арт-кластер СРЕДА",
    "city": "Poltava",
    "url": "https://www.instagram.com/explore/locations/356874061752963/-/"
  },
  {
    "id": "367163873889086",
    "name": "Школа 25",
    "city": "Poltava",
    "url": "https://www.instagram.com/explore/locations/367163873889086/25/"
  },
  {
    "id": "211615645852367",
    "name": "Туристическое агентство Gorizont",
    "city": "Poltava",
    "url": "https://www.instagram.com/explore/locations/211615645852367/gorizont/"
  },
  {
    "id": "2210883432297098",
    "name": "FitCurves Poltava",
    "city": "Poltava",
    "url": "https://www.instagram.com/explore/locations/2210883432297098/fitcurves-poltava/"
  },
  {
    "id": "387694581693093",
    "name": "Alya_beauty",
    "city": "Poltava",
    "url": "https://www.instagram.com/explore/locations/387694581693093/alya_beauty/"
  },
  {
    "id": "243446732802571",
    "name": "Ліцей 6 \"Лідер\"",
    "city": "Poltava",
    "url": "https://www.instagram.com/explore/locations/243446732802571/6/"
  },
  {
    "id": "102332009439058",
    "name": "sherlock_coffee_",
    "city": "Poltava",
    "url": "https://www.instagram.com/explore/locations/102332009439058/sherlock_coffee_/"
  },
  {
    "id": "302410353985012",
    "name": "TAJMAHALRestaurant",
    "city": "Poltava",
    "url": "https://www.instagram.com/explore/locations/302410353985012/tajmahalrestaurant/"
  },
  {
    "id": "362058161048486",
    "name": "Freshline Poltava",
    "city": "Poltava",
    "url": "https://www.instagram.com/explore/locations/362058161048486/freshline-poltava/"
  },
  {
    "id": "2264970700242347",
    "name": "Шевченка 73",
    "city": "Poltava",
    "url": "https://www.instagram.com/explore/locations/2264970700242347/73/"
  },
  {
    "id": "1030094263",
    "name": "Полтава Нижнемлинская 33",
    "city": "Poltava",
    "url": "https://www.instagram.com/explore/locations/1030094263/33/"
  }
]