[
  {
    "id": "340196296405161",
    "name": "ТРЦ Lavina",
    "city": "Berkovets",
    "url": "https://www.instagram.com/explore/locations/340196296405161/lavina/"
  },
  {
    "id": "504512173264530",
    "name": "Star Burger",
    "city": "Berkovets",
    "url": "https://www.instagram.com/explore/locations/504512173264530/star-burger/"
  },
  {
    "id": "100709431671522",
    "name": "Star_Sisters_Beauty_Studio",
    "city": "Berkovets",
    "url": "https://www.instagram.com/explore/locations/100709431671522/star_sisters_beauty_studio/"
  },
  {
    "id": "243545759325275",
    "name": "Schiedel Україна",
    "city": "Berkovets",
    "url": "https://www.instagram.com/explore/locations/243545759325275/schiedel/"
  },
  {
    "id": "102891618403891",
    "name": "Pancakes",
    "city": "Berkovets",
    "url": "https://www.instagram.com/explore/locations/102891618403891/pancakes/"
  },
  {
    "id": "101338278392704",
    "name": "Gremio Grill",
    "city": "Berkovets",
    "url": "https://www.instagram.com/explore/locations/101338278392704/gremio-grill/"
  },
  {
    "id": "1028297217253565",
    "name": "Grechka Bar",
    "city": "Berkovets",
    "url": "https://www.instagram.com/explore/locations/1028297217253565/grechka-bar/"
  },
  {
    "id": "1702813723082464",
    "name": "Terranova Ukraine",
    "city": "Berkovets",
    "url": "https://www.instagram.com/explore/locations/1702813723082464/terranova-ukraine/"
  },
  {
    "id": "1015464539",
    "name": "Первый медицинский колледж (ПКМК) '06",
    "city": "Berkovets",
    "url": "https://www.instagram.com/explore/locations/1015464539/06/"
  },
  {
    "id": "197223465668984",
    "name": "Royal-Life",
    "city": "Berkovets",
    "url": "https://www.instagram.com/explore/locations/197223465668984/royal-life/"
  },
  {
    "id": "1026191262",
    "name": "DEKOroom",
    "city": "Berkovets",
    "url": "https://www.instagram.com/explore/locations/1026191262/dekoroom/"
  },
  {
    "id": "103620945824745",
    "name": "Darvinah",
    "city": "Berkovets",
    "url": "https://www.instagram.com/explore/locations/103620945824745/darvinah/"
  },
  {
    "id": "642198852900267",
    "name": "Натяжные Потолки Euro Stelya",
    "city": "Berkovets",
    "url": "https://www.instagram.com/explore/locations/642198852900267/euro-stelya/"
  }
]