[
  {
    "id": "269910439",
    "name": "Kherson Centre",
    "city": "Cherson",
    "url": "https://www.instagram.com/explore/locations/269910439/kherson-centre/"
  },
  {
    "id": "113696500374898",
    "name": "Just Now",
    "city": "Cherson",
    "url": "https://www.instagram.com/explore/locations/113696500374898/just-now/"
  },
  {
    "id": "107627727732917",
    "name": "Лето - это маленькая жизнь",
    "city": "Cherson",
    "url": "https://www.instagram.com/explore/locations/107627727732917/-/"
  },
  {
    "id": "1031513790",
    "name": "Профессионально-морской лицей Херсонской государственной морской академии",
    "city": "Cherson",
    "url": "https://www.instagram.com/explore/locations/1031513790/-/"
  },
  {
    "id": "432111484",
    "name": "Port of Kherson",
    "city": "Cherson",
    "url": "https://www.instagram.com/explore/locations/432111484/port-of-kherson/"
  },
  {
    "id": "1012680461",
    "name": "Mozart Kherson",
    "city": "Cherson",
    "url": "https://www.instagram.com/explore/locations/1012680461/mozart-kherson/"
  },
  {
    "id": "2178256082432415",
    "name": "Human Elite Hall",
    "city": "Cherson",
    "url": "https://www.instagram.com/explore/locations/2178256082432415/human-elite-hall/"
  },
  {
    "id": "107334627668822",
    "name": "Fitz Roy Bar&Grill",
    "city": "Cherson",
    "url": "https://www.instagram.com/explore/locations/107334627668822/fitz-roy-bargrill/"
  },
  {
    "id": "1742310509386955",
    "name": "Kabanos",
    "city": "Cherson",
    "url": "https://www.instagram.com/explore/locations/1742310509386955/kabanos/"
  },
  {
    "id": "1824944157744309",
    "name": "Godshot_coffee",
    "city": "Cherson",
    "url": "https://www.instagram.com/explore/locations/1824944157744309/godshot_coffee/"
  },
  {
    "id": "958080909",
    "name": "ХДАЕУ - Херсонський державний аграрно-економічний університет",
    "city": "Cherson",
    "url": "https://www.instagram.com/explore/locations/958080909/-/"
  },
  {
    "id": "142621642983168",
    "name": "MichelKherson",
    "city": "Cherson",
    "url": "https://www.instagram.com/explore/locations/142621642983168/michelkherson/"
  },
  {
    "id": "1058655754189936",
    "name": "Ukrayna Kherson",
    "city": "Cherson",
    "url": "https://www.instagram.com/explore/locations/1058655754189936/ukrayna-kherson/"
  },
  {
    "id": "247983532385040",
    "name": "Michel Ресторан",
    "city": "Cherson",
    "url": "https://www.instagram.com/explore/locations/247983532385040/michel/"
  },
  {
    "id": "668689961",
    "name": "Old Street",
    "city": "Cherson",
    "url": "https://www.instagram.com/explore/locations/668689961/old-street/"
  },
  {
    "id": "1017920227",
    "name": "SHKAF smart cafe",
    "city": "Cherson",
    "url": "https://www.instagram.com/explore/locations/1017920227/shkaf-smart-cafe/"
  },
  {
    "id": "1923526630991760",
    "name": "Zelland",
    "city": "Cherson",
    "url": "https://www.instagram.com/explore/locations/1923526630991760/zelland/"
  },
  {
    "id": "1023084270",
    "name": "RockBurger Bar",
    "city": "Cherson",
    "url": "https://www.instagram.com/explore/locations/1023084270/rockburger-bar/"
  },
  {
    "id": "1123664954364604",
    "name": "Ул.карла Маркса 59 Херсон",
    "city": "Cherson",
    "url": "https://www.instagram.com/explore/locations/1123664954364604/59/"
  },
  {
    "id": "2002901063342029",
    "name": "Meest",
    "city": "Cherson",
    "url": "https://www.instagram.com/explore/locations/2002901063342029/meest/"
  },
  {
    "id": "1021210871",
    "name": "Restaurant Zeppelin",
    "city": "Cherson",
    "url": "https://www.instagram.com/explore/locations/1021210871/restaurant-zeppelin/"
  },
  {
    "id": "312576769461459",
    "name": "Studio Jannail",
    "city": "Cherson",
    "url": "https://www.instagram.com/explore/locations/312576769461459/studio-jannail/"
  },
  {
    "id": "499846296",
    "name": "40 лет октября",
    "city": "Cherson",
    "url": "https://www.instagram.com/explore/locations/499846296/40/"
  },
  {
    "id": "117203235634296",
    "name": "Sandro Gran Cafe",
    "city": "Cherson",
    "url": "https://www.instagram.com/explore/locations/117203235634296/sandro-gran-cafe/"
  },
  {
    "id": "1035481569",
    "name": "Яхт-Клуб,ресторан Мангал",
    "city": "Cherson",
    "url": "https://www.instagram.com/explore/locations/1035481569/-/"
  },
  {
    "id": "100504012134363",
    "name": "Al Capone",
    "city": "Cherson",
    "url": "https://www.instagram.com/explore/locations/100504012134363/al-capone/"
  },
  {
    "id": "1024670304",
    "name": "Olivia",
    "city": "Cherson",
    "url": "https://www.instagram.com/explore/locations/1024670304/olivia/"
  },
  {
    "id": "240245106",
    "name": "Музыкально-Драматический Театр Им.Н. Кулиша",
    "city": "Cherson",
    "url": "https://www.instagram.com/explore/locations/240245106/-/"
  },
  {
    "id": "104490484523777",
    "name": "Good Mood",
    "city": "Cherson",
    "url": "https://www.instagram.com/explore/locations/104490484523777/good-mood/"
  },
  {
    "id": "1008008836",
    "name": "Odessa Ukraine",
    "city": "Cherson",
    "url": "https://www.instagram.com/explore/locations/1008008836/odessa-ukraine/"
  },
  {
    "id": "733370190",
    "name": "BEER House - Пивной бар",
    "city": "Cherson",
    "url": "https://www.instagram.com/explore/locations/733370190/beer-house-/"
  },
  {
    "id": "1845501329034950",
    "name": "Hookah Bar Heisenberg",
    "city": "Cherson",
    "url": "https://www.instagram.com/explore/locations/1845501329034950/hookah-bar-heisenberg/"
  },
  {
    "id": "1030457778",
    "name": "Joy Cafe Kherson",
    "city": "Cherson",
    "url": "https://www.instagram.com/explore/locations/1030457778/joy-cafe-kherson/"
  },
  {
    "id": "270263270489172",
    "name": "REY BAR",
    "city": "Cherson",
    "url": "https://www.instagram.com/explore/locations/270263270489172/rey-bar/"
  },
  {
    "id": "136203360192355",
    "name": "Beer Bar",
    "city": "Cherson",
    "url": "https://www.instagram.com/explore/locations/136203360192355/beer-bar/"
  },
  {
    "id": "1018087034",
    "name": "Sporthub_F1",
    "city": "Cherson",
    "url": "https://www.instagram.com/explore/locations/1018087034/sporthub_f1/"
  },
  {
    "id": "878371252330036",
    "name": "Стумарі - кафе грузинської кухні, м.Херсон",
    "city": "Cherson",
    "url": "https://www.instagram.com/explore/locations/878371252330036/-/"
  },
  {
    "id": "155279931653757",
    "name": "Ресторан \"FAZENDA\",город Херсон",
    "city": "Cherson",
    "url": "https://www.instagram.com/explore/locations/155279931653757/fazenda/"
  },
  {
    "id": "44526836",
    "name": "Double Club",
    "city": "Cherson",
    "url": "https://www.instagram.com/explore/locations/44526836/double-club/"
  },
  {
    "id": "108041664759863",
    "name": "Prostir.coffee",
    "city": "Cherson",
    "url": "https://www.instagram.com/explore/locations/108041664759863/prostircoffee/"
  },
  {
    "id": "102615181579697",
    "name": "Verde salad bar",
    "city": "Cherson",
    "url": "https://www.instagram.com/explore/locations/102615181579697/verde-salad-bar/"
  },
  {
    "id": "144065146251680",
    "name": "Miracoli Kherson",
    "city": "Cherson",
    "url": "https://www.instagram.com/explore/locations/144065146251680/miracoli-kherson/"
  },
  {
    "id": "131368404141666",
    "name": "Verde espresso bar",
    "city": "Cherson",
    "url": "https://www.instagram.com/explore/locations/131368404141666/verde-espresso-bar/"
  },
  {
    "id": "827817747",
    "name": "Sweet Home Cafe Kherson",
    "city": "Cherson",
    "url": "https://www.instagram.com/explore/locations/827817747/sweet-home-cafe-kherson/"
  },
  {
    "id": "2051143128434117",
    "name": "Fee de cafe",
    "city": "Cherson",
    "url": "https://www.instagram.com/explore/locations/2051143128434117/fee-de-cafe/"
  },
  {
    "id": "2346904808688545",
    "name": "Sandler lounge bar",
    "city": "Cherson",
    "url": "https://www.instagram.com/explore/locations/2346904808688545/sandler-lounge-bar/"
  },
  {
    "id": "177003499492935",
    "name": "Роддом №1 Херсон",
    "city": "Cherson",
    "url": "https://www.instagram.com/explore/locations/177003499492935/no1/"
  },
  {
    "id": "315546580",
    "name": "Петровец - база отдыха",
    "city": "Cherson",
    "url": "https://www.instagram.com/explore/locations/315546580/-/"
  },
  {
    "id": "719569417",
    "name": "Kherson Center",
    "city": "Cherson",
    "url": "https://www.instagram.com/explore/locations/719569417/kherson-center/"
  },
  {
    "id": "103361638249785",
    "name": "La blonde bistro",
    "city": "Cherson",
    "url": "https://www.instagram.com/explore/locations/103361638249785/la-blonde-bistro/"
  },
  {
    "id": "816770362018337",
    "name": "Best Way Church",
    "city": "Cherson",
    "url": "https://www.instagram.com/explore/locations/816770362018337/best-way-church/"
  },
  {
    "id": "55342329",
    "name": "Beer Bar",
    "city": "Cherson",
    "url": "https://www.instagram.com/explore/locations/55342329/beer-bar/"
  },
  {
    "id": "1242457642555738",
    "name": "Fruman light cafe",
    "city": "Cherson",
    "url": "https://www.instagram.com/explore/locations/1242457642555738/fruman-light-cafe/"
  },
  {
    "id": "344329052985482",
    "name": "Шевченківський парк / Shevchenko Park",
    "city": "Cherson",
    "url": "https://www.instagram.com/explore/locations/344329052985482/shevchenko-park/"
  },
  {
    "id": "150427948353870",
    "name": "Nostalgie",
    "city": "Cherson",
    "url": "https://www.instagram.com/explore/locations/150427948353870/nostalgie/"
  },
  {
    "id": "408971444",
    "name": "Заир - Zair",
    "city": "Cherson",
    "url": "https://www.instagram.com/explore/locations/408971444/-zair/"
  },
  {
    "id": "108723071296288",
    "name": "Al Capone",
    "city": "Cherson",
    "url": "https://www.instagram.com/explore/locations/108723071296288/al-capone/"
  },
  {
    "id": "336020027147161",
    "name": "Neon City",
    "city": "Cherson",
    "url": "https://www.instagram.com/explore/locations/336020027147161/neon-city/"
  },
  {
    "id": "1022997779",
    "name": "Dominant Kherson",
    "city": "Cherson",
    "url": "https://www.instagram.com/explore/locations/1022997779/dominant-kherson/"
  },
  {
    "id": "1817232015017027",
    "name": "Счастье - есть",
    "city": "Cherson",
    "url": "https://www.instagram.com/explore/locations/1817232015017027/-/"
  },
  {
    "id": "219618055504649",
    "name": "Херсонська кава - Kava Kavun",
    "city": "Cherson",
    "url": "https://www.instagram.com/explore/locations/219618055504649/-kava-kavun/"
  },
  {
    "id": "1030755849",
    "name": "Салон красоты- Beauty Level",
    "city": "Cherson",
    "url": "https://www.instagram.com/explore/locations/1030755849/-beauty-level/"
  },
  {
    "id": "1035017736",
    "name": "Amici Kherson",
    "city": "Cherson",
    "url": "https://www.instagram.com/explore/locations/1035017736/amici-kherson/"
  },
  {
    "id": "187079832180600",
    "name": "Inspiration coffee & art",
    "city": "Cherson",
    "url": "https://www.instagram.com/explore/locations/187079832180600/inspiration-coffee-art/"
  },
  {
    "id": "106563914938155",
    "name": "UA Kinomania",
    "city": "Cherson",
    "url": "https://www.instagram.com/explore/locations/106563914938155/ua-kinomania/"
  },
  {
    "id": "311550046027870",
    "name": "Ambar Pub",
    "city": "Cherson",
    "url": "https://www.instagram.com/explore/locations/311550046027870/ambar-pub/"
  },
  {
    "id": "831491313880688",
    "name": "Автосервис KS Avto",
    "city": "Cherson",
    "url": "https://www.instagram.com/explore/locations/831491313880688/ks-avto/"
  },
  {
    "id": "2026008334311599",
    "name": "NK STYLE by Natalka Karavaieva",
    "city": "Cherson",
    "url": "https://www.instagram.com/explore/locations/2026008334311599/nk-style-by-natalka-karavaieva/"
  },
  {
    "id": "519397238426527",
    "name": "ХерсON Сувениры Souvenirs",
    "city": "Cherson",
    "url": "https://www.instagram.com/explore/locations/519397238426527/on-souvenirs/"
  },
  {
    "id": "870434090",
    "name": "the Кухня",
    "city": "Cherson",
    "url": "https://www.instagram.com/explore/locations/870434090/the/"
  },
  {
    "id": "236151987",
    "name": "Koko",
    "city": "Cherson",
    "url": "https://www.instagram.com/explore/locations/236151987/koko/"
  },
  {
    "id": "109665087574364",
    "name": "Школа-студия перманентного макияжа Natali Koval",
    "city": "Cherson",
    "url": "https://www.instagram.com/explore/locations/109665087574364/-natali-koval/"
  },
  {
    "id": "760213414151486",
    "name": "Teplitsa Мангал-Бар",
    "city": "Cherson",
    "url": "https://www.instagram.com/explore/locations/760213414151486/teplitsa-/"
  },
  {
    "id": "560014757787907",
    "name": "СтадіонКристал/ Kristal Stadium",
    "city": "Cherson",
    "url": "https://www.instagram.com/explore/locations/560014757787907/kristal-stadium/"
  },
  {
    "id": "1803983836557617",
    "name": "Heisenberg Hookah Bar",
    "city": "Cherson",
    "url": "https://www.instagram.com/explore/locations/1803983836557617/heisenberg-hookah-bar/"
  },
  {
    "id": "1005431596310092",
    "name": "Херсон • Kherson • Ukraine",
    "city": "Cherson",
    "url": "https://www.instagram.com/explore/locations/1005431596310092/kherson-ukraine/"
  },
  {
    "id": "769463179869585",
    "name": "Fitness club \"Lemon\"",
    "city": "Cherson",
    "url": "https://www.instagram.com/explore/locations/769463179869585/fitness-club-lemon/"
  },
  {
    "id": "1033514999",
    "name": "Г.херсон, Ул. 49 Гвардейской Дивизии",
    "city": "Cherson",
    "url": "https://www.instagram.com/explore/locations/1033514999/49/"
  },
  {
    "id": "103847157981456",
    "name": "Easy Bar",
    "city": "Cherson",
    "url": "https://www.instagram.com/explore/locations/103847157981456/easy-bar/"
  },
  {
    "id": "55611621",
    "name": "Miracoli",
    "city": "Cherson",
    "url": "https://www.instagram.com/explore/locations/55611621/miracoli/"
  },
  {
    "id": "379544742493903",
    "name": "Playstation club \"Underground\"",
    "city": "Cherson",
    "url": "https://www.instagram.com/explore/locations/379544742493903/playstation-club-underground/"
  },
  {
    "id": "235102452",
    "name": "Shkaf",
    "city": "Cherson",
    "url": "https://www.instagram.com/explore/locations/235102452/shkaf/"
  },
  {
    "id": "264713190",
    "name": "Amigo Club",
    "city": "Cherson",
    "url": "https://www.instagram.com/explore/locations/264713190/amigo-club/"
  },
  {
    "id": "389925924682400",
    "name": "Playtime Kherson",
    "city": "Cherson",
    "url": "https://www.instagram.com/explore/locations/389925924682400/playtime-kherson/"
  },
  {
    "id": "460877267415830",
    "name": "Фитнес клуб Hammer",
    "city": "Cherson",
    "url": "https://www.instagram.com/explore/locations/460877267415830/hammer/"
  },
  {
    "id": "243712368",
    "name": "Кофейня Scorini - Херсон",
    "city": "Cherson",
    "url": "https://www.instagram.com/explore/locations/243712368/scorini-/"
  },
  {
    "id": "368919490316637",
    "name": "SWEET HOME CAFE",
    "city": "Cherson",
    "url": "https://www.instagram.com/explore/locations/368919490316637/sweet-home-cafe/"
  },
  {
    "id": "104116265426433",
    "name": "Le Crouton neobistro",
    "city": "Cherson",
    "url": "https://www.instagram.com/explore/locations/104116265426433/le-crouton-neobistro/"
  },
  {
    "id": "268210943",
    "name": "Ресторан-Броварня Тройка",
    "city": "Cherson",
    "url": "https://www.instagram.com/explore/locations/268210943/-/"
  },
  {
    "id": "774251571",
    "name": "Nuovo",
    "city": "Cherson",
    "url": "https://www.instagram.com/explore/locations/774251571/nuovo/"
  },
  {
    "id": "470087302",
    "name": "Караоке-кафе \"ЗаПой\"",
    "city": "Cherson",
    "url": "https://www.instagram.com/explore/locations/470087302/-/"
  },
  {
    "id": "1023751055",
    "name": "Lunca Gallery bar",
    "city": "Cherson",
    "url": "https://www.instagram.com/explore/locations/1023751055/lunca-gallery-bar/"
  },
  {
    "id": "1324558934329258",
    "name": "Стоматологический кабинет Mukodent",
    "city": "Cherson",
    "url": "https://www.instagram.com/explore/locations/1324558934329258/mukodent/"
  },
  {
    "id": "110220993918599",
    "name": "Locals Only",
    "city": "Cherson",
    "url": "https://www.instagram.com/explore/locations/110220993918599/locals-only/"
  },
  {
    "id": "182918302194860",
    "name": "Lviv Croissants",
    "city": "Cherson",
    "url": "https://www.instagram.com/explore/locations/182918302194860/lviv-croissants/"
  },
  {
    "id": "881295800",
    "name": "BRUSH Beauty Shop Hair Nail",
    "city": "Cherson",
    "url": "https://www.instagram.com/explore/locations/881295800/brush-beauty-shop-hair-nail/"
  },
  {
    "id": "334509517298529",
    "name": "Площа Свободи / Liberty Square",
    "city": "Cherson",
    "url": "https://www.instagram.com/explore/locations/334509517298529/liberty-square/"
  },
  {
    "id": "1729703040618054",
    "name": "Gashek",
    "city": "Cherson",
    "url": "https://www.instagram.com/explore/locations/1729703040618054/gashek/"
  },
  {
    "id": "993088250726949",
    "name": "Свято-Духовский кафедральный собор",
    "city": "Cherson",
    "url": "https://www.instagram.com/explore/locations/993088250726949/-/"
  },
  {
    "id": "270059677",
    "name": "Suvorova Street",
    "city": "Cherson",
    "url": "https://www.instagram.com/explore/locations/270059677/suvorova-street/"
  },
  {
    "id": "248527615584799",
    "name": "Детский магазин \"Чух-Чух\"",
    "city": "Cherson",
    "url": "https://www.instagram.com/explore/locations/248527615584799/-/"
  },
  {
    "id": "576899992727021",
    "name": "Art-clubAmigo",
    "city": "Cherson",
    "url": "https://www.instagram.com/explore/locations/576899992727021/art-clubamigo/"
  },
  {
    "id": "580411051",
    "name": "Naomi Kherson",
    "city": "Cherson",
    "url": "https://www.instagram.com/explore/locations/580411051/naomi-kherson/"
  },
  {
    "id": "1905034886481667",
    "name": "Gringо - Навчальний центр",
    "city": "Cherson",
    "url": "https://www.instagram.com/explore/locations/1905034886481667/gring-/"
  },
  {
    "id": "386809361737539",
    "name": "Black Space",
    "city": "Cherson",
    "url": "https://www.instagram.com/explore/locations/386809361737539/black-space/"
  },
  {
    "id": "1649094611837332",
    "name": "Sale e Pepe",
    "city": "Cherson",
    "url": "https://www.instagram.com/explore/locations/1649094611837332/sale-e-pepe/"
  },
  {
    "id": "107678508312233",
    "name": "Qvevri винний будинок",
    "city": "Cherson",
    "url": "https://www.instagram.com/explore/locations/107678508312233/qvevri/"
  },
  {
    "id": "711871785597486",
    "name": "Херсон Daily",
    "city": "Cherson",
    "url": "https://www.instagram.com/explore/locations/711871785597486/daily/"
  },
  {
    "id": "672067278",
    "name": "Новая Каховка \"казкова Дiброва\"",
    "city": "Cherson",
    "url": "https://www.instagram.com/explore/locations/672067278/i/"
  },
  {
    "id": "168275777102509",
    "name": "Frisor Barbershop Kherson II",
    "city": "Cherson",
    "url": "https://www.instagram.com/explore/locations/168275777102509/frisor-barbershop-kherson-ii/"
  },
  {
    "id": "311713886220086",
    "name": "Гимназия 1",
    "city": "Cherson",
    "url": "https://www.instagram.com/explore/locations/311713886220086/1/"
  },
  {
    "id": "323102262",
    "name": "Optima Hotel",
    "city": "Cherson",
    "url": "https://www.instagram.com/explore/locations/323102262/optima-hotel/"
  },
  {
    "id": "285953855182682",
    "name": "Учебный центр Nail-House",
    "city": "Cherson",
    "url": "https://www.instagram.com/explore/locations/285953855182682/nail-house/"
  },
  {
    "id": "1645530935748986",
    "name": "BroTattoo",
    "city": "Cherson",
    "url": "https://www.instagram.com/explore/locations/1645530935748986/brotattoo/"
  },
  {
    "id": "2080049622306364",
    "name": "Pizza&Sushi Bar ХЕРСОН",
    "city": "Cherson",
    "url": "https://www.instagram.com/explore/locations/2080049622306364/pizzasushi-bar/"
  },
  {
    "id": "1505742716204404",
    "name": "Kherson \"beauty Time Studio\"",
    "city": "Cherson",
    "url": "https://www.instagram.com/explore/locations/1505742716204404/kherson-beauty-time-studio/"
  },
  {
    "id": "2375066839437678",
    "name": "Дитячий розважальний центр \"Be good\"",
    "city": "Cherson",
    "url": "https://www.instagram.com/explore/locations/2375066839437678/be-good/"
  },
  {
    "id": "611857812321250",
    "name": "Marafet",
    "city": "Cherson",
    "url": "https://www.instagram.com/explore/locations/611857812321250/marafet/"
  },
  {
    "id": "493616390843056",
    "name": "Profocus_studio",
    "city": "Cherson",
    "url": "https://www.instagram.com/explore/locations/493616390843056/profocus_studio/"
  },
  {
    "id": "801224670048078",
    "name": "Hot Cup Coffee Kherson",
    "city": "Cherson",
    "url": "https://www.instagram.com/explore/locations/801224670048078/hot-cup-coffee-kherson/"
  },
  {
    "id": "1012619872",
    "name": "ST Models agency",
    "city": "Cherson",
    "url": "https://www.instagram.com/explore/locations/1012619872/st-models-agency/"
  },
  {
    "id": "1437388202971762",
    "name": "Мияги Bro House",
    "city": "Cherson",
    "url": "https://www.instagram.com/explore/locations/1437388202971762/bro-house/"
  },
  {
    "id": "293892897693266",
    "name": "Магазин-кафе \"Чайна карта\"",
    "city": "Cherson",
    "url": "https://www.instagram.com/explore/locations/293892897693266/-/"
  },
  {
    "id": "2214870082080172",
    "name": "Roll'n'go",
    "city": "Cherson",
    "url": "https://www.instagram.com/explore/locations/2214870082080172/rollngo/"
  },
  {
    "id": "322784577",
    "name": "OlivetaKherson",
    "city": "Cherson",
    "url": "https://www.instagram.com/explore/locations/322784577/olivetakherson/"
  },
  {
    "id": "1275237515965160",
    "name": "ОЛИМП fitness club",
    "city": "Cherson",
    "url": "https://www.instagram.com/explore/locations/1275237515965160/fitness-club/"
  },
  {
    "id": "1025405735",
    "name": "NailsVision Studio",
    "city": "Cherson",
    "url": "https://www.instagram.com/explore/locations/1025405735/nailsvision-studio/"
  },
  {
    "id": "479221902442362",
    "name": "Jannail",
    "city": "Cherson",
    "url": "https://www.instagram.com/explore/locations/479221902442362/jannail/"
  },
  {
    "id": "155033078455717",
    "name": "Ул. Горьког 30 салон Красоты Beauty Lab",
    "city": "Cherson",
    "url": "https://www.instagram.com/explore/locations/155033078455717/30-beauty-lab/"
  },
  {
    "id": "561344180953605",
    "name": "Школа #46",
    "city": "Cherson",
    "url": "https://www.instagram.com/explore/locations/561344180953605/46/"
  },
  {
    "id": "2278273395829882",
    "name": "Grill Pub Kherson",
    "city": "Cherson",
    "url": "https://www.instagram.com/explore/locations/2278273395829882/grill-pub-kherson/"
  },
  {
    "id": "2575523019130365",
    "name": "Hookah BAR H2",
    "city": "Cherson",
    "url": "https://www.instagram.com/explore/locations/2575523019130365/hookah-bar-h2/"
  },
  {
    "id": "666254857082191",
    "name": "Йога центр \"Shanti Yoga Schoolм.Херсон",
    "city": "Cherson",
    "url": "https://www.instagram.com/explore/locations/666254857082191/shanti-yoga-school/"
  },
  {
    "id": "1019049374",
    "name": "Tornado Medical Group",
    "city": "Cherson",
    "url": "https://www.instagram.com/explore/locations/1019049374/tornado-medical-group/"
  },
  {
    "id": "102166671309524",
    "name": "Honest Cup",
    "city": "Cherson",
    "url": "https://www.instagram.com/explore/locations/102166671309524/honest-cup/"
  },
  {
    "id": "1667202570276673",
    "name": "Showroom Tulupov",
    "city": "Cherson",
    "url": "https://www.instagram.com/explore/locations/1667202570276673/showroom-tulupov/"
  },
  {
    "id": "103580608112702",
    "name": "Richesse",
    "city": "Cherson",
    "url": "https://www.instagram.com/explore/locations/103580608112702/richesse/"
  },
  {
    "id": "822093389",
    "name": "Тышо-Тышо Фест",
    "city": "Cherson",
    "url": "https://www.instagram.com/explore/locations/822093389/-/"
  },
  {
    "id": "266807760514840",
    "name": "Unicorn beauty salon",
    "city": "Cherson",
    "url": "https://www.instagram.com/explore/locations/266807760514840/unicorn-beauty-salon/"
  },
  {
    "id": "108682664852077",
    "name": "De_lux_moda_",
    "city": "Cherson",
    "url": "https://www.instagram.com/explore/locations/108682664852077/de_lux_moda_/"
  },
  {
    "id": "368198570404632",
    "name": "Vean_black_kherson",
    "city": "Cherson",
    "url": "https://www.instagram.com/explore/locations/368198570404632/vean_black_kherson/"
  },
  {
    "id": "566204856913597",
    "name": "The Lumber Barbershop",
    "city": "Cherson",
    "url": "https://www.instagram.com/explore/locations/566204856913597/the-lumber-barbershop/"
  },
  {
    "id": "170737143510079",
    "name": "BEY Tattoo Gallery",
    "city": "Cherson",
    "url": "https://www.instagram.com/explore/locations/170737143510079/bey-tattoo-gallery/"
  },
  {
    "id": "1029419625",
    "name": "Херсон, Рабочая,66",
    "city": "Cherson",
    "url": "https://www.instagram.com/explore/locations/1029419625/66/"
  },
  {
    "id": "299391223847911",
    "name": "Твій ДіМ Kherson тел. 099-480-6333",
    "city": "Cherson",
    "url": "https://www.instagram.com/explore/locations/299391223847911/kherson-099-480-6333/"
  },
  {
    "id": "100470951470508",
    "name": "AppStore",
    "city": "Cherson",
    "url": "https://www.instagram.com/explore/locations/100470951470508/appstore/"
  },
  {
    "id": "634609376689375",
    "name": "Top_kherson",
    "city": "Cherson",
    "url": "https://www.instagram.com/explore/locations/634609376689375/top_kherson/"
  },
  {
    "id": "726334584397694",
    "name": "God Shot Coffee",
    "city": "Cherson",
    "url": "https://www.instagram.com/explore/locations/726334584397694/god-shot-coffee/"
  },
  {
    "id": "104071928905994",
    "name": "Херсон - город Герой",
    "city": "Cherson",
    "url": "https://www.instagram.com/explore/locations/104071928905994/-/"
  },
  {
    "id": "500190590340397",
    "name": "Горького 13",
    "city": "Cherson",
    "url": "https://www.instagram.com/explore/locations/500190590340397/13/"
  },
  {
    "id": "1907132199523004",
    "name": "Granat LoungeCafe",
    "city": "Cherson",
    "url": "https://www.instagram.com/explore/locations/1907132199523004/granat-loungecafe/"
  },
  {
    "id": "391528381330801",
    "name": "Херсон Школа 47",
    "city": "Cherson",
    "url": "https://www.instagram.com/explore/locations/391528381330801/47/"
  },
  {
    "id": "294127551192317",
    "name": "Сільпо / Silpo",
    "city": "Cherson",
    "url": "https://www.instagram.com/explore/locations/294127551192317/silpo/"
  },
  {
    "id": "113769392579823",
    "name": "Кафе-кондитерская Mr Cake - Мистер Кейк",
    "city": "Cherson",
    "url": "https://www.instagram.com/explore/locations/113769392579823/-mr-cake-/"
  },
  {
    "id": "1897789800463962",
    "name": "ARAKS",
    "city": "Cherson",
    "url": "https://www.instagram.com/explore/locations/1897789800463962/araks/"
  },
  {
    "id": "1025583269",
    "name": "Granat Kherson",
    "city": "Cherson",
    "url": "https://www.instagram.com/explore/locations/1025583269/granat-kherson/"
  },
  {
    "id": "594987840918551",
    "name": "StoryTime",
    "city": "Cherson",
    "url": "https://www.instagram.com/explore/locations/594987840918551/storytime/"
  },
  {
    "id": "870352786424308",
    "name": "Wezom Academy",
    "city": "Cherson",
    "url": "https://www.instagram.com/explore/locations/870352786424308/wezom-academy/"
  },
  {
    "id": "413172456",
    "name": "Gran Cafe Sandro",
    "city": "Cherson",
    "url": "https://www.instagram.com/explore/locations/413172456/gran-cafe-sandro/"
  },
  {
    "id": "2411454678880285",
    "name": "B.V.Si",
    "city": "Cherson",
    "url": "https://www.instagram.com/explore/locations/2411454678880285/bvsi/"
  },
  {
    "id": "107960644355163",
    "name": "Vim Space",
    "city": "Cherson",
    "url": "https://www.instagram.com/explore/locations/107960644355163/vim-space/"
  },
  {
    "id": "747843198888885",
    "name": "Addrian School Kherson",
    "city": "Cherson",
    "url": "https://www.instagram.com/explore/locations/747843198888885/addrian-school-kherson/"
  },
  {
    "id": "1025683936",
    "name": "Grimerka",
    "city": "Cherson",
    "url": "https://www.instagram.com/explore/locations/1025683936/grimerka/"
  },
  {
    "id": "1946065985412618",
    "name": "Face Control - beauty studio",
    "city": "Cherson",
    "url": "https://www.instagram.com/explore/locations/1946065985412618/face-control-beauty-studio/"
  },
  {
    "id": "112597976771245",
    "name": "Urbanist Ramen Bar",
    "city": "Cherson",
    "url": "https://www.instagram.com/explore/locations/112597976771245/urbanist-ramen-bar/"
  },
  {
    "id": "661726337364032",
    "name": "Beauty Studio Comme il faut",
    "city": "Cherson",
    "url": "https://www.instagram.com/explore/locations/661726337364032/beauty-studio-comme-il-faut/"
  },
  {
    "id": "325907538143850",
    "name": "Медичний ЦентрДнiпромед",
    "city": "Cherson",
    "url": "https://www.instagram.com/explore/locations/325907538143850/i/"
  },
  {
    "id": "195940761072740",
    "name": "Sauce Bar",
    "city": "Cherson",
    "url": "https://www.instagram.com/explore/locations/195940761072740/sauce-bar/"
  },
  {
    "id": "399175250464984",
    "name": "My KAVA",
    "city": "Cherson",
    "url": "https://www.instagram.com/explore/locations/399175250464984/my-kava/"
  },
  {
    "id": "350742512346797",
    "name": "•Sushi bar RICE•",
    "city": "Cherson",
    "url": "https://www.instagram.com/explore/locations/350742512346797/sushi-bar-rice/"
  },
  {
    "id": "326886447",
    "name": "Sweet Home Cafe",
    "city": "Cherson",
    "url": "https://www.instagram.com/explore/locations/326886447/sweet-home-cafe/"
  },
  {
    "id": "756661584490721",
    "name": "IPort",
    "city": "Cherson",
    "url": "https://www.instagram.com/explore/locations/756661584490721/iport/"
  },
  {
    "id": "255739121629796",
    "name": "Кондитерская Perfetto",
    "city": "Cherson",
    "url": "https://www.instagram.com/explore/locations/255739121629796/perfetto/"
  },
  {
    "id": "112181064300165",
    "name": "ПекарMeister",
    "city": "Cherson",
    "url": "https://www.instagram.com/explore/locations/112181064300165/meister/"
  },
  {
    "id": "1672230023090019",
    "name": "İstanbul Cafe Restaurant",
    "city": "Cherson",
    "url": "https://www.instagram.com/explore/locations/1672230023090019/istanbul-cafe-restaurant/"
  },
  {
    "id": "432619927143028",
    "name": "Школа №11",
    "city": "Cherson",
    "url": "https://www.instagram.com/explore/locations/432619927143028/no11/"
  },
  {
    "id": "126836354643548",
    "name": "Ladyprofstudio - ледипрофстудио",
    "city": "Cherson",
    "url": "https://www.instagram.com/explore/locations/126836354643548/ladyprofstudio-/"
  },
  {
    "id": "613735015758297",
    "name": "ЖК Status",
    "city": "Cherson",
    "url": "https://www.instagram.com/explore/locations/613735015758297/status/"
  },
  {
    "id": "739224626276921",
    "name": "FlowerCity",
    "city": "Cherson",
    "url": "https://www.instagram.com/explore/locations/739224626276921/flowercity/"
  },
  {
    "id": "518805866",
    "name": "Olivia",
    "city": "Cherson",
    "url": "https://www.instagram.com/explore/locations/518805866/olivia/"
  },
  {
    "id": "102129468260469",
    "name": "SOYKA concept store",
    "city": "Cherson",
    "url": "https://www.instagram.com/explore/locations/102129468260469/soyka-concept-store/"
  },
  {
    "id": "1032243768",
    "name": "Свято - Духовский Кафедральный собор",
    "city": "Cherson",
    "url": "https://www.instagram.com/explore/locations/1032243768/-/"
  },
  {
    "id": "106732737617628",
    "name": "Studio Maria Mokina",
    "city": "Cherson",
    "url": "https://www.instagram.com/explore/locations/106732737617628/studio-maria-mokina/"
  },
  {
    "id": "109800317120563",
    "name": "VENOM Барбершоп Херсон",
    "city": "Cherson",
    "url": "https://www.instagram.com/explore/locations/109800317120563/venom/"
  },
  {
    "id": "456165895",
    "name": "Херсонская Гимназия 20",
    "city": "Cherson",
    "url": "https://www.instagram.com/explore/locations/456165895/20/"
  },
  {
    "id": "1922083774732954",
    "name": "Массаж RaDja Massage",
    "city": "Cherson",
    "url": "https://www.instagram.com/explore/locations/1922083774732954/radja-massage/"
  },
  {
    "id": "526130634520134",
    "name": "MON Studio",
    "city": "Cherson",
    "url": "https://www.instagram.com/explore/locations/526130634520134/mon-studio/"
  },
  {
    "id": "100360884133967",
    "name": "Asti showroom",
    "city": "Cherson",
    "url": "https://www.instagram.com/explore/locations/100360884133967/asti-showroom/"
  },
  {
    "id": "709475692578512",
    "name": "Salon Marsell",
    "city": "Cherson",
    "url": "https://www.instagram.com/explore/locations/709475692578512/salon-marsell/"
  },
  {
    "id": "701183783",
    "name": "Dnepr, Kherson, Ukraine.",
    "city": "Cherson",
    "url": "https://www.instagram.com/explore/locations/701183783/dnepr-kherson-ukraine/"
  },
  {
    "id": "422784225213736",
    "name": "Херсон-на-Дніпрі",
    "city": "Cherson",
    "url": "https://www.instagram.com/explore/locations/422784225213736/-/"
  },
  {
    "id": "500027477177089",
    "name": "Робин-Бобин",
    "city": "Cherson",
    "url": "https://www.instagram.com/explore/locations/500027477177089/-/"
  },
  {
    "id": "1021349377",
    "name": "Ricchezza",
    "city": "Cherson",
    "url": "https://www.instagram.com/explore/locations/1021349377/ricchezza/"
  },
  {
    "id": "229313371028996",
    "name": "Lido Resort",
    "city": "Cherson",
    "url": "https://www.instagram.com/explore/locations/229313371028996/lido-resort/"
  },
  {
    "id": "217745405289726",
    "name": "Турагенція ANEX tour Admiral-Kherson",
    "city": "Cherson",
    "url": "https://www.instagram.com/explore/locations/217745405289726/anex-tour-admiral-kherson/"
  },
  {
    "id": "579659475831688",
    "name": "VOLTA craft bar",
    "city": "Cherson",
    "url": "https://www.instagram.com/explore/locations/579659475831688/volta-craft-bar/"
  },
  {
    "id": "111256143617812",
    "name": "Dr_voloshyna",
    "city": "Cherson",
    "url": "https://www.instagram.com/explore/locations/111256143617812/dr_voloshyna/"
  },
  {
    "id": "1758925541022312",
    "name": "Gashek",
    "city": "Cherson",
    "url": "https://www.instagram.com/explore/locations/1758925541022312/gashek/"
  },
  {
    "id": "249374620",
    "name": "Port of Kherson",
    "city": "Cherson",
    "url": "https://www.instagram.com/explore/locations/249374620/port-of-kherson/"
  },
  {
    "id": "597495520605166",
    "name": "Эко - Лавка Херсон",
    "city": "Cherson",
    "url": "https://www.instagram.com/explore/locations/597495520605166/-/"
  },
  {
    "id": "477074934",
    "name": "Megasun",
    "city": "Cherson",
    "url": "https://www.instagram.com/explore/locations/477074934/megasun/"
  },
  {
    "id": "248283815322010",
    "name": "Logan.ks.ua",
    "city": "Cherson",
    "url": "https://www.instagram.com/explore/locations/248283815322010/loganksua/"
  },
  {
    "id": "255115375188580",
    "name": "Центр профессиональной стоматологии-Эстет",
    "city": "Cherson",
    "url": "https://www.instagram.com/explore/locations/255115375188580/-/"
  },
  {
    "id": "293846917885488",
    "name": "Доминант LUX",
    "city": "Cherson",
    "url": "https://www.instagram.com/explore/locations/293846917885488/lux/"
  },
  {
    "id": "220986254934604",
    "name": "Кофейня Orbita",
    "city": "Cherson",
    "url": "https://www.instagram.com/explore/locations/220986254934604/orbita/"
  },
  {
    "id": "1989040907992656",
    "name": "Viktorynutriland_official",
    "city": "Cherson",
    "url": "https://www.instagram.com/explore/locations/1989040907992656/viktorynutriland_official/"
  },
  {
    "id": "276547693194911",
    "name": "Вулиця Суворова / Suvorova street",
    "city": "Cherson",
    "url": "https://www.instagram.com/explore/locations/276547693194911/suvorova-street/"
  },
  {
    "id": "601461797",
    "name": "Pronto Moda",
    "city": "Cherson",
    "url": "https://www.instagram.com/explore/locations/601461797/pronto-moda/"
  },
  {
    "id": "2208299949384799",
    "name": "One E - Tattoo",
    "city": "Cherson",
    "url": "https://www.instagram.com/explore/locations/2208299949384799/one-e-tattoo/"
  },
  {
    "id": "521670468180536",
    "name": "Бульвар Мирный 4",
    "city": "Cherson",
    "url": "https://www.instagram.com/explore/locations/521670468180536/4/"
  },
  {
    "id": "990309567731553",
    "name": "Amici",
    "city": "Cherson",
    "url": "https://www.instagram.com/explore/locations/990309567731553/amici/"
  },
  {
    "id": "1818753541710886",
    "name": "Iдеальна Краса",
    "city": "Cherson",
    "url": "https://www.instagram.com/explore/locations/1818753541710886/i/"
  },
  {
    "id": "948780504",
    "name": "Салон кухонь Botsman",
    "city": "Cherson",
    "url": "https://www.instagram.com/explore/locations/948780504/botsman/"
  },
  {
    "id": "114557422419690",
    "name": "ХерсON ФЕСТ",
    "city": "Cherson",
    "url": "https://www.instagram.com/explore/locations/114557422419690/on/"
  },
  {
    "id": "1634137176840682",
    "name": "Beauty Tuning Studio",
    "city": "Cherson",
    "url": "https://www.instagram.com/explore/locations/1634137176840682/beauty-tuning-studio/"
  },
  {
    "id": "350484077",
    "name": "Sandro",
    "city": "Cherson",
    "url": "https://www.instagram.com/explore/locations/350484077/sandro/"
  },
  {
    "id": "272847992",
    "name": "Mangal",
    "city": "Cherson",
    "url": "https://www.instagram.com/explore/locations/272847992/mangal/"
  },
  {
    "id": "157010643146013",
    "name": "Stories Coffee Bar",
    "city": "Cherson",
    "url": "https://www.instagram.com/explore/locations/157010643146013/stories-coffee-bar/"
  },
  {
    "id": "257031068",
    "name": "KMSTC",
    "city": "Cherson",
    "url": "https://www.instagram.com/explore/locations/257031068/kmstc/"
  },
  {
    "id": "120027485301902",
    "name": "Butterfly.kherson",
    "city": "Cherson",
    "url": "https://www.instagram.com/explore/locations/120027485301902/butterflykherson/"
  },
  {
    "id": "2302664033390332",
    "name": "Raziotel Херсон",
    "city": "Cherson",
    "url": "https://www.instagram.com/explore/locations/2302664033390332/raziotel/"
  },
  {
    "id": "301103210692559",
    "name": "TO_E_SUSHI",
    "city": "Cherson",
    "url": "https://www.instagram.com/explore/locations/301103210692559/to_e_sushi/"
  },
  {
    "id": "331495977338137",
    "name": "Dr_Gornostaeva",
    "city": "Cherson",
    "url": "https://www.instagram.com/explore/locations/331495977338137/dr_gornostaeva/"
  },
  {
    "id": "2397065407218608",
    "name": "Heisenberg2",
    "city": "Cherson",
    "url": "https://www.instagram.com/explore/locations/2397065407218608/heisenberg2/"
  },
  {
    "id": "108729127621366",
    "name": "Kraken Barbershop",
    "city": "Cherson",
    "url": "https://www.instagram.com/explore/locations/108729127621366/kraken-barbershop/"
  },
  {
    "id": "779022596",
    "name": "Dolce Coffee Kherson",
    "city": "Cherson",
    "url": "https://www.instagram.com/explore/locations/779022596/dolce-coffee-kherson/"
  },
  {
    "id": "1009067099245887",
    "name": "Woka Kherson",
    "city": "Cherson",
    "url": "https://www.instagram.com/explore/locations/1009067099245887/woka-kherson/"
  },
  {
    "id": "225908831530745",
    "name": "Школа-студия Степановой Анны",
    "city": "Cherson",
    "url": "https://www.instagram.com/explore/locations/225908831530745/-/"
  },
  {
    "id": "349055612499832",
    "name": "Школа 51",
    "city": "Cherson",
    "url": "https://www.instagram.com/explore/locations/349055612499832/51/"
  },
  {
    "id": "1845945638816468",
    "name": "Fox 3/1",
    "city": "Cherson",
    "url": "https://www.instagram.com/explore/locations/1845945638816468/fox-31/"
  },
  {
    "id": "252487323",
    "name": "Platon Restaurant-Club",
    "city": "Cherson",
    "url": "https://www.instagram.com/explore/locations/252487323/platon-restaurant-club/"
  },
  {
    "id": "322254071744175",
    "name": "Потёмкинский Сквер / Potemkin Public Garden",
    "city": "Cherson",
    "url": "https://www.instagram.com/explore/locations/322254071744175/potemkin-public-garden/"
  },
  {
    "id": "106945624350919",
    "name": "Спорт-бар \"golpas\"",
    "city": "Cherson",
    "url": "https://www.instagram.com/explore/locations/106945624350919/-golpas/"
  },
  {
    "id": "817526191746743",
    "name": "Milagro",
    "city": "Cherson",
    "url": "https://www.instagram.com/explore/locations/817526191746743/milagro/"
  },
  {
    "id": "105012620919269",
    "name": "Доминант Amigo",
    "city": "Cherson",
    "url": "https://www.instagram.com/explore/locations/105012620919269/amigo/"
  },
  {
    "id": "113645503807828",
    "name": "Hotel Play by Ribas",
    "city": "Cherson",
    "url": "https://www.instagram.com/explore/locations/113645503807828/hotel-play-by-ribas/"
  },
  {
    "id": "1026943195",
    "name": "Kherson Maritime Academy",
    "city": "Cherson",
    "url": "https://www.instagram.com/explore/locations/1026943195/kherson-maritime-academy/"
  },
  {
    "id": "207669056392524",
    "name": "Херсон Школа 57",
    "city": "Cherson",
    "url": "https://www.instagram.com/explore/locations/207669056392524/57/"
  },
  {
    "id": "144729982818003",
    "name": "Семейный Центр Pride",
    "city": "Cherson",
    "url": "https://www.instagram.com/explore/locations/144729982818003/pride/"
  },
  {
    "id": "428060441293463",
    "name": "VT Zone Permanent Make Up",
    "city": "Cherson",
    "url": "https://www.instagram.com/explore/locations/428060441293463/vt-zone-permanent-make-up/"
  },
  {
    "id": "1614368525242292",
    "name": "Perfetto Kherson",
    "city": "Cherson",
    "url": "https://www.instagram.com/explore/locations/1614368525242292/perfetto-kherson/"
  },
  {
    "id": "1298340380321045",
    "name": "Гимназия 20",
    "city": "Cherson",
    "url": "https://www.instagram.com/explore/locations/1298340380321045/20/"
  },
  {
    "id": "567556993754541",
    "name": "Restaurant Kazbek",
    "city": "Cherson",
    "url": "https://www.instagram.com/explore/locations/567556993754541/restaurant-kazbek/"
  },
  {
    "id": "1026952260",
    "name": "Турагентство \"Euro Tourсеть агентств \"На Каникулы\"",
    "city": "Cherson",
    "url": "https://www.instagram.com/explore/locations/1026952260/euro-tour/"
  },
  {
    "id": "610586531",
    "name": "Kherson town, Ukraine",
    "city": "Cherson",
    "url": "https://www.instagram.com/explore/locations/610586531/kherson-town-ukraine/"
  },
  {
    "id": "274284936428357",
    "name": "Fazenda",
    "city": "Cherson",
    "url": "https://www.instagram.com/explore/locations/274284936428357/fazenda/"
  },
  {
    "id": "1226124244124019",
    "name": "AnyWay",
    "city": "Cherson",
    "url": "https://www.instagram.com/explore/locations/1226124244124019/anyway/"
  },
  {
    "id": "1848972905315963",
    "name": "School & Beauty Studio FA",
    "city": "Cherson",
    "url": "https://www.instagram.com/explore/locations/1848972905315963/school-beauty-studio-fa/"
  },
  {
    "id": "109926170542276",
    "name": "Feeria SALON",
    "city": "Cherson",
    "url": "https://www.instagram.com/explore/locations/109926170542276/feeria-salon/"
  },
  {
    "id": "347515632307810",
    "name": "Brush beauty salon",
    "city": "Cherson",
    "url": "https://www.instagram.com/explore/locations/347515632307810/brush-beauty-salon/"
  },
  {
    "id": "1021716514",
    "name": "Агентство Недвижимости \"Realty Group\"",
    "city": "Cherson",
    "url": "https://www.instagram.com/explore/locations/1021716514/realty-group/"
  },
  {
    "id": "191807474246013",
    "name": "Монтессори-клуб \"Смайлик\"",
    "city": "Cherson",
    "url": "https://www.instagram.com/explore/locations/191807474246013/-/"
  },
  {
    "id": "103991766787708",
    "name": "Teahouse Херсон",
    "city": "Cherson",
    "url": "https://www.instagram.com/explore/locations/103991766787708/teahouse/"
  },
  {
    "id": "337497123341827",
    "name": "Pretty Woman",
    "city": "Cherson",
    "url": "https://www.instagram.com/explore/locations/337497123341827/pretty-woman/"
  },
  {
    "id": "701007140",
    "name": "Nostalgie , Херсон",
    "city": "Cherson",
    "url": "https://www.instagram.com/explore/locations/701007140/nostalgie/"
  },
  {
    "id": "1828883167341154",
    "name": "Riviera Chill & Lounge Cafe",
    "city": "Cherson",
    "url": "https://www.instagram.com/explore/locations/1828883167341154/riviera-chill-lounge-cafe/"
  },
  {
    "id": "477678811",
    "name": "Free Ride",
    "city": "Cherson",
    "url": "https://www.instagram.com/explore/locations/477678811/free-ride/"
  },
  {
    "id": "949587461909977",
    "name": "Шкаф / Shkaf",
    "city": "Cherson",
    "url": "https://www.instagram.com/explore/locations/949587461909977/shkaf/"
  },
  {
    "id": "360611067414123",
    "name": "Херсонский областной академический музыкально-драматический театр им. Н. Кулиша",
    "city": "Cherson",
    "url": "https://www.instagram.com/explore/locations/360611067414123/-/"
  },
  {
    "id": "111542120761436",
    "name": "Palazzo ristorante",
    "city": "Cherson",
    "url": "https://www.instagram.com/explore/locations/111542120761436/palazzo-ristorante/"
  },
  {
    "id": "1629123223853949",
    "name": "Юбилейный к-т",
    "city": "Cherson",
    "url": "https://www.instagram.com/explore/locations/1629123223853949/-/"
  },
  {
    "id": "112266953724294",
    "name": "белинского 8",
    "city": "Cherson",
    "url": "https://www.instagram.com/explore/locations/112266953724294/8/"
  },
  {
    "id": "480814955",
    "name": "On The Run",
    "city": "Cherson",
    "url": "https://www.instagram.com/explore/locations/480814955/on-the-run/"
  },
  {
    "id": "235232630324120",
    "name": "Учебный центр \"Nota Bene\"",
    "city": "Cherson",
    "url": "https://www.instagram.com/explore/locations/235232630324120/nota-bene/"
  },
  {
    "id": "370172783479897",
    "name": "Vip Room Salon",
    "city": "Cherson",
    "url": "https://www.instagram.com/explore/locations/370172783479897/vip-room-salon/"
  },
  {
    "id": "784925418343789",
    "name": "Flowercity",
    "city": "Cherson",
    "url": "https://www.instagram.com/explore/locations/784925418343789/flowercity/"
  },
  {
    "id": "1585485221757295",
    "name": "Lviv Croissants",
    "city": "Cherson",
    "url": "https://www.instagram.com/explore/locations/1585485221757295/lviv-croissants/"
  },
  {
    "id": "254001538625799",
    "name": "Оптика Zeiss на Потемкинской",
    "city": "Cherson",
    "url": "https://www.instagram.com/explore/locations/254001538625799/zeiss/"
  },
  {
    "id": "100839941366425",
    "name": "Felicita del Caffe",
    "city": "Cherson",
    "url": "https://www.instagram.com/explore/locations/100839941366425/felicita-del-caffe/"
  },
  {
    "id": "1026665149",
    "name": "Детский центр «kid’s CLUB»",
    "city": "Cherson",
    "url": "https://www.instagram.com/explore/locations/1026665149/kids-club/"
  },
  {
    "id": "1525324411083511",
    "name": "Golgotha, Baptist Church , Kherson.",
    "city": "Cherson",
    "url": "https://www.instagram.com/explore/locations/1525324411083511/golgotha-baptist-church-kherson/"
  },
  {
    "id": "567522113717907",
    "name": "Филатова 32а",
    "city": "Cherson",
    "url": "https://www.instagram.com/explore/locations/567522113717907/32/"
  },
  {
    "id": "787855534890524",
    "name": "ХДМА 1й корпус",
    "city": "Cherson",
    "url": "https://www.instagram.com/explore/locations/787855534890524/1/"
  },
  {
    "id": "351425005511325",
    "name": "relaxstudio_ks",
    "city": "Cherson",
    "url": "https://www.instagram.com/explore/locations/351425005511325/relaxstudio_ks/"
  },
  {
    "id": "251220822216665",
    "name": "Херсон.шуменский.фитнес Клуб Shape",
    "city": "Cherson",
    "url": "https://www.instagram.com/explore/locations/251220822216665/shape/"
  },
  {
    "id": "100275974941727",
    "name": "Fitzgerald Pub&Kitchen",
    "city": "Cherson",
    "url": "https://www.instagram.com/explore/locations/100275974941727/fitzgerald-pubkitchen/"
  },
  {
    "id": "122860402442603",
    "name": "Херсон, Фрунзе 29",
    "city": "Cherson",
    "url": "https://www.instagram.com/explore/locations/122860402442603/29/"
  },
  {
    "id": "112025233542870",
    "name": "Admiral Travel",
    "city": "Cherson",
    "url": "https://www.instagram.com/explore/locations/112025233542870/admiral-travel/"
  },
  {
    "id": "277618239760243",
    "name": "Banzai",
    "city": "Cherson",
    "url": "https://www.instagram.com/explore/locations/277618239760243/banzai/"
  },
  {
    "id": "823915997709475",
    "name": "Вакансии. Марлинс. Английский для моряков “BMC Company”",
    "city": "Cherson",
    "url": "https://www.instagram.com/explore/locations/823915997709475/bmc-company/"
  },
  {
    "id": "105393687493998",
    "name": "Underground_club",
    "city": "Cherson",
    "url": "https://www.instagram.com/explore/locations/105393687493998/underground_club/"
  },
  {
    "id": "115459686525096",
    "name": "Vital Gold Farmhouse",
    "city": "Cherson",
    "url": "https://www.instagram.com/explore/locations/115459686525096/vital-gold-farmhouse/"
  },
  {
    "id": "1033366383",
    "name": "Херсон, Суворова 32 Жбанек",
    "city": "Cherson",
    "url": "https://www.instagram.com/explore/locations/1033366383/32/"
  },
  {
    "id": "428231847537519",
    "name": "Katrin - ювелирный магазин",
    "city": "Cherson",
    "url": "https://www.instagram.com/explore/locations/428231847537519/katrin-/"
  },
  {
    "id": "1023451262",
    "name": "Конференц-зал \"Конгресс\"",
    "city": "Cherson",
    "url": "https://www.instagram.com/explore/locations/1023451262/-/"
  },
  {
    "id": "1500065946922839",
    "name": "For Tourist Travel",
    "city": "Cherson",
    "url": "https://www.instagram.com/explore/locations/1500065946922839/for-tourist-travel/"
  },
  {
    "id": "828051132",
    "name": "Інтернет-провайдер digicom",
    "city": "Cherson",
    "url": "https://www.instagram.com/explore/locations/828051132/-digicom/"
  },
  {
    "id": "688857234607424",
    "name": "Студия иностранных языков Motif",
    "city": "Cherson",
    "url": "https://www.instagram.com/explore/locations/688857234607424/motif/"
  },
  {
    "id": "415910614",
    "name": "Amigo Disco",
    "city": "Cherson",
    "url": "https://www.instagram.com/explore/locations/415910614/amigo-disco/"
  },
  {
    "id": "100651015474868",
    "name": "Vesper",
    "city": "Cherson",
    "url": "https://www.instagram.com/explore/locations/100651015474868/vesper/"
  },
  {
    "id": "661740453980893",
    "name": "Kabanos",
    "city": "Cherson",
    "url": "https://www.instagram.com/explore/locations/661740453980893/kabanos/"
  },
  {
    "id": "245105312623981",
    "name": "KRATU",
    "city": "Cherson",
    "url": "https://www.instagram.com/explore/locations/245105312623981/kratu/"
  },
  {
    "id": "400557817346195",
    "name": "Freebird coffee",
    "city": "Cherson",
    "url": "https://www.instagram.com/explore/locations/400557817346195/freebird-coffee/"
  },
  {
    "id": "272686186528895",
    "name": "Smash Salon",
    "city": "Cherson",
    "url": "https://www.instagram.com/explore/locations/272686186528895/smash-salon/"
  },
  {
    "id": "106729597448451",
    "name": "ProFashion Spa&Beauty",
    "city": "Cherson",
    "url": "https://www.instagram.com/explore/locations/106729597448451/profashion-spabeauty/"
  },
  {
    "id": "2316733358402932",
    "name": "Суворова 30, Espresso Падик 2",
    "city": "Cherson",
    "url": "https://www.instagram.com/explore/locations/2316733358402932/30-espresso-2/"
  },
  {
    "id": "401268140366342",
    "name": "Туристична агенція \"Pegas Kherson\"",
    "city": "Cherson",
    "url": "https://www.instagram.com/explore/locations/401268140366342/pegas-kherson/"
  },
  {
    "id": "2199251320312563",
    "name": "Dual Shock Club",
    "city": "Cherson",
    "url": "https://www.instagram.com/explore/locations/2199251320312563/dual-shock-club/"
  },
  {
    "id": "500532963677708",
    "name": "MariyaPriyma",
    "city": "Cherson",
    "url": "https://www.instagram.com/explore/locations/500532963677708/mariyapriyma/"
  },
  {
    "id": "104134498496609",
    "name": "Koteneva Beauty Studio",
    "city": "Cherson",
    "url": "https://www.instagram.com/explore/locations/104134498496609/koteneva-beauty-studio/"
  },
  {
    "id": "104483744453190",
    "name": "17 Coffee bar",
    "city": "Cherson",
    "url": "https://www.instagram.com/explore/locations/104483744453190/17-coffee-bar/"
  },
  {
    "id": "101616185321969",
    "name": "Херсонський Державний Аграрно-Економічний Університет.",
    "city": "Cherson",
    "url": "https://www.instagram.com/explore/locations/101616185321969/-/"
  },
  {
    "id": "433531760765145",
    "name": "Farmacia",
    "city": "Cherson",
    "url": "https://www.instagram.com/explore/locations/433531760765145/farmacia/"
  },
  {
    "id": "128231237768605",
    "name": "Творческая Мастерская \"ScrapTools\"",
    "city": "Cherson",
    "url": "https://www.instagram.com/explore/locations/128231237768605/scraptools/"
  },
  {
    "id": "8902746",
    "name": "Bonbon",
    "city": "Cherson",
    "url": "https://www.instagram.com/explore/locations/8902746/bonbon/"
  },
  {
    "id": "538550783189159",
    "name": "KNIGA show room",
    "city": "Cherson",
    "url": "https://www.instagram.com/explore/locations/538550783189159/kniga-show-room/"
  },
  {
    "id": "1894500237465125",
    "name": "Роддом #1",
    "city": "Cherson",
    "url": "https://www.instagram.com/explore/locations/1894500237465125/1/"
  },
  {
    "id": "820831501446709",
    "name": "Rocket_coffee_point",
    "city": "Cherson",
    "url": "https://www.instagram.com/explore/locations/820831501446709/rocket_coffee_point/"
  },
  {
    "id": "109872834803866",
    "name": "Dēlicatessen Херсон",
    "city": "Cherson",
    "url": "https://www.instagram.com/explore/locations/109872834803866/delicatessen/"
  },
  {
    "id": "108904254057982",
    "name": "Beauty Time Studio Kherson",
    "city": "Cherson",
    "url": "https://www.instagram.com/explore/locations/108904254057982/beauty-time-studio-kherson/"
  },
  {
    "id": "2675980072443752",
    "name": "Barbar Photo",
    "city": "Cherson",
    "url": "https://www.instagram.com/explore/locations/2675980072443752/barbar-photo/"
  },
  {
    "id": "897789183744086",
    "name": "Sayang Ku",
    "city": "Cherson",
    "url": "https://www.instagram.com/explore/locations/897789183744086/sayang-ku/"
  },
  {
    "id": "102241938052601",
    "name": "Salon Egoistka",
    "city": "Cherson",
    "url": "https://www.instagram.com/explore/locations/102241938052601/salon-egoistka/"
  },
  {
    "id": "110640363730696",
    "name": "Barbershop \"Darwin\"",
    "city": "Cherson",
    "url": "https://www.instagram.com/explore/locations/110640363730696/barbershop-darwin/"
  },
  {
    "id": "564351274046877",
    "name": "Aromakava",
    "city": "Cherson",
    "url": "https://www.instagram.com/explore/locations/564351274046877/aromakava/"
  },
  {
    "id": "1136839096431713",
    "name": "Свято-Николаевский морской собор",
    "city": "Cherson",
    "url": "https://www.instagram.com/explore/locations/1136839096431713/-/"
  },
  {
    "id": "1014699147",
    "name": "Все о Турции - Новости Турции Türkiye Hakkında Herşey",
    "city": "Cherson",
    "url": "https://www.instagram.com/explore/locations/1014699147/-turkiye-hakknda-hersey/"
  },
  {
    "id": "1906548242945778",
    "name": "Kolss & Roshe",
    "city": "Cherson",
    "url": "https://www.instagram.com/explore/locations/1906548242945778/kolss-roshe/"
  },
  {
    "id": "790465464",
    "name": "Горького 27",
    "city": "Cherson",
    "url": "https://www.instagram.com/explore/locations/790465464/27/"
  },
  {
    "id": "597561870627383",
    "name": "Декабристов12",
    "city": "Cherson",
    "url": "https://www.instagram.com/explore/locations/597561870627383/12/"
  },
  {
    "id": "100281525083881",
    "name": "Спорт Клуб Prime",
    "city": "Cherson",
    "url": "https://www.instagram.com/explore/locations/100281525083881/prime/"
  },
  {
    "id": "2157676844452180",
    "name": "фритаун 84",
    "city": "Cherson",
    "url": "https://www.instagram.com/explore/locations/2157676844452180/84/"
  },
  {
    "id": "1594594410622354",
    "name": "Vikamade",
    "city": "Cherson",
    "url": "https://www.instagram.com/explore/locations/1594594410622354/vikamade/"
  },
  {
    "id": "1482404868570219",
    "name": "Островской Мост/Ostrov Bridge",
    "city": "Cherson",
    "url": "https://www.instagram.com/explore/locations/1482404868570219/ostrov-bridge/"
  },
  {
    "id": "2287653194800098",
    "name": "Арт-клуб Masson",
    "city": "Cherson",
    "url": "https://www.instagram.com/explore/locations/2287653194800098/-masson/"
  },
  {
    "id": "100221008370220",
    "name": "Palazzo",
    "city": "Cherson",
    "url": "https://www.instagram.com/explore/locations/100221008370220/palazzo/"
  },
  {
    "id": "1024811142",
    "name": "Mr.Cake",
    "city": "Cherson",
    "url": "https://www.instagram.com/explore/locations/1024811142/mrcake/"
  },
  {
    "id": "1985640215084330",
    "name": "Аренда офисов на Лютеранской, 24",
    "city": "Cherson",
    "url": "https://www.instagram.com/explore/locations/1985640215084330/24/"
  },
  {
    "id": "27772079",
    "name": "Naomi",
    "city": "Cherson",
    "url": "https://www.instagram.com/explore/locations/27772079/naomi/"
  },
  {
    "id": "276950252949567",
    "name": "ДЮСШ 5",
    "city": "Cherson",
    "url": "https://www.instagram.com/explore/locations/276950252949567/5/"
  },
  {
    "id": "1520815118020005",
    "name": "Strong.Kherson",
    "city": "Cherson",
    "url": "https://www.instagram.com/explore/locations/1520815118020005/strongkherson/"
  },
  {
    "id": "103397831129693",
    "name": "Lungo coffee bar",
    "city": "Cherson",
    "url": "https://www.instagram.com/explore/locations/103397831129693/lungo-coffee-bar/"
  },
  {
    "id": "109796800429562",
    "name": "Grillex",
    "city": "Cherson",
    "url": "https://www.instagram.com/explore/locations/109796800429562/grillex/"
  },
  {
    "id": "528413109",
    "name": "DataArt office",
    "city": "Cherson",
    "url": "https://www.instagram.com/explore/locations/528413109/dataart-office/"
  },
  {
    "id": "213619385886093",
    "name": "АН Риэлт-Престиж",
    "city": "Cherson",
    "url": "https://www.instagram.com/explore/locations/213619385886093/-/"
  },
  {
    "id": "1136693406431740",
    "name": "Дзержинского 37",
    "city": "Cherson",
    "url": "https://www.instagram.com/explore/locations/1136693406431740/37/"
  },
  {
    "id": "621056568388045",
    "name": "helen.doron.kherson",
    "city": "Cherson",
    "url": "https://www.instagram.com/explore/locations/621056568388045/helendoronkherson/"
  },
  {
    "id": "1532998723503131",
    "name": "Херсон ул Преображенская 43 Салон Интер Обуви",
    "city": "Cherson",
    "url": "https://www.instagram.com/explore/locations/1532998723503131/43/"
  },
  {
    "id": "1033467791",
    "name": "Euro Tour",
    "city": "Cherson",
    "url": "https://www.instagram.com/explore/locations/1033467791/euro-tour/"
  },
  {
    "id": "684602045338435",
    "name": "Гімназія 3",
    "city": "Cherson",
    "url": "https://www.instagram.com/explore/locations/684602045338435/3/"
  },
  {
    "id": "1028333643",
    "name": "Вместе Кафе-Бар",
    "city": "Cherson",
    "url": "https://www.instagram.com/explore/locations/1028333643/-/"
  },
  {
    "id": "745062654",
    "name": "Tornado Medical & Spa Centre",
    "city": "Cherson",
    "url": "https://www.instagram.com/explore/locations/745062654/tornado-medical-spa-centre/"
  },
  {
    "id": "183041872573925",
    "name": "Domani",
    "city": "Cherson",
    "url": "https://www.instagram.com/explore/locations/183041872573925/domani/"
  },
  {
    "id": "114736507063311",
    "name": "Лето 2020",
    "city": "Cherson",
    "url": "https://www.instagram.com/explore/locations/114736507063311/2020/"
  },
  {
    "id": "926087750915239",
    "name": "studioRelax",
    "city": "Cherson",
    "url": "https://www.instagram.com/explore/locations/926087750915239/studiorelax/"
  },
  {
    "id": "179073119369238",
    "name": "Angliterra",
    "city": "Cherson",
    "url": "https://www.instagram.com/explore/locations/179073119369238/angliterra/"
  },
  {
    "id": "112740650109540",
    "name": "Fix2Go",
    "city": "Cherson",
    "url": "https://www.instagram.com/explore/locations/112740650109540/fix2go/"
  },
  {
    "id": "107043482047063",
    "name": "Un altro mondo",
    "city": "Cherson",
    "url": "https://www.instagram.com/explore/locations/107043482047063/un-altro-mondo/"
  },
  {
    "id": "305066646619002",
    "name": "Make Me Tattoo",
    "city": "Cherson",
    "url": "https://www.instagram.com/explore/locations/305066646619002/make-me-tattoo/"
  },
  {
    "id": "340283243207968",
    "name": "Дендропарк ХГАУ/Dendro KSAU",
    "city": "Cherson",
    "url": "https://www.instagram.com/explore/locations/340283243207968/dendro-ksau/"
  },
  {
    "id": "231613281046662",
    "name": "3й Затон",
    "city": "Cherson",
    "url": "https://www.instagram.com/explore/locations/231613281046662/3/"
  },
  {
    "id": "1294346974031076",
    "name": "Pueblo Kherson",
    "city": "Cherson",
    "url": "https://www.instagram.com/explore/locations/1294346974031076/pueblo-kherson/"
  },
  {
    "id": "159025434794699",
    "name": "Bricks_ks",
    "city": "Cherson",
    "url": "https://www.instagram.com/explore/locations/159025434794699/bricks_ks/"
  },
  {
    "id": "100284455088487",
    "name": "New Life Kherson",
    "city": "Cherson",
    "url": "https://www.instagram.com/explore/locations/100284455088487/new-life-kherson/"
  },
  {
    "id": "102740041475928",
    "name": "Girls Education Centre",
    "city": "Cherson",
    "url": "https://www.instagram.com/explore/locations/102740041475928/girls-education-centre/"
  },
  {
    "id": "430402551147401",
    "name": "SMART PLUS",
    "city": "Cherson",
    "url": "https://www.instagram.com/explore/locations/430402551147401/smart-plus/"
  },
  {
    "id": "1011271970",
    "name": "Gremi Personal",
    "city": "Cherson",
    "url": "https://www.instagram.com/explore/locations/1011271970/gremi-personal/"
  },
  {
    "id": "1017062971743062",
    "name": "Кафе-Кондитерская \"Бонбон\"",
    "city": "Cherson",
    "url": "https://www.instagram.com/explore/locations/1017062971743062/-/"
  },
  {
    "id": "130170467682355",
    "name": "Магазин ПИВО м.Херсон тел 050 102-102-1",
    "city": "Cherson",
    "url": "https://www.instagram.com/explore/locations/130170467682355/050-102-102-1/"
  },
  {
    "id": "905766959559087",
    "name": "REAL Soft",
    "city": "Cherson",
    "url": "https://www.instagram.com/explore/locations/905766959559087/real-soft/"
  },
  {
    "id": "1313666048707628",
    "name": "JanavarTour - Пора отдыхать",
    "city": "Cherson",
    "url": "https://www.instagram.com/explore/locations/1313666048707628/janavartour-/"
  },
  {
    "id": "101786071692819",
    "name": "GeleZo",
    "city": "Cherson",
    "url": "https://www.instagram.com/explore/locations/101786071692819/gelezo/"
  },
  {
    "id": "847237345440400",
    "name": "Barbie Room",
    "city": "Cherson",
    "url": "https://www.instagram.com/explore/locations/847237345440400/barbie-room/"
  },
  {
    "id": "102474497912395",
    "name": "Black Fox Tattoo Studio",
    "city": "Cherson",
    "url": "https://www.instagram.com/explore/locations/102474497912395/black-fox-tattoo-studio/"
  },
  {
    "id": "1831987996835480",
    "name": "Addrian English School",
    "city": "Cherson",
    "url": "https://www.instagram.com/explore/locations/1831987996835480/addrian-english-school/"
  },
  {
    "id": "278357782562884",
    "name": "Angel",
    "city": "Cherson",
    "url": "https://www.instagram.com/explore/locations/278357782562884/angel/"
  },
  {
    "id": "1770331146369333",
    "name": "Ultimatum Mafia Club - Игра Мафия Херсон",
    "city": "Cherson",
    "url": "https://www.instagram.com/explore/locations/1770331146369333/ultimatum-mafia-club-/"
  },
  {
    "id": "2298885293677226",
    "name": "Dinyeper Nehri",
    "city": "Cherson",
    "url": "https://www.instagram.com/explore/locations/2298885293677226/dinyeper-nehri/"
  },
  {
    "id": "322829748140728",
    "name": "Школа № 15",
    "city": "Cherson",
    "url": "https://www.instagram.com/explore/locations/322829748140728/no-15/"
  },
  {
    "id": "486237931709262",
    "name": "Pikul's tattoo",
    "city": "Cherson",
    "url": "https://www.instagram.com/explore/locations/486237931709262/pikuls-tattoo/"
  },
  {
    "id": "106364047483393",
    "name": "Hi Sisters",
    "city": "Cherson",
    "url": "https://www.instagram.com/explore/locations/106364047483393/hi-sisters/"
  },
  {
    "id": "1020377859",
    "name": "Kherson Christian Church",
    "city": "Cherson",
    "url": "https://www.instagram.com/explore/locations/1020377859/kherson-christian-church/"
  },
  {
    "id": "1016176261",
    "name": "Melrose клуб англійської мови для дітей",
    "city": "Cherson",
    "url": "https://www.instagram.com/explore/locations/1016176261/melrose/"
  },
  {
    "id": "105507936915410",
    "name": "Банно-оздоровительный центр \"Затерянный мир\"",
    "city": "Cherson",
    "url": "https://www.instagram.com/explore/locations/105507936915410/-/"
  },
  {
    "id": "966345407048532",
    "name": "Puff & Play",
    "city": "Cherson",
    "url": "https://www.instagram.com/explore/locations/966345407048532/puff-play/"
  },
  {
    "id": "2341661269281853",
    "name": "Апарт-готель «Рішельєвський»",
    "city": "Cherson",
    "url": "https://www.instagram.com/explore/locations/2341661269281853/-/"
  },
  {
    "id": "485922465509075",
    "name": "Fee De Cafe на ул. Гоголя 15",
    "city": "Cherson",
    "url": "https://www.instagram.com/explore/locations/485922465509075/fee-de-cafe-15/"
  },
  {
    "id": "107206974577016",
    "name": "MonEclair",
    "city": "Cherson",
    "url": "https://www.instagram.com/explore/locations/107206974577016/moneclair/"
  },
  {
    "id": "1961725780729628",
    "name": "Showroom Veter",
    "city": "Cherson",
    "url": "https://www.instagram.com/explore/locations/1961725780729628/showroom-veter/"
  },
  {
    "id": "317679098923688",
    "name": "Kafe Bosfor",
    "city": "Cherson",
    "url": "https://www.instagram.com/explore/locations/317679098923688/kafe-bosfor/"
  },
  {
    "id": "813510812183130",
    "name": "Херсон B.v.si",
    "city": "Cherson",
    "url": "https://www.instagram.com/explore/locations/813510812183130/bvsi/"
  },
  {
    "id": "272662099762937",
    "name": "BEER HOUSE",
    "city": "Cherson",
    "url": "https://www.instagram.com/explore/locations/272662099762937/beer-house/"
  },
  {
    "id": "1048878678552738",
    "name": "Friendzone Kherson",
    "city": "Cherson",
    "url": "https://www.instagram.com/explore/locations/1048878678552738/friendzone-kherson/"
  },
  {
    "id": "2146084062276306",
    "name": "Hot Cup",
    "city": "Cherson",
    "url": "https://www.instagram.com/explore/locations/2146084062276306/hot-cup/"
  },
  {
    "id": "254613155247824",
    "name": "5 Причал",
    "city": "Cherson",
    "url": "https://www.instagram.com/explore/locations/254613155247824/5/"
  },
  {
    "id": "1338009172892186",
    "name": "Brush beauty shop Kherson",
    "city": "Cherson",
    "url": "https://www.instagram.com/explore/locations/1338009172892186/brush-beauty-shop-kherson/"
  },
  {
    "id": "291627547964218",
    "name": "Карла Маркса, 37",
    "city": "Cherson",
    "url": "https://www.instagram.com/explore/locations/291627547964218/37/"
  },
  {
    "id": "172831206988416",
    "name": "Tom Tailor",
    "city": "Cherson",
    "url": "https://www.instagram.com/explore/locations/172831206988416/tom-tailor/"
  },
  {
    "id": "108072404201765",
    "name": "Svitanok",
    "city": "Cherson",
    "url": "https://www.instagram.com/explore/locations/108072404201765/svitanok/"
  },
  {
    "id": "2130812877246506",
    "name": "New Year",
    "city": "Cherson",
    "url": "https://www.instagram.com/explore/locations/2130812877246506/new-year/"
  },
  {
    "id": "74714191",
    "name": "Zeppelin",
    "city": "Cherson",
    "url": "https://www.instagram.com/explore/locations/74714191/zeppelin/"
  },
  {
    "id": "400788833802113",
    "name": "Магазин одежды Estilo",
    "city": "Cherson",
    "url": "https://www.instagram.com/explore/locations/400788833802113/estilo/"
  },
  {
    "id": "100745628169768",
    "name": "Танцы Хесрон ЧУ-Style Dance Company",
    "city": "Cherson",
    "url": "https://www.instagram.com/explore/locations/100745628169768/-style-dance-company/"
  },
  {
    "id": "262809294342975",
    "name": "Свято-Успенский Собор Города Херсона",
    "city": "Cherson",
    "url": "https://www.instagram.com/explore/locations/262809294342975/-/"
  },
  {
    "id": "998365530322916",
    "name": "Stradivarius",
    "city": "Cherson",
    "url": "https://www.instagram.com/explore/locations/998365530322916/stradivarius/"
  },
  {
    "id": "106749415109442",
    "name": "Top1 Food & Drink Kherson",
    "city": "Cherson",
    "url": "https://www.instagram.com/explore/locations/106749415109442/top1-food-drink-kherson/"
  },
  {
    "id": "612823678920475",
    "name": "Свято-Покровский Муж.монастырь Музыковка",
    "city": "Cherson",
    "url": "https://www.instagram.com/explore/locations/612823678920475/-/"
  },
  {
    "id": "1975472526069805",
    "name": "OxfordMedical Kherson",
    "city": "Cherson",
    "url": "https://www.instagram.com/explore/locations/1975472526069805/oxfordmedical-kherson/"
  },
  {
    "id": "112898343811974",
    "name": "Shustovich Home",
    "city": "Cherson",
    "url": "https://www.instagram.com/explore/locations/112898343811974/shustovich-home/"
  },
  {
    "id": "1653214988281914",
    "name": "Herson, Herson",
    "city": "Cherson",
    "url": "https://www.instagram.com/explore/locations/1653214988281914/herson-herson/"
  },
  {
    "id": "484092555396303",
    "name": "Кофейня #the_coffee \"",
    "city": "Cherson",
    "url": "https://www.instagram.com/explore/locations/484092555396303/the_coffee/"
  },
  {
    "id": "1926315127632007",
    "name": "Studio Jannail",
    "city": "Cherson",
    "url": "https://www.instagram.com/explore/locations/1926315127632007/studio-jannail/"
  },
  {
    "id": "200810663978785",
    "name": "Flamingo Kherson",
    "city": "Cherson",
    "url": "https://www.instagram.com/explore/locations/200810663978785/flamingo-kherson/"
  },
  {
    "id": "1012382666",
    "name": "Okrosh.com.ua",
    "city": "Cherson",
    "url": "https://www.instagram.com/explore/locations/1012382666/okroshcomua/"
  },
  {
    "id": "272990803646625",
    "name": "B.v.si Confectionery",
    "city": "Cherson",
    "url": "https://www.instagram.com/explore/locations/272990803646625/bvsi-confectionery/"
  },
  {
    "id": "1799485957031122",
    "name": "Kherson Center Apartments",
    "city": "Cherson",
    "url": "https://www.instagram.com/explore/locations/1799485957031122/kherson-center-apartments/"
  },
  {
    "id": "1862265653887289",
    "name": "Строителей, 7",
    "city": "Cherson",
    "url": "https://www.instagram.com/explore/locations/1862265653887289/7/"
  },
  {
    "id": "505125676535034",
    "name": "Miracolikherson",
    "city": "Cherson",
    "url": "https://www.instagram.com/explore/locations/505125676535034/miracolikherson/"
  },
  {
    "id": "290078924962474",
    "name": "BeerLoga",
    "city": "Cherson",
    "url": "https://www.instagram.com/explore/locations/290078924962474/beerloga/"
  },
  {
    "id": "1021490123",
    "name": "TEZ TOUR Турагенцiя",
    "city": "Cherson",
    "url": "https://www.instagram.com/explore/locations/1021490123/tez-tour-i/"
  },
  {
    "id": "2284077928535519",
    "name": "Beauty Studio Extreme Kherson",
    "city": "Cherson",
    "url": "https://www.instagram.com/explore/locations/2284077928535519/beauty-studio-extreme-kherson/"
  },
  {
    "id": "298597317413720",
    "name": "Лавренева 9",
    "city": "Cherson",
    "url": "https://www.instagram.com/explore/locations/298597317413720/9/"
  },
  {
    "id": "266892490664411",
    "name": "ICstore",
    "city": "Cherson",
    "url": "https://www.instagram.com/explore/locations/266892490664411/icstore/"
  },
  {
    "id": "1180506385425024",
    "name": "UKS Робота в Європі",
    "city": "Cherson",
    "url": "https://www.instagram.com/explore/locations/1180506385425024/uks/"
  },
  {
    "id": "1447353055513408",
    "name": "Gotovo",
    "city": "Cherson",
    "url": "https://www.instagram.com/explore/locations/1447353055513408/gotovo/"
  },
  {
    "id": "1081175558585751",
    "name": "Студія соціальних танців RSSalsa Херсон: Сальса, Бачата",
    "city": "Cherson",
    "url": "https://www.instagram.com/explore/locations/1081175558585751/rssalsa/"
  },
  {
    "id": "108118335064065",
    "name": "Night owl",
    "city": "Cherson",
    "url": "https://www.instagram.com/explore/locations/108118335064065/night-owl/"
  },
  {
    "id": "336579667734580",
    "name": "Hookah Bar Under",
    "city": "Cherson",
    "url": "https://www.instagram.com/explore/locations/336579667734580/hookah-bar-under/"
  },
  {
    "id": "269644150423601",
    "name": "Больница Днепровского р-на им. Лучанского/ МСЧ ХБК",
    "city": "Cherson",
    "url": "https://www.instagram.com/explore/locations/269644150423601/-/"
  },
  {
    "id": "1634698163287357",
    "name": "EM Group",
    "city": "Cherson",
    "url": "https://www.instagram.com/explore/locations/1634698163287357/em-group/"
  },
  {
    "id": "103152705130831",
    "name": "TK.promo13",
    "city": "Cherson",
    "url": "https://www.instagram.com/explore/locations/103152705130831/tkpromo13/"
  },
  {
    "id": "171901943732055",
    "name": "школа# 54",
    "city": "Cherson",
    "url": "https://www.instagram.com/explore/locations/171901943732055/54/"
  },
  {
    "id": "100421334740074",
    "name": "gc_kherson",
    "city": "Cherson",
    "url": "https://www.instagram.com/explore/locations/100421334740074/gc_kherson/"
  },
  {
    "id": "2314894762087175",
    "name": "Jo Tatoo",
    "city": "Cherson",
    "url": "https://www.instagram.com/explore/locations/2314894762087175/jo-tatoo/"
  },
  {
    "id": "109026905115053",
    "name": "Peace of Love",
    "city": "Cherson",
    "url": "https://www.instagram.com/explore/locations/109026905115053/peace-of-love/"
  },
  {
    "id": "717817361581592",
    "name": "Туристическое агентство \"Границ.Net\"",
    "city": "Cherson",
    "url": "https://www.instagram.com/explore/locations/717817361581592/net/"
  },
  {
    "id": "111797973759335",
    "name": "Green Mood твої здорові традиції",
    "city": "Cherson",
    "url": "https://www.instagram.com/explore/locations/111797973759335/green-mood/"
  },
  {
    "id": "723002824",
    "name": "Shumenskiy Rayon, Kherson",
    "city": "Cherson",
    "url": "https://www.instagram.com/explore/locations/723002824/shumenskiy-rayon-kherson/"
  },
  {
    "id": "580605728792930",
    "name": "ДМШ 1 Херсон",
    "city": "Cherson",
    "url": "https://www.instagram.com/explore/locations/580605728792930/1/"
  },
  {
    "id": "330883820757352",
    "name": "FBI Style Agency",
    "city": "Cherson",
    "url": "https://www.instagram.com/explore/locations/330883820757352/fbi-style-agency/"
  },
  {
    "id": "594100551079035",
    "name": "Греко-Софійська церква",
    "city": "Cherson",
    "url": "https://www.instagram.com/explore/locations/594100551079035/-/"
  },
  {
    "id": "189633734900299",
    "name": "Shambala Kherson - events and lounge",
    "city": "Cherson",
    "url": "https://www.instagram.com/explore/locations/189633734900299/shambala-kherson-events-and-lounge/"
  },
  {
    "id": "443805385787138",
    "name": "Херсонська загальноосвітня школа І-ІІІ ступенів 55 Херсонської міської ради",
    "city": "Cherson",
    "url": "https://www.instagram.com/explore/locations/443805385787138/-55/"
  },
  {
    "id": "382388516",
    "name": "Relax Studio",
    "city": "Cherson",
    "url": "https://www.instagram.com/explore/locations/382388516/relax-studio/"
  },
  {
    "id": "110183973698349",
    "name": "Fab_beauty_room",
    "city": "Cherson",
    "url": "https://www.instagram.com/explore/locations/110183973698349/fab_beauty_room/"
  },
  {
    "id": "113937871204963",
    "name": "Atmosfera coffee house",
    "city": "Cherson",
    "url": "https://www.instagram.com/explore/locations/113937871204963/atmosfera-coffee-house/"
  },
  {
    "id": "748570228868872",
    "name": "Rocket Coffee Point",
    "city": "Cherson",
    "url": "https://www.instagram.com/explore/locations/748570228868872/rocket-coffee-point/"
  },
  {
    "id": "380909432330124",
    "name": "Fazenda",
    "city": "Cherson",
    "url": "https://www.instagram.com/explore/locations/380909432330124/fazenda/"
  },
  {
    "id": "1950669148579324",
    "name": "Центр туризма и приключений ХерсON",
    "city": "Cherson",
    "url": "https://www.instagram.com/explore/locations/1950669148579324/on/"
  },
  {
    "id": "650445748906286",
    "name": "Херсон TIME",
    "city": "Cherson",
    "url": "https://www.instagram.com/explore/locations/650445748906286/time/"
  },
  {
    "id": "109234133931981",
    "name": "Profashion Spa&beauty",
    "city": "Cherson",
    "url": "https://www.instagram.com/explore/locations/109234133931981/profashion-spabeauty/"
  },
  {
    "id": "248463349398751",
    "name": "Beauty Tandem #kiso_iren",
    "city": "Cherson",
    "url": "https://www.instagram.com/explore/locations/248463349398751/beauty-tandem-kiso_iren/"
  },
  {
    "id": "1286216828186795",
    "name": "ХДМА 3й корпус",
    "city": "Cherson",
    "url": "https://www.instagram.com/explore/locations/1286216828186795/3/"
  },
  {
    "id": "339094688",
    "name": "Kherson, Ukraine",
    "city": "Cherson",
    "url": "https://www.instagram.com/explore/locations/339094688/kherson-ukraine/"
  },
  {
    "id": "344457152937226",
    "name": "Fillkov Patent IP Lawyer",
    "city": "Cherson",
    "url": "https://www.instagram.com/explore/locations/344457152937226/fillkov-patent-ip-lawyer/"
  },
  {
    "id": "198101684306572",
    "name": "Туристическое Агентство “Star Tour”",
    "city": "Cherson",
    "url": "https://www.instagram.com/explore/locations/198101684306572/star-tour/"
  },
  {
    "id": "885855038",
    "name": "French. Херсон",
    "city": "Cherson",
    "url": "https://www.instagram.com/explore/locations/885855038/french/"
  },
  {
    "id": "135457879956163",
    "name": "Салон-ателье \"Persona grata\"",
    "city": "Cherson",
    "url": "https://www.instagram.com/explore/locations/135457879956163/-persona-grata/"
  },
  {
    "id": "2186302574982448",
    "name": "Ул. Строителей 19",
    "city": "Cherson",
    "url": "https://www.instagram.com/explore/locations/2186302574982448/19/"
  },
  {
    "id": "109936630411479",
    "name": "zookompleksmagnit",
    "city": "Cherson",
    "url": "https://www.instagram.com/explore/locations/109936630411479/zookompleksmagnit/"
  },
  {
    "id": "564676563888042",
    "name": "Profinails",
    "city": "Cherson",
    "url": "https://www.instagram.com/explore/locations/564676563888042/profinails/"
  },
  {
    "id": "196478927829664",
    "name": "Beauty Time Studio Kherson",
    "city": "Cherson",
    "url": "https://www.instagram.com/explore/locations/196478927829664/beauty-time-studio-kherson/"
  },
  {
    "id": "340402626504809",
    "name": "Сільпо / Silpo",
    "city": "Cherson",
    "url": "https://www.instagram.com/explore/locations/340402626504809/silpo/"
  },
  {
    "id": "1094275037402589",
    "name": "Ресторан Fazenda",
    "city": "Cherson",
    "url": "https://www.instagram.com/explore/locations/1094275037402589/fazenda/"
  },
  {
    "id": "276472776318510",
    "name": "Готель Мускат (Hotel Muscat)",
    "city": "Cherson",
    "url": "https://www.instagram.com/explore/locations/276472776318510/hotel-muscat/"
  },
  {
    "id": "109457864719586",
    "name": "Точка Цветочков & Bubbles by Shvets",
    "city": "Cherson",
    "url": "https://www.instagram.com/explore/locations/109457864719586/bubbles-by-shvets/"
  },
  {
    "id": "2232357120370322",
    "name": "Салон красотыButterfly",
    "city": "Cherson",
    "url": "https://www.instagram.com/explore/locations/2232357120370322/butterfly/"
  },
  {
    "id": "399986617466782",
    "name": "Moloko Coffee & Cakes",
    "city": "Cherson",
    "url": "https://www.instagram.com/explore/locations/399986617466782/moloko-coffee-cakes/"
  },
  {
    "id": "258052054250885",
    "name": "Автопрокат \"Auto-City\", г.Херсон",
    "city": "Cherson",
    "url": "https://www.instagram.com/explore/locations/258052054250885/auto-city/"
  },
  {
    "id": "1790722121193141",
    "name": "Egoist Lounge Bar",
    "city": "Cherson",
    "url": "https://www.instagram.com/explore/locations/1790722121193141/egoist-lounge-bar/"
  },
  {
    "id": "108049834270940",
    "name": "Небо - Лучший Телевизор",
    "city": "Cherson",
    "url": "https://www.instagram.com/explore/locations/108049834270940/-/"
  },
  {
    "id": "1289236504588509",
    "name": "Активный отдых Херсон клуб Mandry",
    "city": "Cherson",
    "url": "https://www.instagram.com/explore/locations/1289236504588509/mandry/"
  },
  {
    "id": "287130337",
    "name": "Time-cafe \"Check IN\"",
    "city": "Cherson",
    "url": "https://www.instagram.com/explore/locations/287130337/time-cafe-check-in/"
  },
  {
    "id": "289521728327349",
    "name": "Nail Bar",
    "city": "Cherson",
    "url": "https://www.instagram.com/explore/locations/289521728327349/nail-bar/"
  },
  {
    "id": "278377586",
    "name": "Smash",
    "city": "Cherson",
    "url": "https://www.instagram.com/explore/locations/278377586/smash/"
  },
  {
    "id": "444310452817824",
    "name": "One Beer Магазин Разливного пива",
    "city": "Cherson",
    "url": "https://www.instagram.com/explore/locations/444310452817824/one-beer/"
  },
  {
    "id": "798245397",
    "name": "PrintStudio",
    "city": "Cherson",
    "url": "https://www.instagram.com/explore/locations/798245397/printstudio/"
  },
  {
    "id": "318460775475429",
    "name": "Олимп / Olimp",
    "city": "Cherson",
    "url": "https://www.instagram.com/explore/locations/318460775475429/olimp/"
  },
  {
    "id": "2197422187170112",
    "name": "Tati • Cafe & Lounge",
    "city": "Cherson",
    "url": "https://www.instagram.com/explore/locations/2197422187170112/tati-cafe-lounge/"
  },
  {
    "id": "1159965787462417",
    "name": "Папіроса- Студія графічного дизайну та друку. Папироса",
    "city": "Cherson",
    "url": "https://www.instagram.com/explore/locations/1159965787462417/-/"
  },
  {
    "id": "577763510",
    "name": "Mmm.... şarap",
    "city": "Cherson",
    "url": "https://www.instagram.com/explore/locations/577763510/mmm-sarap/"
  },
  {
    "id": "431440034328151",
    "name": "Teleport.UA",
    "city": "Cherson",
    "url": "https://www.instagram.com/explore/locations/431440034328151/teleportua/"
  },
  {
    "id": "1086042558215256",
    "name": "Магазин рыболовных товаров\"Big Fish\"",
    "city": "Cherson",
    "url": "https://www.instagram.com/explore/locations/1086042558215256/big-fish/"
  },
  {
    "id": "1031773710",
    "name": "Творческая Мастерская Bilberry",
    "city": "Cherson",
    "url": "https://www.instagram.com/explore/locations/1031773710/bilberry/"
  },
  {
    "id": "1948658465349104",
    "name": "Белинского 15",
    "city": "Cherson",
    "url": "https://www.instagram.com/explore/locations/1948658465349104/15/"
  },
  {
    "id": "312073326248075",
    "name": "Jo.Tattoo",
    "city": "Cherson",
    "url": "https://www.instagram.com/explore/locations/312073326248075/jotattoo/"
  }
]