[
  {
    "id": "213712701",
    "name": "Donetsk, Ukraine",
    "city": "Donetsk",
    "url": "https://www.instagram.com/explore/locations/213712701/donetsk-ukraine/"
  },
  {
    "id": "942235725",
    "name": "Barberry",
    "city": "Donetsk",
    "url": "https://www.instagram.com/explore/locations/942235725/barberry/"
  },
  {
    "id": "2864446",
    "name": "DONBASS ARENA",
    "city": "Donetsk",
    "url": "https://www.instagram.com/explore/locations/2864446/donbass-arena/"
  },
  {
    "id": "1026004695",
    "name": "Redcupsdn",
    "city": "Donetsk",
    "url": "https://www.instagram.com/explore/locations/1026004695/redcupsdn/"
  },
  {
    "id": "237325490",
    "name": "Lenin Square, Donetsk",
    "city": "Donetsk",
    "url": "https://www.instagram.com/explore/locations/237325490/lenin-square-donetsk/"
  },
  {
    "id": "111472604710961",
    "name": "TIMES",
    "city": "Donetsk",
    "url": "https://www.instagram.com/explore/locations/111472604710961/times/"
  },
  {
    "id": "115926035882298",
    "name": "Atlas Hotel Donetsk",
    "city": "Donetsk",
    "url": "https://www.instagram.com/explore/locations/115926035882298/atlas-hotel-donetsk/"
  },
  {
    "id": "2203201883030886",
    "name": "Happy Life Донецк",
    "city": "Donetsk",
    "url": "https://www.instagram.com/explore/locations/2203201883030886/happy-life/"
  },
  {
    "id": "3249120",
    "name": "Donbass Palace",
    "city": "Donetsk",
    "url": "https://www.instagram.com/explore/locations/3249120/donbass-palace/"
  },
  {
    "id": "24345386",
    "name": "Этно-ресторан \"Ё-моё\"",
    "city": "Donetsk",
    "url": "https://www.instagram.com/explore/locations/24345386/-/"
  },
  {
    "id": "1013997630",
    "name": "Кафе Гуси-Лебеди г. Донецк",
    "city": "Donetsk",
    "url": "https://www.instagram.com/explore/locations/1013997630/-/"
  },
  {
    "id": "139668161579903",
    "name": "Хмели-Сунели",
    "city": "Donetsk",
    "url": "https://www.instagram.com/explore/locations/139668161579903/-/"
  },
  {
    "id": "1226842260712924",
    "name": "Ресторан 'Piu Gusto 'г.Донецк",
    "city": "Donetsk",
    "url": "https://www.instagram.com/explore/locations/1226842260712924/piu-gusto/"
  },
  {
    "id": "1014035602",
    "name": "Оливье People",
    "city": "Donetsk",
    "url": "https://www.instagram.com/explore/locations/1014035602/people/"
  },
  {
    "id": "2314474",
    "name": "Victoria Hotel",
    "city": "Donetsk",
    "url": "https://www.instagram.com/explore/locations/2314474/victoria-hotel/"
  },
  {
    "id": "466091885",
    "name": "Ресторан Kvasberry",
    "city": "Donetsk",
    "url": "https://www.instagram.com/explore/locations/466091885/kvasberry/"
  },
  {
    "id": "2279957",
    "name": "BaNaNa",
    "city": "Donetsk",
    "url": "https://www.instagram.com/explore/locations/2279957/banana/"
  },
  {
    "id": "1689112601381973",
    "name": "Фотостудия Aurora Донецк",
    "city": "Donetsk",
    "url": "https://www.instagram.com/explore/locations/1689112601381973/aurora/"
  },
  {
    "id": "265069575",
    "name": "Grill & Wine Bar Gibson Донецк",
    "city": "Donetsk",
    "url": "https://www.instagram.com/explore/locations/265069575/grill-wine-bar-gibson/"
  },
  {
    "id": "1019238699",
    "name": "Ресторанчик \"BananaДонецк",
    "city": "Donetsk",
    "url": "https://www.instagram.com/explore/locations/1019238699/banana/"
  },
  {
    "id": "214528189",
    "name": "Millenium",
    "city": "Donetsk",
    "url": "https://www.instagram.com/explore/locations/214528189/millenium/"
  },
  {
    "id": "13044960",
    "name": "Sun City",
    "city": "Donetsk",
    "url": "https://www.instagram.com/explore/locations/13044960/sun-city/"
  },
  {
    "id": "169534643677472",
    "name": "9th Street",
    "city": "Donetsk",
    "url": "https://www.instagram.com/explore/locations/169534643677472/9th-street/"
  },
  {
    "id": "1011880744",
    "name": "Burger Bar",
    "city": "Donetsk",
    "url": "https://www.instagram.com/explore/locations/1011880744/burger-bar/"
  },
  {
    "id": "237011018",
    "name": "Gastro Bistro БУФЕТ",
    "city": "Donetsk",
    "url": "https://www.instagram.com/explore/locations/237011018/gastro-bistro/"
  },
  {
    "id": "254764973",
    "name": "Донецк, Донбасс-Арена",
    "city": "Donetsk",
    "url": "https://www.instagram.com/explore/locations/254764973/-/"
  },
  {
    "id": "1020304412",
    "name": "Amelie",
    "city": "Donetsk",
    "url": "https://www.instagram.com/explore/locations/1020304412/amelie/"
  },
  {
    "id": "311196509486448",
    "name": "Bourbon_official",
    "city": "Donetsk",
    "url": "https://www.instagram.com/explore/locations/311196509486448/bourbon_official/"
  },
  {
    "id": "213725095",
    "name": "Golden Lion Pub Donets'k",
    "city": "Donetsk",
    "url": "https://www.instagram.com/explore/locations/213725095/golden-lion-pub-donetsk/"
  },
  {
    "id": "1883564501856456",
    "name": "Артема 100 д",
    "city": "Donetsk",
    "url": "https://www.instagram.com/explore/locations/1883564501856456/100/"
  },
  {
    "id": "2224174287798579",
    "name": "Atlas Restaurant",
    "city": "Donetsk",
    "url": "https://www.instagram.com/explore/locations/2224174287798579/atlas-restaurant/"
  },
  {
    "id": "102342585377586",
    "name": "Гостеприимный ресторан «Хмели-Сунели»",
    "city": "Donetsk",
    "url": "https://www.instagram.com/explore/locations/102342585377586/-/"
  },
  {
    "id": "207983423193832",
    "name": "Бизнес-Центр Пушкинский Донецк",
    "city": "Donetsk",
    "url": "https://www.instagram.com/explore/locations/207983423193832/-/"
  },
  {
    "id": "106458854227975",
    "name": "КЕФИР Family Bar",
    "city": "Donetsk",
    "url": "https://www.instagram.com/explore/locations/106458854227975/family-bar/"
  },
  {
    "id": "1377206905677065",
    "name": "Ресторан \"Happy Life\"",
    "city": "Donetsk",
    "url": "https://www.instagram.com/explore/locations/1377206905677065/happy-life/"
  },
  {
    "id": "6930039",
    "name": "Sun City Donetsk",
    "city": "Donetsk",
    "url": "https://www.instagram.com/explore/locations/6930039/sun-city-donetsk/"
  },
  {
    "id": "269046787124757",
    "name": "Flirt&Fleur",
    "city": "Donetsk",
    "url": "https://www.instagram.com/explore/locations/269046787124757/flirtfleur/"
  },
  {
    "id": "101832981657436",
    "name": "Stiletto Nails",
    "city": "Donetsk",
    "url": "https://www.instagram.com/explore/locations/101832981657436/stiletto-nails/"
  },
  {
    "id": "101095821802274",
    "name": "Spirits Tobacco Market",
    "city": "Donetsk",
    "url": "https://www.instagram.com/explore/locations/101095821802274/spirits-tobacco-market/"
  },
  {
    "id": "873368020",
    "name": "Donetsk National Medical University",
    "city": "Donetsk",
    "url": "https://www.instagram.com/explore/locations/873368020/donetsk-national-medical-university/"
  },
  {
    "id": "525583086",
    "name": "Sun City (Сан Сити) Лучшая Пицца В Городе",
    "city": "Donetsk",
    "url": "https://www.instagram.com/explore/locations/525583086/sun-city/"
  },
  {
    "id": "101981081275111",
    "name": "Slivki кофейня",
    "city": "Donetsk",
    "url": "https://www.instagram.com/explore/locations/101981081275111/slivki/"
  },
  {
    "id": "515822866",
    "name": "Donetsk State Academic Opera and Ballet Theatre named after A. Solovyanenko",
    "city": "Donetsk",
    "url": "https://www.instagram.com/explore/locations/515822866/donetsk-state-academic-opera-and-ballet-theatre-named-after-a-solovyanenko/"
  },
  {
    "id": "1029681663",
    "name": "Piu Gusto",
    "city": "Donetsk",
    "url": "https://www.instagram.com/explore/locations/1029681663/piu-gusto/"
  },
  {
    "id": "909584029390517",
    "name": "Tropic Time Restaurant",
    "city": "Donetsk",
    "url": "https://www.instagram.com/explore/locations/909584029390517/tropic-time-restaurant/"
  },
  {
    "id": "473047530165772",
    "name": "Кафе Ба-на-На",
    "city": "Donetsk",
    "url": "https://www.instagram.com/explore/locations/473047530165772/-/"
  },
  {
    "id": "7018643",
    "name": "Barberry",
    "city": "Donetsk",
    "url": "https://www.instagram.com/explore/locations/7018643/barberry/"
  },
  {
    "id": "105845754929050",
    "name": "Донецк - Сити",
    "city": "Donetsk",
    "url": "https://www.instagram.com/explore/locations/105845754929050/-/"
  },
  {
    "id": "634282580240296",
    "name": "Mr.Dober",
    "city": "Donetsk",
    "url": "https://www.instagram.com/explore/locations/634282580240296/mrdober/"
  },
  {
    "id": "1399372413458192",
    "name": "Planeta Infant",
    "city": "Donetsk",
    "url": "https://www.instagram.com/explore/locations/1399372413458192/planeta-infant/"
  },
  {
    "id": "280606592661614",
    "name": "Донецьк • Donetsk • Донецк • Ukraine",
    "city": "Donetsk",
    "url": "https://www.instagram.com/explore/locations/280606592661614/donetsk-ukraine/"
  },
  {
    "id": "236102583",
    "name": "Enjoy",
    "city": "Donetsk",
    "url": "https://www.instagram.com/explore/locations/236102583/enjoy/"
  },
  {
    "id": "961059494022056",
    "name": "Студия красоты HBNgroup",
    "city": "Donetsk",
    "url": "https://www.instagram.com/explore/locations/961059494022056/hbngroup/"
  },
  {
    "id": "1740351212882314",
    "name": "Lotus Model Agency",
    "city": "Donetsk",
    "url": "https://www.instagram.com/explore/locations/1740351212882314/lotus-model-agency/"
  },
  {
    "id": "365078316995201",
    "name": "Anna Grigorieva beauty clinic",
    "city": "Donetsk",
    "url": "https://www.instagram.com/explore/locations/365078316995201/anna-grigorieva-beauty-clinic/"
  },
  {
    "id": "397342537391437",
    "name": "Atlas fitness & spa",
    "city": "Donetsk",
    "url": "https://www.instagram.com/explore/locations/397342537391437/atlas-fitness-spa/"
  },
  {
    "id": "155501271154684",
    "name": "ДонНМУ - Донецкий Национальный Медицинский Университет им. М.Горького.",
    "city": "Donetsk",
    "url": "https://www.instagram.com/explore/locations/155501271154684/-/"
  },
  {
    "id": "976541089209104",
    "name": "Площадь Ленина / Lenin's Square",
    "city": "Donetsk",
    "url": "https://www.instagram.com/explore/locations/976541089209104/lenins-square/"
  },
  {
    "id": "1019022517",
    "name": "SportTime Donetsk",
    "city": "Donetsk",
    "url": "https://www.instagram.com/explore/locations/1019022517/sporttime-donetsk/"
  },
  {
    "id": "613342062415286",
    "name": "Ramada Donetsk",
    "city": "Donetsk",
    "url": "https://www.instagram.com/explore/locations/613342062415286/ramada-donetsk/"
  },
  {
    "id": "182629568952300",
    "name": "Happykids",
    "city": "Donetsk",
    "url": "https://www.instagram.com/explore/locations/182629568952300/happykids/"
  },
  {
    "id": "230927564503965",
    "name": "Black Coffee",
    "city": "Donetsk",
    "url": "https://www.instagram.com/explore/locations/230927564503965/black-coffee/"
  },
  {
    "id": "575898488",
    "name": "Donetsk Ramada Atlas Hotel",
    "city": "Donetsk",
    "url": "https://www.instagram.com/explore/locations/575898488/donetsk-ramada-atlas-hotel/"
  },
  {
    "id": "243208423",
    "name": "Gung'Ю'bazz Bar",
    "city": "Donetsk",
    "url": "https://www.instagram.com/explore/locations/243208423/gungbazz-bar/"
  },
  {
    "id": "872587691",
    "name": "Donetsk State University of Management",
    "city": "Donetsk",
    "url": "https://www.instagram.com/explore/locations/872587691/donetsk-state-university-of-management/"
  },
  {
    "id": "329831221180156",
    "name": "Университетская, 63",
    "city": "Donetsk",
    "url": "https://www.instagram.com/explore/locations/329831221180156/63/"
  },
  {
    "id": "319489875624986",
    "name": "Фотостудия 418 г.Донецк",
    "city": "Donetsk",
    "url": "https://www.instagram.com/explore/locations/319489875624986/418/"
  },
  {
    "id": "506809489794372",
    "name": "Golden Lotus",
    "city": "Donetsk",
    "url": "https://www.instagram.com/explore/locations/506809489794372/golden-lotus/"
  },
  {
    "id": "351009378",
    "name": "Kalininskyi District, Donetsk",
    "city": "Donetsk",
    "url": "https://www.instagram.com/explore/locations/351009378/kalininskyi-district-donetsk/"
  },
  {
    "id": "242299809566119",
    "name": "Beauty Hall La Vivaldi",
    "city": "Donetsk",
    "url": "https://www.instagram.com/explore/locations/242299809566119/beauty-hall-la-vivaldi/"
  },
  {
    "id": "103388964447258",
    "name": "MobiLike",
    "city": "Donetsk",
    "url": "https://www.instagram.com/explore/locations/103388964447258/mobilike/"
  },
  {
    "id": "194911094013536",
    "name": "Fresh ART",
    "city": "Donetsk",
    "url": "https://www.instagram.com/explore/locations/194911094013536/fresh-art/"
  },
  {
    "id": "683893",
    "name": "Donets'k (Донецьк)",
    "city": "Donetsk",
    "url": "https://www.instagram.com/explore/locations/683893/donetsk/"
  },
  {
    "id": "673780330",
    "name": "Doneskt",
    "city": "Donetsk",
    "url": "https://www.instagram.com/explore/locations/673780330/doneskt/"
  },
  {
    "id": "1768567830052391",
    "name": "Торгово-развлекательный центр ДекорДонбасс",
    "city": "Donetsk",
    "url": "https://www.instagram.com/explore/locations/1768567830052391/-/"
  },
  {
    "id": "1898068723747553",
    "name": "Boroda Donetsk",
    "city": "Donetsk",
    "url": "https://www.instagram.com/explore/locations/1898068723747553/boroda-donetsk/"
  },
  {
    "id": "5700192",
    "name": "Donbass Palace",
    "city": "Donetsk",
    "url": "https://www.instagram.com/explore/locations/5700192/donbass-palace/"
  },
  {
    "id": "549978005354864",
    "name": "Студия Красоты Grandi",
    "city": "Donetsk",
    "url": "https://www.instagram.com/explore/locations/549978005354864/grandi/"
  },
  {
    "id": "1028640337",
    "name": "Чайная «Золотой-Жук»",
    "city": "Donetsk",
    "url": "https://www.instagram.com/explore/locations/1028640337/-/"
  },
  {
    "id": "261055835",
    "name": "Borjomi",
    "city": "Donetsk",
    "url": "https://www.instagram.com/explore/locations/261055835/borjomi/"
  },
  {
    "id": "553289260",
    "name": "Bar Boss",
    "city": "Donetsk",
    "url": "https://www.instagram.com/explore/locations/553289260/bar-boss/"
  },
  {
    "id": "1276223829138522",
    "name": "Halabuda Tea Lounge",
    "city": "Donetsk",
    "url": "https://www.instagram.com/explore/locations/1276223829138522/halabuda-tea-lounge/"
  },
  {
    "id": "1214534245291024",
    "name": "La Vivaldi Beauty Hall",
    "city": "Donetsk",
    "url": "https://www.instagram.com/explore/locations/1214534245291024/la-vivaldi-beauty-hall/"
  },
  {
    "id": "1018113795",
    "name": "Escada Store",
    "city": "Donetsk",
    "url": "https://www.instagram.com/explore/locations/1018113795/escada-store/"
  },
  {
    "id": "750951701",
    "name": "King's Tower",
    "city": "Donetsk",
    "url": "https://www.instagram.com/explore/locations/750951701/kings-tower/"
  },
  {
    "id": "214536956",
    "name": "Кофейня Majorelle",
    "city": "Donetsk",
    "url": "https://www.instagram.com/explore/locations/214536956/majorelle/"
  },
  {
    "id": "259901681341835",
    "name": "Бульвар Пушкина 23",
    "city": "Donetsk",
    "url": "https://www.instagram.com/explore/locations/259901681341835/23/"
  },
  {
    "id": "256224844",
    "name": "RSC Olimpiyskiy",
    "city": "Donetsk",
    "url": "https://www.instagram.com/explore/locations/256224844/rsc-olimpiyskiy/"
  },
  {
    "id": "1024664360",
    "name": "Barista, Donetsk",
    "city": "Donetsk",
    "url": "https://www.instagram.com/explore/locations/1024664360/barista-donetsk/"
  },
  {
    "id": "434982890410120",
    "name": "Sun City",
    "city": "Donetsk",
    "url": "https://www.instagram.com/explore/locations/434982890410120/sun-city/"
  },
  {
    "id": "1789046",
    "name": "McDonald's",
    "city": "Donetsk",
    "url": "https://www.instagram.com/explore/locations/1789046/mcdonalds/"
  },
  {
    "id": "598310223981219",
    "name": "Uzovskaya.pivovarnya",
    "city": "Donetsk",
    "url": "https://www.instagram.com/explore/locations/598310223981219/uzovskayapivovarnya/"
  },
  {
    "id": "186488450130703",
    "name": "Donetsk",
    "city": "Donetsk",
    "url": "https://www.instagram.com/explore/locations/186488450130703/donetsk/"
  },
  {
    "id": "1252804398086067",
    "name": "Студия красоты\"Profi Club\"",
    "city": "Donetsk",
    "url": "https://www.instagram.com/explore/locations/1252804398086067/profi-club/"
  },
  {
    "id": "1173866789359569",
    "name": "Black Star Lounge Hall",
    "city": "Donetsk",
    "url": "https://www.instagram.com/explore/locations/1173866789359569/black-star-lounge-hall/"
  },
  {
    "id": "11126563",
    "name": "A.V.E.N.U.E",
    "city": "Donetsk",
    "url": "https://www.instagram.com/explore/locations/11126563/avenue/"
  },
  {
    "id": "1758614631042755",
    "name": "Косметология Донецк Макеевка - Дивин: массаж эпиляция ботокс увеличить губы",
    "city": "Donetsk",
    "url": "https://www.instagram.com/explore/locations/1758614631042755/-/"
  },
  {
    "id": "1741687056160190",
    "name": "Gamezone PlayStation клуб Донецк",
    "city": "Donetsk",
    "url": "https://www.instagram.com/explore/locations/1741687056160190/gamezone-playstation/"
  },
  {
    "id": "103133301139142",
    "name": "The Loft Smoke Lounge Bar",
    "city": "Donetsk",
    "url": "https://www.instagram.com/explore/locations/103133301139142/the-loft-smoke-lounge-bar/"
  },
  {
    "id": "520266135447253",
    "name": "Game Lover",
    "city": "Donetsk",
    "url": "https://www.instagram.com/explore/locations/520266135447253/game-lover/"
  },
  {
    "id": "118153196262910",
    "name": "Titul Boxing",
    "city": "Donetsk",
    "url": "https://www.instagram.com/explore/locations/118153196262910/titul-boxing/"
  },
  {
    "id": "737643043279261",
    "name": "бульвар Шевченко, 3",
    "city": "Donetsk",
    "url": "https://www.instagram.com/explore/locations/737643043279261/3/"
  },
  {
    "id": "986155441493377",
    "name": "Burger Bar Rachelle",
    "city": "Donetsk",
    "url": "https://www.instagram.com/explore/locations/986155441493377/burger-bar-rachelle/"
  },
  {
    "id": "580259866",
    "name": "Puschkin Boulevard",
    "city": "Donetsk",
    "url": "https://www.instagram.com/explore/locations/580259866/puschkin-boulevard/"
  },
  {
    "id": "183869462499676",
    "name": "Barber shop ЦАРЬ",
    "city": "Donetsk",
    "url": "https://www.instagram.com/explore/locations/183869462499676/barber-shop/"
  },
  {
    "id": "726079388",
    "name": "Green Plaza",
    "city": "Donetsk",
    "url": "https://www.instagram.com/explore/locations/726079388/green-plaza/"
  },
  {
    "id": "102123462268811",
    "name": "Ganesha House",
    "city": "Donetsk",
    "url": "https://www.instagram.com/explore/locations/102123462268811/ganesha-house/"
  },
  {
    "id": "190895447652677",
    "name": "Più Gusto",
    "city": "Donetsk",
    "url": "https://www.instagram.com/explore/locations/190895447652677/piu-gusto/"
  },
  {
    "id": "973906596126148",
    "name": "Donbass Opera",
    "city": "Donetsk",
    "url": "https://www.instagram.com/explore/locations/973906596126148/donbass-opera/"
  },
  {
    "id": "660012337523717",
    "name": "Jeans Twins",
    "city": "Donetsk",
    "url": "https://www.instagram.com/explore/locations/660012337523717/jeans-twins/"
  },
  {
    "id": "588315221",
    "name": "Novorossiya",
    "city": "Donetsk",
    "url": "https://www.instagram.com/explore/locations/588315221/novorossiya/"
  },
  {
    "id": "250438522",
    "name": "РеВалитти - ReValitti Центр красоты",
    "city": "Donetsk",
    "url": "https://www.instagram.com/explore/locations/250438522/-revalitti/"
  },
  {
    "id": "1015133900",
    "name": "FOOD HOUSE - Суши&бургер Бар",
    "city": "Donetsk",
    "url": "https://www.instagram.com/explore/locations/1015133900/food-house-/"
  },
  {
    "id": "234371766",
    "name": "Dekor Donbass",
    "city": "Donetsk",
    "url": "https://www.instagram.com/explore/locations/234371766/dekor-donbass/"
  },
  {
    "id": "677931952383660",
    "name": "BEAR shop",
    "city": "Donetsk",
    "url": "https://www.instagram.com/explore/locations/677931952383660/bear-shop/"
  },
  {
    "id": "125765418138110",
    "name": "Магазин обуви Stalker",
    "city": "Donetsk",
    "url": "https://www.instagram.com/explore/locations/125765418138110/stalker/"
  },
  {
    "id": "266813260",
    "name": "RSK Olympiyskiy",
    "city": "Donetsk",
    "url": "https://www.instagram.com/explore/locations/266813260/rsk-olympiyskiy/"
  },
  {
    "id": "106995427371203",
    "name": "Донецк, 25 лет РККА 7г « Рlaceofbeauty»",
    "city": "Donetsk",
    "url": "https://www.instagram.com/explore/locations/106995427371203/25-7-laceofbeauty/"
  },
  {
    "id": "266610493",
    "name": "Центавр Плаза 2",
    "city": "Donetsk",
    "url": "https://www.instagram.com/explore/locations/266610493/2/"
  },
  {
    "id": "427752937567828",
    "name": "МЦ Эстетика- стоматология, косметология Донецка",
    "city": "Donetsk",
    "url": "https://www.instagram.com/explore/locations/427752937567828/-/"
  },
  {
    "id": "43869519",
    "name": "Kabuki",
    "city": "Donetsk",
    "url": "https://www.instagram.com/explore/locations/43869519/kabuki/"
  },
  {
    "id": "240838536",
    "name": "Macdonalds Крытый Рынок",
    "city": "Donetsk",
    "url": "https://www.instagram.com/explore/locations/240838536/macdonalds/"
  },
  {
    "id": "328581181068208",
    "name": "Sushiman",
    "city": "Donetsk",
    "url": "https://www.instagram.com/explore/locations/328581181068208/sushiman/"
  },
  {
    "id": "806507999452610",
    "name": "OOO \"Мастер-Торг\"",
    "city": "Donetsk",
    "url": "https://www.instagram.com/explore/locations/806507999452610/ooo-/"
  },
  {
    "id": "109636233836198",
    "name": "Beauty Office",
    "city": "Donetsk",
    "url": "https://www.instagram.com/explore/locations/109636233836198/beauty-office/"
  },
  {
    "id": "9628406",
    "name": "Sport Max",
    "city": "Donetsk",
    "url": "https://www.instagram.com/explore/locations/9628406/sport-max/"
  },
  {
    "id": "234315408",
    "name": "Evo's",
    "city": "Donetsk",
    "url": "https://www.instagram.com/explore/locations/234315408/evos/"
  },
  {
    "id": "5693136",
    "name": "Донецкий музыкально - драматический театр",
    "city": "Donetsk",
    "url": "https://www.instagram.com/explore/locations/5693136/-/"
  },
  {
    "id": "252120508646199",
    "name": "Beauty Lab Anastasii Botman",
    "city": "Donetsk",
    "url": "https://www.instagram.com/explore/locations/252120508646199/beauty-lab-anastasii-botman/"
  },
  {
    "id": "152493385375543",
    "name": "Milk Bar",
    "city": "Donetsk",
    "url": "https://www.instagram.com/explore/locations/152493385375543/milk-bar/"
  },
  {
    "id": "268297910348578",
    "name": "ARTcolor beauty salon",
    "city": "Donetsk",
    "url": "https://www.instagram.com/explore/locations/268297910348578/artcolor-beauty-salon/"
  },
  {
    "id": "229929155",
    "name": "Донецк, Ba Na Na",
    "city": "Donetsk",
    "url": "https://www.instagram.com/explore/locations/229929155/ba-na-na/"
  },
  {
    "id": "226426815",
    "name": "3 Корпус ДонНТУ",
    "city": "Donetsk",
    "url": "https://www.instagram.com/explore/locations/226426815/3/"
  },
  {
    "id": "594593540732489",
    "name": "Проспект 25-Летия РККА4 МАРГО",
    "city": "Donetsk",
    "url": "https://www.instagram.com/explore/locations/594593540732489/25-4/"
  },
  {
    "id": "170146260166193",
    "name": "DINER Ресторан Donetsk",
    "city": "Donetsk",
    "url": "https://www.instagram.com/explore/locations/170146260166193/diner-donetsk/"
  },
  {
    "id": "571494639892090",
    "name": "Техпром интернет-магазин Донецк",
    "city": "Donetsk",
    "url": "https://www.instagram.com/explore/locations/571494639892090/-/"
  },
  {
    "id": "259276281227494",
    "name": "Real Pilates Студия N1",
    "city": "Donetsk",
    "url": "https://www.instagram.com/explore/locations/259276281227494/real-pilates-n1/"
  },
  {
    "id": "581314265618965",
    "name": "Sun City",
    "city": "Donetsk",
    "url": "https://www.instagram.com/explore/locations/581314265618965/sun-city/"
  },
  {
    "id": "183037035970372",
    "name": "Фитнес-бар SportMAX",
    "city": "Donetsk",
    "url": "https://www.instagram.com/explore/locations/183037035970372/-sportmax/"
  },
  {
    "id": "1088398",
    "name": "Art-Hotel «Liverpool»",
    "city": "Donetsk",
    "url": "https://www.instagram.com/explore/locations/1088398/art-hotel-liverpool/"
  },
  {
    "id": "170552823868181",
    "name": "Салон красотыEgoist",
    "city": "Donetsk",
    "url": "https://www.instagram.com/explore/locations/170552823868181/egoist/"
  },
  {
    "id": "329869957561378",
    "name": "4й корпус ДонНУЭТ",
    "city": "Donetsk",
    "url": "https://www.instagram.com/explore/locations/329869957561378/4/"
  },
  {
    "id": "1864843",
    "name": "Golden Lion",
    "city": "Donetsk",
    "url": "https://www.instagram.com/explore/locations/1864843/golden-lion/"
  },
  {
    "id": "226832203",
    "name": "Virus Night Club",
    "city": "Donetsk",
    "url": "https://www.instagram.com/explore/locations/226832203/virus-night-club/"
  },
  {
    "id": "101366978658327",
    "name": "Ресторан Fish House",
    "city": "Donetsk",
    "url": "https://www.instagram.com/explore/locations/101366978658327/fish-house/"
  },
  {
    "id": "213862482",
    "name": "Travelers Coffee",
    "city": "Donetsk",
    "url": "https://www.instagram.com/explore/locations/213862482/travelers-coffee/"
  },
  {
    "id": "1466111457000083",
    "name": "Студия танцев Trance-dance. г. Донецк",
    "city": "Donetsk",
    "url": "https://www.instagram.com/explore/locations/1466111457000083/trance-dance/"
  },
  {
    "id": "111377200261719",
    "name": "Loft Cafe",
    "city": "Donetsk",
    "url": "https://www.instagram.com/explore/locations/111377200261719/loft-cafe/"
  },
  {
    "id": "223127681721178",
    "name": "Атлас / Atlas",
    "city": "Donetsk",
    "url": "https://www.instagram.com/explore/locations/223127681721178/atlas/"
  },
  {
    "id": "1398182916922909",
    "name": "Designer Olesya Bulanova",
    "city": "Donetsk",
    "url": "https://www.instagram.com/explore/locations/1398182916922909/designer-olesya-bulanova/"
  },
  {
    "id": "237316780",
    "name": "Divino",
    "city": "Donetsk",
    "url": "https://www.instagram.com/explore/locations/237316780/divino/"
  },
  {
    "id": "465202123987975",
    "name": "Пр-т Ильича, 21а",
    "city": "Donetsk",
    "url": "https://www.instagram.com/explore/locations/465202123987975/-21/"
  },
  {
    "id": "1023236122",
    "name": "Ноготок-Донецк",
    "city": "Donetsk",
    "url": "https://www.instagram.com/explore/locations/1023236122/-/"
  },
  {
    "id": "1845785049036928",
    "name": "Revalittisporti - фитнес-клуб",
    "city": "Donetsk",
    "url": "https://www.instagram.com/explore/locations/1845785049036928/revalittisporti-/"
  },
  {
    "id": "259679068084106",
    "name": "Bourbon",
    "city": "Donetsk",
    "url": "https://www.instagram.com/explore/locations/259679068084106/bourbon/"
  },
  {
    "id": "181144169499867",
    "name": "Second City",
    "city": "Donetsk",
    "url": "https://www.instagram.com/explore/locations/181144169499867/second-city/"
  },
  {
    "id": "123467379050387",
    "name": "Happy Мишка, Детский Центр Донецк",
    "city": "Donetsk",
    "url": "https://www.instagram.com/explore/locations/123467379050387/happy/"
  },
  {
    "id": "102016558971470",
    "name": "SK Aesthetics ⋆ Салон красоты бизнес-класса в Донецке",
    "city": "Donetsk",
    "url": "https://www.instagram.com/explore/locations/102016558971470/sk-aesthetics-/"
  },
  {
    "id": "19059105",
    "name": "New York Street Pizza",
    "city": "Donetsk",
    "url": "https://www.instagram.com/explore/locations/19059105/new-york-street-pizza/"
  },
  {
    "id": "2178587019130401",
    "name": "Sun City",
    "city": "Donetsk",
    "url": "https://www.instagram.com/explore/locations/2178587019130401/sun-city/"
  },
  {
    "id": "12951658",
    "name": "Гуси-Лебеди",
    "city": "Donetsk",
    "url": "https://www.instagram.com/explore/locations/12951658/-/"
  },
  {
    "id": "2353270771400149",
    "name": "Студия красоты Mi Amor",
    "city": "Donetsk",
    "url": "https://www.instagram.com/explore/locations/2353270771400149/mi-amor/"
  },
  {
    "id": "741723380",
    "name": "Donec'k",
    "city": "Donetsk",
    "url": "https://www.instagram.com/explore/locations/741723380/doneck/"
  },
  {
    "id": "308909757",
    "name": "San City Cafe",
    "city": "Donetsk",
    "url": "https://www.instagram.com/explore/locations/308909757/san-city-cafe/"
  },
  {
    "id": "113445817796987",
    "name": "Slivki_bulvar",
    "city": "Donetsk",
    "url": "https://www.instagram.com/explore/locations/113445817796987/slivki_bulvar/"
  },
  {
    "id": "249984502",
    "name": "Marrakech",
    "city": "Donetsk",
    "url": "https://www.instagram.com/explore/locations/249984502/marrakech/"
  },
  {
    "id": "525156784324149",
    "name": "Traveler's Donetsk Coffee",
    "city": "Donetsk",
    "url": "https://www.instagram.com/explore/locations/525156784324149/travelers-donetsk-coffee/"
  },
  {
    "id": "272502699792330",
    "name": "Stuff Bar.",
    "city": "Donetsk",
    "url": "https://www.instagram.com/explore/locations/272502699792330/stuff-bar/"
  },
  {
    "id": "221124450",
    "name": "Dream Bar",
    "city": "Donetsk",
    "url": "https://www.instagram.com/explore/locations/221124450/dream-bar/"
  },
  {
    "id": "400999424017611",
    "name": "roshanabulvare",
    "city": "Donetsk",
    "url": "https://www.instagram.com/explore/locations/400999424017611/roshanabulvare/"
  },
  {
    "id": "1029506637",
    "name": "Салон красоты Beauty Lounge by Elena Astafieva",
    "city": "Donetsk",
    "url": "https://www.instagram.com/explore/locations/1029506637/beauty-lounge-by-elena-astafieva/"
  },
  {
    "id": "108227140948600",
    "name": "AG cosmetology",
    "city": "Donetsk",
    "url": "https://www.instagram.com/explore/locations/108227140948600/ag-cosmetology/"
  },
  {
    "id": "12611485",
    "name": "Majorelle",
    "city": "Donetsk",
    "url": "https://www.instagram.com/explore/locations/12611485/majorelle/"
  },
  {
    "id": "104944338085121",
    "name": "Underground Stage Party Bar",
    "city": "Donetsk",
    "url": "https://www.instagram.com/explore/locations/104944338085121/underground-stage-party-bar/"
  },
  {
    "id": "225150194",
    "name": "M.Gorky Donetsk National Medical University",
    "city": "Donetsk",
    "url": "https://www.instagram.com/explore/locations/225150194/mgorky-donetsk-national-medical-university/"
  },
  {
    "id": "356998724916581",
    "name": "Автошка и Кошка - ДЦРР в Донецке",
    "city": "Donetsk",
    "url": "https://www.instagram.com/explore/locations/356998724916581/-/"
  },
  {
    "id": "315490615708060",
    "name": "Донецкий национальный университет экономики и торговли им. Туган-Барановского",
    "city": "Donetsk",
    "url": "https://www.instagram.com/explore/locations/315490615708060/-/"
  },
  {
    "id": "193672567674375",
    "name": "Venditore - caffe&te",
    "city": "Donetsk",
    "url": "https://www.instagram.com/explore/locations/193672567674375/venditore-caffete/"
  },
  {
    "id": "1000839578",
    "name": "ArtDonbass - Художественный музей",
    "city": "Donetsk",
    "url": "https://www.instagram.com/explore/locations/1000839578/artdonbass-/"
  },
  {
    "id": "254557848",
    "name": "Virus",
    "city": "Donetsk",
    "url": "https://www.instagram.com/explore/locations/254557848/virus/"
  },
  {
    "id": "239916288",
    "name": "Hotel Central(Donetsk)\\Отель «Централь»",
    "city": "Donetsk",
    "url": "https://www.instagram.com/explore/locations/239916288/hotel-centraldonetsk/"
  },
  {
    "id": "300529657336501",
    "name": "ДонНУЭТ, Корпус №7",
    "city": "Donetsk",
    "url": "https://www.instagram.com/explore/locations/300529657336501/no7/"
  },
  {
    "id": "1003127526",
    "name": "Shakhtar Donetsk",
    "city": "Donetsk",
    "url": "https://www.instagram.com/explore/locations/1003127526/shakhtar-donetsk/"
  },
  {
    "id": "1026460709",
    "name": "Общеобразовательная школа 9",
    "city": "Donetsk",
    "url": "https://www.instagram.com/explore/locations/1026460709/9/"
  },
  {
    "id": "100456268537568",
    "name": "OBO",
    "city": "Donetsk",
    "url": "https://www.instagram.com/explore/locations/100456268537568/obo/"
  },
  {
    "id": "731842010528315",
    "name": "3-й Роддом",
    "city": "Donetsk",
    "url": "https://www.instagram.com/explore/locations/731842010528315/3-/"
  },
  {
    "id": "9053982",
    "name": "Panorama",
    "city": "Donetsk",
    "url": "https://www.instagram.com/explore/locations/9053982/panorama/"
  },
  {
    "id": "419219209",
    "name": "Гимназия 6",
    "city": "Donetsk",
    "url": "https://www.instagram.com/explore/locations/419219209/6/"
  },
  {
    "id": "209144935780078",
    "name": "Sun City in Donetsk",
    "city": "Donetsk",
    "url": "https://www.instagram.com/explore/locations/209144935780078/sun-city-in-donetsk/"
  },
  {
    "id": "607756996042535",
    "name": "Sommelier",
    "city": "Donetsk",
    "url": "https://www.instagram.com/explore/locations/607756996042535/sommelier/"
  },
  {
    "id": "245067075",
    "name": "Suncity Кафе",
    "city": "Donetsk",
    "url": "https://www.instagram.com/explore/locations/245067075/suncity/"
  },
  {
    "id": "984536462",
    "name": "Personastudio",
    "city": "Donetsk",
    "url": "https://www.instagram.com/explore/locations/984536462/personastudio/"
  },
  {
    "id": "281010375593512",
    "name": "Art Doll Boutique",
    "city": "Donetsk",
    "url": "https://www.instagram.com/explore/locations/281010375593512/art-doll-boutique/"
  },
  {
    "id": "336861740027690",
    "name": "Boudoir Bar",
    "city": "Donetsk",
    "url": "https://www.instagram.com/explore/locations/336861740027690/boudoir-bar/"
  },
  {
    "id": "15142077",
    "name": "Desire",
    "city": "Donetsk",
    "url": "https://www.instagram.com/explore/locations/15142077/desire/"
  },
  {
    "id": "1027450307",
    "name": "Goodini Pizza",
    "city": "Donetsk",
    "url": "https://www.instagram.com/explore/locations/1027450307/goodini-pizza/"
  },
  {
    "id": "508711772648966",
    "name": "Магазин одежды \"Квартира 18\"",
    "city": "Donetsk",
    "url": "https://www.instagram.com/explore/locations/508711772648966/18/"
  },
  {
    "id": "733051155",
    "name": "Donbass Arena Stadium",
    "city": "Donetsk",
    "url": "https://www.instagram.com/explore/locations/733051155/donbass-arena-stadium/"
  },
  {
    "id": "17955213",
    "name": "Sky City",
    "city": "Donetsk",
    "url": "https://www.instagram.com/explore/locations/17955213/sky-city/"
  },
  {
    "id": "243139528",
    "name": "Маракеш-Миллениум",
    "city": "Donetsk",
    "url": "https://www.instagram.com/explore/locations/243139528/-/"
  },
  {
    "id": "107200067526255",
    "name": "Burgers & Isushi Donetsk",
    "city": "Donetsk",
    "url": "https://www.instagram.com/explore/locations/107200067526255/burgers-isushi-donetsk/"
  },
  {
    "id": "106629024173857",
    "name": "Сервисный центр Чип-Центр",
    "city": "Donetsk",
    "url": "https://www.instagram.com/explore/locations/106629024173857/-/"
  },
  {
    "id": "1169520526442947",
    "name": "Фитнес-центр Рибок Плюс",
    "city": "Donetsk",
    "url": "https://www.instagram.com/explore/locations/1169520526442947/-/"
  },
  {
    "id": "1742318529112243",
    "name": "Сеть магазинов \"Konfeterra\"",
    "city": "Donetsk",
    "url": "https://www.instagram.com/explore/locations/1742318529112243/konfeterra/"
  },
  {
    "id": "289213731476452",
    "name": "Beaute Esthetique",
    "city": "Donetsk",
    "url": "https://www.instagram.com/explore/locations/289213731476452/beaute-esthetique/"
  },
  {
    "id": "1768254713445730",
    "name": "Донецк Университетская 46",
    "city": "Donetsk",
    "url": "https://www.instagram.com/explore/locations/1768254713445730/46/"
  },
  {
    "id": "250621665",
    "name": "Druzhba Arena",
    "city": "Donetsk",
    "url": "https://www.instagram.com/explore/locations/250621665/druzhba-arena/"
  },
  {
    "id": "1845616022193870",
    "name": "Кофейня La Coffee Донецк",
    "city": "Donetsk",
    "url": "https://www.instagram.com/explore/locations/1845616022193870/la-coffee/"
  },
  {
    "id": "431937097617888",
    "name": "Blanco_Donetsk",
    "city": "Donetsk",
    "url": "https://www.instagram.com/explore/locations/431937097617888/blanco_donetsk/"
  },
  {
    "id": "191097174784821",
    "name": "Страна Дураков 404",
    "city": "Donetsk",
    "url": "https://www.instagram.com/explore/locations/191097174784821/404/"
  },
  {
    "id": "222711342",
    "name": "4 Friends Premium Coffee",
    "city": "Donetsk",
    "url": "https://www.instagram.com/explore/locations/222711342/4-friends-premium-coffee/"
  },
  {
    "id": "1056578707747548",
    "name": "Донецк, пр. Мира 4",
    "city": "Donetsk",
    "url": "https://www.instagram.com/explore/locations/1056578707747548/4/"
  },
  {
    "id": "1576703712592449",
    "name": "Pole Dance Donetsk",
    "city": "Donetsk",
    "url": "https://www.instagram.com/explore/locations/1576703712592449/pole-dance-donetsk/"
  },
  {
    "id": "330951944252874",
    "name": "Сервисный центр Irazbil",
    "city": "Donetsk",
    "url": "https://www.instagram.com/explore/locations/330951944252874/irazbil/"
  },
  {
    "id": "107639910571062",
    "name": "Roshanabulvare",
    "city": "Donetsk",
    "url": "https://www.instagram.com/explore/locations/107639910571062/roshanabulvare/"
  },
  {
    "id": "1003801838",
    "name": "Bochka",
    "city": "Donetsk",
    "url": "https://www.instagram.com/explore/locations/1003801838/bochka/"
  },
  {
    "id": "377627439246702",
    "name": "Рукодельница - Магазин пряжи",
    "city": "Donetsk",
    "url": "https://www.instagram.com/explore/locations/377627439246702/-/"
  },
  {
    "id": "106375960738993",
    "name": "Бульвар Шевченко,47",
    "city": "Donetsk",
    "url": "https://www.instagram.com/explore/locations/106375960738993/47/"
  },
  {
    "id": "266016697384686",
    "name": "Челюскинцев 151",
    "city": "Donetsk",
    "url": "https://www.instagram.com/explore/locations/266016697384686/151/"
  },
  {
    "id": "238958566284851",
    "name": "Спасо-Преображенский кафедральный собор (Донецк)",
    "city": "Donetsk",
    "url": "https://www.instagram.com/explore/locations/238958566284851/-/"
  },
  {
    "id": "1815944052043329",
    "name": "Meduza Lounge",
    "city": "Donetsk",
    "url": "https://www.instagram.com/explore/locations/1815944052043329/meduza-lounge/"
  },
  {
    "id": "281128872271238",
    "name": "Donetsk National Technical University",
    "city": "Donetsk",
    "url": "https://www.instagram.com/explore/locations/281128872271238/donetsk-national-technical-university/"
  },
  {
    "id": "783968530",
    "name": "King Life",
    "city": "Donetsk",
    "url": "https://www.instagram.com/explore/locations/783968530/king-life/"
  },
  {
    "id": "265872290507857",
    "name": "Bridge Bar",
    "city": "Donetsk",
    "url": "https://www.instagram.com/explore/locations/265872290507857/bridge-bar/"
  },
  {
    "id": "219472450",
    "name": "Restaurant-brewery Бочка (Bochka).",
    "city": "Donetsk",
    "url": "https://www.instagram.com/explore/locations/219472450/restaurant-brewery-bochka/"
  },
  {
    "id": "222534204881749",
    "name": "Академия Макияжа и Стиля Ксении Синельниковой \"Sineli\"",
    "city": "Donetsk",
    "url": "https://www.instagram.com/explore/locations/222534204881749/sineli/"
  },
  {
    "id": "610921462632034",
    "name": "Planeta Infant",
    "city": "Donetsk",
    "url": "https://www.instagram.com/explore/locations/610921462632034/planeta-infant/"
  },
  {
    "id": "1852013784841600",
    "name": "AVRORA lingerie",
    "city": "Donetsk",
    "url": "https://www.instagram.com/explore/locations/1852013784841600/avrora-lingerie/"
  },
  {
    "id": "247818195903430",
    "name": "Царь-пушка",
    "city": "Donetsk",
    "url": "https://www.instagram.com/explore/locations/247818195903430/-/"
  },
  {
    "id": "578798498988997",
    "name": "Ресторан \"Ё-МоЁ\"",
    "city": "Donetsk",
    "url": "https://www.instagram.com/explore/locations/578798498988997/-/"
  },
  {
    "id": "2163886777165985",
    "name": "Golden Lion",
    "city": "Donetsk",
    "url": "https://www.instagram.com/explore/locations/2163886777165985/golden-lion/"
  },
  {
    "id": "2137263659869206",
    "name": "Донецкий областной художественный музей / Donetsk State Art Museum",
    "city": "Donetsk",
    "url": "https://www.instagram.com/explore/locations/2137263659869206/donetsk-state-art-museum/"
  },
  {
    "id": "969318322",
    "name": "Шопен-Гоген",
    "city": "Donetsk",
    "url": "https://www.instagram.com/explore/locations/969318322/-/"
  },
  {
    "id": "101529174661866",
    "name": "ОТСОС - отдельные территории с особым статусом",
    "city": "Donetsk",
    "url": "https://www.instagram.com/explore/locations/101529174661866/-/"
  },
  {
    "id": "377601309463439",
    "name": "AirStudio",
    "city": "Donetsk",
    "url": "https://www.instagram.com/explore/locations/377601309463439/airstudio/"
  },
  {
    "id": "1472856792734496",
    "name": "Beauty Lab Anastasii Botman",
    "city": "Donetsk",
    "url": "https://www.instagram.com/explore/locations/1472856792734496/beauty-lab-anastasii-botman/"
  },
  {
    "id": "224611903",
    "name": "SportTime Gym",
    "city": "Donetsk",
    "url": "https://www.instagram.com/explore/locations/224611903/sporttime-gym/"
  },
  {
    "id": "344218655953252",
    "name": "Boulevard Lounge Bar & Cafe",
    "city": "Donetsk",
    "url": "https://www.instagram.com/explore/locations/344218655953252/boulevard-lounge-bar-cafe/"
  },
  {
    "id": "111672410425041",
    "name": "Diner Донецк",
    "city": "Donetsk",
    "url": "https://www.instagram.com/explore/locations/111672410425041/diner/"
  },
  {
    "id": "338643696994981",
    "name": "Доннту 1 Корпус",
    "city": "Donetsk",
    "url": "https://www.instagram.com/explore/locations/338643696994981/1/"
  },
  {
    "id": "336060000091987",
    "name": "Tres_anabel, Showroom",
    "city": "Donetsk",
    "url": "https://www.instagram.com/explore/locations/336060000091987/tres_anabel-showroom/"
  },
  {
    "id": "236464334",
    "name": "Bridge Bar",
    "city": "Donetsk",
    "url": "https://www.instagram.com/explore/locations/236464334/bridge-bar/"
  },
  {
    "id": "1025701441",
    "name": "Magic Spika - лучший салон красоты Донецка",
    "city": "Donetsk",
    "url": "https://www.instagram.com/explore/locations/1025701441/magic-spika-/"
  },
  {
    "id": "6464676",
    "name": "Tequila Boom",
    "city": "Donetsk",
    "url": "https://www.instagram.com/explore/locations/6464676/tequila-boom/"
  },
  {
    "id": "313858889345357",
    "name": "9th Street",
    "city": "Donetsk",
    "url": "https://www.instagram.com/explore/locations/313858889345357/9th-street/"
  },
  {
    "id": "572061706636320",
    "name": "Mir Kozhi",
    "city": "Donetsk",
    "url": "https://www.instagram.com/explore/locations/572061706636320/mir-kozhi/"
  },
  {
    "id": "1016378186",
    "name": "Турагентство \"SunTravel\"",
    "city": "Donetsk",
    "url": "https://www.instagram.com/explore/locations/1016378186/suntravel/"
  },
  {
    "id": "101063601360168",
    "name": "Шоколадница/пушкина 20",
    "city": "Donetsk",
    "url": "https://www.instagram.com/explore/locations/101063601360168/20/"
  },
  {
    "id": "1578201579145324",
    "name": "Albina Tatarinova Studio",
    "city": "Donetsk",
    "url": "https://www.instagram.com/explore/locations/1578201579145324/albina-tatarinova-studio/"
  },
  {
    "id": "1801510193445733",
    "name": "Свадебная фотостудия Boudoir Bar.",
    "city": "Donetsk",
    "url": "https://www.instagram.com/explore/locations/1801510193445733/boudoir-bar/"
  },
  {
    "id": "270978381",
    "name": "Boulevard Pushkin",
    "city": "Donetsk",
    "url": "https://www.instagram.com/explore/locations/270978381/boulevard-pushkin/"
  },
  {
    "id": "1648686298791859",
    "name": "Donbass Photo Agency",
    "city": "Donetsk",
    "url": "https://www.instagram.com/explore/locations/1648686298791859/donbass-photo-agency/"
  },
  {
    "id": "542540422595284",
    "name": "Beautycoff Club Бьтикофф Клуб Студия Колористика CHI",
    "city": "Donetsk",
    "url": "https://www.instagram.com/explore/locations/542540422595284/beautycoff-club-chi/"
  },
  {
    "id": "103948914376320",
    "name": "Daria Poluh Studio",
    "city": "Donetsk",
    "url": "https://www.instagram.com/explore/locations/103948914376320/daria-poluh-studio/"
  },
  {
    "id": "1168699116487621",
    "name": "ТРЦ Декор Донбасс,магазин Hand Made Boutique",
    "city": "Donetsk",
    "url": "https://www.instagram.com/explore/locations/1168699116487621/hand-made-boutique/"
  },
  {
    "id": "218842507",
    "name": "Mojito Club",
    "city": "Donetsk",
    "url": "https://www.instagram.com/explore/locations/218842507/mojito-club/"
  },
  {
    "id": "103908307694330",
    "name": "Golden House",
    "city": "Donetsk",
    "url": "https://www.instagram.com/explore/locations/103908307694330/golden-house/"
  },
  {
    "id": "250997301",
    "name": "Био-Лайн",
    "city": "Donetsk",
    "url": "https://www.instagram.com/explore/locations/250997301/-/"
  },
  {
    "id": "3292457",
    "name": "Liverpool Foodmarket",
    "city": "Donetsk",
    "url": "https://www.instagram.com/explore/locations/3292457/liverpool-foodmarket/"
  },
  {
    "id": "291621182",
    "name": "Трактир-Пивоварня Добрый Шубин",
    "city": "Donetsk",
    "url": "https://www.instagram.com/explore/locations/291621182/-/"
  },
  {
    "id": "1920481531405804",
    "name": "BA-NA-NA",
    "city": "Donetsk",
    "url": "https://www.instagram.com/explore/locations/1920481531405804/ba-na-na/"
  },
  {
    "id": "710620790",
    "name": "Донецк, Ул. 50 - Летия Ссср",
    "city": "Donetsk",
    "url": "https://www.instagram.com/explore/locations/710620790/50-/"
  },
  {
    "id": "2832775933614289",
    "name": "Black&White coffee Donetsk",
    "city": "Donetsk",
    "url": "https://www.instagram.com/explore/locations/2832775933614289/blackwhite-coffee-donetsk/"
  },
  {
    "id": "119422142120097",
    "name": "Doublebubble",
    "city": "Donetsk",
    "url": "https://www.instagram.com/explore/locations/119422142120097/doublebubble/"
  },
  {
    "id": "546186195591607",
    "name": "Кино-Культ",
    "city": "Donetsk",
    "url": "https://www.instagram.com/explore/locations/546186195591607/-/"
  },
  {
    "id": "102646021120766",
    "name": "Кодо-Кан, Донецк",
    "city": "Donetsk",
    "url": "https://www.instagram.com/explore/locations/102646021120766/-/"
  },
  {
    "id": "213720207",
    "name": "Pizza Celentano Donets'k",
    "city": "Donetsk",
    "url": "https://www.instagram.com/explore/locations/213720207/pizza-celentano-donetsk/"
  },
  {
    "id": "213959989348048",
    "name": "Студия Nails Home",
    "city": "Donetsk",
    "url": "https://www.instagram.com/explore/locations/213959989348048/nails-home/"
  },
  {
    "id": "100539228776160",
    "name": "Студия Красоты \"Me Amo\"",
    "city": "Donetsk",
    "url": "https://www.instagram.com/explore/locations/100539228776160/me-amo/"
  },
  {
    "id": "734284070361203",
    "name": "Opium Lounge",
    "city": "Donetsk",
    "url": "https://www.instagram.com/explore/locations/734284070361203/opium-lounge/"
  },
  {
    "id": "264561054066861",
    "name": "Донецк Проспект Богдана-Хмельницкого 92",
    "city": "Donetsk",
    "url": "https://www.instagram.com/explore/locations/264561054066861/-92/"
  },
  {
    "id": "275024379788518",
    "name": "PizzBurger",
    "city": "Donetsk",
    "url": "https://www.instagram.com/explore/locations/275024379788518/pizzburger/"
  },
  {
    "id": "402718340471090",
    "name": "Millenium.Marrakesh",
    "city": "Donetsk",
    "url": "https://www.instagram.com/explore/locations/402718340471090/milleniummarrakesh/"
  },
  {
    "id": "393205137697475",
    "name": "Restart",
    "city": "Donetsk",
    "url": "https://www.instagram.com/explore/locations/393205137697475/restart/"
  },
  {
    "id": "318985702017255",
    "name": "Донецкий Лицей No 12",
    "city": "Donetsk",
    "url": "https://www.instagram.com/explore/locations/318985702017255/no-12/"
  },
  {
    "id": "760075196",
    "name": "Борис-Донбасс",
    "city": "Donetsk",
    "url": "https://www.instagram.com/explore/locations/760075196/-/"
  },
  {
    "id": "664628810365813",
    "name": "Doll_ki.ra_dugi +38 050 708 45 48 viber. Кира",
    "city": "Donetsk",
    "url": "https://www.instagram.com/explore/locations/664628810365813/doll_kira_dugi-38-050-708-45-48-viber/"
  },
  {
    "id": "609521496112670",
    "name": "La Vivaldi",
    "city": "Donetsk",
    "url": "https://www.instagram.com/explore/locations/609521496112670/la-vivaldi/"
  },
  {
    "id": "102697335035643",
    "name": "Loftное Место",
    "city": "Donetsk",
    "url": "https://www.instagram.com/explore/locations/102697335035643/loft/"
  },
  {
    "id": "1831999850416552",
    "name": "Донецк, Ул. 50-Летия СССР 158",
    "city": "Donetsk",
    "url": "https://www.instagram.com/explore/locations/1831999850416552/50-158/"
  },
  {
    "id": "355096721931055",
    "name": "25-летия РККА 16",
    "city": "Donetsk",
    "url": "https://www.instagram.com/explore/locations/355096721931055/25-16/"
  },
  {
    "id": "107531050683408",
    "name": "Just 4 You Доставка цветов г. Донецк",
    "city": "Donetsk",
    "url": "https://www.instagram.com/explore/locations/107531050683408/just-4-you/"
  },
  {
    "id": "126349995578531",
    "name": "Магазин косметики KIM",
    "city": "Donetsk",
    "url": "https://www.instagram.com/explore/locations/126349995578531/kim/"
  },
  {
    "id": "290588214889756",
    "name": "Gustou Lounge bar",
    "city": "Donetsk",
    "url": "https://www.instagram.com/explore/locations/290588214889756/gustou-lounge-bar/"
  },
  {
    "id": "589247300",
    "name": "Donetsk Kalmius River",
    "city": "Donetsk",
    "url": "https://www.instagram.com/explore/locations/589247300/donetsk-kalmius-river/"
  },
  {
    "id": "332367750865406",
    "name": "Бульвар Шевченко 8",
    "city": "Donetsk",
    "url": "https://www.instagram.com/explore/locations/332367750865406/8/"
  },
  {
    "id": "1730665327214949",
    "name": "Ул. Университетская 36а Дом Счастья",
    "city": "Donetsk",
    "url": "https://www.instagram.com/explore/locations/1730665327214949/36/"
  },
  {
    "id": "150728192102709",
    "name": "Музыкальная школа №1им. Н.Леонтовича",
    "city": "Donetsk",
    "url": "https://www.instagram.com/explore/locations/150728192102709/no1/"
  },
  {
    "id": "359927377992008",
    "name": "Kvasberry",
    "city": "Donetsk",
    "url": "https://www.instagram.com/explore/locations/359927377992008/kvasberry/"
  },
  {
    "id": "107930344182647",
    "name": "Footykball",
    "city": "Donetsk",
    "url": "https://www.instagram.com/explore/locations/107930344182647/footykball/"
  },
  {
    "id": "324717777995803",
    "name": "Донецк, Проспект Мира, 10",
    "city": "Donetsk",
    "url": "https://www.instagram.com/explore/locations/324717777995803/10/"
  },
  {
    "id": "113730552492890",
    "name": "The Puff",
    "city": "Donetsk",
    "url": "https://www.instagram.com/explore/locations/113730552492890/the-puff/"
  },
  {
    "id": "103467121399248",
    "name": "Бакалейная Лавка Ladomirra",
    "city": "Donetsk",
    "url": "https://www.instagram.com/explore/locations/103467121399248/ladomirra/"
  },
  {
    "id": "285453618967799",
    "name": "Спасо-Преображенский кафедральный собор",
    "city": "Donetsk",
    "url": "https://www.instagram.com/explore/locations/285453618967799/-/"
  },
  {
    "id": "236631797",
    "name": "Гостинично-ресторанный комплекс \"Столичный\"",
    "city": "Donetsk",
    "url": "https://www.instagram.com/explore/locations/236631797/-/"
  },
  {
    "id": "234471995",
    "name": "Dubai, UAE",
    "city": "Donetsk",
    "url": "https://www.instagram.com/explore/locations/234471995/dubai-uae/"
  },
  {
    "id": "318810312264633",
    "name": "Косметология - Спортивный Клуб Атлетик",
    "city": "Donetsk",
    "url": "https://www.instagram.com/explore/locations/318810312264633/-/"
  },
  {
    "id": "333095990582678",
    "name": "REDCUPS",
    "city": "Donetsk",
    "url": "https://www.instagram.com/explore/locations/333095990582678/redcups/"
  },
  {
    "id": "2177866515760653",
    "name": "EVOS sport",
    "city": "Donetsk",
    "url": "https://www.instagram.com/explore/locations/2177866515760653/evos-sport/"
  },
  {
    "id": "103911512030447",
    "name": "Restaurant Toscana",
    "city": "Donetsk",
    "url": "https://www.instagram.com/explore/locations/103911512030447/restaurant-toscana/"
  },
  {
    "id": "1872259026397792",
    "name": "ДонНУЭТ, 6 уч. корпус",
    "city": "Donetsk",
    "url": "https://www.instagram.com/explore/locations/1872259026397792/6/"
  },
  {
    "id": "608554055",
    "name": "Art Donbass",
    "city": "Donetsk",
    "url": "https://www.instagram.com/explore/locations/608554055/art-donbass/"
  },
  {
    "id": "266574137",
    "name": "Доннту Корпус 7",
    "city": "Donetsk",
    "url": "https://www.instagram.com/explore/locations/266574137/7/"
  },
  {
    "id": "100368105215759",
    "name": "beauty.bar.dn",
    "city": "Donetsk",
    "url": "https://www.instagram.com/explore/locations/100368105215759/beautybardn/"
  },
  {
    "id": "278674413",
    "name": "Shato",
    "city": "Donetsk",
    "url": "https://www.instagram.com/explore/locations/278674413/shato/"
  },
  {
    "id": "599220466933790",
    "name": "Happy Life",
    "city": "Donetsk",
    "url": "https://www.instagram.com/explore/locations/599220466933790/happy-life/"
  },
  {
    "id": "115141587018418",
    "name": "Andriyanova nails boutique",
    "city": "Donetsk",
    "url": "https://www.instagram.com/explore/locations/115141587018418/andriyanova-nails-boutique/"
  },
  {
    "id": "481915846",
    "name": "Medibest",
    "city": "Donetsk",
    "url": "https://www.instagram.com/explore/locations/481915846/medibest/"
  },
  {
    "id": "431828160",
    "name": "Doneţk",
    "city": "Donetsk",
    "url": "https://www.instagram.com/explore/locations/431828160/donetk/"
  },
  {
    "id": "187633412167356",
    "name": "25лет РККА 3а",
    "city": "Donetsk",
    "url": "https://www.instagram.com/explore/locations/187633412167356/25-3/"
  },
  {
    "id": "116570393520133",
    "name": "Fight Club \"SamuraiDonetsk",
    "city": "Donetsk",
    "url": "https://www.instagram.com/explore/locations/116570393520133/fight-club-samuraidonetsk/"
  },
  {
    "id": "1982076348762369",
    "name": "Kids Fashion",
    "city": "Donetsk",
    "url": "https://www.instagram.com/explore/locations/1982076348762369/kids-fashion/"
  },
  {
    "id": "32571232",
    "name": "Fleur De Lis",
    "city": "Donetsk",
    "url": "https://www.instagram.com/explore/locations/32571232/fleur-de-lis/"
  },
  {
    "id": "234419626",
    "name": "Салон красоты Nosovski",
    "city": "Donetsk",
    "url": "https://www.instagram.com/explore/locations/234419626/nosovski/"
  },
  {
    "id": "539669509709741",
    "name": "Boroda_ink_official",
    "city": "Donetsk",
    "url": "https://www.instagram.com/explore/locations/539669509709741/boroda_ink_official/"
  },
  {
    "id": "1063734523837737",
    "name": "Парк им. 30-летия Победы",
    "city": "Donetsk",
    "url": "https://www.instagram.com/explore/locations/1063734523837737/30-/"
  },
  {
    "id": "123638431608096",
    "name": "Дизайн-Студия Olesya Bulanova",
    "city": "Donetsk",
    "url": "https://www.instagram.com/explore/locations/123638431608096/-olesya-bulanova/"
  },
  {
    "id": "236502674",
    "name": "Liverpool Live Music Bar",
    "city": "Donetsk",
    "url": "https://www.instagram.com/explore/locations/236502674/liverpool-live-music-bar/"
  },
  {
    "id": "123514022377258",
    "name": "Радиостанция Комета 98,6 ФМ\"",
    "city": "Donetsk",
    "url": "https://www.instagram.com/explore/locations/123514022377258/986/"
  },
  {
    "id": "880906065626272",
    "name": "Sport Max",
    "city": "Donetsk",
    "url": "https://www.instagram.com/explore/locations/880906065626272/sport-max/"
  },
  {
    "id": "253338085382492",
    "name": "Б.Шевченко 56",
    "city": "Donetsk",
    "url": "https://www.instagram.com/explore/locations/253338085382492/56/"
  },
  {
    "id": "216286672466348",
    "name": "Ti Amo Театр Флористики и Декора",
    "city": "Donetsk",
    "url": "https://www.instagram.com/explore/locations/216286672466348/ti-amo/"
  },
  {
    "id": "635571370172159",
    "name": "Гимназия 6",
    "city": "Donetsk",
    "url": "https://www.instagram.com/explore/locations/635571370172159/6/"
  },
  {
    "id": "1545341539114043",
    "name": "Научно-техническая библиотека ДонНТУ г. Донецк",
    "city": "Donetsk",
    "url": "https://www.instagram.com/explore/locations/1545341539114043/-/"
  },
  {
    "id": "1969681496640982",
    "name": "Royal Donetsk",
    "city": "Donetsk",
    "url": "https://www.instagram.com/explore/locations/1969681496640982/royal-donetsk/"
  },
  {
    "id": "404108886876617",
    "name": "Букет•bar",
    "city": "Donetsk",
    "url": "https://www.instagram.com/explore/locations/404108886876617/bar/"
  },
  {
    "id": "940499159",
    "name": "Оливье 80",
    "city": "Donetsk",
    "url": "https://www.instagram.com/explore/locations/940499159/80/"
  },
  {
    "id": "1033270962",
    "name": "Yuzovaka",
    "city": "Donetsk",
    "url": "https://www.instagram.com/explore/locations/1033270962/yuzovaka/"
  },
  {
    "id": "669654929865541",
    "name": "Avenue",
    "city": "Donetsk",
    "url": "https://www.instagram.com/explore/locations/669654929865541/avenue/"
  },
  {
    "id": "1864056980501409",
    "name": "Fresh0n",
    "city": "Donetsk",
    "url": "https://www.instagram.com/explore/locations/1864056980501409/fresh0n/"
  },
  {
    "id": "485383528643179",
    "name": "Beauty SPA - салон Aquarius",
    "city": "Donetsk",
    "url": "https://www.instagram.com/explore/locations/485383528643179/beauty-spa-aquarius/"
  },
  {
    "id": "1960520997372740",
    "name": "Москва- Донецк",
    "city": "Donetsk",
    "url": "https://www.instagram.com/explore/locations/1960520997372740/-/"
  },
  {
    "id": "1931053727180526",
    "name": "AppStudio.dn Продажа техники Apple",
    "city": "Donetsk",
    "url": "https://www.instagram.com/explore/locations/1931053727180526/appstudiodn-apple/"
  },
  {
    "id": "246483437",
    "name": "Akuna Matata",
    "city": "Donetsk",
    "url": "https://www.instagram.com/explore/locations/246483437/akuna-matata/"
  },
  {
    "id": "181173412668289",
    "name": "Ti Amo",
    "city": "Donetsk",
    "url": "https://www.instagram.com/explore/locations/181173412668289/ti-amo/"
  },
  {
    "id": "463872470789628",
    "name": "GMG group",
    "city": "Donetsk",
    "url": "https://www.instagram.com/explore/locations/463872470789628/gmg-group/"
  },
  {
    "id": "299447043992364",
    "name": "ДонНТУ, Корпус №7",
    "city": "Donetsk",
    "url": "https://www.instagram.com/explore/locations/299447043992364/no7/"
  },
  {
    "id": "216327433",
    "name": "Donetsk National University",
    "city": "Donetsk",
    "url": "https://www.instagram.com/explore/locations/216327433/donetsk-national-university/"
  },
  {
    "id": "1331912933512987",
    "name": "It LOOKS",
    "city": "Donetsk",
    "url": "https://www.instagram.com/explore/locations/1331912933512987/it-looks/"
  },
  {
    "id": "87460317",
    "name": "El Torro\"",
    "city": "Donetsk",
    "url": "https://www.instagram.com/explore/locations/87460317/el-torro/"
  },
  {
    "id": "226696377759140",
    "name": "Салон напольных покрытий MAX POL",
    "city": "Donetsk",
    "url": "https://www.instagram.com/explore/locations/226696377759140/max-pol/"
  },
  {
    "id": "236493052",
    "name": "Tirol Pub",
    "city": "Donetsk",
    "url": "https://www.instagram.com/explore/locations/236493052/tirol-pub/"
  },
  {
    "id": "172263373367516",
    "name": "Welcome English School",
    "city": "Donetsk",
    "url": "https://www.instagram.com/explore/locations/172263373367516/welcome-english-school/"
  },
  {
    "id": "47080313",
    "name": "Tabasco",
    "city": "Donetsk",
    "url": "https://www.instagram.com/explore/locations/47080313/tabasco/"
  },
  {
    "id": "112291734011139",
    "name": "Underground Stage Party Bar",
    "city": "Donetsk",
    "url": "https://www.instagram.com/explore/locations/112291734011139/underground-stage-party-bar/"
  },
  {
    "id": "292776721165230",
    "name": "Muscle Wear",
    "city": "Donetsk",
    "url": "https://www.instagram.com/explore/locations/292776721165230/muscle-wear/"
  },
  {
    "id": "415441262121717",
    "name": "Dark Matter Tattoo",
    "city": "Donetsk",
    "url": "https://www.instagram.com/explore/locations/415441262121717/dark-matter-tattoo/"
  },
  {
    "id": "712547752",
    "name": "Donbass Palace",
    "city": "Donetsk",
    "url": "https://www.instagram.com/explore/locations/712547752/donbass-palace/"
  },
  {
    "id": "314299280",
    "name": "Aqua Sferra",
    "city": "Donetsk",
    "url": "https://www.instagram.com/explore/locations/314299280/aqua-sferra/"
  },
  {
    "id": "19854142",
    "name": "Biker's Bar",
    "city": "Donetsk",
    "url": "https://www.instagram.com/explore/locations/19854142/bikers-bar/"
  },
  {
    "id": "293655708125571",
    "name": "Школа #7",
    "city": "Donetsk",
    "url": "https://www.instagram.com/explore/locations/293655708125571/7/"
  },
  {
    "id": "16188181",
    "name": "Азс Pit Stop",
    "city": "Donetsk",
    "url": "https://www.instagram.com/explore/locations/16188181/pit-stop/"
  },
  {
    "id": "98436674",
    "name": "Suncity",
    "city": "Donetsk",
    "url": "https://www.instagram.com/explore/locations/98436674/suncity/"
  },
  {
    "id": "106631854550467",
    "name": "Ресторан Дяди Gogi",
    "city": "Donetsk",
    "url": "https://www.instagram.com/explore/locations/106631854550467/gogi/"
  },
  {
    "id": "527622677447023",
    "name": "Goldentimegroup",
    "city": "Donetsk",
    "url": "https://www.instagram.com/explore/locations/527622677447023/goldentimegroup/"
  },
  {
    "id": "876427512530822",
    "name": "Кальян-бар \"ЧердакДонецк",
    "city": "Donetsk",
    "url": "https://www.instagram.com/explore/locations/876427512530822/-/"
  },
  {
    "id": "296117403",
    "name": "Donetzk , Ukraine",
    "city": "Donetsk",
    "url": "https://www.instagram.com/explore/locations/296117403/donetzk-ukraine/"
  },
  {
    "id": "1095158600665252",
    "name": "Парковая зонаVictoria Hotel Center",
    "city": "Donetsk",
    "url": "https://www.instagram.com/explore/locations/1095158600665252/victoria-hotel-center/"
  },
  {
    "id": "228437069",
    "name": "Бухарест- караоке буфет",
    "city": "Donetsk",
    "url": "https://www.instagram.com/explore/locations/228437069/-/"
  },
  {
    "id": "9076441",
    "name": "Leif",
    "city": "Donetsk",
    "url": "https://www.instagram.com/explore/locations/9076441/leif/"
  },
  {
    "id": "589326071",
    "name": "Donetsk Apartments",
    "city": "Donetsk",
    "url": "https://www.instagram.com/explore/locations/589326071/donetsk-apartments/"
  },
  {
    "id": "61773775",
    "name": "Fashion Cake",
    "city": "Donetsk",
    "url": "https://www.instagram.com/explore/locations/61773775/fashion-cake/"
  },
  {
    "id": "104864581047379",
    "name": "Донецк Ул.артема 71, Инсайт Тренинговый Центр",
    "city": "Donetsk",
    "url": "https://www.instagram.com/explore/locations/104864581047379/71/"
  },
  {
    "id": "102183352265185",
    "name": "Kodaku",
    "city": "Donetsk",
    "url": "https://www.instagram.com/explore/locations/102183352265185/kodaku/"
  },
  {
    "id": "711059725918669",
    "name": "she&he",
    "city": "Donetsk",
    "url": "https://www.instagram.com/explore/locations/711059725918669/shehe/"
  },
  {
    "id": "841303201",
    "name": "Гурова 16",
    "city": "Donetsk",
    "url": "https://www.instagram.com/explore/locations/841303201/16/"
  },
  {
    "id": "841000962941165",
    "name": "Зооветеринарный Центр \"Динго- ветклиника",
    "city": "Donetsk",
    "url": "https://www.instagram.com/explore/locations/841000962941165/-/"
  },
  {
    "id": "104093571253040",
    "name": "Let's Play",
    "city": "Donetsk",
    "url": "https://www.instagram.com/explore/locations/104093571253040/lets-play/"
  },
  {
    "id": "104700410951470",
    "name": "Malik_hair_studio",
    "city": "Donetsk",
    "url": "https://www.instagram.com/explore/locations/104700410951470/malik_hair_studio/"
  },
  {
    "id": "289801895015990",
    "name": "Flirt&fleur",
    "city": "Donetsk",
    "url": "https://www.instagram.com/explore/locations/289801895015990/flirtfleur/"
  },
  {
    "id": "109628560938615",
    "name": "Baza",
    "city": "Donetsk",
    "url": "https://www.instagram.com/explore/locations/109628560938615/baza/"
  },
  {
    "id": "1958421627799435",
    "name": "Донецкий национальный академический украинский музыкально-драматический театр",
    "city": "Donetsk",
    "url": "https://www.instagram.com/explore/locations/1958421627799435/-/"
  },
  {
    "id": "1020821132",
    "name": "Smoking Bar",
    "city": "Donetsk",
    "url": "https://www.instagram.com/explore/locations/1020821132/smoking-bar/"
  },
  {
    "id": "566237453807786",
    "name": "Kos Murgen house",
    "city": "Donetsk",
    "url": "https://www.instagram.com/explore/locations/566237453807786/kos-murgen-house/"
  },
  {
    "id": "266108833992843",
    "name": "Караоке Оливье 80",
    "city": "Donetsk",
    "url": "https://www.instagram.com/explore/locations/266108833992843/80/"
  },
  {
    "id": "548339455656375",
    "name": "Jump Тренажерный Зал",
    "city": "Donetsk",
    "url": "https://www.instagram.com/explore/locations/548339455656375/jump/"
  },
  {
    "id": "1103381429734068",
    "name": "Rave.fm",
    "city": "Donetsk",
    "url": "https://www.instagram.com/explore/locations/1103381429734068/ravefm/"
  },
  {
    "id": "107771910984451",
    "name": "Gyroclub",
    "city": "Donetsk",
    "url": "https://www.instagram.com/explore/locations/107771910984451/gyroclub/"
  },
  {
    "id": "411171829318739",
    "name": "Beauty Mania",
    "city": "Donetsk",
    "url": "https://www.instagram.com/explore/locations/411171829318739/beauty-mania/"
  },
  {
    "id": "132306034216440",
    "name": "Студия \"Классика-Креатив\"",
    "city": "Donetsk",
    "url": "https://www.instagram.com/explore/locations/132306034216440/-/"
  },
  {
    "id": "276726391",
    "name": "Ресторан-поместье «Раздолье»",
    "city": "Donetsk",
    "url": "https://www.instagram.com/explore/locations/276726391/-/"
  },
  {
    "id": "264694076",
    "name": "Donestk",
    "city": "Donetsk",
    "url": "https://www.instagram.com/explore/locations/264694076/donestk/"
  },
  {
    "id": "116103399038544",
    "name": "Don Coffee",
    "city": "Donetsk",
    "url": "https://www.instagram.com/explore/locations/116103399038544/don-coffee/"
  },
  {
    "id": "1801482916736894",
    "name": "Колибри-тур",
    "city": "Donetsk",
    "url": "https://www.instagram.com/explore/locations/1801482916736894/-/"
  },
  {
    "id": "103885254852718",
    "name": "Gogi",
    "city": "Donetsk",
    "url": "https://www.instagram.com/explore/locations/103885254852718/gogi/"
  },
  {
    "id": "188373791719827",
    "name": "МОУ \"Донецкая гимназия №6\"",
    "city": "Donetsk",
    "url": "https://www.instagram.com/explore/locations/188373791719827/no6/"
  },
  {
    "id": "138068620195503",
    "name": "Лазер-Эстет Центр «Созвездие»",
    "city": "Donetsk",
    "url": "https://www.instagram.com/explore/locations/138068620195503/-/"
  },
  {
    "id": "108219600727667",
    "name": "Travel Club by Розовый слон",
    "city": "Donetsk",
    "url": "https://www.instagram.com/explore/locations/108219600727667/travel-club-by/"
  },
  {
    "id": "1102906596540686",
    "name": "Ayula",
    "city": "Donetsk",
    "url": "https://www.instagram.com/explore/locations/1102906596540686/ayula/"
  },
  {
    "id": "534716230340814",
    "name": "ZENET",
    "city": "Donetsk",
    "url": "https://www.instagram.com/explore/locations/534716230340814/zenet/"
  },
  {
    "id": "1014430747",
    "name": "Donețc",
    "city": "Donetsk",
    "url": "https://www.instagram.com/explore/locations/1014430747/donetc/"
  },
  {
    "id": "107261897790540",
    "name": "Majorell",
    "city": "Donetsk",
    "url": "https://www.instagram.com/explore/locations/107261897790540/majorell/"
  },
  {
    "id": "134453417206901",
    "name": "PILKA Studio Студия красоты Донецк",
    "city": "Donetsk",
    "url": "https://www.instagram.com/explore/locations/134453417206901/pilka-studio/"
  },
  {
    "id": "250942368646917",
    "name": "Gulliver- Детская Одежда и обувь",
    "city": "Donetsk",
    "url": "https://www.instagram.com/explore/locations/250942368646917/gulliver-/"
  },
  {
    "id": "328808980557813",
    "name": "Салон-студия \"Мир минералов\"",
    "city": "Donetsk",
    "url": "https://www.instagram.com/explore/locations/328808980557813/-/"
  },
  {
    "id": "14237988",
    "name": "Школа 9",
    "city": "Donetsk",
    "url": "https://www.instagram.com/explore/locations/14237988/9/"
  },
  {
    "id": "1730579507039339",
    "name": "Простір розвитку \"Discovery Clubу м. Миколаївка",
    "city": "Donetsk",
    "url": "https://www.instagram.com/explore/locations/1730579507039339/discovery-club/"
  },
  {
    "id": "1032078773556651",
    "name": "Slivki Coffee",
    "city": "Donetsk",
    "url": "https://www.instagram.com/explore/locations/1032078773556651/slivki-coffee/"
  },
  {
    "id": "221049395",
    "name": "Фитнес-центр Fresh",
    "city": "Donetsk",
    "url": "https://www.instagram.com/explore/locations/221049395/-fresh/"
  },
  {
    "id": "172669966856827",
    "name": "Fancy Gallery",
    "city": "Donetsk",
    "url": "https://www.instagram.com/explore/locations/172669966856827/fancy-gallery/"
  },
  {
    "id": "1268945603153335",
    "name": "Lavazza Coffee to Go",
    "city": "Donetsk",
    "url": "https://www.instagram.com/explore/locations/1268945603153335/lavazza-coffee-to-go/"
  },
  {
    "id": "219471050",
    "name": "Кантри-ресторан Tabasco",
    "city": "Donetsk",
    "url": "https://www.instagram.com/explore/locations/219471050/-tabasco/"
  },
  {
    "id": "1034427606",
    "name": "Ул. Университетская 36а Донбасс.фм",
    "city": "Donetsk",
    "url": "https://www.instagram.com/explore/locations/1034427606/36/"
  },
  {
    "id": "1032103537",
    "name": "Donetsk, USSR",
    "city": "Donetsk",
    "url": "https://www.instagram.com/explore/locations/1032103537/donetsk-ussr/"
  },
  {
    "id": "249927402347621",
    "name": "Улица Артема 88а",
    "city": "Donetsk",
    "url": "https://www.instagram.com/explore/locations/249927402347621/88/"
  },
  {
    "id": "860753767455661",
    "name": "Beauty.corner_HBNgroup",
    "city": "Donetsk",
    "url": "https://www.instagram.com/explore/locations/860753767455661/beautycorner_hbngroup/"
  },
  {
    "id": "860856310972080",
    "name": "ул.Ватутина 22",
    "city": "Donetsk",
    "url": "https://www.instagram.com/explore/locations/860856310972080/22/"
  }
]