[
  {
    "id": "1726711847630017",
    "name": "Жилой комплекс Smart House",
    "city": "Svyatoshino",
    "url": "https://www.instagram.com/explore/locations/1726711847630017/smart-house/"
  },
  {
    "id": "1075699239258077",
    "name": "hiitworks - фітнес для зайнятих",
    "city": "Svyatoshino",
    "url": "https://www.instagram.com/explore/locations/1075699239258077/hiitworks-/"
  },
  {
    "id": "1008960345901282",
    "name": "NailsCool",
    "city": "Svyatoshino",
    "url": "https://www.instagram.com/explore/locations/1008960345901282/nailscool/"
  },
  {
    "id": "325325737825618",
    "name": "Натяжные потолки в Киеве. Euro Decor",
    "city": "Svyatoshino",
    "url": "https://www.instagram.com/explore/locations/325325737825618/euro-decor/"
  },
  {
    "id": "112578284532085",
    "name": "Demna",
    "city": "Svyatoshino",
    "url": "https://www.instagram.com/explore/locations/112578284532085/demna/"
  },
  {
    "id": "254325711908665",
    "name": "Якуба Коласа 4а",
    "city": "Svyatoshino",
    "url": "https://www.instagram.com/explore/locations/254325711908665/4/"
  },
  {
    "id": "102264498158420",
    "name": "ФОП zone - Про податки підприємців легко",
    "city": "Svyatoshino",
    "url": "https://www.instagram.com/explore/locations/102264498158420/zone-/"
  },
  {
    "id": "234213186430517",
    "name": "Kolase",
    "city": "Svyatoshino",
    "url": "https://www.instagram.com/explore/locations/234213186430517/kolase/"
  },
  {
    "id": "1027128773",
    "name": "Mimisha",
    "city": "Svyatoshino",
    "url": "https://www.instagram.com/explore/locations/1027128773/mimisha/"
  },
  {
    "id": "111390808109158",
    "name": "Beautiful sunset",
    "city": "Svyatoshino",
    "url": "https://www.instagram.com/explore/locations/111390808109158/beautiful-sunset/"
  },
  {
    "id": "108017568584956",
    "name": "Le World",
    "city": "Svyatoshino",
    "url": "https://www.instagram.com/explore/locations/108017568584956/le-world/"
  },
  {
    "id": "558000787694128",
    "name": "stometrovka.com.ua",
    "city": "Svyatoshino",
    "url": "https://www.instagram.com/explore/locations/558000787694128/stometrovkacomua/"
  },
  {
    "id": "1609726049276790",
    "name": "Маршрутка #26",
    "city": "Svyatoshino",
    "url": "https://www.instagram.com/explore/locations/1609726049276790/26/"
  },
  {
    "id": "411241492340206",
    "name": "Солянка 𝗘𝗩𝗘𝗡𝗧 𝗔𝗚𝗘𝗡𝗖𝗬",
    "city": "Svyatoshino",
    "url": "https://www.instagram.com/explore/locations/411241492340206/event-agency/"
  }
]