[
  {
    "id": "255779092",
    "name": "Nikolaev Ukraine",
    "city": "Vernoleninsk",
    "url": "https://www.instagram.com/explore/locations/255779092/nikolaev-ukraine/"
  },
  {
    "id": "186035171737880",
    "name": "Миколаїв Николаев Nikolaev Mykolayivs'Ka Oblast Ukraine",
    "city": "Vernoleninsk",
    "url": "https://www.instagram.com/explore/locations/186035171737880/nikolaev-mykolayivska-oblast-ukraine/"
  },
  {
    "id": "854349574",
    "name": "Nikolaev, Sovetskaya Str.",
    "city": "Vernoleninsk",
    "url": "https://www.instagram.com/explore/locations/854349574/nikolaev-sovetskaya-str/"
  },
  {
    "id": "2194924610757932",
    "name": "Edison Bar",
    "city": "Vernoleninsk",
    "url": "https://www.instagram.com/explore/locations/2194924610757932/edison-bar/"
  },
  {
    "id": "1945636045656652",
    "name": "MAFIA Миколаїв",
    "city": "Vernoleninsk",
    "url": "https://www.instagram.com/explore/locations/1945636045656652/mafia/"
  },
  {
    "id": "108700224244559",
    "name": "maison.nikolaev",
    "city": "Vernoleninsk",
    "url": "https://www.instagram.com/explore/locations/108700224244559/maisonnikolaev/"
  },
  {
    "id": "395639525",
    "name": "SPACE capriсa",
    "city": "Vernoleninsk",
    "url": "https://www.instagram.com/explore/locations/395639525/space-capria/"
  },
  {
    "id": "2303188803290957",
    "name": "ZIZU Boulangerie",
    "city": "Vernoleninsk",
    "url": "https://www.instagram.com/explore/locations/2303188803290957/zizu-boulangerie/"
  },
  {
    "id": "579624977",
    "name": "Сити-Центр Николаев",
    "city": "Vernoleninsk",
    "url": "https://www.instagram.com/explore/locations/579624977/-/"
  },
  {
    "id": "227989505",
    "name": "ЁЖ Party Bar",
    "city": "Vernoleninsk",
    "url": "https://www.instagram.com/explore/locations/227989505/party-bar/"
  },
  {
    "id": "480225872",
    "name": "Multiplex",
    "city": "Vernoleninsk",
    "url": "https://www.instagram.com/explore/locations/480225872/multiplex/"
  },
  {
    "id": "103345012193368",
    "name": "SVIT restaurant",
    "city": "Vernoleninsk",
    "url": "https://www.instagram.com/explore/locations/103345012193368/svit-restaurant/"
  },
  {
    "id": "1016597353",
    "name": "Nikolayev",
    "city": "Vernoleninsk",
    "url": "https://www.instagram.com/explore/locations/1016597353/nikolayev/"
  },
  {
    "id": "586711508371273",
    "name": "The САД Terrace",
    "city": "Vernoleninsk",
    "url": "https://www.instagram.com/explore/locations/586711508371273/the-terrace/"
  },
  {
    "id": "836032881",
    "name": "Bubabо.skyhouse.",
    "city": "Vernoleninsk",
    "url": "https://www.instagram.com/explore/locations/836032881/bubabskyhouse/"
  },
  {
    "id": "810959388",
    "name": "Nikolaev (Ukraine)",
    "city": "Vernoleninsk",
    "url": "https://www.instagram.com/explore/locations/810959388/nikolaev-ukraine/"
  },
  {
    "id": "106797927690153",
    "name": "Darkwin Shop Nikolaev - женская одежда больших размеров",
    "city": "Vernoleninsk",
    "url": "https://www.instagram.com/explore/locations/106797927690153/darkwin-shop-nikolaev-/"
  },
  {
    "id": "104756726846608",
    "name": "Lviv Croissants - Миколаїв",
    "city": "Vernoleninsk",
    "url": "https://www.instagram.com/explore/locations/104756726846608/lviv-croissants-/"
  },
  {
    "id": "222784778",
    "name": "Scorini Николаев",
    "city": "Vernoleninsk",
    "url": "https://www.instagram.com/explore/locations/222784778/scorini/"
  },
  {
    "id": "1014955603",
    "name": "ШТОРМ - развлекательный комплекс Николаев",
    "city": "Vernoleninsk",
    "url": "https://www.instagram.com/explore/locations/1014955603/-/"
  },
  {
    "id": "1612139459080884",
    "name": "Polichano cafe",
    "city": "Vernoleninsk",
    "url": "https://www.instagram.com/explore/locations/1612139459080884/polichano-cafe/"
  },
  {
    "id": "551184452003469",
    "name": "Парк Победы / Victory Park",
    "city": "Vernoleninsk",
    "url": "https://www.instagram.com/explore/locations/551184452003469/victory-park/"
  },
  {
    "id": "238738443",
    "name": "Griffeль",
    "city": "Vernoleninsk",
    "url": "https://www.instagram.com/explore/locations/238738443/griffe/"
  },
  {
    "id": "1180770888707709",
    "name": "Енергія - Фітнес-клуб",
    "city": "Vernoleninsk",
    "url": "https://www.instagram.com/explore/locations/1180770888707709/-/"
  },
  {
    "id": "990308697727453",
    "name": "Спорт-клуб \"100 ТОНН\"",
    "city": "Vernoleninsk",
    "url": "https://www.instagram.com/explore/locations/990308697727453/-100/"
  },
  {
    "id": "277320449",
    "name": "Petro Mohyla Black Sea State University",
    "city": "Vernoleninsk",
    "url": "https://www.instagram.com/explore/locations/277320449/petro-mohyla-black-sea-state-university/"
  },
  {
    "id": "400395590299758",
    "name": "Fight House",
    "city": "Vernoleninsk",
    "url": "https://www.instagram.com/explore/locations/400395590299758/fight-house/"
  },
  {
    "id": "290281031790065",
    "name": "Aurum restaurant",
    "city": "Vernoleninsk",
    "url": "https://www.instagram.com/explore/locations/290281031790065/aurum-restaurant/"
  },
  {
    "id": "238175908",
    "name": "27Th Bar",
    "city": "Vernoleninsk",
    "url": "https://www.instagram.com/explore/locations/238175908/27th-bar/"
  },
  {
    "id": "2045914582310336",
    "name": "Sotka Bar",
    "city": "Vernoleninsk",
    "url": "https://www.instagram.com/explore/locations/2045914582310336/sotka-bar/"
  },
  {
    "id": "574313966",
    "name": "Ресторан Daily",
    "city": "Vernoleninsk",
    "url": "https://www.instagram.com/explore/locations/574313966/daily/"
  },
  {
    "id": "216686529",
    "name": "Nikolaev-Storm",
    "city": "Vernoleninsk",
    "url": "https://www.instagram.com/explore/locations/216686529/nikolaev-storm/"
  },
  {
    "id": "313248066",
    "name": "Uno Cafe",
    "city": "Vernoleninsk",
    "url": "https://www.instagram.com/explore/locations/313248066/uno-cafe/"
  },
  {
    "id": "33108170",
    "name": "Garikov Palace",
    "city": "Vernoleninsk",
    "url": "https://www.instagram.com/explore/locations/33108170/garikov-palace/"
  },
  {
    "id": "105025837952446",
    "name": "Le Roi",
    "city": "Vernoleninsk",
    "url": "https://www.instagram.com/explore/locations/105025837952446/le-roi/"
  },
  {
    "id": "1041080982642202",
    "name": "Гостинично-ресторанный комплекс \"Николаев\"",
    "city": "Vernoleninsk",
    "url": "https://www.instagram.com/explore/locations/1041080982642202/-/"
  },
  {
    "id": "284893688",
    "name": "Nikolaev Port, Ukraine",
    "city": "Vernoleninsk",
    "url": "https://www.instagram.com/explore/locations/284893688/nikolaev-port-ukraine/"
  },
  {
    "id": "489664701502946",
    "name": "Квест 360quest Поворот не туда",
    "city": "Vernoleninsk",
    "url": "https://www.instagram.com/explore/locations/489664701502946/360quest/"
  },
  {
    "id": "1861992487413579",
    "name": "МФ КНУКіМ, Mykolayiv Branch of Kyiv National University of Culture and Arts",
    "city": "Vernoleninsk",
    "url": "https://www.instagram.com/explore/locations/1861992487413579/mykolayiv-branch-of-kyiv-national-university-of-culture-and-arts/"
  },
  {
    "id": "734634744",
    "name": "Mykolaiv, Ukraine",
    "city": "Vernoleninsk",
    "url": "https://www.instagram.com/explore/locations/734634744/mykolaiv-ukraine/"
  },
  {
    "id": "154708255075549",
    "name": "FAMILY PALACE",
    "city": "Vernoleninsk",
    "url": "https://www.instagram.com/explore/locations/154708255075549/family-palace/"
  },
  {
    "id": "228494244",
    "name": "Школа 22",
    "city": "Vernoleninsk",
    "url": "https://www.instagram.com/explore/locations/228494244/22/"
  },
  {
    "id": "285887858709870",
    "name": "Barbershop Цех 7",
    "city": "Vernoleninsk",
    "url": "https://www.instagram.com/explore/locations/285887858709870/barbershop-7/"
  },
  {
    "id": "993165581",
    "name": "Дім Краси «Body&Soul»",
    "city": "Vernoleninsk",
    "url": "https://www.instagram.com/explore/locations/993165581/bodysoul/"
  },
  {
    "id": "1784224371870048",
    "name": "Maska Sushi",
    "city": "Vernoleninsk",
    "url": "https://www.instagram.com/explore/locations/1784224371870048/maska-sushi/"
  },
  {
    "id": "1355404527879399",
    "name": "Weekend sweets",
    "city": "Vernoleninsk",
    "url": "https://www.instagram.com/explore/locations/1355404527879399/weekend-sweets/"
  },
  {
    "id": "1690363664612665",
    "name": "Фотостудия Momi",
    "city": "Vernoleninsk",
    "url": "https://www.instagram.com/explore/locations/1690363664612665/momi/"
  },
  {
    "id": "345828332480498",
    "name": "RealProf.nails",
    "city": "Vernoleninsk",
    "url": "https://www.instagram.com/explore/locations/345828332480498/realprofnails/"
  },
  {
    "id": "133867990601301",
    "name": "Portal Mykolaiv",
    "city": "Vernoleninsk",
    "url": "https://www.instagram.com/explore/locations/133867990601301/portal-mykolaiv/"
  },
  {
    "id": "291014811296716",
    "name": "L.ONE Fitness & spa residence",
    "city": "Vernoleninsk",
    "url": "https://www.instagram.com/explore/locations/291014811296716/lone-fitness-spa-residence/"
  },
  {
    "id": "1023193231",
    "name": "Кальянная#1 дым",
    "city": "Vernoleninsk",
    "url": "https://www.instagram.com/explore/locations/1023193231/1/"
  },
  {
    "id": "229385424",
    "name": "McDonalds",
    "city": "Vernoleninsk",
    "url": "https://www.instagram.com/explore/locations/229385424/mcdonalds/"
  },
  {
    "id": "144712069529902",
    "name": "Pokee UA",
    "city": "Vernoleninsk",
    "url": "https://www.instagram.com/explore/locations/144712069529902/pokee-ua/"
  },
  {
    "id": "1024264593",
    "name": "Happy Land",
    "city": "Vernoleninsk",
    "url": "https://www.instagram.com/explore/locations/1024264593/happy-land/"
  },
  {
    "id": "103992674328425",
    "name": "Студія Манікюру Be LIGHT",
    "city": "Vernoleninsk",
    "url": "https://www.instagram.com/explore/locations/103992674328425/be-light/"
  },
  {
    "id": "102279460413121",
    "name": "Good bakery",
    "city": "Vernoleninsk",
    "url": "https://www.instagram.com/explore/locations/102279460413121/good-bakery/"
  },
  {
    "id": "421212467",
    "name": "Arnika",
    "city": "Vernoleninsk",
    "url": "https://www.instagram.com/explore/locations/421212467/arnika/"
  },
  {
    "id": "375763673143828",
    "name": "Radioactive Bar",
    "city": "Vernoleninsk",
    "url": "https://www.instagram.com/explore/locations/375763673143828/radioactive-bar/"
  },
  {
    "id": "741029109",
    "name": "Парк Ім. 61 Комунара",
    "city": "Vernoleninsk",
    "url": "https://www.instagram.com/explore/locations/741029109/61/"
  },
  {
    "id": "2377633932460804",
    "name": "Караоке-ресторан \"Пирамида\"",
    "city": "Vernoleninsk",
    "url": "https://www.instagram.com/explore/locations/2377633932460804/-/"
  },
  {
    "id": "1844483312493266",
    "name": "Garden sushi & bar",
    "city": "Vernoleninsk",
    "url": "https://www.instagram.com/explore/locations/1844483312493266/garden-sushi-bar/"
  },
  {
    "id": "1324015407651362",
    "name": "Soborna Square Mykolaiv",
    "city": "Vernoleninsk",
    "url": "https://www.instagram.com/explore/locations/1324015407651362/soborna-square-mykolaiv/"
  },
  {
    "id": "942612752",
    "name": "S-fitness",
    "city": "Vernoleninsk",
    "url": "https://www.instagram.com/explore/locations/942612752/s-fitness/"
  },
  {
    "id": "108993790576403",
    "name": "G.Bar Николаев",
    "city": "Vernoleninsk",
    "url": "https://www.instagram.com/explore/locations/108993790576403/gbar/"
  },
  {
    "id": "392861697853040",
    "name": "New York Street Pizza Mykolaiv",
    "city": "Vernoleninsk",
    "url": "https://www.instagram.com/explore/locations/392861697853040/new-york-street-pizza-mykolaiv/"
  },
  {
    "id": "846466812152733",
    "name": "Yankee Bar",
    "city": "Vernoleninsk",
    "url": "https://www.instagram.com/explore/locations/846466812152733/yankee-bar/"
  },
  {
    "id": "106786534275100",
    "name": "AnaMax_nail_niko",
    "city": "Vernoleninsk",
    "url": "https://www.instagram.com/explore/locations/106786534275100/anamax_nail_niko/"
  },
  {
    "id": "291340301278564",
    "name": "Moon Cafe",
    "city": "Vernoleninsk",
    "url": "https://www.instagram.com/explore/locations/291340301278564/moon-cafe/"
  },
  {
    "id": "357930234598157",
    "name": "Doping",
    "city": "Vernoleninsk",
    "url": "https://www.instagram.com/explore/locations/357930234598157/doping/"
  },
  {
    "id": "888326211311993",
    "name": "Миколаів, В.набережна 2/3 Нижній БАМ",
    "city": "Vernoleninsk",
    "url": "https://www.instagram.com/explore/locations/888326211311993/23/"
  },
  {
    "id": "269486323699246",
    "name": "Flex",
    "city": "Vernoleninsk",
    "url": "https://www.instagram.com/explore/locations/269486323699246/flex/"
  },
  {
    "id": "103938682608275",
    "name": "Qcafe.mk",
    "city": "Vernoleninsk",
    "url": "https://www.instagram.com/explore/locations/103938682608275/qcafemk/"
  },
  {
    "id": "293114871",
    "name": "Sotka Bar",
    "city": "Vernoleninsk",
    "url": "https://www.instagram.com/explore/locations/293114871/sotka-bar/"
  },
  {
    "id": "903732859",
    "name": "Pate кондитерская-кофейня",
    "city": "Vernoleninsk",
    "url": "https://www.instagram.com/explore/locations/903732859/pate-/"
  },
  {
    "id": "103217044566193",
    "name": "VEAN Tattoo Николаев",
    "city": "Vernoleninsk",
    "url": "https://www.instagram.com/explore/locations/103217044566193/vean-tattoo/"
  },
  {
    "id": "824036696",
    "name": "SHO BAR",
    "city": "Vernoleninsk",
    "url": "https://www.instagram.com/explore/locations/824036696/sho-bar/"
  },
  {
    "id": "429957823",
    "name": "Арка-караоке клуб",
    "city": "Vernoleninsk",
    "url": "https://www.instagram.com/explore/locations/429957823/-/"
  },
  {
    "id": "351386988836830",
    "name": "Магазин Постельного белья Соня Sonya.sleep.shop",
    "city": "Vernoleninsk",
    "url": "https://www.instagram.com/explore/locations/351386988836830/sonyasleepshop/"
  },
  {
    "id": "101305999595815",
    "name": "AUTO BOSS, автосалон Миколаїв",
    "city": "Vernoleninsk",
    "url": "https://www.instagram.com/explore/locations/101305999595815/auto-boss/"
  },
  {
    "id": "618532371877394",
    "name": "Цветочный Рынок / Flower market",
    "city": "Vernoleninsk",
    "url": "https://www.instagram.com/explore/locations/618532371877394/flower-market/"
  },
  {
    "id": "675124186009940",
    "name": "Кінотеатр Піонер -Кінопалац",
    "city": "Vernoleninsk",
    "url": "https://www.instagram.com/explore/locations/675124186009940/-/"
  },
  {
    "id": "1582362755151909",
    "name": "Beauty & Make up Academy",
    "city": "Vernoleninsk",
    "url": "https://www.instagram.com/explore/locations/1582362755151909/beauty-make-up-academy/"
  },
  {
    "id": "328497010943753",
    "name": "Septem Crossfit",
    "city": "Vernoleninsk",
    "url": "https://www.instagram.com/explore/locations/328497010943753/septem-crossfit/"
  },
  {
    "id": "1016146176",
    "name": "Lime Store",
    "city": "Vernoleninsk",
    "url": "https://www.instagram.com/explore/locations/1016146176/lime-store/"
  },
  {
    "id": "195003388072022",
    "name": "Студія краси “Ani Studio”",
    "city": "Vernoleninsk",
    "url": "https://www.instagram.com/explore/locations/195003388072022/ani-studio/"
  },
  {
    "id": "1783722088385311",
    "name": "Gym Style",
    "city": "Vernoleninsk",
    "url": "https://www.instagram.com/explore/locations/1783722088385311/gym-style/"
  },
  {
    "id": "898810690",
    "name": "Hinkaller",
    "city": "Vernoleninsk",
    "url": "https://www.instagram.com/explore/locations/898810690/hinkaller/"
  },
  {
    "id": "110671425755290",
    "name": "Інтернет-магазин \"Slavna\"",
    "city": "Vernoleninsk",
    "url": "https://www.instagram.com/explore/locations/110671425755290/-slavna/"
  },
  {
    "id": "306168899732068",
    "name": "Бизнес-Центр \"Украина\"",
    "city": "Vernoleninsk",
    "url": "https://www.instagram.com/explore/locations/306168899732068/-/"
  },
  {
    "id": "1295173697182057",
    "name": "Миколаївський ліцей 2",
    "city": "Vernoleninsk",
    "url": "https://www.instagram.com/explore/locations/1295173697182057/2/"
  },
  {
    "id": "844570129074571",
    "name": "Parovoz",
    "city": "Vernoleninsk",
    "url": "https://www.instagram.com/explore/locations/844570129074571/parovoz/"
  },
  {
    "id": "251001965390178",
    "name": "Freedom Concept Lab",
    "city": "Vernoleninsk",
    "url": "https://www.instagram.com/explore/locations/251001965390178/freedom-concept-lab/"
  },
  {
    "id": "1432935303657260",
    "name": "Pizhon / Пижон Магазин мужской одежды. Идея твоего превосходства.",
    "city": "Vernoleninsk",
    "url": "https://www.instagram.com/explore/locations/1432935303657260/pizhon/"
  },
  {
    "id": "116934506731416",
    "name": "Fashion Space \"Glyanec\"",
    "city": "Vernoleninsk",
    "url": "https://www.instagram.com/explore/locations/116934506731416/fashion-space-glyanec/"
  },
  {
    "id": "585156258512522",
    "name": "Hype Sneaker Shop",
    "city": "Vernoleninsk",
    "url": "https://www.instagram.com/explore/locations/585156258512522/hype-sneaker-shop/"
  },
  {
    "id": "691022034670117",
    "name": "finefoods.market",
    "city": "Vernoleninsk",
    "url": "https://www.instagram.com/explore/locations/691022034670117/finefoodsmarket/"
  },
  {
    "id": "1015465545",
    "name": "Room 59",
    "city": "Vernoleninsk",
    "url": "https://www.instagram.com/explore/locations/1015465545/room-59/"
  },
  {
    "id": "105650510844324",
    "name": "nikolaev_chester",
    "city": "Vernoleninsk",
    "url": "https://www.instagram.com/explore/locations/105650510844324/nikolaev_chester/"
  },
  {
    "id": "243726815",
    "name": "Kobsot De",
    "city": "Vernoleninsk",
    "url": "https://www.instagram.com/explore/locations/243726815/kobsot-de/"
  },
  {
    "id": "2294484950564836",
    "name": "Grill Pub",
    "city": "Vernoleninsk",
    "url": "https://www.instagram.com/explore/locations/2294484950564836/grill-pub/"
  },
  {
    "id": "110623196185431",
    "name": "Beauty Studio by Alina Mazur",
    "city": "Vernoleninsk",
    "url": "https://www.instagram.com/explore/locations/110623196185431/beauty-studio-by-alina-mazur/"
  },
  {
    "id": "100484188056353",
    "name": "Merry Berry Николаев",
    "city": "Vernoleninsk",
    "url": "https://www.instagram.com/explore/locations/100484188056353/merry-berry/"
  },
  {
    "id": "494708431015539",
    "name": "VINO MАНІЯ",
    "city": "Vernoleninsk",
    "url": "https://www.instagram.com/explore/locations/494708431015539/vino-m/"
  },
  {
    "id": "264138011",
    "name": "Yakitoria",
    "city": "Vernoleninsk",
    "url": "https://www.instagram.com/explore/locations/264138011/yakitoria/"
  },
  {
    "id": "446402355779712",
    "name": "Formato Grafika",
    "city": "Vernoleninsk",
    "url": "https://www.instagram.com/explore/locations/446402355779712/formato-grafika/"
  },
  {
    "id": "528361437537242",
    "name": "Imaginarium_studio_nikolaev",
    "city": "Vernoleninsk",
    "url": "https://www.instagram.com/explore/locations/528361437537242/imaginarium_studio_nikolaev/"
  },
  {
    "id": "274705260",
    "name": "Pizza Celentano",
    "city": "Vernoleninsk",
    "url": "https://www.instagram.com/explore/locations/274705260/pizza-celentano/"
  },
  {
    "id": "1333755146648198",
    "name": "YES, DRESS",
    "city": "Vernoleninsk",
    "url": "https://www.instagram.com/explore/locations/1333755146648198/yes-dress/"
  },
  {
    "id": "100540382170444",
    "name": "Richmondlounge",
    "city": "Vernoleninsk",
    "url": "https://www.instagram.com/explore/locations/100540382170444/richmondlounge/"
  },
  {
    "id": "239451846736110",
    "name": "Кав'ярня-музей Fili'jzanka",
    "city": "Vernoleninsk",
    "url": "https://www.instagram.com/explore/locations/239451846736110/-filijzanka/"
  },
  {
    "id": "106865474054089",
    "name": "LЕО салон красоты",
    "city": "Vernoleninsk",
    "url": "https://www.instagram.com/explore/locations/106865474054089/l/"
  },
  {
    "id": "765527547178840",
    "name": "FOCUS photostudio",
    "city": "Vernoleninsk",
    "url": "https://www.instagram.com/explore/locations/765527547178840/focus-photostudio/"
  },
  {
    "id": "105831267478885",
    "name": "Noire Bar",
    "city": "Vernoleninsk",
    "url": "https://www.instagram.com/explore/locations/105831267478885/noire-bar/"
  },
  {
    "id": "1877000369283801",
    "name": "iRaspberry",
    "city": "Vernoleninsk",
    "url": "https://www.instagram.com/explore/locations/1877000369283801/iraspberry/"
  },
  {
    "id": "172930266727201",
    "name": "QUEEN SALON beauty & spa",
    "city": "Vernoleninsk",
    "url": "https://www.instagram.com/explore/locations/172930266727201/queen-salon-beauty-spa/"
  },
  {
    "id": "219415538",
    "name": "Vip Караоке",
    "city": "Vernoleninsk",
    "url": "https://www.instagram.com/explore/locations/219415538/vip/"
  },
  {
    "id": "1009959433",
    "name": "Миколаїв Military Support",
    "city": "Vernoleninsk",
    "url": "https://www.instagram.com/explore/locations/1009959433/military-support/"
  },
  {
    "id": "250718865590331",
    "name": "Сити-Боулинг",
    "city": "Vernoleninsk",
    "url": "https://www.instagram.com/explore/locations/250718865590331/-/"
  },
  {
    "id": "286132849",
    "name": "Viva Italia",
    "city": "Vernoleninsk",
    "url": "https://www.instagram.com/explore/locations/286132849/viva-italia/"
  },
  {
    "id": "100572091452694",
    "name": "Black.hawk.barbershop",
    "city": "Vernoleninsk",
    "url": "https://www.instagram.com/explore/locations/100572091452694/blackhawkbarbershop/"
  },
  {
    "id": "268090243049664",
    "name": "salonmaysternianaspaskiy",
    "city": "Vernoleninsk",
    "url": "https://www.instagram.com/explore/locations/268090243049664/salonmaysternianaspaskiy/"
  },
  {
    "id": "388252301",
    "name": "Адмиральская,24 , Гимназия 2",
    "city": "Vernoleninsk",
    "url": "https://www.instagram.com/explore/locations/388252301/24-2/"
  },
  {
    "id": "1029816473",
    "name": "Wedding Palace Nikolaev",
    "city": "Vernoleninsk",
    "url": "https://www.instagram.com/explore/locations/1029816473/wedding-palace-nikolaev/"
  },
  {
    "id": "440643785",
    "name": "Запічок. Піца-хата",
    "city": "Vernoleninsk",
    "url": "https://www.instagram.com/explore/locations/440643785/-/"
  },
  {
    "id": "156518824763352",
    "name": "Beauty Studio Provans",
    "city": "Vernoleninsk",
    "url": "https://www.instagram.com/explore/locations/156518824763352/beauty-studio-provans/"
  },
  {
    "id": "382787718",
    "name": "Мясо House",
    "city": "Vernoleninsk",
    "url": "https://www.instagram.com/explore/locations/382787718/house/"
  },
  {
    "id": "100939191638896",
    "name": "Daily Delivery",
    "city": "Vernoleninsk",
    "url": "https://www.instagram.com/explore/locations/100939191638896/daily-delivery/"
  },
  {
    "id": "1033459726753859",
    "name": "Natalya Grechanaya Gallery",
    "city": "Vernoleninsk",
    "url": "https://www.instagram.com/explore/locations/1033459726753859/natalya-grechanaya-gallery/"
  },
  {
    "id": "293520167915024",
    "name": "ДЮСШ № 3",
    "city": "Vernoleninsk",
    "url": "https://www.instagram.com/explore/locations/293520167915024/no-3/"
  },
  {
    "id": "783937558606519",
    "name": "Фитнес клуб New Sport Life 2",
    "city": "Vernoleninsk",
    "url": "https://www.instagram.com/explore/locations/783937558606519/new-sport-life-2/"
  },
  {
    "id": "823909444650502",
    "name": "Стоматология White Clinic",
    "city": "Vernoleninsk",
    "url": "https://www.instagram.com/explore/locations/823909444650502/white-clinic/"
  },
  {
    "id": "2042003159419158",
    "name": "Aroma Kava",
    "city": "Vernoleninsk",
    "url": "https://www.instagram.com/explore/locations/2042003159419158/aroma-kava/"
  },
  {
    "id": "929127803945797",
    "name": "8Beat",
    "city": "Vernoleninsk",
    "url": "https://www.instagram.com/explore/locations/929127803945797/8beat/"
  },
  {
    "id": "479064173",
    "name": "Ukraine / Nikolaev - Caprica",
    "city": "Vernoleninsk",
    "url": "https://www.instagram.com/explore/locations/479064173/ukraine-nikolaev-caprica/"
  },
  {
    "id": "112424143541895",
    "name": "Арт-платформа Тень",
    "city": "Vernoleninsk",
    "url": "https://www.instagram.com/explore/locations/112424143541895/-/"
  },
  {
    "id": "408052389646608",
    "name": "Anabel",
    "city": "Vernoleninsk",
    "url": "https://www.instagram.com/explore/locations/408052389646608/anabel/"
  },
  {
    "id": "315425568943944",
    "name": "8 Причал/8 Prichal Event Hall",
    "city": "Vernoleninsk",
    "url": "https://www.instagram.com/explore/locations/315425568943944/8-8-prichal-event-hall/"
  },
  {
    "id": "1032542161",
    "name": "Frisor Barbershop Nikolaev",
    "city": "Vernoleninsk",
    "url": "https://www.instagram.com/explore/locations/1032542161/frisor-barbershop-nikolaev/"
  },
  {
    "id": "177863056324726",
    "name": "Stardust",
    "city": "Vernoleninsk",
    "url": "https://www.instagram.com/explore/locations/177863056324726/stardust/"
  },
  {
    "id": "104149207820685",
    "name": "Ekvator.Gym",
    "city": "Vernoleninsk",
    "url": "https://www.instagram.com/explore/locations/104149207820685/ekvatorgym/"
  },
  {
    "id": "353515501347321",
    "name": "Школа іноземних мов \"English Masters\"",
    "city": "Vernoleninsk",
    "url": "https://www.instagram.com/explore/locations/353515501347321/english-masters/"
  },
  {
    "id": "1715293972074748",
    "name": "Веломастерская & Магазин BikeLab",
    "city": "Vernoleninsk",
    "url": "https://www.instagram.com/explore/locations/1715293972074748/bikelab/"
  },
  {
    "id": "748753981",
    "name": "MK CrossFit",
    "city": "Vernoleninsk",
    "url": "https://www.instagram.com/explore/locations/748753981/mk-crossfit/"
  },
  {
    "id": "104485311023355",
    "name": "The Local Mykolaiv",
    "city": "Vernoleninsk",
    "url": "https://www.instagram.com/explore/locations/104485311023355/the-local-mykolaiv/"
  },
  {
    "id": "110635761196049",
    "name": "FAMILY PALACE kazka",
    "city": "Vernoleninsk",
    "url": "https://www.instagram.com/explore/locations/110635761196049/family-palace-kazka/"
  },
  {
    "id": "1031149505",
    "name": "Object",
    "city": "Vernoleninsk",
    "url": "https://www.instagram.com/explore/locations/1031149505/object/"
  },
  {
    "id": "124054724729369",
    "name": "RAI",
    "city": "Vernoleninsk",
    "url": "https://www.instagram.com/explore/locations/124054724729369/rai/"
  },
  {
    "id": "761940983906121",
    "name": "Milen ювелірний дім",
    "city": "Vernoleninsk",
    "url": "https://www.instagram.com/explore/locations/761940983906121/milen/"
  },
  {
    "id": "567400953597764",
    "name": "Show room Annakiss",
    "city": "Vernoleninsk",
    "url": "https://www.instagram.com/explore/locations/567400953597764/show-room-annakiss/"
  },
  {
    "id": "111736534499661",
    "name": "Daarise",
    "city": "Vernoleninsk",
    "url": "https://www.instagram.com/explore/locations/111736534499661/daarise/"
  },
  {
    "id": "112603110915539",
    "name": "Royal Кібер Арена",
    "city": "Vernoleninsk",
    "url": "https://www.instagram.com/explore/locations/112603110915539/royal/"
  },
  {
    "id": "622249771609277",
    "name": "Richmond",
    "city": "Vernoleninsk",
    "url": "https://www.instagram.com/explore/locations/622249771609277/richmond/"
  },
  {
    "id": "1752333325062219",
    "name": "Showroom “angel’s room”",
    "city": "Vernoleninsk",
    "url": "https://www.instagram.com/explore/locations/1752333325062219/showroom-angels-room/"
  },
  {
    "id": "1873908656155318",
    "name": "Гимназия 4",
    "city": "Vernoleninsk",
    "url": "https://www.instagram.com/explore/locations/1873908656155318/4/"
  },
  {
    "id": "100933188248399",
    "name": "Medicasano - Клініка консервативного лікування Медикасано",
    "city": "Vernoleninsk",
    "url": "https://www.instagram.com/explore/locations/100933188248399/medicasano-/"
  },
  {
    "id": "576577633",
    "name": "Legend Models",
    "city": "Vernoleninsk",
    "url": "https://www.instagram.com/explore/locations/576577633/legend-models/"
  },
  {
    "id": "1018695803",
    "name": "Wellness Club by Hanna Badyula",
    "city": "Vernoleninsk",
    "url": "https://www.instagram.com/explore/locations/1018695803/wellness-club-by-hanna-badyula/"
  },
  {
    "id": "110184557299380",
    "name": "Travel.cafe.niko",
    "city": "Vernoleninsk",
    "url": "https://www.instagram.com/explore/locations/110184557299380/travelcafeniko/"
  },
  {
    "id": "306523526068319",
    "name": "Свадебные платья Jaclincollection",
    "city": "Vernoleninsk",
    "url": "https://www.instagram.com/explore/locations/306523526068319/jaclincollection/"
  },
  {
    "id": "127145267980030",
    "name": "Garage Nikolaev",
    "city": "Vernoleninsk",
    "url": "https://www.instagram.com/explore/locations/127145267980030/garage-nikolaev/"
  },
  {
    "id": "348508008845047",
    "name": "Фаст-фуд \"КрилаНиколаев",
    "city": "Vernoleninsk",
    "url": "https://www.instagram.com/explore/locations/348508008845047/-/"
  },
  {
    "id": "1491688374213017",
    "name": "Lounge Beauty Black & White",
    "city": "Vernoleninsk",
    "url": "https://www.instagram.com/explore/locations/1491688374213017/lounge-beauty-black-white/"
  },
  {
    "id": "227683091",
    "name": "Nikolaev Zoo",
    "city": "Vernoleninsk",
    "url": "https://www.instagram.com/explore/locations/227683091/nikolaev-zoo/"
  },
  {
    "id": "110750377963727",
    "name": "Николаев Tooman",
    "city": "Vernoleninsk",
    "url": "https://www.instagram.com/explore/locations/110750377963727/tooman/"
  },
  {
    "id": "638831790078884",
    "name": "27 Brewery Bar",
    "city": "Vernoleninsk",
    "url": "https://www.instagram.com/explore/locations/638831790078884/27-brewery-bar/"
  },
  {
    "id": "113541466779525",
    "name": "Гастробар People Bar",
    "city": "Vernoleninsk",
    "url": "https://www.instagram.com/explore/locations/113541466779525/people-bar/"
  },
  {
    "id": "2006888789551433",
    "name": "Angel’s room",
    "city": "Vernoleninsk",
    "url": "https://www.instagram.com/explore/locations/2006888789551433/angels-room/"
  },
  {
    "id": "444947152584196",
    "name": "Steak House",
    "city": "Vernoleninsk",
    "url": "https://www.instagram.com/explore/locations/444947152584196/steak-house/"
  },
  {
    "id": "2320049148231751",
    "name": "UZVAR",
    "city": "Vernoleninsk",
    "url": "https://www.instagram.com/explore/locations/2320049148231751/uzvar/"
  },
  {
    "id": "1446238948760142",
    "name": "Магазин - шоурум Joy Fashion. Николаев",
    "city": "Vernoleninsk",
    "url": "https://www.instagram.com/explore/locations/1446238948760142/-joy-fashion/"
  },
  {
    "id": "102116074911711",
    "name": "GoodDays",
    "city": "Vernoleninsk",
    "url": "https://www.instagram.com/explore/locations/102116074911711/gooddays/"
  },
  {
    "id": "149255165648512",
    "name": "Frisor Barbershop Nikolaev",
    "city": "Vernoleninsk",
    "url": "https://www.instagram.com/explore/locations/149255165648512/frisor-barbershop-nikolaev/"
  },
  {
    "id": "1357359880989136",
    "name": "IQtechnology",
    "city": "Vernoleninsk",
    "url": "https://www.instagram.com/explore/locations/1357359880989136/iqtechnology/"
  },
  {
    "id": "439016679509989",
    "name": "Pizza-Pub",
    "city": "Vernoleninsk",
    "url": "https://www.instagram.com/explore/locations/439016679509989/pizza-pub/"
  },
  {
    "id": "832249673794640",
    "name": "Viktoria Studio",
    "city": "Vernoleninsk",
    "url": "https://www.instagram.com/explore/locations/832249673794640/viktoria-studio/"
  },
  {
    "id": "1029642856",
    "name": "Студия Маникюра \"la Confiture\"",
    "city": "Vernoleninsk",
    "url": "https://www.instagram.com/explore/locations/1029642856/la-confiture/"
  },
  {
    "id": "372169686722470",
    "name": "Top Man",
    "city": "Vernoleninsk",
    "url": "https://www.instagram.com/explore/locations/372169686722470/top-man/"
  },
  {
    "id": "1242483902470792",
    "name": "Night Club Sumerki/ночной Клуб Сумерки",
    "city": "Vernoleninsk",
    "url": "https://www.instagram.com/explore/locations/1242483902470792/night-club-sumerki/"
  },
  {
    "id": "222948485",
    "name": "Mazza Club",
    "city": "Vernoleninsk",
    "url": "https://www.instagram.com/explore/locations/222948485/mazza-club/"
  },
  {
    "id": "1842881242698369",
    "name": "Rock&Beauty",
    "city": "Vernoleninsk",
    "url": "https://www.instagram.com/explore/locations/1842881242698369/rockbeauty/"
  },
  {
    "id": "361919964388201",
    "name": "Николаев Sky HOUSE",
    "city": "Vernoleninsk",
    "url": "https://www.instagram.com/explore/locations/361919964388201/sky-house/"
  },
  {
    "id": "131782150860388",
    "name": "Sho Brewery",
    "city": "Vernoleninsk",
    "url": "https://www.instagram.com/explore/locations/131782150860388/sho-brewery/"
  },
  {
    "id": "120462878624169",
    "name": "Роддом 1 Ник",
    "city": "Vernoleninsk",
    "url": "https://www.instagram.com/explore/locations/120462878624169/1/"
  },
  {
    "id": "85325031",
    "name": "Городское кафе Felicita",
    "city": "Vernoleninsk",
    "url": "https://www.instagram.com/explore/locations/85325031/felicita/"
  },
  {
    "id": "1763042960650645",
    "name": "Академія розвитку інтелекту Smartum Миколаїв",
    "city": "Vernoleninsk",
    "url": "https://www.instagram.com/explore/locations/1763042960650645/smartum/"
  },
  {
    "id": "2095011607203103",
    "name": "Namaste",
    "city": "Vernoleninsk",
    "url": "https://www.instagram.com/explore/locations/2095011607203103/namaste/"
  },
  {
    "id": "1827052167552605",
    "name": "Beauty Factory Donna",
    "city": "Vernoleninsk",
    "url": "https://www.instagram.com/explore/locations/1827052167552605/beauty-factory-donna/"
  },
  {
    "id": "334102403804124",
    "name": "Scorini Cемейная",
    "city": "Vernoleninsk",
    "url": "https://www.instagram.com/explore/locations/334102403804124/scorini-c/"
  },
  {
    "id": "153553102025441",
    "name": "LEATI",
    "city": "Vernoleninsk",
    "url": "https://www.instagram.com/explore/locations/153553102025441/leati/"
  },
  {
    "id": "892830232",
    "name": "Rue Soborna",
    "city": "Vernoleninsk",
    "url": "https://www.instagram.com/explore/locations/892830232/rue-soborna/"
  },
  {
    "id": "314434955834070",
    "name": "Малая Морская 6 Николаев",
    "city": "Vernoleninsk",
    "url": "https://www.instagram.com/explore/locations/314434955834070/6/"
  },
  {
    "id": "417267585474750",
    "name": "Еко-лавка",
    "city": "Vernoleninsk",
    "url": "https://www.instagram.com/explore/locations/417267585474750/-/"
  },
  {
    "id": "289938284956613",
    "name": "Детская городская больница № 2",
    "city": "Vernoleninsk",
    "url": "https://www.instagram.com/explore/locations/289938284956613/no-2/"
  },
  {
    "id": "766632800",
    "name": "Izumshop.com.ua",
    "city": "Vernoleninsk",
    "url": "https://www.instagram.com/explore/locations/766632800/izumshopcomua/"
  },
  {
    "id": "1128675737178272",
    "name": "Pasadena ds",
    "city": "Vernoleninsk",
    "url": "https://www.instagram.com/explore/locations/1128675737178272/pasadena-ds/"
  },
  {
    "id": "27874924",
    "name": "Badilatti",
    "city": "Vernoleninsk",
    "url": "https://www.instagram.com/explore/locations/27874924/badilatti/"
  },
  {
    "id": "701153709954266",
    "name": "Slavicgirl Dating Agency",
    "city": "Vernoleninsk",
    "url": "https://www.instagram.com/explore/locations/701153709954266/slavicgirl-dating-agency/"
  },
  {
    "id": "1776157919306793",
    "name": "Дворец торжественных событий - Авеню",
    "city": "Vernoleninsk",
    "url": "https://www.instagram.com/explore/locations/1776157919306793/-/"
  },
  {
    "id": "1099517006802899",
    "name": "Николаев Потёмкинская 118",
    "city": "Vernoleninsk",
    "url": "https://www.instagram.com/explore/locations/1099517006802899/118/"
  },
  {
    "id": "480081509195076",
    "name": "Veteran Point",
    "city": "Vernoleninsk",
    "url": "https://www.instagram.com/explore/locations/480081509195076/veteran-point/"
  },
  {
    "id": "1632702543464782",
    "name": "Radioactive Bar Nikolaev",
    "city": "Vernoleninsk",
    "url": "https://www.instagram.com/explore/locations/1632702543464782/radioactive-bar-nikolaev/"
  },
  {
    "id": "1966261790333097",
    "name": "MMA Club Nikolaev",
    "city": "Vernoleninsk",
    "url": "https://www.instagram.com/explore/locations/1966261790333097/mma-club-nikolaev/"
  },
  {
    "id": "765847760208312",
    "name": "Yana Belyaeva",
    "city": "Vernoleninsk",
    "url": "https://www.instagram.com/explore/locations/765847760208312/yana-belyaeva/"
  },
  {
    "id": "137085300355878",
    "name": "Дизайн-студія Ольги Федорченко",
    "city": "Vernoleninsk",
    "url": "https://www.instagram.com/explore/locations/137085300355878/-/"
  },
  {
    "id": "113025526746969",
    "name": "Auris, центр слухової реабілітації - Медичний центр",
    "city": "Vernoleninsk",
    "url": "https://www.instagram.com/explore/locations/113025526746969/auris-/"
  },
  {
    "id": "606012673390448",
    "name": "kings_lounge_niko",
    "city": "Vernoleninsk",
    "url": "https://www.instagram.com/explore/locations/606012673390448/kings_lounge_niko/"
  },
  {
    "id": "1715772385382687",
    "name": "SalonPro",
    "city": "Vernoleninsk",
    "url": "https://www.instagram.com/explore/locations/1715772385382687/salonpro/"
  },
  {
    "id": "1216298801833092",
    "name": "Фотостудия Momi",
    "city": "Vernoleninsk",
    "url": "https://www.instagram.com/explore/locations/1216298801833092/momi/"
  },
  {
    "id": "108025500740136",
    "name": "BaZa_Studio",
    "city": "Vernoleninsk",
    "url": "https://www.instagram.com/explore/locations/108025500740136/baza_studio/"
  },
  {
    "id": "101469645283811",
    "name": "Вище професійне училище #21 м.Миколаєва",
    "city": "Vernoleninsk",
    "url": "https://www.instagram.com/explore/locations/101469645283811/21/"
  },
  {
    "id": "1940860509518948",
    "name": "Туристическое агентство Join Up Пушкинская 15",
    "city": "Vernoleninsk",
    "url": "https://www.instagram.com/explore/locations/1940860509518948/join-up-15/"
  },
  {
    "id": "352956365059681",
    "name": "Frutti-Bar",
    "city": "Vernoleninsk",
    "url": "https://www.instagram.com/explore/locations/352956365059681/frutti-bar/"
  },
  {
    "id": "253143954",
    "name": "Amigo",
    "city": "Vernoleninsk",
    "url": "https://www.instagram.com/explore/locations/253143954/amigo/"
  },
  {
    "id": "669599593381795",
    "name": "IZBAR",
    "city": "Vernoleninsk",
    "url": "https://www.instagram.com/explore/locations/669599593381795/izbar/"
  },
  {
    "id": "512850382446142",
    "name": "Магазин-паб авторского пива \"Draft & Craft\"",
    "city": "Vernoleninsk",
    "url": "https://www.instagram.com/explore/locations/512850382446142/-draft-craft/"
  },
  {
    "id": "188303651717941",
    "name": "KokoN_bar",
    "city": "Vernoleninsk",
    "url": "https://www.instagram.com/explore/locations/188303651717941/kokon_bar/"
  },
  {
    "id": "1134792730035320",
    "name": "Ул. Адмирала Макарова 48",
    "city": "Vernoleninsk",
    "url": "https://www.instagram.com/explore/locations/1134792730035320/48/"
  },
  {
    "id": "1901091520219120",
    "name": "Maskasushi, Московская, 37",
    "city": "Vernoleninsk",
    "url": "https://www.instagram.com/explore/locations/1901091520219120/maskasushi-37/"
  },
  {
    "id": "105741997810583",
    "name": "green.mk.ua",
    "city": "Vernoleninsk",
    "url": "https://www.instagram.com/explore/locations/105741997810583/greenmkua/"
  },
  {
    "id": "258554296",
    "name": "Auto Parts & Accessories Mercedes-Benz",
    "city": "Vernoleninsk",
    "url": "https://www.instagram.com/explore/locations/258554296/auto-parts-accessories-mercedes-benz/"
  },
  {
    "id": "746448732199987",
    "name": "Dance Studio 8BEAT",
    "city": "Vernoleninsk",
    "url": "https://www.instagram.com/explore/locations/746448732199987/dance-studio-8beat/"
  },
  {
    "id": "467160845",
    "name": "NY Pizza",
    "city": "Vernoleninsk",
    "url": "https://www.instagram.com/explore/locations/467160845/ny-pizza/"
  },
  {
    "id": "1033979571",
    "name": "Судостроительный завод имени 61-го Коммунара",
    "city": "Vernoleninsk",
    "url": "https://www.instagram.com/explore/locations/1033979571/61-/"
  },
  {
    "id": "304706335",
    "name": "Model agency \"Glyanec\"",
    "city": "Vernoleninsk",
    "url": "https://www.instagram.com/explore/locations/304706335/model-agency-glyanec/"
  },
  {
    "id": "690078764463554",
    "name": "Кав'ярня-Книгарня",
    "city": "Vernoleninsk",
    "url": "https://www.instagram.com/explore/locations/690078764463554/-/"
  },
  {
    "id": "110135630545120",
    "name": "Hotel Continent Mykolaiv",
    "city": "Vernoleninsk",
    "url": "https://www.instagram.com/explore/locations/110135630545120/hotel-continent-mykolaiv/"
  },
  {
    "id": "153829482032038",
    "name": "Центр сучасної подології Happy Foot",
    "city": "Vernoleninsk",
    "url": "https://www.instagram.com/explore/locations/153829482032038/happy-foot/"
  },
  {
    "id": "1696132114026338",
    "name": "BROBAR",
    "city": "Vernoleninsk",
    "url": "https://www.instagram.com/explore/locations/1696132114026338/brobar/"
  },
  {
    "id": "250423205349847",
    "name": "Дента К - стоматологический центр",
    "city": "Vernoleninsk",
    "url": "https://www.instagram.com/explore/locations/250423205349847/-/"
  },
  {
    "id": "335061920314648",
    "name": "Vape Zone",
    "city": "Vernoleninsk",
    "url": "https://www.instagram.com/explore/locations/335061920314648/vape-zone/"
  },
  {
    "id": "498302993878956",
    "name": "O&J Fashion",
    "city": "Vernoleninsk",
    "url": "https://www.instagram.com/explore/locations/498302993878956/oj-fashion/"
  },
  {
    "id": "947231712",
    "name": "Гостиница ИнгулHotel Ingul",
    "city": "Vernoleninsk",
    "url": "https://www.instagram.com/explore/locations/947231712/hotel-ingul/"
  },
  {
    "id": "152093365268606",
    "name": "Творча студія Моmі",
    "city": "Vernoleninsk",
    "url": "https://www.instagram.com/explore/locations/152093365268606/m/"
  },
  {
    "id": "115878478085844",
    "name": "IKURA Миколаїв",
    "city": "Vernoleninsk",
    "url": "https://www.instagram.com/explore/locations/115878478085844/ikura/"
  },
  {
    "id": "377767042080458",
    "name": "Master Raccoon",
    "city": "Vernoleninsk",
    "url": "https://www.instagram.com/explore/locations/377767042080458/master-raccoon/"
  },
  {
    "id": "101868112945646",
    "name": "Baker_house",
    "city": "Vernoleninsk",
    "url": "https://www.instagram.com/explore/locations/101868112945646/baker_house/"
  },
  {
    "id": "343429755",
    "name": "Rocknrolla Pub",
    "city": "Vernoleninsk",
    "url": "https://www.instagram.com/explore/locations/343429755/rocknrolla-pub/"
  },
  {
    "id": "137128613602415",
    "name": "iRaspberry",
    "city": "Vernoleninsk",
    "url": "https://www.instagram.com/explore/locations/137128613602415/iraspberry/"
  },
  {
    "id": "170438190358214",
    "name": "Студия Beauty As",
    "city": "Vernoleninsk",
    "url": "https://www.instagram.com/explore/locations/170438190358214/beauty-as/"
  },
  {
    "id": "384349758990517",
    "name": "Nebo Restaurant",
    "city": "Vernoleninsk",
    "url": "https://www.instagram.com/explore/locations/384349758990517/nebo-restaurant/"
  },
  {
    "id": "495176164351606",
    "name": "Dream Bar",
    "city": "Vernoleninsk",
    "url": "https://www.instagram.com/explore/locations/495176164351606/dream-bar/"
  },
  {
    "id": "228492284",
    "name": "Art Club Del'Mar",
    "city": "Vernoleninsk",
    "url": "https://www.instagram.com/explore/locations/228492284/art-club-delmar/"
  },
  {
    "id": "547661702300281",
    "name": "3-я Слободская, 17",
    "city": "Vernoleninsk",
    "url": "https://www.instagram.com/explore/locations/547661702300281/3-17/"
  },
  {
    "id": "1134421419944809",
    "name": "Lip Studio",
    "city": "Vernoleninsk",
    "url": "https://www.instagram.com/explore/locations/1134421419944809/lip-studio/"
  },
  {
    "id": "420642944972311",
    "name": "4-я Городская Больница",
    "city": "Vernoleninsk",
    "url": "https://www.instagram.com/explore/locations/420642944972311/4-/"
  },
  {
    "id": "351155978761942",
    "name": "Школа № 53",
    "city": "Vernoleninsk",
    "url": "https://www.instagram.com/explore/locations/351155978761942/no-53/"
  },
  {
    "id": "39342884",
    "name": "Joy",
    "city": "Vernoleninsk",
    "url": "https://www.instagram.com/explore/locations/39342884/joy/"
  },
  {
    "id": "1889548934593717",
    "name": "Міська лікарня 4",
    "city": "Vernoleninsk",
    "url": "https://www.instagram.com/explore/locations/1889548934593717/4/"
  },
  {
    "id": "685426064",
    "name": "Комп‘ютерна Академія IT Step",
    "city": "Vernoleninsk",
    "url": "https://www.instagram.com/explore/locations/685426064/it-step/"
  },
  {
    "id": "1179085298831089",
    "name": "Palace Ukraine",
    "city": "Vernoleninsk",
    "url": "https://www.instagram.com/explore/locations/1179085298831089/palace-ukraine/"
  },
  {
    "id": "225321792",
    "name": "Ukrayna / Nikolaev - Storm Night Club",
    "city": "Vernoleninsk",
    "url": "https://www.instagram.com/explore/locations/225321792/ukrayna-nikolaev-storm-night-club/"
  },
  {
    "id": "1017611900",
    "name": "Интерьерная фотостудия ZOOM",
    "city": "Vernoleninsk",
    "url": "https://www.instagram.com/explore/locations/1017611900/zoom/"
  },
  {
    "id": "576978856",
    "name": "Nykolaev",
    "city": "Vernoleninsk",
    "url": "https://www.instagram.com/explore/locations/576978856/nykolaev/"
  },
  {
    "id": "111867843740755",
    "name": "This is manic",
    "city": "Vernoleninsk",
    "url": "https://www.instagram.com/explore/locations/111867843740755/this-is-manic/"
  },
  {
    "id": "130901957517041",
    "name": "Салон New Look",
    "city": "Vernoleninsk",
    "url": "https://www.instagram.com/explore/locations/130901957517041/new-look/"
  },
  {
    "id": "102847867991018",
    "name": "Barbershop Mr.BRO",
    "city": "Vernoleninsk",
    "url": "https://www.instagram.com/explore/locations/102847867991018/barbershop-mrbro/"
  },
  {
    "id": "217408042079653",
    "name": "Пушкинская 17",
    "city": "Vernoleninsk",
    "url": "https://www.instagram.com/explore/locations/217408042079653/17/"
  },
  {
    "id": "478962907",
    "name": "Римско-Католический Собор Святого Иосифа",
    "city": "Vernoleninsk",
    "url": "https://www.instagram.com/explore/locations/478962907/-/"
  },
  {
    "id": "236235624",
    "name": "Колодезная, 4",
    "city": "Vernoleninsk",
    "url": "https://www.instagram.com/explore/locations/236235624/4/"
  },
  {
    "id": "179581659297161",
    "name": "Smoke Club 13",
    "city": "Vernoleninsk",
    "url": "https://www.instagram.com/explore/locations/179581659297161/smoke-club-13/"
  },
  {
    "id": "106214667846842",
    "name": "DUSHA food hookah",
    "city": "Vernoleninsk",
    "url": "https://www.instagram.com/explore/locations/106214667846842/dusha-food-hookah/"
  },
  {
    "id": "716125687",
    "name": "Арт студия Unlmited",
    "city": "Vernoleninsk",
    "url": "https://www.instagram.com/explore/locations/716125687/unlmited/"
  },
  {
    "id": "151327691",
    "name": "Panna Cotta",
    "city": "Vernoleninsk",
    "url": "https://www.instagram.com/explore/locations/151327691/panna-cotta/"
  },
  {
    "id": "1032389127",
    "name": "Nail Lab Elena Koval",
    "city": "Vernoleninsk",
    "url": "https://www.instagram.com/explore/locations/1032389127/nail-lab-elena-koval/"
  },
  {
    "id": "105959214240616",
    "name": "Dress Beauty Bar",
    "city": "Vernoleninsk",
    "url": "https://www.instagram.com/explore/locations/105959214240616/dress-beauty-bar/"
  },
  {
    "id": "32031052",
    "name": "Lounge Cafe",
    "city": "Vernoleninsk",
    "url": "https://www.instagram.com/explore/locations/32031052/lounge-cafe/"
  },
  {
    "id": "507951286077350",
    "name": "L.Bar",
    "city": "Vernoleninsk",
    "url": "https://www.instagram.com/explore/locations/507951286077350/lbar/"
  },
  {
    "id": "1856490774598703",
    "name": "Energy Gym",
    "city": "Vernoleninsk",
    "url": "https://www.instagram.com/explore/locations/1856490774598703/energy-gym/"
  },
  {
    "id": "294372951402039",
    "name": "Скорини / Scorini",
    "city": "Vernoleninsk",
    "url": "https://www.instagram.com/explore/locations/294372951402039/scorini/"
  },
  {
    "id": "424977278347729",
    "name": "My KF",
    "city": "Vernoleninsk",
    "url": "https://www.instagram.com/explore/locations/424977278347729/my-kf/"
  },
  {
    "id": "106791434436132",
    "name": "Golden Rolls",
    "city": "Vernoleninsk",
    "url": "https://www.instagram.com/explore/locations/106791434436132/golden-rolls/"
  },
  {
    "id": "187435955158956",
    "name": "Mama • Boss • Studio",
    "city": "Vernoleninsk",
    "url": "https://www.instagram.com/explore/locations/187435955158956/mama-boss-studio/"
  },
  {
    "id": "1751855678167032",
    "name": "Kinfolk_cafe",
    "city": "Vernoleninsk",
    "url": "https://www.instagram.com/explore/locations/1751855678167032/kinfolk_cafe/"
  },
  {
    "id": "673102412726982",
    "name": "Sovyestkaya",
    "city": "Vernoleninsk",
    "url": "https://www.instagram.com/explore/locations/673102412726982/sovyestkaya/"
  },
  {
    "id": "757571346",
    "name": "Secret Room",
    "city": "Vernoleninsk",
    "url": "https://www.instagram.com/explore/locations/757571346/secret-room/"
  },
  {
    "id": "1422839587764839",
    "name": "Sumerki",
    "city": "Vernoleninsk",
    "url": "https://www.instagram.com/explore/locations/1422839587764839/sumerki/"
  },
  {
    "id": "338362727",
    "name": "Scorini",
    "city": "Vernoleninsk",
    "url": "https://www.instagram.com/explore/locations/338362727/scorini/"
  },
  {
    "id": "645589778",
    "name": "BABY CLUB развлекательный центр",
    "city": "Vernoleninsk",
    "url": "https://www.instagram.com/explore/locations/645589778/baby-club/"
  },
  {
    "id": "349872073",
    "name": "Dirom Sport",
    "city": "Vernoleninsk",
    "url": "https://www.instagram.com/explore/locations/349872073/dirom-sport/"
  },
  {
    "id": "846481818827660",
    "name": "Good Bakery",
    "city": "Vernoleninsk",
    "url": "https://www.instagram.com/explore/locations/846481818827660/good-bakery/"
  },
  {
    "id": "20005892",
    "name": "Storm",
    "city": "Vernoleninsk",
    "url": "https://www.instagram.com/explore/locations/20005892/storm/"
  },
  {
    "id": "1864071820552829",
    "name": "BROBAR 2.0",
    "city": "Vernoleninsk",
    "url": "https://www.instagram.com/explore/locations/1864071820552829/brobar-20/"
  },
  {
    "id": "722570491283441",
    "name": "Mozart Lounge Cafe",
    "city": "Vernoleninsk",
    "url": "https://www.instagram.com/explore/locations/722570491283441/mozart-lounge-cafe/"
  },
  {
    "id": "781014913",
    "name": "Nikolayev, Ukraine",
    "city": "Vernoleninsk",
    "url": "https://www.instagram.com/explore/locations/781014913/nikolayev-ukraine/"
  },
  {
    "id": "208434503216323",
    "name": "Neglige.ua",
    "city": "Vernoleninsk",
    "url": "https://www.instagram.com/explore/locations/208434503216323/negligeua/"
  },
  {
    "id": "1021515607",
    "name": "Travel the WORLD",
    "city": "Vernoleninsk",
    "url": "https://www.instagram.com/explore/locations/1021515607/travel-the-world/"
  },
  {
    "id": "205305762662409",
    "name": "Sky.Mykolaiv",
    "city": "Vernoleninsk",
    "url": "https://www.instagram.com/explore/locations/205305762662409/skymykolaiv/"
  },
  {
    "id": "451618228600170",
    "name": "Flat White - кав'ярня з душею",
    "city": "Vernoleninsk",
    "url": "https://www.instagram.com/explore/locations/451618228600170/flat-white-/"
  },
  {
    "id": "153311385356385",
    "name": "Mcdonald's Николаев",
    "city": "Vernoleninsk",
    "url": "https://www.instagram.com/explore/locations/153311385356385/mcdonalds/"
  },
  {
    "id": "1106743392780003",
    "name": "Nibulon / Нібулон",
    "city": "Vernoleninsk",
    "url": "https://www.instagram.com/explore/locations/1106743392780003/nibulon/"
  },
  {
    "id": "2142399026083345",
    "name": "TG Level - центр обучения",
    "city": "Vernoleninsk",
    "url": "https://www.instagram.com/explore/locations/2142399026083345/tg-level-/"
  },
  {
    "id": "100602415022482",
    "name": "autoboss_autocentre",
    "city": "Vernoleninsk",
    "url": "https://www.instagram.com/explore/locations/100602415022482/autoboss_autocentre/"
  },
  {
    "id": "100752331830327",
    "name": "Babbles",
    "city": "Vernoleninsk",
    "url": "https://www.instagram.com/explore/locations/100752331830327/babbles/"
  },
  {
    "id": "623485947672510",
    "name": "VIP Karaoke Club",
    "city": "Vernoleninsk",
    "url": "https://www.instagram.com/explore/locations/623485947672510/vip-karaoke-club/"
  },
  {
    "id": "1264341930375512",
    "name": "Чух-Чух",
    "city": "Vernoleninsk",
    "url": "https://www.instagram.com/explore/locations/1264341930375512/-/"
  },
  {
    "id": "1533390280141190",
    "name": "Papa Grill",
    "city": "Vernoleninsk",
    "url": "https://www.instagram.com/explore/locations/1533390280141190/papa-grill/"
  },
  {
    "id": "123451415721115",
    "name": "i.m.i_nail_salon",
    "city": "Vernoleninsk",
    "url": "https://www.instagram.com/explore/locations/123451415721115/imi_nail_salon/"
  },
  {
    "id": "112159637794917",
    "name": "Старый Lounge",
    "city": "Vernoleninsk",
    "url": "https://www.instagram.com/explore/locations/112159637794917/lounge/"
  },
  {
    "id": "161790031438632",
    "name": "Панацея / Panacea",
    "city": "Vernoleninsk",
    "url": "https://www.instagram.com/explore/locations/161790031438632/panacea/"
  },
  {
    "id": "179843959605362",
    "name": "Dream Bar",
    "city": "Vernoleninsk",
    "url": "https://www.instagram.com/explore/locations/179843959605362/dream-bar/"
  },
  {
    "id": "643004336094204",
    "name": "Галерея «На Спасской 45»",
    "city": "Vernoleninsk",
    "url": "https://www.instagram.com/explore/locations/643004336094204/45/"
  },
  {
    "id": "363615787394767",
    "name": "WorkHub коворкинг г. Николаев",
    "city": "Vernoleninsk",
    "url": "https://www.instagram.com/explore/locations/363615787394767/workhub/"
  },
  {
    "id": "1753848848239854",
    "name": "Grimerka Территория Красоты",
    "city": "Vernoleninsk",
    "url": "https://www.instagram.com/explore/locations/1753848848239854/grimerka/"
  },
  {
    "id": "109896023729450",
    "name": "Турагентство \"Globus Tour\"",
    "city": "Vernoleninsk",
    "url": "https://www.instagram.com/explore/locations/109896023729450/globus-tour/"
  },
  {
    "id": "104736394245131",
    "name": "TPG All Inclusive",
    "city": "Vernoleninsk",
    "url": "https://www.instagram.com/explore/locations/104736394245131/tpg-all-inclusive/"
  },
  {
    "id": "112870942762693",
    "name": "ПоехалиС Нами на Декабристов 7",
    "city": "Vernoleninsk",
    "url": "https://www.instagram.com/explore/locations/112870942762693/7/"
  },
  {
    "id": "640851475",
    "name": "Школа танцев \"Salsa Club Nikolaev\"",
    "city": "Vernoleninsk",
    "url": "https://www.instagram.com/explore/locations/640851475/salsa-club-nikolaev/"
  },
  {
    "id": "118349753325894",
    "name": "Hotspot.school",
    "city": "Vernoleninsk",
    "url": "https://www.instagram.com/explore/locations/118349753325894/hotspotschool/"
  },
  {
    "id": "308622749601622",
    "name": "Grill Pub Mykolaiv",
    "city": "Vernoleninsk",
    "url": "https://www.instagram.com/explore/locations/308622749601622/grill-pub-mykolaiv/"
  },
  {
    "id": "237909326702507",
    "name": "JZ Nails Group",
    "city": "Vernoleninsk",
    "url": "https://www.instagram.com/explore/locations/237909326702507/jz-nails-group/"
  },
  {
    "id": "1194847440660491",
    "name": "Junior Models",
    "city": "Vernoleninsk",
    "url": "https://www.instagram.com/explore/locations/1194847440660491/junior-models/"
  },
  {
    "id": "2071990639723384",
    "name": "STYX.office",
    "city": "Vernoleninsk",
    "url": "https://www.instagram.com/explore/locations/2071990639723384/styxoffice/"
  },
  {
    "id": "1143764079138033",
    "name": "Областная Психиатрическая Больница №1",
    "city": "Vernoleninsk",
    "url": "https://www.instagram.com/explore/locations/1143764079138033/no1/"
  },
  {
    "id": "127840399011517",
    "name": "Iodonna білизна & купальники",
    "city": "Vernoleninsk",
    "url": "https://www.instagram.com/explore/locations/127840399011517/iodonna/"
  },
  {
    "id": "244598621",
    "name": "Happy Land",
    "city": "Vernoleninsk",
    "url": "https://www.instagram.com/explore/locations/244598621/happy-land/"
  },
  {
    "id": "352403902048975",
    "name": "Стоматология Alldent",
    "city": "Vernoleninsk",
    "url": "https://www.instagram.com/explore/locations/352403902048975/alldent/"
  },
  {
    "id": "101736528083637",
    "name": "Shtuki Gallery",
    "city": "Vernoleninsk",
    "url": "https://www.instagram.com/explore/locations/101736528083637/shtuki-gallery/"
  },
  {
    "id": "102135756144661",
    "name": "Aistoreua",
    "city": "Vernoleninsk",
    "url": "https://www.instagram.com/explore/locations/102135756144661/aistoreua/"
  },
  {
    "id": "1033480502",
    "name": "Континент-Тур",
    "city": "Vernoleninsk",
    "url": "https://www.instagram.com/explore/locations/1033480502/-/"
  },
  {
    "id": "16618326",
    "name": "LimeStore",
    "city": "Vernoleninsk",
    "url": "https://www.instagram.com/explore/locations/16618326/limestore/"
  },
  {
    "id": "110203187838997",
    "name": "«Sofi» Професійна косметика для волосся",
    "city": "Vernoleninsk",
    "url": "https://www.instagram.com/explore/locations/110203187838997/sofi/"
  },
  {
    "id": "1221128497919616",
    "name": "Rider's Garage Mykolaiv",
    "city": "Vernoleninsk",
    "url": "https://www.instagram.com/explore/locations/1221128497919616/riders-garage-mykolaiv/"
  },
  {
    "id": "106571527592574",
    "name": "Tur.coffee",
    "city": "Vernoleninsk",
    "url": "https://www.instagram.com/explore/locations/106571527592574/turcoffee/"
  },
  {
    "id": "161482497342559",
    "name": "Ukraine Brides Agency",
    "city": "Vernoleninsk",
    "url": "https://www.instagram.com/explore/locations/161482497342559/ukraine-brides-agency/"
  },
  {
    "id": "413997599",
    "name": "Зоосалон New Йорк",
    "city": "Vernoleninsk",
    "url": "https://www.instagram.com/explore/locations/413997599/new/"
  },
  {
    "id": "305433939925983",
    "name": "Фитнес-клуб FitCurves",
    "city": "Vernoleninsk",
    "url": "https://www.instagram.com/explore/locations/305433939925983/-fitcurves/"
  },
  {
    "id": "180245725953325",
    "name": "Dance Studio \"Almaг. Николаев",
    "city": "Vernoleninsk",
    "url": "https://www.instagram.com/explore/locations/180245725953325/dance-studio-alma/"
  },
  {
    "id": "1285378758147686",
    "name": "INDI Tour",
    "city": "Vernoleninsk",
    "url": "https://www.instagram.com/explore/locations/1285378758147686/indi-tour/"
  },
  {
    "id": "106846514494131",
    "name": "Football Dream NIKO",
    "city": "Vernoleninsk",
    "url": "https://www.instagram.com/explore/locations/106846514494131/football-dream-niko/"
  },
  {
    "id": "1030728450",
    "name": "Fight House Nikolaev",
    "city": "Vernoleninsk",
    "url": "https://www.instagram.com/explore/locations/1030728450/fight-house-nikolaev/"
  },
  {
    "id": "484741412015910",
    "name": "Mercedes-Benz Техноконтракт",
    "city": "Vernoleninsk",
    "url": "https://www.instagram.com/explore/locations/484741412015910/mercedes-benz/"
  },
  {
    "id": "1026780788",
    "name": "Детская студия моделей \"Glyanec- Николаев",
    "city": "Vernoleninsk",
    "url": "https://www.instagram.com/explore/locations/1026780788/glyanec-/"
  },
  {
    "id": "2277808159116824",
    "name": "New You",
    "city": "Vernoleninsk",
    "url": "https://www.instagram.com/explore/locations/2277808159116824/new-you/"
  },
  {
    "id": "479937582393047",
    "name": "Кафе Мой Крым Артиллерийская,18",
    "city": "Vernoleninsk",
    "url": "https://www.instagram.com/explore/locations/479937582393047/18/"
  },
  {
    "id": "204863696635158",
    "name": "НЕ По-Детски",
    "city": "Vernoleninsk",
    "url": "https://www.instagram.com/explore/locations/204863696635158/-/"
  },
  {
    "id": "1030471591",
    "name": "Nails Room Николаев, Пр. Ленина 85",
    "city": "Vernoleninsk",
    "url": "https://www.instagram.com/explore/locations/1030471591/nails-room-85/"
  },
  {
    "id": "1193336557395779",
    "name": "Skyhouse",
    "city": "Vernoleninsk",
    "url": "https://www.instagram.com/explore/locations/1193336557395779/skyhouse/"
  },
  {
    "id": "102361388290205",
    "name": "M_and_Co",
    "city": "Vernoleninsk",
    "url": "https://www.instagram.com/explore/locations/102361388290205/m_and_co/"
  },
  {
    "id": "1304189339662421",
    "name": "Магазин обуви и сумок \"Lucky shopг. Николаев",
    "city": "Vernoleninsk",
    "url": "https://www.instagram.com/explore/locations/1304189339662421/lucky-shop/"
  },
  {
    "id": "1032197953",
    "name": "Турагенство \"Глобус-тур\"",
    "city": "Vernoleninsk",
    "url": "https://www.instagram.com/explore/locations/1032197953/-/"
  },
  {
    "id": "631700650790136",
    "name": "Staff Николаев",
    "city": "Vernoleninsk",
    "url": "https://www.instagram.com/explore/locations/631700650790136/staff/"
  },
  {
    "id": "344562025",
    "name": "Sotka",
    "city": "Vernoleninsk",
    "url": "https://www.instagram.com/explore/locations/344562025/sotka/"
  },
  {
    "id": "2031393580473808",
    "name": "Mykolaiv, Dekabristov Street",
    "city": "Vernoleninsk",
    "url": "https://www.instagram.com/explore/locations/2031393580473808/mykolaiv-dekabristov-street/"
  },
  {
    "id": "569196640200550",
    "name": "Улица Шнеерсона 2б",
    "city": "Vernoleninsk",
    "url": "https://www.instagram.com/explore/locations/569196640200550/2/"
  },
  {
    "id": "171868583701398",
    "name": "Сити-Караоке",
    "city": "Vernoleninsk",
    "url": "https://www.instagram.com/explore/locations/171868583701398/-/"
  },
  {
    "id": "110881051523953",
    "name": "Anabel Arto",
    "city": "Vernoleninsk",
    "url": "https://www.instagram.com/explore/locations/110881051523953/anabel-arto/"
  },
  {
    "id": "201325277002571",
    "name": "JZ Nails Group",
    "city": "Vernoleninsk",
    "url": "https://www.instagram.com/explore/locations/201325277002571/jz-nails-group/"
  },
  {
    "id": "1020376725",
    "name": "Центр горячей йоги YogaHotв Николаеве",
    "city": "Vernoleninsk",
    "url": "https://www.instagram.com/explore/locations/1020376725/yogahot/"
  },
  {
    "id": "956845661069341",
    "name": "Мультиплекс-",
    "city": "Vernoleninsk",
    "url": "https://www.instagram.com/explore/locations/956845661069341/-/"
  },
  {
    "id": "377894454",
    "name": "Yarova Event Planner",
    "city": "Vernoleninsk",
    "url": "https://www.instagram.com/explore/locations/377894454/yarova-event-planner/"
  },
  {
    "id": "151228062308506",
    "name": "Oriflame, Декабристов,15/3",
    "city": "Vernoleninsk",
    "url": "https://www.instagram.com/explore/locations/151228062308506/oriflame-153/"
  },
  {
    "id": "352405532107335",
    "name": "Trendom",
    "city": "Vernoleninsk",
    "url": "https://www.instagram.com/explore/locations/352405532107335/trendom/"
  },
  {
    "id": "400849049",
    "name": "Discus Club",
    "city": "Vernoleninsk",
    "url": "https://www.instagram.com/explore/locations/400849049/discus-club/"
  },
  {
    "id": "26586624",
    "name": "Bar On The Beach",
    "city": "Vernoleninsk",
    "url": "https://www.instagram.com/explore/locations/26586624/bar-on-the-beach/"
  },
  {
    "id": "221847204874434",
    "name": "Sun Dali",
    "city": "Vernoleninsk",
    "url": "https://www.instagram.com/explore/locations/221847204874434/sun-dali/"
  },
  {
    "id": "105572377522512",
    "name": "Tattoo Room IK",
    "city": "Vernoleninsk",
    "url": "https://www.instagram.com/explore/locations/105572377522512/tattoo-room-ik/"
  },
  {
    "id": "109271627562100",
    "name": "alexoilnik",
    "city": "Vernoleninsk",
    "url": "https://www.instagram.com/explore/locations/109271627562100/alexoilnik/"
  },
  {
    "id": "263266540",
    "name": "Daily",
    "city": "Vernoleninsk",
    "url": "https://www.instagram.com/explore/locations/263266540/daily/"
  },
  {
    "id": "2243787155889752",
    "name": "Рекламное Агентство Kura",
    "city": "Vernoleninsk",
    "url": "https://www.instagram.com/explore/locations/2243787155889752/kura/"
  },
  {
    "id": "102889101181357",
    "name": "Izba Bar",
    "city": "Vernoleninsk",
    "url": "https://www.instagram.com/explore/locations/102889101181357/izba-bar/"
  },
  {
    "id": "109952033685306",
    "name": "English Space • Англійська 100%",
    "city": "Vernoleninsk",
    "url": "https://www.instagram.com/explore/locations/109952033685306/english-space-100/"
  },
  {
    "id": "222760351737195",
    "name": "Piana Vyshnia / П'яна Вишня",
    "city": "Vernoleninsk",
    "url": "https://www.instagram.com/explore/locations/222760351737195/piana-vyshnia/"
  },
  {
    "id": "731570686946138",
    "name": "Стоматология -МАС",
    "city": "Vernoleninsk",
    "url": "https://www.instagram.com/explore/locations/731570686946138/-/"
  },
  {
    "id": "109890931996067",
    "name": "Taleda",
    "city": "Vernoleninsk",
    "url": "https://www.instagram.com/explore/locations/109890931996067/taleda/"
  },
  {
    "id": "277620855",
    "name": "Маска-Салон",
    "city": "Vernoleninsk",
    "url": "https://www.instagram.com/explore/locations/277620855/-/"
  },
  {
    "id": "1885128801802235",
    "name": "Kafana Oaza",
    "city": "Vernoleninsk",
    "url": "https://www.instagram.com/explore/locations/1885128801802235/kafana-oaza/"
  },
  {
    "id": "249611475207670",
    "name": "Средняя школа #7",
    "city": "Vernoleninsk",
    "url": "https://www.instagram.com/explore/locations/249611475207670/7/"
  },
  {
    "id": "211115252749991",
    "name": "Hair & Make-Up School,",
    "city": "Vernoleninsk",
    "url": "https://www.instagram.com/explore/locations/211115252749991/hair-make-up-school/"
  },
  {
    "id": "1783758351901748",
    "name": "Linzastudio/ArtRoom",
    "city": "Vernoleninsk",
    "url": "https://www.instagram.com/explore/locations/1783758351901748/linzastudioartroom/"
  },
  {
    "id": "106366840838397",
    "name": "Bella Italia Nikolaev",
    "city": "Vernoleninsk",
    "url": "https://www.instagram.com/explore/locations/106366840838397/bella-italia-nikolaev/"
  },
  {
    "id": "277059946126617",
    "name": "Pudra RoomСадовая 1/19",
    "city": "Vernoleninsk",
    "url": "https://www.instagram.com/explore/locations/277059946126617/pudra-room-119/"
  },
  {
    "id": "103786330999806",
    "name": "Студия цвета и Формы”kislorod O2”",
    "city": "Vernoleninsk",
    "url": "https://www.instagram.com/explore/locations/103786330999806/kislorod-o2/"
  },
  {
    "id": "133212597333507",
    "name": "English pub \"Rocknrolla\"",
    "city": "Vernoleninsk",
    "url": "https://www.instagram.com/explore/locations/133212597333507/english-pub-rocknrolla/"
  },
  {
    "id": "108742866710036",
    "name": "ул. Дзержинского, 24",
    "city": "Vernoleninsk",
    "url": "https://www.instagram.com/explore/locations/108742866710036/24/"
  },
  {
    "id": "110246300478078",
    "name": "Apple YES",
    "city": "Vernoleninsk",
    "url": "https://www.instagram.com/explore/locations/110246300478078/apple-yes/"
  },
  {
    "id": "268948683633323",
    "name": "Московская 36 салон Красоты MASKA",
    "city": "Vernoleninsk",
    "url": "https://www.instagram.com/explore/locations/268948683633323/36-maska/"
  },
  {
    "id": "600291826795185",
    "name": "Dream Bar",
    "city": "Vernoleninsk",
    "url": "https://www.instagram.com/explore/locations/600291826795185/dream-bar/"
  },
  {
    "id": "1919121715009657",
    "name": "JR Beauty room JULIA Rudchenko",
    "city": "Vernoleninsk",
    "url": "https://www.instagram.com/explore/locations/1919121715009657/jr-beauty-room-julia-rudchenko/"
  },
  {
    "id": "34182078",
    "name": "L-Fitness",
    "city": "Vernoleninsk",
    "url": "https://www.instagram.com/explore/locations/34182078/l-fitness/"
  },
  {
    "id": "105918581769905",
    "name": "Pufetto",
    "city": "Vernoleninsk",
    "url": "https://www.instagram.com/explore/locations/105918581769905/pufetto/"
  },
  {
    "id": "468275813664869",
    "name": "Детский центр «Оля-ля»",
    "city": "Vernoleninsk",
    "url": "https://www.instagram.com/explore/locations/468275813664869/-/"
  },
  {
    "id": "726273014415308",
    "name": "Миколаїв • Mykolaiv • Николаев • Ukraine",
    "city": "Vernoleninsk",
    "url": "https://www.instagram.com/explore/locations/726273014415308/mykolaiv-ukraine/"
  },
  {
    "id": "305011576363793",
    "name": "PRNEWS.IO",
    "city": "Vernoleninsk",
    "url": "https://www.instagram.com/explore/locations/305011576363793/prnewsio/"
  },
  {
    "id": "441366732982084",
    "name": "Fiver_Pole∞Fit",
    "city": "Vernoleninsk",
    "url": "https://www.instagram.com/explore/locations/441366732982084/fiver_polefit/"
  },
  {
    "id": "106076181909206",
    "name": "BiG Букет",
    "city": "Vernoleninsk",
    "url": "https://www.instagram.com/explore/locations/106076181909206/big/"
  },
  {
    "id": "102588558260609",
    "name": "i_master.service",
    "city": "Vernoleninsk",
    "url": "https://www.instagram.com/explore/locations/102588558260609/i_masterservice/"
  },
  {
    "id": "967185697",
    "name": "Медичний центр Valeo",
    "city": "Vernoleninsk",
    "url": "https://www.instagram.com/explore/locations/967185697/valeo/"
  },
  {
    "id": "567229510370114",
    "name": "Гранд-Гипанис",
    "city": "Vernoleninsk",
    "url": "https://www.instagram.com/explore/locations/567229510370114/-/"
  },
  {
    "id": "109907458178421",
    "name": "SHO gastrobar",
    "city": "Vernoleninsk",
    "url": "https://www.instagram.com/explore/locations/109907458178421/sho-gastrobar/"
  },
  {
    "id": "100865619395621",
    "name": "Mykolaiv and people",
    "city": "Vernoleninsk",
    "url": "https://www.instagram.com/explore/locations/100865619395621/mykolaiv-and-people/"
  },
  {
    "id": "194710421053044",
    "name": "Турагенція \"Anex Tourм.Миколаїв пр-т. Центральний 72 оф 4",
    "city": "Vernoleninsk",
    "url": "https://www.instagram.com/explore/locations/194710421053044/anex-tour-72-4/"
  },
  {
    "id": "114234487829830",
    "name": "BalmeliO",
    "city": "Vernoleninsk",
    "url": "https://www.instagram.com/explore/locations/114234487829830/balmelio/"
  },
  {
    "id": "101832681598734",
    "name": "Tasty Coffee",
    "city": "Vernoleninsk",
    "url": "https://www.instagram.com/explore/locations/101832681598734/tasty-coffee/"
  },
  {
    "id": "1008238918",
    "name": "Marmelad, магазин одежды",
    "city": "Vernoleninsk",
    "url": "https://www.instagram.com/explore/locations/1008238918/marmelad/"
  },
  {
    "id": "367191467243865",
    "name": "Tattoo INK Group",
    "city": "Vernoleninsk",
    "url": "https://www.instagram.com/explore/locations/367191467243865/tattoo-ink-group/"
  },
  {
    "id": "2072667279703377",
    "name": "Вау-каникулы",
    "city": "Vernoleninsk",
    "url": "https://www.instagram.com/explore/locations/2072667279703377/-/"
  },
  {
    "id": "1027683662",
    "name": "WAKF - World Absolute Karate Federation",
    "city": "Vernoleninsk",
    "url": "https://www.instagram.com/explore/locations/1027683662/wakf-world-absolute-karate-federation/"
  },
  {
    "id": "227425071450873",
    "name": "Чкалова 80",
    "city": "Vernoleninsk",
    "url": "https://www.instagram.com/explore/locations/227425071450873/80/"
  },
  {
    "id": "954883102",
    "name": "Dzintars Николаев",
    "city": "Vernoleninsk",
    "url": "https://www.instagram.com/explore/locations/954883102/dzintars/"
  },
  {
    "id": "1920151898254775",
    "name": "Settе кафе",
    "city": "Vernoleninsk",
    "url": "https://www.instagram.com/explore/locations/1920151898254775/sett/"
  },
  {
    "id": "1348040721969994",
    "name": "Prometey",
    "city": "Vernoleninsk",
    "url": "https://www.instagram.com/explore/locations/1348040721969994/prometey/"
  },
  {
    "id": "113494965441265",
    "name": "NikLife",
    "city": "Vernoleninsk",
    "url": "https://www.instagram.com/explore/locations/113494965441265/niklife/"
  },
  {
    "id": "1194367883957026",
    "name": "Ekzotour",
    "city": "Vernoleninsk",
    "url": "https://www.instagram.com/explore/locations/1194367883957026/ekzotour/"
  },
  {
    "id": "622935161236286",
    "name": "Таверна игр - настольные игры для всех",
    "city": "Vernoleninsk",
    "url": "https://www.instagram.com/explore/locations/622935161236286/-/"
  },
  {
    "id": "352936341836755",
    "name": "Сеть суши-баров \"DoshiDoshi\"",
    "city": "Vernoleninsk",
    "url": "https://www.instagram.com/explore/locations/352936341836755/-doshidoshi/"
  },
  {
    "id": "254593351826489",
    "name": "Дейли / Daily",
    "city": "Vernoleninsk",
    "url": "https://www.instagram.com/explore/locations/254593351826489/daily/"
  },
  {
    "id": "114555250374257",
    "name": "Машинна вишивка IDEIA",
    "city": "Vernoleninsk",
    "url": "https://www.instagram.com/explore/locations/114555250374257/ideia/"
  },
  {
    "id": "279976040",
    "name": "Ingul Hotel",
    "city": "Vernoleninsk",
    "url": "https://www.instagram.com/explore/locations/279976040/ingul-hotel/"
  },
  {
    "id": "186768678819968",
    "name": "Appetissimo -Елітні продукти",
    "city": "Vernoleninsk",
    "url": "https://www.instagram.com/explore/locations/186768678819968/appetissimo-/"
  },
  {
    "id": "312161919565374",
    "name": "Кальянная Parovoz",
    "city": "Vernoleninsk",
    "url": "https://www.instagram.com/explore/locations/312161919565374/parovoz/"
  },
  {
    "id": "510407159433161",
    "name": "JR Beauty Room",
    "city": "Vernoleninsk",
    "url": "https://www.instagram.com/explore/locations/510407159433161/jr-beauty-room/"
  },
  {
    "id": "1692022221070831",
    "name": "ArtTravel",
    "city": "Vernoleninsk",
    "url": "https://www.instagram.com/explore/locations/1692022221070831/arttravel/"
  },
  {
    "id": "494075864501013",
    "name": "Body Bar",
    "city": "Vernoleninsk",
    "url": "https://www.instagram.com/explore/locations/494075864501013/body-bar/"
  },
  {
    "id": "249296248822200",
    "name": "The Tarelka",
    "city": "Vernoleninsk",
    "url": "https://www.instagram.com/explore/locations/249296248822200/the-tarelka/"
  },
  {
    "id": "1601930343447246",
    "name": "ул. Советская, 12",
    "city": "Vernoleninsk",
    "url": "https://www.instagram.com/explore/locations/1601930343447246/12/"
  },
  {
    "id": "1730149097286425",
    "name": "Studio Lash & Brow “ Divine Look”",
    "city": "Vernoleninsk",
    "url": "https://www.instagram.com/explore/locations/1730149097286425/studio-lash-brow-divine-look/"
  },
  {
    "id": "530159914146650",
    "name": "Tommy Gun Barbershop Николаев",
    "city": "Vernoleninsk",
    "url": "https://www.instagram.com/explore/locations/530159914146650/tommy-gun-barbershop/"
  },
  {
    "id": "155844898355057",
    "name": "Одесская Таверна DOKEP",
    "city": "Vernoleninsk",
    "url": "https://www.instagram.com/explore/locations/155844898355057/dokep/"
  },
  {
    "id": "267347373",
    "name": "LGBT Association LIGA",
    "city": "Vernoleninsk",
    "url": "https://www.instagram.com/explore/locations/267347373/lgbt-association-liga/"
  },
  {
    "id": "1021510976",
    "name": "Vis-A-Vis",
    "city": "Vernoleninsk",
    "url": "https://www.instagram.com/explore/locations/1021510976/vis-a-vis/"
  },
  {
    "id": "254981118265955",
    "name": "I Will",
    "city": "Vernoleninsk",
    "url": "https://www.instagram.com/explore/locations/254981118265955/i-will/"
  },
  {
    "id": "802749362",
    "name": "Ristorante Vareniki",
    "city": "Vernoleninsk",
    "url": "https://www.instagram.com/explore/locations/802749362/ristorante-vareniki/"
  },
  {
    "id": "1992598614116537",
    "name": "ул. Садовая, 9",
    "city": "Vernoleninsk",
    "url": "https://www.instagram.com/explore/locations/1992598614116537/9/"
  },
  {
    "id": "1031507469",
    "name": "Континент-Тур",
    "city": "Vernoleninsk",
    "url": "https://www.instagram.com/explore/locations/1031507469/-/"
  },
  {
    "id": "1018846980",
    "name": "ул_Севастопольская__Николаев__Украина",
    "city": "Vernoleninsk",
    "url": "https://www.instagram.com/explore/locations/1018846980/_____/"
  },
  {
    "id": "2072180546328000",
    "name": "Love Story",
    "city": "Vernoleninsk",
    "url": "https://www.instagram.com/explore/locations/2072180546328000/love-story/"
  },
  {
    "id": "1970449506402414",
    "name": "Pokee 3",
    "city": "Vernoleninsk",
    "url": "https://www.instagram.com/explore/locations/1970449506402414/pokee-3/"
  },
  {
    "id": "2280959878823646",
    "name": "Школа 34",
    "city": "Vernoleninsk",
    "url": "https://www.instagram.com/explore/locations/2280959878823646/34/"
  },
  {
    "id": "371736183293215",
    "name": "Lviv Croissants",
    "city": "Vernoleninsk",
    "url": "https://www.instagram.com/explore/locations/371736183293215/lviv-croissants/"
  },
  {
    "id": "107040654523598",
    "name": "Telos_Nikolaev",
    "city": "Vernoleninsk",
    "url": "https://www.instagram.com/explore/locations/107040654523598/telos_nikolaev/"
  },
  {
    "id": "1673085096076413",
    "name": "Салон Ivan Martynov",
    "city": "Vernoleninsk",
    "url": "https://www.instagram.com/explore/locations/1673085096076413/ivan-martynov/"
  },
  {
    "id": "572565849",
    "name": "Nikolaev Ukraine",
    "city": "Vernoleninsk",
    "url": "https://www.instagram.com/explore/locations/572565849/nikolaev-ukraine/"
  },
  {
    "id": "245448715937145",
    "name": "ApplePie",
    "city": "Vernoleninsk",
    "url": "https://www.instagram.com/explore/locations/245448715937145/applepie/"
  },
  {
    "id": "126403028159639",
    "name": "UG PUB Николаев",
    "city": "Vernoleninsk",
    "url": "https://www.instagram.com/explore/locations/126403028159639/ug-pub/"
  },
  {
    "id": "341934062880936",
    "name": "Николаев, Ул.шнеерсона,15, Синагога",
    "city": "Vernoleninsk",
    "url": "https://www.instagram.com/explore/locations/341934062880936/15/"
  },
  {
    "id": "1031031347",
    "name": "Конференц-центр \"Южный бриз\"",
    "city": "Vernoleninsk",
    "url": "https://www.instagram.com/explore/locations/1031031347/-/"
  },
  {
    "id": "450236674998371",
    "name": "Медицинский центр \"Актив-Медикал\"",
    "city": "Vernoleninsk",
    "url": "https://www.instagram.com/explore/locations/450236674998371/-/"
  },
  {
    "id": "764431353",
    "name": "Mykolayiv",
    "city": "Vernoleninsk",
    "url": "https://www.instagram.com/explore/locations/764431353/mykolayiv/"
  },
  {
    "id": "401221054019086",
    "name": "Адмиралтейство (Административное здание Завода им. 61 коммунара)",
    "city": "Vernoleninsk",
    "url": "https://www.instagram.com/explore/locations/401221054019086/61/"
  },
  {
    "id": "104093764422115",
    "name": "Dizhe_coffee_sushi",
    "city": "Vernoleninsk",
    "url": "https://www.instagram.com/explore/locations/104093764422115/dizhe_coffee_sushi/"
  },
  {
    "id": "2070219766623186",
    "name": "ArtLab",
    "city": "Vernoleninsk",
    "url": "https://www.instagram.com/explore/locations/2070219766623186/artlab/"
  },
  {
    "id": "130863637588862",
    "name": "РA \"impression \"",
    "city": "Vernoleninsk",
    "url": "https://www.instagram.com/explore/locations/130863637588862/a-impression/"
  },
  {
    "id": "1027084231",
    "name": "Туристична фірма \"Хан-Тенгри\"",
    "city": "Vernoleninsk",
    "url": "https://www.instagram.com/explore/locations/1027084231/-/"
  },
  {
    "id": "870676529637590",
    "name": "Вжик Space",
    "city": "Vernoleninsk",
    "url": "https://www.instagram.com/explore/locations/870676529637590/space/"
  },
  {
    "id": "130541877783494",
    "name": "Пиццерия \"Жар-Пицца\"",
    "city": "Vernoleninsk",
    "url": "https://www.instagram.com/explore/locations/130541877783494/-/"
  },
  {
    "id": "1569180876709270",
    "name": "Г. Николаев ул. Шевченко 44 Школа- Студия Елены Крикатнюк \"divine Look\"",
    "city": "Vernoleninsk",
    "url": "https://www.instagram.com/explore/locations/1569180876709270/44-divine-look/"
  },
  {
    "id": "271568330143987",
    "name": "Школа № 7",
    "city": "Vernoleninsk",
    "url": "https://www.instagram.com/explore/locations/271568330143987/no-7/"
  },
  {
    "id": "1639298469518683",
    "name": "Hotel Palace Ukraine",
    "city": "Vernoleninsk",
    "url": "https://www.instagram.com/explore/locations/1639298469518683/hotel-palace-ukraine/"
  },
  {
    "id": "492046074616991",
    "name": "Aroma Kava",
    "city": "Vernoleninsk",
    "url": "https://www.instagram.com/explore/locations/492046074616991/aroma-kava/"
  },
  {
    "id": "237111676834307",
    "name": "Oh My Brows by Fedorova",
    "city": "Vernoleninsk",
    "url": "https://www.instagram.com/explore/locations/237111676834307/oh-my-brows-by-fedorova/"
  },
  {
    "id": "1561891890532721",
    "name": "Trendy_niko",
    "city": "Vernoleninsk",
    "url": "https://www.instagram.com/explore/locations/1561891890532721/trendy_niko/"
  },
  {
    "id": "1800495276687917",
    "name": "Annanas Shopping",
    "city": "Vernoleninsk",
    "url": "https://www.instagram.com/explore/locations/1800495276687917/annanas-shopping/"
  },
  {
    "id": "121212377735114",
    "name": "Funprostir сімейне кафе",
    "city": "Vernoleninsk",
    "url": "https://www.instagram.com/explore/locations/121212377735114/funprostir/"
  },
  {
    "id": "107664354863566",
    "name": "leo_salon_niko",
    "city": "Vernoleninsk",
    "url": "https://www.instagram.com/explore/locations/107664354863566/leo_salon_niko/"
  },
  {
    "id": "233706537202553",
    "name": "FOX Hostel",
    "city": "Vernoleninsk",
    "url": "https://www.instagram.com/explore/locations/233706537202553/fox-hostel/"
  },
  {
    "id": "1655435588064140",
    "name": "Алекта-тур",
    "city": "Vernoleninsk",
    "url": "https://www.instagram.com/explore/locations/1655435588064140/-/"
  },
  {
    "id": "105772902506678",
    "name": "art.prostir.mk",
    "city": "Vernoleninsk",
    "url": "https://www.instagram.com/explore/locations/105772902506678/artprostirmk/"
  },
  {
    "id": "101782621715438",
    "name": "Wild planet",
    "city": "Vernoleninsk",
    "url": "https://www.instagram.com/explore/locations/101782621715438/wild-planet/"
  },
  {
    "id": "215702105865119",
    "name": "Tattoo Magic",
    "city": "Vernoleninsk",
    "url": "https://www.instagram.com/explore/locations/215702105865119/tattoo-magic/"
  },
  {
    "id": "352981865317262",
    "name": "iPhone Family",
    "city": "Vernoleninsk",
    "url": "https://www.instagram.com/explore/locations/352981865317262/iphone-family/"
  },
  {
    "id": "1008624784",
    "name": "Pan Chocolatier",
    "city": "Vernoleninsk",
    "url": "https://www.instagram.com/explore/locations/1008624784/pan-chocolatier/"
  },
  {
    "id": "102749375860803",
    "name": "Піца LIGHT",
    "city": "Vernoleninsk",
    "url": "https://www.instagram.com/explore/locations/102749375860803/light/"
  },
  {
    "id": "1027942897",
    "name": "Маша-Хауз",
    "city": "Vernoleninsk",
    "url": "https://www.instagram.com/explore/locations/1027942897/-/"
  },
  {
    "id": "100270642473125",
    "name": "Фотостудія IVY",
    "city": "Vernoleninsk",
    "url": "https://www.instagram.com/explore/locations/100270642473125/ivy/"
  },
  {
    "id": "541632832836991",
    "name": "NOIRE Hookah CLUB",
    "city": "Vernoleninsk",
    "url": "https://www.instagram.com/explore/locations/541632832836991/noire-hookah-club/"
  },
  {
    "id": "1021120433",
    "name": "Shtopor",
    "city": "Vernoleninsk",
    "url": "https://www.instagram.com/explore/locations/1021120433/shtopor/"
  },
  {
    "id": "1590935044326360",
    "name": "Scorini",
    "city": "Vernoleninsk",
    "url": "https://www.instagram.com/explore/locations/1590935044326360/scorini/"
  },
  {
    "id": "1025313967",
    "name": "Ukrayna",
    "city": "Vernoleninsk",
    "url": "https://www.instagram.com/explore/locations/1025313967/ukrayna/"
  },
  {
    "id": "2054071564869695",
    "name": "Комсомольская 59 пять звёзд",
    "city": "Vernoleninsk",
    "url": "https://www.instagram.com/explore/locations/2054071564869695/59/"
  },
  {
    "id": "158452821467708",
    "name": "Perfect Line Center",
    "city": "Vernoleninsk",
    "url": "https://www.instagram.com/explore/locations/158452821467708/perfect-line-center/"
  },
  {
    "id": "156276048331334",
    "name": "Водопой - Страна чудес",
    "city": "Vernoleninsk",
    "url": "https://www.instagram.com/explore/locations/156276048331334/-/"
  },
  {
    "id": "210412142738812",
    "name": "Косметологический SPA центр Философия красоты",
    "city": "Vernoleninsk",
    "url": "https://www.instagram.com/explore/locations/210412142738812/spa/"
  },
  {
    "id": "1020994861",
    "name": "Austin Powers Cafe",
    "city": "Vernoleninsk",
    "url": "https://www.instagram.com/explore/locations/1020994861/austin-powers-cafe/"
  },
  {
    "id": "1272214476146603",
    "name": "Московская 34",
    "city": "Vernoleninsk",
    "url": "https://www.instagram.com/explore/locations/1272214476146603/34/"
  },
  {
    "id": "112748430356436",
    "name": "20.03",
    "city": "Vernoleninsk",
    "url": "https://www.instagram.com/explore/locations/112748430356436/2003/"
  },
  {
    "id": "207197899888830",
    "name": "Bellissima Beauty Salon Nikolaev",
    "city": "Vernoleninsk",
    "url": "https://www.instagram.com/explore/locations/207197899888830/bellissima-beauty-salon-nikolaev/"
  },
  {
    "id": "218118945587163",
    "name": "FreshBazar",
    "city": "Vernoleninsk",
    "url": "https://www.instagram.com/explore/locations/218118945587163/freshbazar/"
  },
  {
    "id": "1897618157207223",
    "name": "Nails_Anna",
    "city": "Vernoleninsk",
    "url": "https://www.instagram.com/explore/locations/1897618157207223/nails_anna/"
  },
  {
    "id": "106725585747623",
    "name": "global_systems_mykolaiv",
    "city": "Vernoleninsk",
    "url": "https://www.instagram.com/explore/locations/106725585747623/global_systems_mykolaiv/"
  },
  {
    "id": "308442066223818",
    "name": "Йога-Центр \"Namaste\"",
    "city": "Vernoleninsk",
    "url": "https://www.instagram.com/explore/locations/308442066223818/-namaste/"
  },
  {
    "id": "109576960859607",
    "name": "Basilico pizza & pie",
    "city": "Vernoleninsk",
    "url": "https://www.instagram.com/explore/locations/109576960859607/basilico-pizza-pie/"
  },
  {
    "id": "304493390280715",
    "name": "Свято-Екатерининская церковь",
    "city": "Vernoleninsk",
    "url": "https://www.instagram.com/explore/locations/304493390280715/-/"
  },
  {
    "id": "362582264454774",
    "name": "My KF Elena Koval",
    "city": "Vernoleninsk",
    "url": "https://www.instagram.com/explore/locations/362582264454774/my-kf-elena-koval/"
  },
  {
    "id": "85286381",
    "name": "Hotel Kontinent",
    "city": "Vernoleninsk",
    "url": "https://www.instagram.com/explore/locations/85286381/hotel-kontinent/"
  },
  {
    "id": "615666141939208",
    "name": "Sette Cafe",
    "city": "Vernoleninsk",
    "url": "https://www.instagram.com/explore/locations/615666141939208/sette-cafe/"
  },
  {
    "id": "333543273698489",
    "name": "Beauty Lab by Elena Latkovskaya",
    "city": "Vernoleninsk",
    "url": "https://www.instagram.com/explore/locations/333543273698489/beauty-lab-by-elena-latkovskaya/"
  },
  {
    "id": "178650452664641",
    "name": "Apollonia Dentistry",
    "city": "Vernoleninsk",
    "url": "https://www.instagram.com/explore/locations/178650452664641/apollonia-dentistry/"
  },
  {
    "id": "103036731713027",
    "name": "Артиллерийская 24",
    "city": "Vernoleninsk",
    "url": "https://www.instagram.com/explore/locations/103036731713027/24/"
  },
  {
    "id": "2238980019692809",
    "name": "Парк им. 68-ми Десантников",
    "city": "Vernoleninsk",
    "url": "https://www.instagram.com/explore/locations/2238980019692809/68-/"
  },
  {
    "id": "1038943359530748",
    "name": "Land of the Blue Sky",
    "city": "Vernoleninsk",
    "url": "https://www.instagram.com/explore/locations/1038943359530748/land-of-the-blue-sky/"
  },
  {
    "id": "2355823121332361",
    "name": "ЖК \"Мала Морська 24ам.Миколаїв",
    "city": "Vernoleninsk",
    "url": "https://www.instagram.com/explore/locations/2355823121332361/24/"
  },
  {
    "id": "1769079266645686",
    "name": "Sushilife",
    "city": "Vernoleninsk",
    "url": "https://www.instagram.com/explore/locations/1769079266645686/sushilife/"
  },
  {
    "id": "1023984211",
    "name": "Винный погреб-ресторан \"Shtopor\"",
    "city": "Vernoleninsk",
    "url": "https://www.instagram.com/explore/locations/1023984211/-shtopor/"
  },
  {
    "id": "766944032",
    "name": "Nikolaev Steak House",
    "city": "Vernoleninsk",
    "url": "https://www.instagram.com/explore/locations/766944032/nikolaev-steak-house/"
  },
  {
    "id": "250435359219958",
    "name": "Nik-Вдк",
    "city": "Vernoleninsk",
    "url": "https://www.instagram.com/explore/locations/250435359219958/nik-/"
  },
  {
    "id": "1024351052",
    "name": "Ukranya",
    "city": "Vernoleninsk",
    "url": "https://www.instagram.com/explore/locations/1024351052/ukranya/"
  },
  {
    "id": "1586538298313715",
    "name": "ADS group",
    "city": "Vernoleninsk",
    "url": "https://www.instagram.com/explore/locations/1586538298313715/ads-group/"
  },
  {
    "id": "103692091096437",
    "name": "I WANT",
    "city": "Vernoleninsk",
    "url": "https://www.instagram.com/explore/locations/103692091096437/i-want/"
  },
  {
    "id": "1082258961890382",
    "name": "Karakatizza",
    "city": "Vernoleninsk",
    "url": "https://www.instagram.com/explore/locations/1082258961890382/karakatizza/"
  },
  {
    "id": "647637378992800",
    "name": "Elixir",
    "city": "Vernoleninsk",
    "url": "https://www.instagram.com/explore/locations/647637378992800/elixir/"
  },
  {
    "id": "437142960074543",
    "name": "Салон Красоты Fashion",
    "city": "Vernoleninsk",
    "url": "https://www.instagram.com/explore/locations/437142960074543/fashion/"
  }
]