[
  {
    "id": "482927342",
    "name": "Hollywood Mall - ТРЦ Голлівуд",
    "city": "Chernigov",
    "url": "https://www.instagram.com/explore/locations/482927342/hollywood-mall-/"
  },
  {
    "id": "512583264",
    "name": "Orange Bar",
    "city": "Chernigov",
    "url": "https://www.instagram.com/explore/locations/512583264/orange-bar/"
  },
  {
    "id": "944886196",
    "name": "PastaBasta",
    "city": "Chernigov",
    "url": "https://www.instagram.com/explore/locations/944886196/pastabasta/"
  },
  {
    "id": "1022569308",
    "name": "Senator Grill House",
    "city": "Chernigov",
    "url": "https://www.instagram.com/explore/locations/1022569308/senator-grill-house/"
  },
  {
    "id": "587565627",
    "name": "Где-То Не Далеко От Города",
    "city": "Chernigov",
    "url": "https://www.instagram.com/explore/locations/587565627/-/"
  },
  {
    "id": "1028741642",
    "name": "Чернігівський обласний академічний музично-драматичний театр ім.Т.Шевченка",
    "city": "Chernigov",
    "url": "https://www.instagram.com/explore/locations/1028741642/-/"
  },
  {
    "id": "13969179",
    "name": "EDEN Chernihiv",
    "city": "Chernigov",
    "url": "https://www.instagram.com/explore/locations/13969179/eden-chernihiv/"
  },
  {
    "id": "307829799562083",
    "name": "Multiplex",
    "city": "Chernigov",
    "url": "https://www.instagram.com/explore/locations/307829799562083/multiplex/"
  },
  {
    "id": "236486397",
    "name": "Sushi Studio",
    "city": "Chernigov",
    "url": "https://www.instagram.com/explore/locations/236486397/sushi-studio/"
  },
  {
    "id": "352438269161451",
    "name": "Avilova Beauty Space",
    "city": "Chernigov",
    "url": "https://www.instagram.com/explore/locations/352438269161451/avilova-beauty-space/"
  },
  {
    "id": "1192493234260798",
    "name": "Чернигов, Р-н Градецкий",
    "city": "Chernigov",
    "url": "https://www.instagram.com/explore/locations/1192493234260798/-/"
  },
  {
    "id": "237287827115770",
    "name": "DF",
    "city": "Chernigov",
    "url": "https://www.instagram.com/explore/locations/237287827115770/df/"
  },
  {
    "id": "1029084435",
    "name": "Караоке-клуб «Бурштинова кішка»",
    "city": "Chernigov",
    "url": "https://www.instagram.com/explore/locations/1029084435/-/"
  },
  {
    "id": "264460927463822",
    "name": "Школа №30",
    "city": "Chernigov",
    "url": "https://www.instagram.com/explore/locations/264460927463822/no30/"
  },
  {
    "id": "1382272011836147",
    "name": "Сеть фитнес-клубов \"X-Line sport\"",
    "city": "Chernigov",
    "url": "https://www.instagram.com/explore/locations/1382272011836147/-x-line-sport/"
  },
  {
    "id": "263286437379386",
    "name": "Home Cafe ''el САД- Ель Сад",
    "city": "Chernigov",
    "url": "https://www.instagram.com/explore/locations/263286437379386/home-cafe-el-/"
  },
  {
    "id": "111094281200412",
    "name": "Salobie",
    "city": "Chernigov",
    "url": "https://www.instagram.com/explore/locations/111094281200412/salobie/"
  },
  {
    "id": "107759264351102",
    "name": "Black Wood Tower",
    "city": "Chernigov",
    "url": "https://www.instagram.com/explore/locations/107759264351102/black-wood-tower/"
  },
  {
    "id": "1017114781",
    "name": "Ancient Chernihiv",
    "city": "Chernigov",
    "url": "https://www.instagram.com/explore/locations/1017114781/ancient-chernihiv/"
  },
  {
    "id": "124017351018909",
    "name": "Eletsky Monastery",
    "city": "Chernigov",
    "url": "https://www.instagram.com/explore/locations/124017351018909/eletsky-monastery/"
  },
  {
    "id": "1031119552",
    "name": "113 Party Bar",
    "city": "Chernigov",
    "url": "https://www.instagram.com/explore/locations/1031119552/113-party-bar/"
  },
  {
    "id": "136655403618038",
    "name": "Marconi.Pizza.Pasta",
    "city": "Chernigov",
    "url": "https://www.instagram.com/explore/locations/136655403618038/marconipizzapasta/"
  },
  {
    "id": "349168932100874",
    "name": "Moshi Bar",
    "city": "Chernigov",
    "url": "https://www.instagram.com/explore/locations/349168932100874/moshi-bar/"
  },
  {
    "id": "2066854836932795",
    "name": "Kislorod Premium Fitness & SPA",
    "city": "Chernigov",
    "url": "https://www.instagram.com/explore/locations/2066854836932795/kislorod-premium-fitness-spa/"
  },
  {
    "id": "105436604356518",
    "name": "La Storia Chernihiv",
    "city": "Chernigov",
    "url": "https://www.instagram.com/explore/locations/105436604356518/la-storia-chernihiv/"
  },
  {
    "id": "105570610790248",
    "name": "Orangery cafe lounge",
    "city": "Chernigov",
    "url": "https://www.instagram.com/explore/locations/105570610790248/orangery-cafe-lounge/"
  },
  {
    "id": "398923965",
    "name": "Караоке-клуб \"Дикая Кошка\"",
    "city": "Chernigov",
    "url": "https://www.instagram.com/explore/locations/398923965/-/"
  },
  {
    "id": "745651525",
    "name": "Robata BIER",
    "city": "Chernigov",
    "url": "https://www.instagram.com/explore/locations/745651525/robata-bier/"
  },
  {
    "id": "193492494471878",
    "name": "Сеть фитнес-клубов \"X-Line sport\"",
    "city": "Chernigov",
    "url": "https://www.instagram.com/explore/locations/193492494471878/-x-line-sport/"
  },
  {
    "id": "279100866072436",
    "name": "La Pizza Espresso",
    "city": "Chernigov",
    "url": "https://www.instagram.com/explore/locations/279100866072436/la-pizza-espresso/"
  },
  {
    "id": "848610997",
    "name": "Чашка Espresso Bar, Чернигов",
    "city": "Chernigov",
    "url": "https://www.instagram.com/explore/locations/848610997/espresso-bar/"
  },
  {
    "id": "292965154",
    "name": "McDonald's Чернигов",
    "city": "Chernigov",
    "url": "https://www.instagram.com/explore/locations/292965154/mcdonalds/"
  },
  {
    "id": "177225959863379",
    "name": "Проспект Победы 139",
    "city": "Chernigov",
    "url": "https://www.instagram.com/explore/locations/177225959863379/139/"
  },
  {
    "id": "1025057329",
    "name": "Чернигов, Ул 50 Лет Влксм",
    "city": "Chernigov",
    "url": "https://www.instagram.com/explore/locations/1025057329/50/"
  },
  {
    "id": "256061961933199",
    "name": "Чернігівський Вал-Фортеця",
    "city": "Chernigov",
    "url": "https://www.instagram.com/explore/locations/256061961933199/-/"
  },
  {
    "id": "1542736269127259",
    "name": "ПАБ Zivot a Pivo, м.Чернігів",
    "city": "Chernigov",
    "url": "https://www.instagram.com/explore/locations/1542736269127259/zivot-a-pivo/"
  },
  {
    "id": "1024113268",
    "name": "Aesthetic premium salon",
    "city": "Chernigov",
    "url": "https://www.instagram.com/explore/locations/1024113268/aesthetic-premium-salon/"
  },
  {
    "id": "1032274655",
    "name": "Kläder, ул. Сережникова/7",
    "city": "Chernigov",
    "url": "https://www.instagram.com/explore/locations/1032274655/klader-7/"
  },
  {
    "id": "111043953958895",
    "name": "Felíz Chernigov",
    "city": "Chernigov",
    "url": "https://www.instagram.com/explore/locations/111043953958895/feliz-chernigov/"
  },
  {
    "id": "1607443189561776",
    "name": "Moshi Bar",
    "city": "Chernigov",
    "url": "https://www.instagram.com/explore/locations/1607443189561776/moshi-bar/"
  },
  {
    "id": "1022951833",
    "name": "New York Street Pizza",
    "city": "Chernigov",
    "url": "https://www.instagram.com/explore/locations/1022951833/new-york-street-pizza/"
  },
  {
    "id": "2189086108013627",
    "name": "Baccara Salon",
    "city": "Chernigov",
    "url": "https://www.instagram.com/explore/locations/2189086108013627/baccara-salon/"
  },
  {
    "id": "1027971803",
    "name": "Паб Rusty Puzzo",
    "city": "Chernigov",
    "url": "https://www.instagram.com/explore/locations/1027971803/rusty-puzzo/"
  },
  {
    "id": "1033765828",
    "name": "Peperoni",
    "city": "Chernigov",
    "url": "https://www.instagram.com/explore/locations/1033765828/peperoni/"
  },
  {
    "id": "1263375433765106",
    "name": "Золотой Берег Чернигов - Гостинично-Ресторанный Комплекс",
    "city": "Chernigov",
    "url": "https://www.instagram.com/explore/locations/1263375433765106/-/"
  },
  {
    "id": "591181381315924",
    "name": "Шарлотка / Sharlotka",
    "city": "Chernigov",
    "url": "https://www.instagram.com/explore/locations/591181381315924/sharlotka/"
  },
  {
    "id": "1017309435013369",
    "name": "Фитнес-клуб \"Малибу\"",
    "city": "Chernigov",
    "url": "https://www.instagram.com/explore/locations/1017309435013369/-/"
  },
  {
    "id": "862369383914925",
    "name": "Marconі",
    "city": "Chernigov",
    "url": "https://www.instagram.com/explore/locations/862369383914925/marcon/"
  },
  {
    "id": "204045930038772",
    "name": "Буба Хінкальна - Чернігів",
    "city": "Chernigov",
    "url": "https://www.instagram.com/explore/locations/204045930038772/-/"
  },
  {
    "id": "1791262104424528",
    "name": "Цветочная кофейня \"myata\"",
    "city": "Chernigov",
    "url": "https://www.instagram.com/explore/locations/1791262104424528/myata/"
  },
  {
    "id": "376419279395586",
    "name": "Total Fitness",
    "city": "Chernigov",
    "url": "https://www.instagram.com/explore/locations/376419279395586/total-fitness/"
  },
  {
    "id": "828079837342306",
    "name": "Georgia Джорджия - Чернигов",
    "city": "Chernigov",
    "url": "https://www.instagram.com/explore/locations/828079837342306/georgia-/"
  },
  {
    "id": "301261686888717",
    "name": "L'dance Studio",
    "city": "Chernigov",
    "url": "https://www.instagram.com/explore/locations/301261686888717/ldance-studio/"
  },
  {
    "id": "264604830",
    "name": "Dance Lila Center Чернігів",
    "city": "Chernigov",
    "url": "https://www.instagram.com/explore/locations/264604830/dance-lila-center/"
  },
  {
    "id": "108314077394109",
    "name": "Grove Street Barbershop",
    "city": "Chernigov",
    "url": "https://www.instagram.com/explore/locations/108314077394109/grove-street-barbershop/"
  },
  {
    "id": "952757281",
    "name": "Яна Fitness Center",
    "city": "Chernigov",
    "url": "https://www.instagram.com/explore/locations/952757281/fitness-center/"
  },
  {
    "id": "440038743064492",
    "name": "Diamond CLUB Chernihiv",
    "city": "Chernigov",
    "url": "https://www.instagram.com/explore/locations/440038743064492/diamond-club-chernihiv/"
  },
  {
    "id": "1540804046213267",
    "name": "Frisor Chernihiv",
    "city": "Chernigov",
    "url": "https://www.instagram.com/explore/locations/1540804046213267/frisor-chernihiv/"
  },
  {
    "id": "1018770272",
    "name": "Multiplex Hollywood",
    "city": "Chernigov",
    "url": "https://www.instagram.com/explore/locations/1018770272/multiplex-hollywood/"
  },
  {
    "id": "1987160577981084",
    "name": "Zebra Hookah Bar",
    "city": "Chernigov",
    "url": "https://www.instagram.com/explore/locations/1987160577981084/zebra-hookah-bar/"
  },
  {
    "id": "388669237",
    "name": "Ресторан Gradeckiy / Градецкий",
    "city": "Chernigov",
    "url": "https://www.instagram.com/explore/locations/388669237/gradeckiy/"
  },
  {
    "id": "109659600627523",
    "name": "GLR bar",
    "city": "Chernigov",
    "url": "https://www.instagram.com/explore/locations/109659600627523/glr-bar/"
  },
  {
    "id": "100276092411364",
    "name": "X-Line sport",
    "city": "Chernigov",
    "url": "https://www.instagram.com/explore/locations/100276092411364/x-line-sport/"
  },
  {
    "id": "115364943657440",
    "name": "X-Line sport",
    "city": "Chernigov",
    "url": "https://www.instagram.com/explore/locations/115364943657440/x-line-sport/"
  },
  {
    "id": "1305680886170573",
    "name": "DESNA AQUA SPORT / Десна Аква Спорт",
    "city": "Chernigov",
    "url": "https://www.instagram.com/explore/locations/1305680886170573/desna-aqua-sport/"
  },
  {
    "id": "366443971",
    "name": "777",
    "city": "Chernigov",
    "url": "https://www.instagram.com/explore/locations/366443971/777/"
  },
  {
    "id": "332877627487447",
    "name": "Школа №3",
    "city": "Chernigov",
    "url": "https://www.instagram.com/explore/locations/332877627487447/no3/"
  },
  {
    "id": "1289605447847875",
    "name": "16 школа",
    "city": "Chernigov",
    "url": "https://www.instagram.com/explore/locations/1289605447847875/16/"
  },
  {
    "id": "13976862",
    "name": "Diamond Club",
    "city": "Chernigov",
    "url": "https://www.instagram.com/explore/locations/13976862/diamond-club/"
  },
  {
    "id": "103813397655957",
    "name": "Готель Optima Collection Чернігів",
    "city": "Chernigov",
    "url": "https://www.instagram.com/explore/locations/103813397655957/optima-collection/"
  },
  {
    "id": "247235766136010",
    "name": "Красна площа / Krasna square",
    "city": "Chernigov",
    "url": "https://www.instagram.com/explore/locations/247235766136010/krasna-square/"
  },
  {
    "id": "183688955876532",
    "name": "Річковий порт / River port / Речпорт",
    "city": "Chernigov",
    "url": "https://www.instagram.com/explore/locations/183688955876532/river-port/"
  },
  {
    "id": "108233990975781",
    "name": "Красна Площа / Krasna Square",
    "city": "Chernigov",
    "url": "https://www.instagram.com/explore/locations/108233990975781/krasna-square/"
  },
  {
    "id": "606207929795350",
    "name": "Фотостудия *Family*",
    "city": "Chernigov",
    "url": "https://www.instagram.com/explore/locations/606207929795350/family/"
  },
  {
    "id": "1021266131",
    "name": "Golden - Sport",
    "city": "Chernigov",
    "url": "https://www.instagram.com/explore/locations/1021266131/golden-sport/"
  },
  {
    "id": "640983232932479",
    "name": "Europe/ Chernigiv",
    "city": "Chernigov",
    "url": "https://www.instagram.com/explore/locations/640983232932479/europe-chernigiv/"
  },
  {
    "id": "214541691",
    "name": "Pasta Basta",
    "city": "Chernigov",
    "url": "https://www.instagram.com/explore/locations/214541691/pasta-basta/"
  },
  {
    "id": "958435297",
    "name": "Музей-заповідник Михайла Коцюбинського/Museum of Mykhailo Kotsiubynsky",
    "city": "Chernigov",
    "url": "https://www.instagram.com/explore/locations/958435297/-museum-of-mykhailo-kotsiubynsky/"
  },
  {
    "id": "294836064",
    "name": "Троицко-Ильинский Монастырь",
    "city": "Chernigov",
    "url": "https://www.instagram.com/explore/locations/294836064/-/"
  },
  {
    "id": "1705917883050995",
    "name": "Школа #1",
    "city": "Chernigov",
    "url": "https://www.instagram.com/explore/locations/1705917883050995/1/"
  },
  {
    "id": "406365916792070",
    "name": "Allegro",
    "city": "Chernigov",
    "url": "https://www.instagram.com/explore/locations/406365916792070/allegro/"
  },
  {
    "id": "102761877801370",
    "name": "XRoom Чернігів, квест кімнати для дітей та дорослих",
    "city": "Chernigov",
    "url": "https://www.instagram.com/explore/locations/102761877801370/xroom/"
  },
  {
    "id": "190395951453820",
    "name": "Grizzly",
    "city": "Chernigov",
    "url": "https://www.instagram.com/explore/locations/190395951453820/grizzly/"
  },
  {
    "id": "666790813748276",
    "name": "Чайхана \"Kover\", Чернигов",
    "city": "Chernigov",
    "url": "https://www.instagram.com/explore/locations/666790813748276/kover/"
  },
  {
    "id": "100159581751729",
    "name": "wonder.body.che",
    "city": "Chernigov",
    "url": "https://www.instagram.com/explore/locations/100159581751729/wonderbodyche/"
  },
  {
    "id": "697228697069143",
    "name": "Квест-кімнати \"ІзоляціяЧернігів",
    "city": "Chernigov",
    "url": "https://www.instagram.com/explore/locations/697228697069143/-/"
  },
  {
    "id": "297987600683940",
    "name": "КМ-Сервіс Чернігів",
    "city": "Chernigov",
    "url": "https://www.instagram.com/explore/locations/297987600683940/-/"
  },
  {
    "id": "259860339",
    "name": "База отдыха \"VIP Ранчо Клуб\"",
    "city": "Chernigov",
    "url": "https://www.instagram.com/explore/locations/259860339/vip/"
  },
  {
    "id": "612258502560115",
    "name": "Riverside",
    "city": "Chernigov",
    "url": "https://www.instagram.com/explore/locations/612258502560115/riverside/"
  },
  {
    "id": "1030773635",
    "name": "Kozak Gym",
    "city": "Chernigov",
    "url": "https://www.instagram.com/explore/locations/1030773635/kozak-gym/"
  },
  {
    "id": "761212944029189",
    "name": "SMALLcoffeetogo",
    "city": "Chernigov",
    "url": "https://www.instagram.com/explore/locations/761212944029189/smallcoffeetogo/"
  },
  {
    "id": "1037350056445373",
    "name": "PUB 109",
    "city": "Chernigov",
    "url": "https://www.instagram.com/explore/locations/1037350056445373/pub-109/"
  },
  {
    "id": "1821274528201863",
    "name": "Mlyn&Burgers",
    "city": "Chernigov",
    "url": "https://www.instagram.com/explore/locations/1821274528201863/mlynburgers/"
  },
  {
    "id": "114941500635278",
    "name": "Grill lounge pub Gorynych",
    "city": "Chernigov",
    "url": "https://www.instagram.com/explore/locations/114941500635278/grill-lounge-pub-gorynych/"
  },
  {
    "id": "107237634098967",
    "name": "Black Ink Tattoo Studio",
    "city": "Chernigov",
    "url": "https://www.instagram.com/explore/locations/107237634098967/black-ink-tattoo-studio/"
  },
  {
    "id": "104542592231384",
    "name": "Місто - герой Чернігів",
    "city": "Chernigov",
    "url": "https://www.instagram.com/explore/locations/104542592231384/-/"
  },
  {
    "id": "2021911288043930",
    "name": "Kateryna Bulakh nail studio",
    "city": "Chernigov",
    "url": "https://www.instagram.com/explore/locations/2021911288043930/kateryna-bulakh-nail-studio/"
  },
  {
    "id": "524520161030987",
    "name": "TРК MEGAcenter",
    "city": "Chernigov",
    "url": "https://www.instagram.com/explore/locations/524520161030987/t-megacenter/"
  },
  {
    "id": "2230162660587160",
    "name": "Bake House",
    "city": "Chernigov",
    "url": "https://www.instagram.com/explore/locations/2230162660587160/bake-house/"
  },
  {
    "id": "421373635302176",
    "name": "buts.ua",
    "city": "Chernigov",
    "url": "https://www.instagram.com/explore/locations/421373635302176/butsua/"
  },
  {
    "id": "650027111",
    "name": "Школа 1",
    "city": "Chernigov",
    "url": "https://www.instagram.com/explore/locations/650027111/1/"
  },
  {
    "id": "243768845827270",
    "name": "Фотостудия loft1986",
    "city": "Chernigov",
    "url": "https://www.instagram.com/explore/locations/243768845827270/loft1986/"
  },
  {
    "id": "717669355051828",
    "name": "Фотостудия Мечтай 0739803131",
    "city": "Chernigov",
    "url": "https://www.instagram.com/explore/locations/717669355051828/0739803131/"
  },
  {
    "id": "300097027222692",
    "name": "Медичний центр \"Medicus\"",
    "city": "Chernigov",
    "url": "https://www.instagram.com/explore/locations/300097027222692/medicus/"
  },
  {
    "id": "2814119465280796",
    "name": "Троїцько-Іллінський монастир",
    "city": "Chernigov",
    "url": "https://www.instagram.com/explore/locations/2814119465280796/-/"
  },
  {
    "id": "1382149081827561",
    "name": "Tattoo Studio King Art \"",
    "city": "Chernigov",
    "url": "https://www.instagram.com/explore/locations/1382149081827561/tattoo-studio-king-art/"
  },
  {
    "id": "191637981404442",
    "name": "Visage studio \"Panna młoda\"",
    "city": "Chernigov",
    "url": "https://www.instagram.com/explore/locations/191637981404442/visage-studio-panna-moda/"
  },
  {
    "id": "107368782265478",
    "name": "SOUL PUB CHE",
    "city": "Chernigov",
    "url": "https://www.instagram.com/explore/locations/107368782265478/soul-pub-che/"
  },
  {
    "id": "393751679",
    "name": "Трасса Киев-Чернигов",
    "city": "Chernigov",
    "url": "https://www.instagram.com/explore/locations/393751679/-/"
  },
  {
    "id": "487389848289509",
    "name": "Fika Chernihiv",
    "city": "Chernigov",
    "url": "https://www.instagram.com/explore/locations/487389848289509/fika-chernihiv/"
  },
  {
    "id": "104771497633401",
    "name": "Фитнес-Клуб Olympia_sports",
    "city": "Chernigov",
    "url": "https://www.instagram.com/explore/locations/104771497633401/-olympia_sports/"
  },
  {
    "id": "101448155089133",
    "name": "ProFit Chernihiv",
    "city": "Chernigov",
    "url": "https://www.instagram.com/explore/locations/101448155089133/profit-chernihiv/"
  },
  {
    "id": "9008385",
    "name": "Чашка Express",
    "city": "Chernigov",
    "url": "https://www.instagram.com/explore/locations/9008385/express/"
  },
  {
    "id": "1961319740816557",
    "name": "Reikartz Чернигов",
    "city": "Chernigov",
    "url": "https://www.instagram.com/explore/locations/1961319740816557/reikartz/"
  },
  {
    "id": "106293711085259",
    "name": "Проспект Победы 87",
    "city": "Chernigov",
    "url": "https://www.instagram.com/explore/locations/106293711085259/87/"
  },
  {
    "id": "402131433751770",
    "name": "Grill Pub - Гриль Паб - Чернігів",
    "city": "Chernigov",
    "url": "https://www.instagram.com/explore/locations/402131433751770/grill-pub-/"
  },
  {
    "id": "283329768",
    "name": "Обласний Музично-драматичний Театр ім. Т.Г. Шевченко",
    "city": "Chernigov",
    "url": "https://www.instagram.com/explore/locations/283329768/-/"
  },
  {
    "id": "388755616",
    "name": "Richmond Club",
    "city": "Chernigov",
    "url": "https://www.instagram.com/explore/locations/388755616/richmond-club/"
  },
  {
    "id": "1020232217",
    "name": "Спасо-Преображенский собор (Чернигов)",
    "city": "Chernigov",
    "url": "https://www.instagram.com/explore/locations/1020232217/-/"
  },
  {
    "id": "109282678807563",
    "name": "Multi.Brand.Che",
    "city": "Chernigov",
    "url": "https://www.instagram.com/explore/locations/109282678807563/multibrandche/"
  },
  {
    "id": "2107948406189101",
    "name": "Pit Stop",
    "city": "Chernigov",
    "url": "https://www.instagram.com/explore/locations/2107948406189101/pit-stop/"
  },
  {
    "id": "183780278944616",
    "name": "Туристическая компания Mango Travel",
    "city": "Chernigov",
    "url": "https://www.instagram.com/explore/locations/183780278944616/mango-travel/"
  },
  {
    "id": "333428687512655",
    "name": "Underground Gym&Fight club",
    "city": "Chernigov",
    "url": "https://www.instagram.com/explore/locations/333428687512655/underground-gymfight-club/"
  },
  {
    "id": "1194152787295147",
    "name": "Ресторан Карлуччi",
    "city": "Chernigov",
    "url": "https://www.instagram.com/explore/locations/1194152787295147/i/"
  },
  {
    "id": "228140411065211",
    "name": "Сан-Сити Чернигов",
    "city": "Chernigov",
    "url": "https://www.instagram.com/explore/locations/228140411065211/-/"
  },
  {
    "id": "282924037",
    "name": "Пласт-Арт",
    "city": "Chernigov",
    "url": "https://www.instagram.com/explore/locations/282924037/-/"
  },
  {
    "id": "1959466834292985",
    "name": "Рокоссовского 70",
    "city": "Chernigov",
    "url": "https://www.instagram.com/explore/locations/1959466834292985/70/"
  },
  {
    "id": "1025290705",
    "name": "Gradientfitness",
    "city": "Chernigov",
    "url": "https://www.instagram.com/explore/locations/1025290705/gradientfitness/"
  },
  {
    "id": "1805308913021454",
    "name": "RELCD Service Store",
    "city": "Chernigov",
    "url": "https://www.instagram.com/explore/locations/1805308913021454/relcd-service-store/"
  },
  {
    "id": "1317304771719301",
    "name": "Bon Ami",
    "city": "Chernigov",
    "url": "https://www.instagram.com/explore/locations/1317304771719301/bon-ami/"
  },
  {
    "id": "669271583684439",
    "name": "Marina Paley beauty bar",
    "city": "Chernigov",
    "url": "https://www.instagram.com/explore/locations/669271583684439/marina-paley-beauty-bar/"
  },
  {
    "id": "39455867",
    "name": "PastaBasta",
    "city": "Chernigov",
    "url": "https://www.instagram.com/explore/locations/39455867/pastabasta/"
  },
  {
    "id": "109394237124338",
    "name": "Paradise Hookah",
    "city": "Chernigov",
    "url": "https://www.instagram.com/explore/locations/109394237124338/paradise-hookah/"
  },
  {
    "id": "346094065",
    "name": "Колегіум 11",
    "city": "Chernigov",
    "url": "https://www.instagram.com/explore/locations/346094065/11/"
  },
  {
    "id": "1578420865597402",
    "name": "NAIL Studio Milana Shenko",
    "city": "Chernigov",
    "url": "https://www.instagram.com/explore/locations/1578420865597402/nail-studio-milana-shenko/"
  },
  {
    "id": "22014243",
    "name": "Alfonso",
    "city": "Chernigov",
    "url": "https://www.instagram.com/explore/locations/22014243/alfonso/"
  },
  {
    "id": "344580245",
    "name": "Pyatnytska Church",
    "city": "Chernigov",
    "url": "https://www.instagram.com/explore/locations/344580245/pyatnytska-church/"
  },
  {
    "id": "321174871330457",
    "name": "Пенітенціарна академія України/Penitentiary Academy of Ukraine",
    "city": "Chernigov",
    "url": "https://www.instagram.com/explore/locations/321174871330457/penitentiary-academy-of-ukraine/"
  },
  {
    "id": "136738753661876",
    "name": "Studio",
    "city": "Chernigov",
    "url": "https://www.instagram.com/explore/locations/136738753661876/studio/"
  },
  {
    "id": "109877880929086",
    "name": "Чернигов, Проспект Мира35",
    "city": "Chernigov",
    "url": "https://www.instagram.com/explore/locations/109877880929086/35/"
  },
  {
    "id": "1595137337211834",
    "name": "РозУмка - студія дитячого розвитку та англійської мови",
    "city": "Chernigov",
    "url": "https://www.instagram.com/explore/locations/1595137337211834/-/"
  },
  {
    "id": "1884043075229888",
    "name": "Ул. Мстиславская, 20",
    "city": "Chernigov",
    "url": "https://www.instagram.com/explore/locations/1884043075229888/20/"
  },
  {
    "id": "96318804",
    "name": "Художній музей Галагана / Galagan Art Museum - Chernihiv, Ukraine",
    "city": "Chernigov",
    "url": "https://www.instagram.com/explore/locations/96318804/galagan-art-museum-chernihiv-ukraine/"
  },
  {
    "id": "685176615008544",
    "name": "Mamamia Чернигов",
    "city": "Chernigov",
    "url": "https://www.instagram.com/explore/locations/685176615008544/mamamia/"
  },
  {
    "id": "221570378",
    "name": "Markoni",
    "city": "Chernigov",
    "url": "https://www.instagram.com/explore/locations/221570378/markoni/"
  },
  {
    "id": "1967077590245190",
    "name": "Like ONE Dance School",
    "city": "Chernigov",
    "url": "https://www.instagram.com/explore/locations/1967077590245190/like-one-dance-school/"
  },
  {
    "id": "265689530751295",
    "name": "ORANGE BAR",
    "city": "Chernigov",
    "url": "https://www.instagram.com/explore/locations/265689530751295/orange-bar/"
  },
  {
    "id": "158195911203996",
    "name": "Окна-декор",
    "city": "Chernigov",
    "url": "https://www.instagram.com/explore/locations/158195911203996/-/"
  },
  {
    "id": "136008520166193",
    "name": "La Pizza Espresso",
    "city": "Chernigov",
    "url": "https://www.instagram.com/explore/locations/136008520166193/la-pizza-espresso/"
  },
  {
    "id": "185432182277434",
    "name": "19 Школа Чернигов",
    "city": "Chernigov",
    "url": "https://www.instagram.com/explore/locations/185432182277434/19/"
  },
  {
    "id": "217823949062293",
    "name": "Рокоссовского,6 Чернигов",
    "city": "Chernigov",
    "url": "https://www.instagram.com/explore/locations/217823949062293/6/"
  },
  {
    "id": "102545541900917",
    "name": "Salon.pin.up Чернигов Пятницкая 12",
    "city": "Chernigov",
    "url": "https://www.instagram.com/explore/locations/102545541900917/salonpinup-12/"
  },
  {
    "id": "1022071730",
    "name": "Дом Моды Ricca Sposa",
    "city": "Chernigov",
    "url": "https://www.instagram.com/explore/locations/1022071730/ricca-sposa/"
  },
  {
    "id": "254784971",
    "name": "Pastabasta",
    "city": "Chernigov",
    "url": "https://www.instagram.com/explore/locations/254784971/pastabasta/"
  },
  {
    "id": "261328314530820",
    "name": "BRO Studio Permanent by Marina Shiray",
    "city": "Chernigov",
    "url": "https://www.instagram.com/explore/locations/261328314530820/bro-studio-permanent-by-marina-shiray/"
  },
  {
    "id": "709609419405613",
    "name": "La Pizza Espresso",
    "city": "Chernigov",
    "url": "https://www.instagram.com/explore/locations/709609419405613/la-pizza-espresso/"
  },
  {
    "id": "358308981666439",
    "name": "ЧНТУ корпус 8",
    "city": "Chernigov",
    "url": "https://www.instagram.com/explore/locations/358308981666439/8/"
  },
  {
    "id": "201259397087681",
    "name": "PerfectSkin Косметолог Ковалева",
    "city": "Chernigov",
    "url": "https://www.instagram.com/explore/locations/201259397087681/perfectskin/"
  },
  {
    "id": "104072952543157",
    "name": "Art-Pub Gorynych",
    "city": "Chernigov",
    "url": "https://www.instagram.com/explore/locations/104072952543157/art-pub-gorynych/"
  },
  {
    "id": "106992654129579",
    "name": "Permanent make-up Studio by Яна Авилова",
    "city": "Chernigov",
    "url": "https://www.instagram.com/explore/locations/106992654129579/permanent-make-up-studio-by/"
  },
  {
    "id": "306676166912652",
    "name": "5 Кутів",
    "city": "Chernigov",
    "url": "https://www.instagram.com/explore/locations/306676166912652/5/"
  },
  {
    "id": "1026380189",
    "name": "Like Cafe",
    "city": "Chernigov",
    "url": "https://www.instagram.com/explore/locations/1026380189/like-cafe/"
  },
  {
    "id": "998761956911066",
    "name": "Альянс - освітній центр та студія танцю",
    "city": "Chernigov",
    "url": "https://www.instagram.com/explore/locations/998761956911066/-/"
  },
  {
    "id": "1822425337843698",
    "name": "Центр танца Level Up",
    "city": "Chernigov",
    "url": "https://www.instagram.com/explore/locations/1822425337843698/level-up/"
  },
  {
    "id": "210473202808827",
    "name": "Provokator",
    "city": "Chernigov",
    "url": "https://www.instagram.com/explore/locations/210473202808827/provokator/"
  },
  {
    "id": "111996868285742",
    "name": "Проєкт - Міське кафе - Чернігів",
    "city": "Chernigov",
    "url": "https://www.instagram.com/explore/locations/111996868285742/-/"
  },
  {
    "id": "316455582137376",
    "name": "Черниговский лицей №22",
    "city": "Chernigov",
    "url": "https://www.instagram.com/explore/locations/316455582137376/no22/"
  },
  {
    "id": "597390813800905",
    "name": "Gelateria Sandro",
    "city": "Chernigov",
    "url": "https://www.instagram.com/explore/locations/597390813800905/gelateria-sandro/"
  },
  {
    "id": "143633956355567",
    "name": "ZEFIR Салон красоты +380736603650",
    "city": "Chernigov",
    "url": "https://www.instagram.com/explore/locations/143633956355567/zefir-380736603650/"
  },
  {
    "id": "483968143",
    "name": "Фітнес-студія Анатомія Чернігів",
    "city": "Chernigov",
    "url": "https://www.instagram.com/explore/locations/483968143/-/"
  },
  {
    "id": "604070643",
    "name": "Mcdonanalds",
    "city": "Chernigov",
    "url": "https://www.instagram.com/explore/locations/604070643/mcdonanalds/"
  },
  {
    "id": "102998421414355",
    "name": "Центр психології та розвитку Bibika Family",
    "city": "Chernigov",
    "url": "https://www.instagram.com/explore/locations/102998421414355/bibika-family/"
  },
  {
    "id": "363392347422172",
    "name": "Ночной Клуб 777",
    "city": "Chernigov",
    "url": "https://www.instagram.com/explore/locations/363392347422172/777/"
  },
  {
    "id": "175021106224309",
    "name": "Світогляд: простір для комунікації та бізнес-освіти",
    "city": "Chernigov",
    "url": "https://www.instagram.com/explore/locations/175021106224309/-/"
  },
  {
    "id": "597845935",
    "name": "Inside Dancing Center",
    "city": "Chernigov",
    "url": "https://www.instagram.com/explore/locations/597845935/inside-dancing-center/"
  },
  {
    "id": "1250685598308818",
    "name": "Кондитерська Акцент / Pâtisserie Accent",
    "city": "Chernigov",
    "url": "https://www.instagram.com/explore/locations/1250685598308818/patisserie-accent/"
  },
  {
    "id": "1037512493058553",
    "name": "Кафе Rozmarine",
    "city": "Chernigov",
    "url": "https://www.instagram.com/explore/locations/1037512493058553/rozmarine/"
  },
  {
    "id": "105511121367335",
    "name": "Teplo - Салон краси",
    "city": "Chernigov",
    "url": "https://www.instagram.com/explore/locations/105511121367335/teplo-/"
  },
  {
    "id": "23878028",
    "name": "Варенична Чернiгiвськi Страви",
    "city": "Chernigov",
    "url": "https://www.instagram.com/explore/locations/23878028/iii/"
  },
  {
    "id": "694248910769382",
    "name": "Primakov Dance School",
    "city": "Chernigov",
    "url": "https://www.instagram.com/explore/locations/694248910769382/primakov-dance-school/"
  },
  {
    "id": "614858082",
    "name": "Граница Россия-Украина",
    "city": "Chernigov",
    "url": "https://www.instagram.com/explore/locations/614858082/-/"
  },
  {
    "id": "130065501023083",
    "name": "JK Studio",
    "city": "Chernigov",
    "url": "https://www.instagram.com/explore/locations/130065501023083/jk-studio/"
  },
  {
    "id": "275910703079067",
    "name": "Undergroud Gym",
    "city": "Chernigov",
    "url": "https://www.instagram.com/explore/locations/275910703079067/undergroud-gym/"
  },
  {
    "id": "317035175760339",
    "name": "Beauty Laser Чернигов",
    "city": "Chernigov",
    "url": "https://www.instagram.com/explore/locations/317035175760339/beauty-laser/"
  },
  {
    "id": "375634417",
    "name": "Gradetckiy",
    "city": "Chernigov",
    "url": "https://www.instagram.com/explore/locations/375634417/gradetckiy/"
  },
  {
    "id": "2242606252483334",
    "name": "Join UP Чернигов",
    "city": "Chernigov",
    "url": "https://www.instagram.com/explore/locations/2242606252483334/join-up/"
  },
  {
    "id": "252428455",
    "name": "Senator, Chernigov",
    "city": "Chernigov",
    "url": "https://www.instagram.com/explore/locations/252428455/senator-chernigov/"
  },
  {
    "id": "1786779288311809",
    "name": "Свято-Троицкий Собор",
    "city": "Chernigov",
    "url": "https://www.instagram.com/explore/locations/1786779288311809/-/"
  },
  {
    "id": "104397974653520",
    "name": "Be Fit Che",
    "city": "Chernigov",
    "url": "https://www.instagram.com/explore/locations/104397974653520/be-fit-che/"
  },
  {
    "id": "1022240104",
    "name": "Dance Hub",
    "city": "Chernigov",
    "url": "https://www.instagram.com/explore/locations/1022240104/dance-hub/"
  },
  {
    "id": "307897816468921",
    "name": "MYATA flowers&coffee",
    "city": "Chernigov",
    "url": "https://www.instagram.com/explore/locations/307897816468921/myata-flowerscoffee/"
  },
  {
    "id": "182163502702210",
    "name": "Sushi Studio",
    "city": "Chernigov",
    "url": "https://www.instagram.com/explore/locations/182163502702210/sushi-studio/"
  },
  {
    "id": "1802777593342730",
    "name": "WINETIME",
    "city": "Chernigov",
    "url": "https://www.instagram.com/explore/locations/1802777593342730/winetime/"
  },
  {
    "id": "366689994180175",
    "name": "Pride Bar",
    "city": "Chernigov",
    "url": "https://www.instagram.com/explore/locations/366689994180175/pride-bar/"
  },
  {
    "id": "204275296262551",
    "name": "Adrenalin-Club Активний відпочинок. Все для спорту та туризму",
    "city": "Chernigov",
    "url": "https://www.instagram.com/explore/locations/204275296262551/adrenalin-club/"
  },
  {
    "id": "293949104300962",
    "name": "Diamond Club & Karaoke / Chernigov",
    "city": "Chernigov",
    "url": "https://www.instagram.com/explore/locations/293949104300962/diamond-club-karaoke-chernigov/"
  },
  {
    "id": "1304047973025144",
    "name": "Mango Voice",
    "city": "Chernigov",
    "url": "https://www.instagram.com/explore/locations/1304047973025144/mango-voice/"
  },
  {
    "id": "280779565686001",
    "name": "Студия Маникюра BeBeauty",
    "city": "Chernigov",
    "url": "https://www.instagram.com/explore/locations/280779565686001/bebeauty/"
  },
  {
    "id": "112637863693687",
    "name": "In your mind",
    "city": "Chernigov",
    "url": "https://www.instagram.com/explore/locations/112637863693687/in-your-mind/"
  },
  {
    "id": "102384072182951",
    "name": "Парк Динозаврів - Чернігів",
    "city": "Chernigov",
    "url": "https://www.instagram.com/explore/locations/102384072182951/-/"
  },
  {
    "id": "447478852464813",
    "name": "Golden - Sport",
    "city": "Chernigov",
    "url": "https://www.instagram.com/explore/locations/447478852464813/golden-sport/"
  },
  {
    "id": "1120189848181502",
    "name": "Свято-Троїцький кафедральний собор. Чернігівська єпархія УПЦ",
    "city": "Chernigov",
    "url": "https://www.instagram.com/explore/locations/1120189848181502/-/"
  },
  {
    "id": "103658031113961",
    "name": "dvadphoto",
    "city": "Chernigov",
    "url": "https://www.instagram.com/explore/locations/103658031113961/dvadphoto/"
  },
  {
    "id": "104647061314872",
    "name": "Pegas TouristikЧернигов",
    "city": "Chernigov",
    "url": "https://www.instagram.com/explore/locations/104647061314872/pegas-touristik/"
  },
  {
    "id": "1522943077770331",
    "name": "The SUGAR GIRLS HUB",
    "city": "Chernigov",
    "url": "https://www.instagram.com/explore/locations/1522943077770331/the-sugar-girls-hub/"
  },
  {
    "id": "287677698731798",
    "name": "Lash Story",
    "city": "Chernigov",
    "url": "https://www.instagram.com/explore/locations/287677698731798/lash-story/"
  },
  {
    "id": "318364765552319",
    "name": "Hotel Ukraine Chernihiv",
    "city": "Chernigov",
    "url": "https://www.instagram.com/explore/locations/318364765552319/hotel-ukraine-chernihiv/"
  },
  {
    "id": "1033807842",
    "name": "Oksana Orda Bridal Showroom",
    "city": "Chernigov",
    "url": "https://www.instagram.com/explore/locations/1033807842/oksana-orda-bridal-showroom/"
  },
  {
    "id": "109441717163410",
    "name": "Florella - Цветочная Мастерская",
    "city": "Chernigov",
    "url": "https://www.instagram.com/explore/locations/109441717163410/florella-/"
  },
  {
    "id": "150292925514094",
    "name": "Мегацентр Пр.мира, 49",
    "city": "Chernigov",
    "url": "https://www.instagram.com/explore/locations/150292925514094/49/"
  },
  {
    "id": "101186928316330",
    "name": "Loft Bar",
    "city": "Chernigov",
    "url": "https://www.instagram.com/explore/locations/101186928316330/loft-bar/"
  },
  {
    "id": "651550949",
    "name": "Студія танцю \"Viva La VidaСальса, Бачата, Кизомба в Чернігові",
    "city": "Chernigov",
    "url": "https://www.instagram.com/explore/locations/651550949/viva-la-vida/"
  },
  {
    "id": "155018201828500",
    "name": "Level Up Style",
    "city": "Chernigov",
    "url": "https://www.instagram.com/explore/locations/155018201828500/level-up-style/"
  },
  {
    "id": "121545152575124",
    "name": "TK.promo23",
    "city": "Chernigov",
    "url": "https://www.instagram.com/explore/locations/121545152575124/tkpromo23/"
  },
  {
    "id": "224370361338055",
    "name": "Квадрат Lounge Bar",
    "city": "Chernigov",
    "url": "https://www.instagram.com/explore/locations/224370361338055/lounge-bar/"
  },
  {
    "id": "662531927526716",
    "name": "Fashion ceramics",
    "city": "Chernigov",
    "url": "https://www.instagram.com/explore/locations/662531927526716/fashion-ceramics/"
  },
  {
    "id": "572756245",
    "name": "Чернигов Sunrise",
    "city": "Chernigov",
    "url": "https://www.instagram.com/explore/locations/572756245/sunrise/"
  },
  {
    "id": "2140045516323429",
    "name": "AriVille Holiday Room",
    "city": "Chernigov",
    "url": "https://www.instagram.com/explore/locations/2140045516323429/ariville-holiday-room/"
  },
  {
    "id": "346599422742781",
    "name": "La Pizza Espresso",
    "city": "Chernigov",
    "url": "https://www.instagram.com/explore/locations/346599422742781/la-pizza-espresso/"
  },
  {
    "id": "1766534216984055",
    "name": "Pudra",
    "city": "Chernigov",
    "url": "https://www.instagram.com/explore/locations/1766534216984055/pudra/"
  },
  {
    "id": "107813087690339",
    "name": "Girls_che",
    "city": "Chernigov",
    "url": "https://www.instagram.com/explore/locations/107813087690339/girls_che/"
  },
  {
    "id": "204630223485122",
    "name": "Bubble Bar",
    "city": "Chernigov",
    "url": "https://www.instagram.com/explore/locations/204630223485122/bubble-bar/"
  },
  {
    "id": "102233298576166",
    "name": "Mokko Ресторан",
    "city": "Chernigov",
    "url": "https://www.instagram.com/explore/locations/102233298576166/mokko/"
  },
  {
    "id": "1058616570943755",
    "name": "Сексшоп18+",
    "city": "Chernigov",
    "url": "https://www.instagram.com/explore/locations/1058616570943755/18/"
  },
  {
    "id": "535056766934574",
    "name": "Работа за Границей / Компания \"Good Work\"",
    "city": "Chernigov",
    "url": "https://www.instagram.com/explore/locations/535056766934574/good-work/"
  },
  {
    "id": "490930928",
    "name": "Цветочная мастерская \"Fleur Deco\"",
    "city": "Chernigov",
    "url": "https://www.instagram.com/explore/locations/490930928/fleur-deco/"
  },
  {
    "id": "103561515689003",
    "name": "Hair care studio by Yulia Gapeeva",
    "city": "Chernigov",
    "url": "https://www.instagram.com/explore/locations/103561515689003/hair-care-studio-by-yulia-gapeeva/"
  },
  {
    "id": "357854768365179",
    "name": "Infinity Beauty Studio",
    "city": "Chernigov",
    "url": "https://www.instagram.com/explore/locations/357854768365179/infinity-beauty-studio/"
  },
  {
    "id": "106268077639002",
    "name": "Проспект Мира 89",
    "city": "Chernigov",
    "url": "https://www.instagram.com/explore/locations/106268077639002/89/"
  },
  {
    "id": "734451790",
    "name": "Mamamiia",
    "city": "Chernigov",
    "url": "https://www.instagram.com/explore/locations/734451790/mamamiia/"
  },
  {
    "id": "298258073896696",
    "name": "Game Buster Chernihiv",
    "city": "Chernigov",
    "url": "https://www.instagram.com/explore/locations/298258073896696/game-buster-chernihiv/"
  },
  {
    "id": "1024832439",
    "name": "Rusty Amber Pub",
    "city": "Chernigov",
    "url": "https://www.instagram.com/explore/locations/1024832439/rusty-amber-pub/"
  },
  {
    "id": "147012769297478",
    "name": "Школа масажу VIT",
    "city": "Chernigov",
    "url": "https://www.instagram.com/explore/locations/147012769297478/vit/"
  },
  {
    "id": "13816551",
    "name": "park-hotel Chernihiv",
    "city": "Chernigov",
    "url": "https://www.instagram.com/explore/locations/13816551/park-hotel-chernihiv/"
  },
  {
    "id": "105723937688265",
    "name": "Туристична агенція \"Куди завгодно - Чернігів\"",
    "city": "Chernigov",
    "url": "https://www.instagram.com/explore/locations/105723937688265/-/"
  },
  {
    "id": "1746382932056576",
    "name": "Чернигов , Героев Чернобыля 1",
    "city": "Chernigov",
    "url": "https://www.instagram.com/explore/locations/1746382932056576/1/"
  },
  {
    "id": "100591981348372",
    "name": "Krissta Nails Studio",
    "city": "Chernigov",
    "url": "https://www.instagram.com/explore/locations/100591981348372/krissta-nails-studio/"
  },
  {
    "id": "179263479271828",
    "name": "Студия красоты Luck&Мусс",
    "city": "Chernigov",
    "url": "https://www.instagram.com/explore/locations/179263479271828/luck/"
  },
  {
    "id": "118728982117951",
    "name": "Ricca Sposa House of Couture",
    "city": "Chernigov",
    "url": "https://www.instagram.com/explore/locations/118728982117951/ricca-sposa-house-of-couture/"
  },
  {
    "id": "856828254707390",
    "name": "детский сад 32",
    "city": "Chernigov",
    "url": "https://www.instagram.com/explore/locations/856828254707390/32/"
  },
  {
    "id": "557062334751353",
    "name": "Фитнес клуб \"Fitness Fox\"",
    "city": "Chernigov",
    "url": "https://www.instagram.com/explore/locations/557062334751353/fitness-fox/"
  },
  {
    "id": "1546954322056182",
    "name": "Black Velvet Чернигов",
    "city": "Chernigov",
    "url": "https://www.instagram.com/explore/locations/1546954322056182/black-velvet/"
  },
  {
    "id": "1442564495973396",
    "name": "Черниговский областной музыкально-драматический театр имени Т. Шевченко",
    "city": "Chernigov",
    "url": "https://www.instagram.com/explore/locations/1442564495973396/-/"
  },
  {
    "id": "1022472232",
    "name": "Свадебное агентство \"Веранда Wedding\"",
    "city": "Chernigov",
    "url": "https://www.instagram.com/explore/locations/1022472232/wedding/"
  },
  {
    "id": "100162341823752",
    "name": "𝐁𝐫𝐮𝐧𝐜𝐡",
    "city": "Chernigov",
    "url": "https://www.instagram.com/explore/locations/100162341823752/brunch/"
  },
  {
    "id": "150548892284994",
    "name": "Oblacko",
    "city": "Chernigov",
    "url": "https://www.instagram.com/explore/locations/150548892284994/oblacko/"
  },
  {
    "id": "107608514305428",
    "name": "Loffee",
    "city": "Chernigov",
    "url": "https://www.instagram.com/explore/locations/107608514305428/loffee/"
  },
  {
    "id": "416444895573713",
    "name": "Танцевальный Центр In Yan DC_Bachata_Brazilian ZOUK_Salsa",
    "city": "Chernigov",
    "url": "https://www.instagram.com/explore/locations/416444895573713/in-yan-dc_bachata_brazilian-zouk_salsa/"
  },
  {
    "id": "302208890714207",
    "name": "Lucky Coffee",
    "city": "Chernigov",
    "url": "https://www.instagram.com/explore/locations/302208890714207/lucky-coffee/"
  },
  {
    "id": "276284279423663",
    "name": "EmDoma",
    "city": "Chernigov",
    "url": "https://www.instagram.com/explore/locations/276284279423663/emdoma/"
  },
  {
    "id": "267868140288670",
    "name": "Проспект Перемоги 20",
    "city": "Chernigov",
    "url": "https://www.instagram.com/explore/locations/267868140288670/20/"
  },
  {
    "id": "109296890485645",
    "name": "Nails M studio",
    "city": "Chernigov",
    "url": "https://www.instagram.com/explore/locations/109296890485645/nails-m-studio/"
  },
  {
    "id": "594123847640230",
    "name": "Fitness-club Olympia_sports",
    "city": "Chernigov",
    "url": "https://www.instagram.com/explore/locations/594123847640230/fitness-club-olympia_sports/"
  },
  {
    "id": "299337367146591",
    "name": "Burgers & Salads",
    "city": "Chernigov",
    "url": "https://www.instagram.com/explore/locations/299337367146591/burgers-salads/"
  },
  {
    "id": "894921744",
    "name": "Sky room",
    "city": "Chernigov",
    "url": "https://www.instagram.com/explore/locations/894921744/sky-room/"
  },
  {
    "id": "129336783604467",
    "name": "Салон краси \"Marinel\"",
    "city": "Chernigov",
    "url": "https://www.instagram.com/explore/locations/129336783604467/marinel/"
  },
  {
    "id": "107480031079737",
    "name": "Omar tour райські канікули",
    "city": "Chernigov",
    "url": "https://www.instagram.com/explore/locations/107480031079737/omar-tour/"
  },
  {
    "id": "708637109311311",
    "name": "Ул. Шевченко, 11",
    "city": "Chernigov",
    "url": "https://www.instagram.com/explore/locations/708637109311311/11/"
  },
  {
    "id": "108913330954950",
    "name": "OkClinic",
    "city": "Chernigov",
    "url": "https://www.instagram.com/explore/locations/108913330954950/okclinic/"
  },
  {
    "id": "1963032694016530",
    "name": "push-up.com.ua",
    "city": "Chernigov",
    "url": "https://www.instagram.com/explore/locations/1963032694016530/push-upcomua/"
  },
  {
    "id": "781683871996665",
    "name": "Сирний маркет Amsterdam",
    "city": "Chernigov",
    "url": "https://www.instagram.com/explore/locations/781683871996665/amsterdam/"
  },
  {
    "id": "237513234",
    "name": "Richmond",
    "city": "Chernigov",
    "url": "https://www.instagram.com/explore/locations/237513234/richmond/"
  },
  {
    "id": "490914291391222",
    "name": "Суши LIGHT",
    "city": "Chernigov",
    "url": "https://www.instagram.com/explore/locations/490914291391222/light/"
  },
  {
    "id": "1805867119666252",
    "name": "Two Cats",
    "city": "Chernigov",
    "url": "https://www.instagram.com/explore/locations/1805867119666252/two-cats/"
  },
  {
    "id": "773408986167217",
    "name": "Лицей 32 Чернигов",
    "city": "Chernigov",
    "url": "https://www.instagram.com/explore/locations/773408986167217/32/"
  },
  {
    "id": "853412908162979",
    "name": "Зелена лавка - чернiгiвськi сувенiри",
    "city": "Chernigov",
    "url": "https://www.instagram.com/explore/locations/853412908162979/-iii-i/"
  },
  {
    "id": "104708354651588",
    "name": "Hot Dog Bar",
    "city": "Chernigov",
    "url": "https://www.instagram.com/explore/locations/104708354651588/hot-dog-bar/"
  },
  {
    "id": "345058949590266",
    "name": "проспект победы 119",
    "city": "Chernigov",
    "url": "https://www.instagram.com/explore/locations/345058949590266/119/"
  },
  {
    "id": "663780697378015",
    "name": "777 Club",
    "city": "Chernigov",
    "url": "https://www.instagram.com/explore/locations/663780697378015/777-club/"
  },
  {
    "id": "223581881407922",
    "name": "Салон-перукарня Гармонія",
    "city": "Chernigov",
    "url": "https://www.instagram.com/explore/locations/223581881407922/-/"
  },
  {
    "id": "106601034490168",
    "name": "Сімейна кав’ярня Milky Day",
    "city": "Chernigov",
    "url": "https://www.instagram.com/explore/locations/106601034490168/milky-day/"
  },
  {
    "id": "163486430985002",
    "name": "Туристическое агентство МОРЕ ТУРОВ Чернигов, пр. Мира 12",
    "city": "Chernigov",
    "url": "https://www.instagram.com/explore/locations/163486430985002/12/"
  },
  {
    "id": "2392934677596248",
    "name": "Titan Gym",
    "city": "Chernigov",
    "url": "https://www.instagram.com/explore/locations/2392934677596248/titan-gym/"
  },
  {
    "id": "103153995619013",
    "name": "Blessed Coffee",
    "city": "Chernigov",
    "url": "https://www.instagram.com/explore/locations/103153995619013/blessed-coffee/"
  },
  {
    "id": "190433131635331",
    "name": "Проспект Мира,29",
    "city": "Chernigov",
    "url": "https://www.instagram.com/explore/locations/190433131635331/29/"
  },
  {
    "id": "207995919813269",
    "name": "Atlas travel",
    "city": "Chernigov",
    "url": "https://www.instagram.com/explore/locations/207995919813269/atlas-travel/"
  },
  {
    "id": "258882018162960",
    "name": "Robata Gastropub",
    "city": "Chernigov",
    "url": "https://www.instagram.com/explore/locations/258882018162960/robata-gastropub/"
  },
  {
    "id": "415385698944394",
    "name": "Blue Lakes Oleshnya",
    "city": "Chernigov",
    "url": "https://www.instagram.com/explore/locations/415385698944394/blue-lakes-oleshnya/"
  },
  {
    "id": "272066086547651",
    "name": "СЗСШ №1",
    "city": "Chernigov",
    "url": "https://www.instagram.com/explore/locations/272066086547651/no1/"
  },
  {
    "id": "102912991566212",
    "name": "Milky Day",
    "city": "Chernigov",
    "url": "https://www.instagram.com/explore/locations/102912991566212/milky-day/"
  },
  {
    "id": "101176111549593",
    "name": "Flavor Bakery Чернігів",
    "city": "Chernigov",
    "url": "https://www.instagram.com/explore/locations/101176111549593/flavor-bakery/"
  },
  {
    "id": "100295462097280",
    "name": "Skill Space",
    "city": "Chernigov",
    "url": "https://www.instagram.com/explore/locations/100295462097280/skill-space/"
  },
  {
    "id": "335141610246451",
    "name": "Шоу - Балет \"ярмарка\"",
    "city": "Chernigov",
    "url": "https://www.instagram.com/explore/locations/335141610246451/-/"
  },
  {
    "id": "377652012654755",
    "name": "Чернігівська музична школа 2 імені Євгена Богословського",
    "city": "Chernigov",
    "url": "https://www.instagram.com/explore/locations/377652012654755/2/"
  },
  {
    "id": "136576326199961",
    "name": "Make Amazing Motherhood MAM",
    "city": "Chernigov",
    "url": "https://www.instagram.com/explore/locations/136576326199961/make-amazing-motherhood-mam/"
  },
  {
    "id": "108032437214810",
    "name": "No found",
    "city": "Chernigov",
    "url": "https://www.instagram.com/explore/locations/108032437214810/no-found/"
  },
  {
    "id": "219060676777781",
    "name": "Dive VR",
    "city": "Chernigov",
    "url": "https://www.instagram.com/explore/locations/219060676777781/dive-vr/"
  },
  {
    "id": "1290748954376694",
    "name": "Kateryna Bulakh nail Studio",
    "city": "Chernigov",
    "url": "https://www.instagram.com/explore/locations/1290748954376694/kateryna-bulakh-nail-studio/"
  },
  {
    "id": "255725541735528",
    "name": "Школа №13",
    "city": "Chernigov",
    "url": "https://www.instagram.com/explore/locations/255725541735528/no13/"
  },
  {
    "id": "1898792627080481",
    "name": "Діно одяг від 0 до 15років",
    "city": "Chernigov",
    "url": "https://www.instagram.com/explore/locations/1898792627080481/0-15/"
  },
  {
    "id": "1135461526564005",
    "name": "Спеціалізована загальноосвітня школа №2",
    "city": "Chernigov",
    "url": "https://www.instagram.com/explore/locations/1135461526564005/no2/"
  },
  {
    "id": "488403823",
    "name": "Княжий Град - Чернігів",
    "city": "Chernigov",
    "url": "https://www.instagram.com/explore/locations/488403823/-/"
  },
  {
    "id": "271568176812527",
    "name": "1 Дамба, Стрижень",
    "city": "Chernigov",
    "url": "https://www.instagram.com/explore/locations/271568176812527/1/"
  },
  {
    "id": "650140432043969",
    "name": "Улица Пушкина 34в",
    "city": "Chernigov",
    "url": "https://www.instagram.com/explore/locations/650140432043969/34/"
  },
  {
    "id": "108528060619220",
    "name": "Barmatilda",
    "city": "Chernigov",
    "url": "https://www.instagram.com/explore/locations/108528060619220/barmatilda/"
  },
  {
    "id": "240403706834852",
    "name": "Детский Садик 1",
    "city": "Chernigov",
    "url": "https://www.instagram.com/explore/locations/240403706834852/1/"
  },
  {
    "id": "1021499871",
    "name": "GreenZone",
    "city": "Chernigov",
    "url": "https://www.instagram.com/explore/locations/1021499871/greenzone/"
  },
  {
    "id": "245484874",
    "name": "Pridesnyansky Hotel Chernigov Ukraine",
    "city": "Chernigov",
    "url": "https://www.instagram.com/explore/locations/245484874/pridesnyansky-hotel-chernigov-ukraine/"
  },
  {
    "id": "624682263",
    "name": "Tattoo",
    "city": "Chernigov",
    "url": "https://www.instagram.com/explore/locations/624682263/tattoo/"
  },
  {
    "id": "975930779261411",
    "name": "FitCurves Чернігів",
    "city": "Chernigov",
    "url": "https://www.instagram.com/explore/locations/975930779261411/fitcurves/"
  },
  {
    "id": "358067817908021",
    "name": "Натяжные потолки в Чернигове Potolki.cn.ua",
    "city": "Chernigov",
    "url": "https://www.instagram.com/explore/locations/358067817908021/potolkicnua/"
  },
  {
    "id": "438485029843347",
    "name": "Kateryna Bulakh nail Studio",
    "city": "Chernigov",
    "url": "https://www.instagram.com/explore/locations/438485029843347/kateryna-bulakh-nail-studio/"
  },
  {
    "id": "347438216040954",
    "name": "Golden Time",
    "city": "Chernigov",
    "url": "https://www.instagram.com/explore/locations/347438216040954/golden-time/"
  },
  {
    "id": "105451088902159",
    "name": "Geeks coffee",
    "city": "Chernigov",
    "url": "https://www.instagram.com/explore/locations/105451088902159/geeks-coffee/"
  },
  {
    "id": "964887446922605",
    "name": "Marine Tours Турагенція Чернігів",
    "city": "Chernigov",
    "url": "https://www.instagram.com/explore/locations/964887446922605/marine-tours/"
  },
  {
    "id": "439914363054715",
    "name": "Diamond Club",
    "city": "Chernigov",
    "url": "https://www.instagram.com/explore/locations/439914363054715/diamond-club/"
  },
  {
    "id": "268325366",
    "name": "Школа 19",
    "city": "Chernigov",
    "url": "https://www.instagram.com/explore/locations/268325366/19/"
  },
  {
    "id": "209831919191541",
    "name": "Aesthetic + premium salon Чернигов",
    "city": "Chernigov",
    "url": "https://www.instagram.com/explore/locations/209831919191541/aesthetic-premium-salon/"
  },
  {
    "id": "100937708488060",
    "name": "Life is Strange club",
    "city": "Chernigov",
    "url": "https://www.instagram.com/explore/locations/100937708488060/life-is-strange-club/"
  },
  {
    "id": "1025178470",
    "name": "PET Technologies Чернигов",
    "city": "Chernigov",
    "url": "https://www.instagram.com/explore/locations/1025178470/pet-technologies/"
  },
  {
    "id": "104667048263890",
    "name": "Логопед-дефектолог • Психолог • Чернігів",
    "city": "Chernigov",
    "url": "https://www.instagram.com/explore/locations/104667048263890/-/"
  },
  {
    "id": "228737324188796",
    "name": "GreyLab Service - Ремонт Смартфонів та Планшетів",
    "city": "Chernigov",
    "url": "https://www.instagram.com/explore/locations/228737324188796/greylab-service-/"
  },
  {
    "id": "167280527314972",
    "name": "Магазин Provokator",
    "city": "Chernigov",
    "url": "https://www.instagram.com/explore/locations/167280527314972/provokator/"
  },
  {
    "id": "102822431077810",
    "name": "StartDeutsch Tschernihiv",
    "city": "Chernigov",
    "url": "https://www.instagram.com/explore/locations/102822431077810/startdeutsch-tschernihiv/"
  },
  {
    "id": "1675605259411481",
    "name": "Школа 20",
    "city": "Chernigov",
    "url": "https://www.instagram.com/explore/locations/1675605259411481/20/"
  },
  {
    "id": "1006844506191453",
    "name": "Проспект Победы 17",
    "city": "Chernigov",
    "url": "https://www.instagram.com/explore/locations/1006844506191453/17/"
  },
  {
    "id": "192420328014739",
    "name": "Haircut Studio ''balance''",
    "city": "Chernigov",
    "url": "https://www.instagram.com/explore/locations/192420328014739/haircut-studio-balance/"
  },
  {
    "id": "244028649566045",
    "name": "El Sad",
    "city": "Chernigov",
    "url": "https://www.instagram.com/explore/locations/244028649566045/el-sad/"
  },
  {
    "id": "108447077432458",
    "name": "i_hairfactory_salon",
    "city": "Chernigov",
    "url": "https://www.instagram.com/explore/locations/108447077432458/i_hairfactory_salon/"
  },
  {
    "id": "114254746997018",
    "name": "KIBERone Перша Міжнародна КіберШкола в Чернігові",
    "city": "Chernigov",
    "url": "https://www.instagram.com/explore/locations/114254746997018/kiberone/"
  },
  {
    "id": "522327934799625",
    "name": "Ювелирная студия SVP",
    "city": "Chernigov",
    "url": "https://www.instagram.com/explore/locations/522327934799625/svp/"
  },
  {
    "id": "114293403371499",
    "name": "Steak House Chernihiv",
    "city": "Chernigov",
    "url": "https://www.instagram.com/explore/locations/114293403371499/steak-house-chernihiv/"
  },
  {
    "id": "1031162456",
    "name": "Мастерская BBQ",
    "city": "Chernigov",
    "url": "https://www.instagram.com/explore/locations/1031162456/bbq/"
  },
  {
    "id": "184803372462709",
    "name": "Студия Макияжа Натали Коваленко 0639757060",
    "city": "Chernigov",
    "url": "https://www.instagram.com/explore/locations/184803372462709/0639757060/"
  },
  {
    "id": "1034360206654970",
    "name": "Gastropub Cuba",
    "city": "Chernigov",
    "url": "https://www.instagram.com/explore/locations/1034360206654970/gastropub-cuba/"
  },
  {
    "id": "179934139574299",
    "name": "Торгово-промышленная Палата",
    "city": "Chernigov",
    "url": "https://www.instagram.com/explore/locations/179934139574299/-/"
  },
  {
    "id": "246971153",
    "name": "Rozmarine",
    "city": "Chernigov",
    "url": "https://www.instagram.com/explore/locations/246971153/rozmarine/"
  },
  {
    "id": "1009209130",
    "name": "Plush Tree-Плюшеве Дерево-Плюшевое Дерево",
    "city": "Chernigov",
    "url": "https://www.instagram.com/explore/locations/1009209130/plush-tree-/"
  },
  {
    "id": "1035017456",
    "name": "Kupi.cn.ua - интернет магазин лучших цен",
    "city": "Chernigov",
    "url": "https://www.instagram.com/explore/locations/1035017456/kupicnua-/"
  },
  {
    "id": "149938282228392",
    "name": "РозУмка - студія дитячого розвитку та англійської мови",
    "city": "Chernigov",
    "url": "https://www.instagram.com/explore/locations/149938282228392/-/"
  },
  {
    "id": "1631447576919953",
    "name": "Malibu Travel",
    "city": "Chernigov",
    "url": "https://www.instagram.com/explore/locations/1631447576919953/malibu-travel/"
  },
  {
    "id": "108950772834007",
    "name": "Level Up Fitness Чернигов",
    "city": "Chernigov",
    "url": "https://www.instagram.com/explore/locations/108950772834007/level-up-fitness/"
  },
  {
    "id": "110937523626416",
    "name": "Lucky Coffee Progress 24/7",
    "city": "Chernigov",
    "url": "https://www.instagram.com/explore/locations/110937523626416/lucky-coffee-progress-247/"
  },
  {
    "id": "456410900890206",
    "name": "Small Cafe",
    "city": "Chernigov",
    "url": "https://www.instagram.com/explore/locations/456410900890206/small-cafe/"
  },
  {
    "id": "344083516162205",
    "name": "ЧЦПТО 16",
    "city": "Chernigov",
    "url": "https://www.instagram.com/explore/locations/344083516162205/16/"
  },
  {
    "id": "367891397409777",
    "name": "Librarium",
    "city": "Chernigov",
    "url": "https://www.instagram.com/explore/locations/367891397409777/librarium/"
  },
  {
    "id": "287784603015199",
    "name": "Pit Stop Special",
    "city": "Chernigov",
    "url": "https://www.instagram.com/explore/locations/287784603015199/pit-stop-special/"
  },
  {
    "id": "286719221792223",
    "name": "Магистратская, 19а",
    "city": "Chernigov",
    "url": "https://www.instagram.com/explore/locations/286719221792223/19/"
  },
  {
    "id": "103212204437511",
    "name": "Чернігівська міська лікарня 1",
    "city": "Chernigov",
    "url": "https://www.instagram.com/explore/locations/103212204437511/1/"
  },
  {
    "id": "1198321823651234",
    "name": "Dushka_chernigov_official",
    "city": "Chernigov",
    "url": "https://www.instagram.com/explore/locations/1198321823651234/dushka_chernigov_official/"
  },
  {
    "id": "328902710861837",
    "name": "Pole dance & Fitness \"Black Velvet\"",
    "city": "Chernigov",
    "url": "https://www.instagram.com/explore/locations/328902710861837/pole-dance-fitness-black-velvet/"
  },
  {
    "id": "2254028838174725",
    "name": "ул. Рокоссовского, 62",
    "city": "Chernigov",
    "url": "https://www.instagram.com/explore/locations/2254028838174725/62/"
  },
  {
    "id": "551154662",
    "name": "NEBO Travel",
    "city": "Chernigov",
    "url": "https://www.instagram.com/explore/locations/551154662/nebo-travel/"
  },
  {
    "id": "491209277956334",
    "name": "Romantic Love",
    "city": "Chernigov",
    "url": "https://www.instagram.com/explore/locations/491209277956334/romantic-love/"
  },
  {
    "id": "370279930068677",
    "name": "Kisel Gym",
    "city": "Chernigov",
    "url": "https://www.instagram.com/explore/locations/370279930068677/kisel-gym/"
  },
  {
    "id": "509402632824673",
    "name": "Raw Photo Academy",
    "city": "Chernigov",
    "url": "https://www.instagram.com/explore/locations/509402632824673/raw-photo-academy/"
  },
  {
    "id": "2554464731291086",
    "name": "Pride",
    "city": "Chernigov",
    "url": "https://www.instagram.com/explore/locations/2554464731291086/pride/"
  },
  {
    "id": "109815317823075",
    "name": "VIN KOD Автомагазин",
    "city": "Chernigov",
    "url": "https://www.instagram.com/explore/locations/109815317823075/vin-kod/"
  },
  {
    "id": "122064154334398",
    "name": "Beauty Bar",
    "city": "Chernigov",
    "url": "https://www.instagram.com/explore/locations/122064154334398/beauty-bar/"
  },
  {
    "id": "2253535564917519",
    "name": "Emotion event",
    "city": "Chernigov",
    "url": "https://www.instagram.com/explore/locations/2253535564917519/emotion-event/"
  },
  {
    "id": "1884452098436394",
    "name": "Школа 32",
    "city": "Chernigov",
    "url": "https://www.instagram.com/explore/locations/1884452098436394/32/"
  },
  {
    "id": "287109012",
    "name": "Sunrise",
    "city": "Chernigov",
    "url": "https://www.instagram.com/explore/locations/287109012/sunrise/"
  },
  {
    "id": "1372144822873757",
    "name": "Аватар, Спортивно-развлекательный комплекс",
    "city": "Chernigov",
    "url": "https://www.instagram.com/explore/locations/1372144822873757/-/"
  },
  {
    "id": "521707547694188",
    "name": "LaOpera",
    "city": "Chernigov",
    "url": "https://www.instagram.com/explore/locations/521707547694188/laopera/"
  },
  {
    "id": "1881409815464794",
    "name": "Vitadent Dental Clinic",
    "city": "Chernigov",
    "url": "https://www.instagram.com/explore/locations/1881409815464794/vitadent-dental-clinic/"
  },
  {
    "id": "967282066724283",
    "name": "Кафедра електричної інженерії та інформаційно-вимірювальних технологій",
    "city": "Chernigov",
    "url": "https://www.instagram.com/explore/locations/967282066724283/-/"
  },
  {
    "id": "518597861850966",
    "name": "Ellyphotostudio",
    "city": "Chernigov",
    "url": "https://www.instagram.com/explore/locations/518597861850966/ellyphotostudio/"
  },
  {
    "id": "464696767382272",
    "name": "Чернигов, ул. Молодшего, 44",
    "city": "Chernigov",
    "url": "https://www.instagram.com/explore/locations/464696767382272/44/"
  },
  {
    "id": "109060468367573",
    "name": "HARNA українські бренди",
    "city": "Chernigov",
    "url": "https://www.instagram.com/explore/locations/109060468367573/harna/"
  },
  {
    "id": "284010605483031",
    "name": "Bright English",
    "city": "Chernigov",
    "url": "https://www.instagram.com/explore/locations/284010605483031/bright-english/"
  },
  {
    "id": "260323431075324",
    "name": "Kvitkova Planeta Sviata",
    "city": "Chernigov",
    "url": "https://www.instagram.com/explore/locations/260323431075324/kvitkova-planeta-sviata/"
  },
  {
    "id": "105128878475899",
    "name": "Ресторан вина та щастя Salobie",
    "city": "Chernigov",
    "url": "https://www.instagram.com/explore/locations/105128878475899/salobie/"
  },
  {
    "id": "1030375745",
    "name": "Small",
    "city": "Chernigov",
    "url": "https://www.instagram.com/explore/locations/1030375745/small/"
  },
  {
    "id": "113856940070279",
    "name": "AVO, Hollywood",
    "city": "Chernigov",
    "url": "https://www.instagram.com/explore/locations/113856940070279/avo-hollywood/"
  },
  {
    "id": "4056240",
    "name": "Varenik's Pub",
    "city": "Chernigov",
    "url": "https://www.instagram.com/explore/locations/4056240/vareniks-pub/"
  },
  {
    "id": "408814119513172",
    "name": "Веселi Карамелi Чернiгiв",
    "city": "Chernigov",
    "url": "https://www.instagram.com/explore/locations/408814119513172/i-i-ii/"
  },
  {
    "id": "1561737107472920",
    "name": "Магазин кожгалантереи VivaVerba",
    "city": "Chernigov",
    "url": "https://www.instagram.com/explore/locations/1561737107472920/vivaverba/"
  },
  {
    "id": "105659311136390",
    "name": "Adent+ стоматология Чернигов",
    "city": "Chernigov",
    "url": "https://www.instagram.com/explore/locations/105659311136390/adent/"
  },
  {
    "id": "369259490085983",
    "name": "Ресторан - кафе Армения",
    "city": "Chernigov",
    "url": "https://www.instagram.com/explore/locations/369259490085983/-/"
  },
  {
    "id": "1029181179",
    "name": "Aurum beauty salon",
    "city": "Chernigov",
    "url": "https://www.instagram.com/explore/locations/1029181179/aurum-beauty-salon/"
  },
  {
    "id": "2004408729777985",
    "name": "ЧемпіонКА Фітнес-клуб Чернігів",
    "city": "Chernigov",
    "url": "https://www.instagram.com/explore/locations/2004408729777985/-/"
  },
  {
    "id": "354796655097788",
    "name": "Dymniy Place Hookah Bar",
    "city": "Chernigov",
    "url": "https://www.instagram.com/explore/locations/354796655097788/dymniy-place-hookah-bar/"
  },
  {
    "id": "359272034617920",
    "name": "Психиатрическая Лечебница на 10 этаже",
    "city": "Chernigov",
    "url": "https://www.instagram.com/explore/locations/359272034617920/10/"
  },
  {
    "id": "361316433",
    "name": "Гостинично-Туристический Комплекс «придеснянский»",
    "city": "Chernigov",
    "url": "https://www.instagram.com/explore/locations/361316433/-/"
  },
  {
    "id": "2022577511129620",
    "name": "Чернігів PLUS Чернігівщина",
    "city": "Chernigov",
    "url": "https://www.instagram.com/explore/locations/2022577511129620/plus/"
  },
  {
    "id": "277547002687483",
    "name": "Nora",
    "city": "Chernigov",
    "url": "https://www.instagram.com/explore/locations/277547002687483/nora/"
  },
  {
    "id": "1726620777664727",
    "name": "Fotelkafe",
    "city": "Chernigov",
    "url": "https://www.instagram.com/explore/locations/1726620777664727/fotelkafe/"
  },
  {
    "id": "1024257740",
    "name": "Arbuzzo",
    "city": "Chernigov",
    "url": "https://www.instagram.com/explore/locations/1024257740/arbuzzo/"
  },
  {
    "id": "103256628699837",
    "name": "Podval Barbershop",
    "city": "Chernigov",
    "url": "https://www.instagram.com/explore/locations/103256628699837/podval-barbershop/"
  },
  {
    "id": "409878066462131",
    "name": "Дитячий садок 70 Дюймовочка",
    "city": "Chernigov",
    "url": "https://www.instagram.com/explore/locations/409878066462131/70/"
  },
  {
    "id": "2220706268201010",
    "name": "with my dog️",
    "city": "Chernigov",
    "url": "https://www.instagram.com/explore/locations/2220706268201010/with-my-dog/"
  },
  {
    "id": "553171740",
    "name": "Amore Mio",
    "city": "Chernigov",
    "url": "https://www.instagram.com/explore/locations/553171740/amore-mio/"
  },
  {
    "id": "1121950731269974",
    "name": "All Models Chernihiv",
    "city": "Chernigov",
    "url": "https://www.instagram.com/explore/locations/1121950731269974/all-models-chernihiv/"
  },
  {
    "id": "105759957993015",
    "name": "Konan's",
    "city": "Chernigov",
    "url": "https://www.instagram.com/explore/locations/105759957993015/konans/"
  },
  {
    "id": "111231466931213",
    "name": "Pasta Cafe",
    "city": "Chernigov",
    "url": "https://www.instagram.com/explore/locations/111231466931213/pasta-cafe/"
  },
  {
    "id": "1424114567695919",
    "name": "Компания недвижимости \"GRAND HOUSE\"",
    "city": "Chernigov",
    "url": "https://www.instagram.com/explore/locations/1424114567695919/grand-house/"
  },
  {
    "id": "100568118903319",
    "name": "Avilova Beauty Space",
    "city": "Chernigov",
    "url": "https://www.instagram.com/explore/locations/100568118903319/avilova-beauty-space/"
  },
  {
    "id": "103156964619643",
    "name": "Рокоссовского 28",
    "city": "Chernigov",
    "url": "https://www.instagram.com/explore/locations/103156964619643/28/"
  },
  {
    "id": "314859879232471",
    "name": "G-Tuning Чернигов",
    "city": "Chernigov",
    "url": "https://www.instagram.com/explore/locations/314859879232471/g-tuning/"
  },
  {
    "id": "971115072960556",
    "name": "Спортивно-танцевальный центр Top Dance",
    "city": "Chernigov",
    "url": "https://www.instagram.com/explore/locations/971115072960556/-top-dance/"
  },
  {
    "id": "1482003898719536",
    "name": "ABC - Language Center - Chernihiv + УНИКА",
    "city": "Chernigov",
    "url": "https://www.instagram.com/explore/locations/1482003898719536/abc-language-center-chernihiv/"
  },
  {
    "id": "1338114143008217",
    "name": "Grill Beer Wine",
    "city": "Chernigov",
    "url": "https://www.instagram.com/explore/locations/1338114143008217/grill-beer-wine/"
  },
  {
    "id": "2394407583918781",
    "name": "Horns Burger House",
    "city": "Chernigov",
    "url": "https://www.instagram.com/explore/locations/2394407583918781/horns-burger-house/"
  },
  {
    "id": "125243361363486",
    "name": "Агенцiя нерухомостi \"Чернiгiвська губернiя\"",
    "city": "Chernigov",
    "url": "https://www.instagram.com/explore/locations/125243361363486/i-i-ii-i/"
  },
  {
    "id": "1109110265858723",
    "name": "Фабрика Кави 108",
    "city": "Chernigov",
    "url": "https://www.instagram.com/explore/locations/1109110265858723/108/"
  },
  {
    "id": "315467312311242",
    "name": "Студия загара Malibu",
    "city": "Chernigov",
    "url": "https://www.instagram.com/explore/locations/315467312311242/malibu/"
  },
  {
    "id": "197841821117941",
    "name": "Проспект Мира 21",
    "city": "Chernigov",
    "url": "https://www.instagram.com/explore/locations/197841821117941/21/"
  },
  {
    "id": "104719108389967",
    "name": "e_che_pizza",
    "city": "Chernigov",
    "url": "https://www.instagram.com/explore/locations/104719108389967/e_che_pizza/"
  },
  {
    "id": "403295733534868",
    "name": "Цапа - міська пекарня",
    "city": "Chernigov",
    "url": "https://www.instagram.com/explore/locations/403295733534868/-/"
  },
  {
    "id": "107148127840410",
    "name": "Dentus Vitalii Sheremet's dental clinic",
    "city": "Chernigov",
    "url": "https://www.instagram.com/explore/locations/107148127840410/dentus-vitalii-sheremets-dental-clinic/"
  },
  {
    "id": "404939050004750",
    "name": "Hobby-Hall - Територія хоббі",
    "city": "Chernigov",
    "url": "https://www.instagram.com/explore/locations/404939050004750/hobby-hall-/"
  },
  {
    "id": "107089517576147",
    "name": "fed_photostudio",
    "city": "Chernigov",
    "url": "https://www.instagram.com/explore/locations/107089517576147/fed_photostudio/"
  },
  {
    "id": "288351358661095",
    "name": "Barbershop Varvar",
    "city": "Chernigov",
    "url": "https://www.instagram.com/explore/locations/288351358661095/barbershop-varvar/"
  },
  {
    "id": "130578014312315",
    "name": "Make Sense",
    "city": "Chernigov",
    "url": "https://www.instagram.com/explore/locations/130578014312315/make-sense/"
  },
  {
    "id": "1458139980944948",
    "name": "Yoga Sattva",
    "city": "Chernigov",
    "url": "https://www.instagram.com/explore/locations/1458139980944948/yoga-sattva/"
  },
  {
    "id": "432437550546207",
    "name": "Мстиславская 25",
    "city": "Chernigov",
    "url": "https://www.instagram.com/explore/locations/432437550546207/25/"
  },
  {
    "id": "1025021626",
    "name": "Trade union training center of Chernihiv region",
    "city": "Chernigov",
    "url": "https://www.instagram.com/explore/locations/1025021626/trade-union-training-center-of-chernihiv-region/"
  },
  {
    "id": "379717559048877",
    "name": "Beauty Bar & School",
    "city": "Chernigov",
    "url": "https://www.instagram.com/explore/locations/379717559048877/beauty-bar-school/"
  },
  {
    "id": "846427822179658",
    "name": "LifeСПОРТ",
    "city": "Chernigov",
    "url": "https://www.instagram.com/explore/locations/846427822179658/life/"
  },
  {
    "id": "707925512719474",
    "name": "Такси 5333 - Чернигов",
    "city": "Chernigov",
    "url": "https://www.instagram.com/explore/locations/707925512719474/5333-/"
  },
  {
    "id": "101871707908045",
    "name": "Центр іноземних мов Study For You та навчання за кордоном",
    "city": "Chernigov",
    "url": "https://www.instagram.com/explore/locations/101871707908045/study-for-you/"
  },
  {
    "id": "1016824158",
    "name": "Hollywood Чернигов",
    "city": "Chernigov",
    "url": "https://www.instagram.com/explore/locations/1016824158/hollywood/"
  },
  {
    "id": "425568564312558",
    "name": "Alfa-Bank Тeam UA",
    "city": "Chernigov",
    "url": "https://www.instagram.com/explore/locations/425568564312558/alfa-bank-eam-ua/"
  },
  {
    "id": "1618889401748859",
    "name": "Ab_studio_che",
    "city": "Chernigov",
    "url": "https://www.instagram.com/explore/locations/1618889401748859/ab_studio_che/"
  },
  {
    "id": "277526470763624",
    "name": "The Dental SPA",
    "city": "Chernigov",
    "url": "https://www.instagram.com/explore/locations/277526470763624/the-dental-spa/"
  },
  {
    "id": "1974798209496526",
    "name": "TEEN CAMP",
    "city": "Chernigov",
    "url": "https://www.instagram.com/explore/locations/1974798209496526/teen-camp/"
  },
  {
    "id": "107446361621002",
    "name": "Агенція регіонального розвитку / RDA of Chernihiv Region",
    "city": "Chernigov",
    "url": "https://www.instagram.com/explore/locations/107446361621002/rda-of-chernihiv-region/"
  }
]