[
  {
    "id": "472268256",
    "name": "Mariupol",
    "city": "Mariupol",
    "url": "https://www.instagram.com/explore/locations/472268256/mariupol/"
  },
  {
    "id": "2575599752453610",
    "name": "Zoom-Online",
    "city": "Mariupol",
    "url": "https://www.instagram.com/explore/locations/2575599752453610/zoom-online/"
  },
  {
    "id": "289375235126408",
    "name": "Mariupol, Donets'ka Oblast, Ukraine",
    "city": "Mariupol",
    "url": "https://www.instagram.com/explore/locations/289375235126408/mariupol-donetska-oblast-ukraine/"
  },
  {
    "id": "236882600",
    "name": "Zhdanov, Ukraine",
    "city": "Mariupol",
    "url": "https://www.instagram.com/explore/locations/236882600/zhdanov-ukraine/"
  },
  {
    "id": "236184001",
    "name": "1000 Мелочей, Мариуполь",
    "city": "Mariupol",
    "url": "https://www.instagram.com/explore/locations/236184001/1000/"
  },
  {
    "id": "111757920209588",
    "name": "Ukraine, Mariupol",
    "city": "Mariupol",
    "url": "https://www.instagram.com/explore/locations/111757920209588/ukraine-mariupol/"
  },
  {
    "id": "2458199100908559",
    "name": "Яхт-Клуб Азовсталь",
    "city": "Mariupol",
    "url": "https://www.instagram.com/explore/locations/2458199100908559/-/"
  },
  {
    "id": "185661335291211",
    "name": "STONE restobar",
    "city": "Mariupol",
    "url": "https://www.instagram.com/explore/locations/185661335291211/stone-restobar/"
  },
  {
    "id": "1032737247",
    "name": "Happiness Home Bakery",
    "city": "Mariupol",
    "url": "https://www.instagram.com/explore/locations/1032737247/happiness-home-bakery/"
  },
  {
    "id": "1479596538719715",
    "name": "Mr. Bean & Bowler hat",
    "city": "Mariupol",
    "url": "https://www.instagram.com/explore/locations/1479596538719715/mr-bean-bowler-hat/"
  },
  {
    "id": "1738445843124346",
    "name": "Vintage",
    "city": "Mariupol",
    "url": "https://www.instagram.com/explore/locations/1738445843124346/vintage/"
  },
  {
    "id": "109475881672730",
    "name": "Маріуполь - це Україна",
    "city": "Mariupol",
    "url": "https://www.instagram.com/explore/locations/109475881672730/-/"
  },
  {
    "id": "265013711",
    "name": "Мариуполь, Пр.металлургов, 54 Тц Браво",
    "city": "Mariupol",
    "url": "https://www.instagram.com/explore/locations/265013711/54/"
  },
  {
    "id": "704353411",
    "name": "Party bar Egoist",
    "city": "Mariupol",
    "url": "https://www.instagram.com/explore/locations/704353411/party-bar-egoist/"
  },
  {
    "id": "107082781",
    "name": "Кнайпа Bierkeller",
    "city": "Mariupol",
    "url": "https://www.instagram.com/explore/locations/107082781/bierkeller/"
  },
  {
    "id": "227907430",
    "name": "Ресторан-пивоварня \"Чумаков\"",
    "city": "Mariupol",
    "url": "https://www.instagram.com/explore/locations/227907430/-/"
  },
  {
    "id": "738508259684635",
    "name": "Evo Club",
    "city": "Mariupol",
    "url": "https://www.instagram.com/explore/locations/738508259684635/evo-club/"
  },
  {
    "id": "295278240855100",
    "name": "Вежа - Vezha Creative Space",
    "city": "Mariupol",
    "url": "https://www.instagram.com/explore/locations/295278240855100/-vezha-creative-space/"
  },
  {
    "id": "806265370",
    "name": "Горящие туры - Турагенство \"Атлантик\"",
    "city": "Mariupol",
    "url": "https://www.instagram.com/explore/locations/806265370/-/"
  },
  {
    "id": "1279561588841354",
    "name": "Restaurant \"Nielsen\"",
    "city": "Mariupol",
    "url": "https://www.instagram.com/explore/locations/1279561588841354/restaurant-nielsen/"
  },
  {
    "id": "634102813346535",
    "name": "Кофейня Изба-Читальня",
    "city": "Mariupol",
    "url": "https://www.instagram.com/explore/locations/634102813346535/-/"
  },
  {
    "id": "104656398177214",
    "name": "Mariupol, Sea of Azov, Donetsk Region",
    "city": "Mariupol",
    "url": "https://www.instagram.com/explore/locations/104656398177214/mariupol-sea-of-azov-donetsk-region/"
  },
  {
    "id": "941532090",
    "name": "Egoist",
    "city": "Mariupol",
    "url": "https://www.instagram.com/explore/locations/941532090/egoist/"
  },
  {
    "id": "257437094",
    "name": "Mariupol Beach",
    "city": "Mariupol",
    "url": "https://www.instagram.com/explore/locations/257437094/mariupol-beach/"
  },
  {
    "id": "389353178176406",
    "name": "7 Goats",
    "city": "Mariupol",
    "url": "https://www.instagram.com/explore/locations/389353178176406/7-goats/"
  },
  {
    "id": "1029045765",
    "name": "Студия Красоты Marina",
    "city": "Mariupol",
    "url": "https://www.instagram.com/explore/locations/1029045765/marina/"
  },
  {
    "id": "1032586653",
    "name": "Sapog Caffe",
    "city": "Mariupol",
    "url": "https://www.instagram.com/explore/locations/1032586653/sapog-caffe/"
  },
  {
    "id": "363399404092090",
    "name": "Парк-Ресторан ДАЧА",
    "city": "Mariupol",
    "url": "https://www.instagram.com/explore/locations/363399404092090/-/"
  },
  {
    "id": "119709968735754",
    "name": "BeFirst Fitness",
    "city": "Mariupol",
    "url": "https://www.instagram.com/explore/locations/119709968735754/befirst-fitness/"
  },
  {
    "id": "624519418046460",
    "name": "1880 Cocktail bar",
    "city": "Mariupol",
    "url": "https://www.instagram.com/explore/locations/624519418046460/1880-cocktail-bar/"
  },
  {
    "id": "267330688",
    "name": "Mariupol State University",
    "city": "Mariupol",
    "url": "https://www.instagram.com/explore/locations/267330688/mariupol-state-university/"
  },
  {
    "id": "315919720",
    "name": "Azovstal, Mariupol",
    "city": "Mariupol",
    "url": "https://www.instagram.com/explore/locations/315919720/azovstal-mariupol/"
  },
  {
    "id": "237304671",
    "name": "Караоке • Паб • ? «Maxim»",
    "city": "Mariupol",
    "url": "https://www.instagram.com/explore/locations/237304671/maxim/"
  },
  {
    "id": "853425091682394",
    "name": "Detroit. City diner",
    "city": "Mariupol",
    "url": "https://www.instagram.com/explore/locations/853425091682394/detroit-city-diner/"
  },
  {
    "id": "161396991378493",
    "name": "Pirs Art Space / Пирс Арт Пространство",
    "city": "Mariupol",
    "url": "https://www.instagram.com/explore/locations/161396991378493/pirs-art-space/"
  },
  {
    "id": "273213049867324",
    "name": "Rit Rit Кофейня",
    "city": "Mariupol",
    "url": "https://www.instagram.com/explore/locations/273213049867324/rit-rit/"
  },
  {
    "id": "106856210750582",
    "name": "Центр стартапів 1991 - Startup Center 1991",
    "city": "Mariupol",
    "url": "https://www.instagram.com/explore/locations/106856210750582/1991-startup-center-1991/"
  },
  {
    "id": "118701892",
    "name": "Be First Fitness",
    "city": "Mariupol",
    "url": "https://www.instagram.com/explore/locations/118701892/be-first-fitness/"
  },
  {
    "id": "105921581463828",
    "name": "Amadeus",
    "city": "Mariupol",
    "url": "https://www.instagram.com/explore/locations/105921581463828/amadeus/"
  },
  {
    "id": "375355969613383",
    "name": "Stimul, Куприна",
    "city": "Mariupol",
    "url": "https://www.instagram.com/explore/locations/375355969613383/stimul/"
  },
  {
    "id": "579056199095092",
    "name": "SPA-салон \"Солярис\"",
    "city": "Mariupol",
    "url": "https://www.instagram.com/explore/locations/579056199095092/spa-/"
  },
  {
    "id": "805895299796379",
    "name": "Мариуполь. По.мира 27",
    "city": "Mariupol",
    "url": "https://www.instagram.com/explore/locations/805895299796379/27/"
  },
  {
    "id": "108748310932821",
    "name": "One Gogi Мариуполь",
    "city": "Mariupol",
    "url": "https://www.instagram.com/explore/locations/108748310932821/one-gogi/"
  },
  {
    "id": "1299423806840062",
    "name": "Крибле-Крабле: театр праздника в Мариуполе",
    "city": "Mariupol",
    "url": "https://www.instagram.com/explore/locations/1299423806840062/-/"
  },
  {
    "id": "1021211247",
    "name": "Vintage Mariupol",
    "city": "Mariupol",
    "url": "https://www.instagram.com/explore/locations/1021211247/vintage-mariupol/"
  },
  {
    "id": "351560988934528",
    "name": "Baker Street",
    "city": "Mariupol",
    "url": "https://www.instagram.com/explore/locations/351560988934528/baker-street/"
  },
  {
    "id": "442144173368879",
    "name": "Парк - Ресторан \"Дача\"",
    "city": "Mariupol",
    "url": "https://www.instagram.com/explore/locations/442144173368879/-/"
  },
  {
    "id": "109245857598127",
    "name": "m.FOOD",
    "city": "Mariupol",
    "url": "https://www.instagram.com/explore/locations/109245857598127/mfood/"
  },
  {
    "id": "923293424676169",
    "name": "Салон красоты Чик-Чик",
    "city": "Mariupol",
    "url": "https://www.instagram.com/explore/locations/923293424676169/-/"
  },
  {
    "id": "126193837836390",
    "name": "Street Food Mariupol",
    "city": "Mariupol",
    "url": "https://www.instagram.com/explore/locations/126193837836390/street-food-mariupol/"
  },
  {
    "id": "889339591214981",
    "name": "Яхт-Клуб Маріуполь",
    "city": "Mariupol",
    "url": "https://www.instagram.com/explore/locations/889339591214981/-/"
  },
  {
    "id": "501248483676241",
    "name": "EVO Game",
    "city": "Mariupol",
    "url": "https://www.instagram.com/explore/locations/501248483676241/evo-game/"
  },
  {
    "id": "138072310245210",
    "name": "Academy VG",
    "city": "Mariupol",
    "url": "https://www.instagram.com/explore/locations/138072310245210/academy-vg/"
  },
  {
    "id": "308168783382795",
    "name": "Городская Больница #3",
    "city": "Mariupol",
    "url": "https://www.instagram.com/explore/locations/308168783382795/3/"
  },
  {
    "id": "103908017872575",
    "name": "One Gogi",
    "city": "Mariupol",
    "url": "https://www.instagram.com/explore/locations/103908017872575/one-gogi/"
  },
  {
    "id": "959776987",
    "name": "Бар-кафе\"ПикниК\"",
    "city": "Mariupol",
    "url": "https://www.instagram.com/explore/locations/959776987/-/"
  },
  {
    "id": "101918395308083",
    "name": "Piana Vyshnia / П'яна Вишня",
    "city": "Mariupol",
    "url": "https://www.instagram.com/explore/locations/101918395308083/piana-vyshnia/"
  },
  {
    "id": "368085930595601",
    "name": "Автостанция АС-2",
    "city": "Mariupol",
    "url": "https://www.instagram.com/explore/locations/368085930595601/-2/"
  },
  {
    "id": "1534364819981583",
    "name": "Loft-Bar Vintage",
    "city": "Mariupol",
    "url": "https://www.instagram.com/explore/locations/1534364819981583/loft-bar-vintage/"
  },
  {
    "id": "250452032",
    "name": "State Higher Education Institution “Pryazovskyi State Technical University”",
    "city": "Mariupol",
    "url": "https://www.instagram.com/explore/locations/250452032/state-higher-education-institution-pryazovskyi-state-technical-university/"
  },
  {
    "id": "331810077336028",
    "name": "Natan Ryabinkin",
    "city": "Mariupol",
    "url": "https://www.instagram.com/explore/locations/331810077336028/natan-ryabinkin/"
  },
  {
    "id": "724429294400952",
    "name": "Фотостудия PhotoMix Мариуполь",
    "city": "Mariupol",
    "url": "https://www.instagram.com/explore/locations/724429294400952/photomix/"
  },
  {
    "id": "1099617440109412",
    "name": "NYSP",
    "city": "Mariupol",
    "url": "https://www.instagram.com/explore/locations/1099617440109412/nysp/"
  },
  {
    "id": "1025375857",
    "name": "Fitness Life",
    "city": "Mariupol",
    "url": "https://www.instagram.com/explore/locations/1025375857/fitness-life/"
  },
  {
    "id": "1029979822",
    "name": "Nice Cafe",
    "city": "Mariupol",
    "url": "https://www.instagram.com/explore/locations/1029979822/nice-cafe/"
  },
  {
    "id": "1878472142472204",
    "name": "Пастерия \"Royal\"",
    "city": "Mariupol",
    "url": "https://www.instagram.com/explore/locations/1878472142472204/royal/"
  },
  {
    "id": "105575470985735",
    "name": "Тіма Тома - Центр Розвитку Дитини",
    "city": "Mariupol",
    "url": "https://www.instagram.com/explore/locations/105575470985735/-/"
  },
  {
    "id": "258711480",
    "name": "SPA-центр \"Адастра\"",
    "city": "Mariupol",
    "url": "https://www.instagram.com/explore/locations/258711480/spa-/"
  },
  {
    "id": "103876227828089",
    "name": "Теремок-Мариуполь Детский интернет-магазин",
    "city": "Mariupol",
    "url": "https://www.instagram.com/explore/locations/103876227828089/-/"
  },
  {
    "id": "1863831563927717",
    "name": "Beauty salon Valenti",
    "city": "Mariupol",
    "url": "https://www.instagram.com/explore/locations/1863831563927717/beauty-salon-valenti/"
  },
  {
    "id": "113016733673449",
    "name": "Фотостудия 4seasons",
    "city": "Mariupol",
    "url": "https://www.instagram.com/explore/locations/113016733673449/4seasons/"
  },
  {
    "id": "1011973415",
    "name": "Loft",
    "city": "Mariupol",
    "url": "https://www.instagram.com/explore/locations/1011973415/loft/"
  },
  {
    "id": "544699485976558",
    "name": "Spartak",
    "city": "Mariupol",
    "url": "https://www.instagram.com/explore/locations/544699485976558/spartak/"
  },
  {
    "id": "106745064046476",
    "name": "Марiуполь Пр.мира13",
    "city": "Mariupol",
    "url": "https://www.instagram.com/explore/locations/106745064046476/i-13/"
  },
  {
    "id": "100856182045107",
    "name": "Щастя на Театральнiй",
    "city": "Mariupol",
    "url": "https://www.instagram.com/explore/locations/100856182045107/i/"
  },
  {
    "id": "674191499371393",
    "name": "Sherwood, Mariupol",
    "city": "Mariupol",
    "url": "https://www.instagram.com/explore/locations/674191499371393/sherwood-mariupol/"
  },
  {
    "id": "2173956969400536",
    "name": "Pulse Fitstudio",
    "city": "Mariupol",
    "url": "https://www.instagram.com/explore/locations/2173956969400536/pulse-fitstudio/"
  },
  {
    "id": "112510490439809",
    "name": "kukla.beautyhouse",
    "city": "Mariupol",
    "url": "https://www.instagram.com/explore/locations/112510490439809/kuklabeautyhouse/"
  },
  {
    "id": "782093514",
    "name": "Yalta, Crimea",
    "city": "Mariupol",
    "url": "https://www.instagram.com/explore/locations/782093514/yalta-crimea/"
  },
  {
    "id": "327098044408037",
    "name": "Dva Giraffa Creative Space Креативное Пространство Два Жирафа",
    "city": "Mariupol",
    "url": "https://www.instagram.com/explore/locations/327098044408037/dva-giraffa-creative-space/"
  },
  {
    "id": "680455339021186",
    "name": "Aroma Kava",
    "city": "Mariupol",
    "url": "https://www.instagram.com/explore/locations/680455339021186/aroma-kava/"
  },
  {
    "id": "2062447727175072",
    "name": "Selfit",
    "city": "Mariupol",
    "url": "https://www.instagram.com/explore/locations/2062447727175072/selfit/"
  },
  {
    "id": "269275858",
    "name": "Пиццерия \"MammaMia\"",
    "city": "Mariupol",
    "url": "https://www.instagram.com/explore/locations/269275858/mammamia/"
  },
  {
    "id": "213890355650862",
    "name": "Saba Tattoo Studio",
    "city": "Mariupol",
    "url": "https://www.instagram.com/explore/locations/213890355650862/saba-tattoo-studio/"
  },
  {
    "id": "151688735297423",
    "name": "Lekontina Кондитерская",
    "city": "Mariupol",
    "url": "https://www.instagram.com/explore/locations/151688735297423/lekontina/"
  },
  {
    "id": "113982036683740",
    "name": "La Rochelle patisserie",
    "city": "Mariupol",
    "url": "https://www.instagram.com/explore/locations/113982036683740/la-rochelle-patisserie/"
  },
  {
    "id": "947943845",
    "name": "FC Mariupol",
    "city": "Mariupol",
    "url": "https://www.instagram.com/explore/locations/947943845/fc-mariupol/"
  },
  {
    "id": "100739361935640",
    "name": "U Beauty studio",
    "city": "Mariupol",
    "url": "https://www.instagram.com/explore/locations/100739361935640/u-beauty-studio/"
  },
  {
    "id": "1651360375165620",
    "name": "Mariupol Port",
    "city": "Mariupol",
    "url": "https://www.instagram.com/explore/locations/1651360375165620/mariupol-port/"
  },
  {
    "id": "108993885056696",
    "name": "Мариуполь - это Украина",
    "city": "Mariupol",
    "url": "https://www.instagram.com/explore/locations/108993885056696/-/"
  },
  {
    "id": "664511965",
    "name": "OkinawaСуши Бар",
    "city": "Mariupol",
    "url": "https://www.instagram.com/explore/locations/664511965/okinawa/"
  },
  {
    "id": "309382357",
    "name": "С.боевое Свято-Покровский Храм",
    "city": "Mariupol",
    "url": "https://www.instagram.com/explore/locations/309382357/-/"
  },
  {
    "id": "185873958910387",
    "name": "МГУ Экономико-правовой факультет",
    "city": "Mariupol",
    "url": "https://www.instagram.com/explore/locations/185873958910387/-/"
  },
  {
    "id": "1907146102882642",
    "name": "Boutique Prima Moda",
    "city": "Mariupol",
    "url": "https://www.instagram.com/explore/locations/1907146102882642/boutique-prima-moda/"
  },
  {
    "id": "100827748227809",
    "name": "newyorkstreetpizza_mariupol",
    "city": "Mariupol",
    "url": "https://www.instagram.com/explore/locations/100827748227809/newyorkstreetpizza_mariupol/"
  },
  {
    "id": "2019061258339505",
    "name": "Проспект Мира, 83",
    "city": "Mariupol",
    "url": "https://www.instagram.com/explore/locations/2019061258339505/83/"
  },
  {
    "id": "735163726648152",
    "name": "Waffle way",
    "city": "Mariupol",
    "url": "https://www.instagram.com/explore/locations/735163726648152/waffle-way/"
  },
  {
    "id": "1644442572541253",
    "name": "Bobosalon",
    "city": "Mariupol",
    "url": "https://www.instagram.com/explore/locations/1644442572541253/bobosalon/"
  },
  {
    "id": "1556067888021732",
    "name": "Роддом #3 Мариуполь",
    "city": "Mariupol",
    "url": "https://www.instagram.com/explore/locations/1556067888021732/3/"
  },
  {
    "id": "328929981358586",
    "name": "Lash Beauty",
    "city": "Mariupol",
    "url": "https://www.instagram.com/explore/locations/328929981358586/lash-beauty/"
  },
  {
    "id": "252562689006142",
    "name": "MonAmi",
    "city": "Mariupol",
    "url": "https://www.instagram.com/explore/locations/252562689006142/monami/"
  },
  {
    "id": "1211484392367573",
    "name": "The Dogz",
    "city": "Mariupol",
    "url": "https://www.instagram.com/explore/locations/1211484392367573/the-dogz/"
  },
  {
    "id": "310376326231202",
    "name": "Школа №65",
    "city": "Mariupol",
    "url": "https://www.instagram.com/explore/locations/310376326231202/no65/"
  },
  {
    "id": "102365161477762",
    "name": "WindLife wake park",
    "city": "Mariupol",
    "url": "https://www.instagram.com/explore/locations/102365161477762/windlife-wake-park/"
  },
  {
    "id": "990611431079398",
    "name": "МангалHouse",
    "city": "Mariupol",
    "url": "https://www.instagram.com/explore/locations/990611431079398/house/"
  },
  {
    "id": "988630813",
    "name": "iWay.com.ua",
    "city": "Mariupol",
    "url": "https://www.instagram.com/explore/locations/988630813/iwaycomua/"
  },
  {
    "id": "105784148255341",
    "name": "Кав'ярня Story",
    "city": "Mariupol",
    "url": "https://www.instagram.com/explore/locations/105784148255341/story/"
  },
  {
    "id": "291435044972178",
    "name": "Whiskey Tattoo club",
    "city": "Mariupol",
    "url": "https://www.instagram.com/explore/locations/291435044972178/whiskey-tattoo-club/"
  },
  {
    "id": "314958213",
    "name": "Кафе Golden",
    "city": "Mariupol",
    "url": "https://www.instagram.com/explore/locations/314958213/golden/"
  },
  {
    "id": "1374695009289403",
    "name": "Хостел JOY Мариуполь",
    "city": "Mariupol",
    "url": "https://www.instagram.com/explore/locations/1374695009289403/joy/"
  },
  {
    "id": "582100261",
    "name": "Hotel Reikartz Mariupol",
    "city": "Mariupol",
    "url": "https://www.instagram.com/explore/locations/582100261/hotel-reikartz-mariupol/"
  },
  {
    "id": "1830369020570251",
    "name": "Горящая Путевочка от Оникс-Тур",
    "city": "Mariupol",
    "url": "https://www.instagram.com/explore/locations/1830369020570251/-/"
  },
  {
    "id": "649840921806831",
    "name": "7 Goats",
    "city": "Mariupol",
    "url": "https://www.instagram.com/explore/locations/649840921806831/7-goats/"
  },
  {
    "id": "350689565582944",
    "name": "Frans Grill",
    "city": "Mariupol",
    "url": "https://www.instagram.com/explore/locations/350689565582944/frans-grill/"
  },
  {
    "id": "1791752590948269",
    "name": "Specialized School No.66",
    "city": "Mariupol",
    "url": "https://www.instagram.com/explore/locations/1791752590948269/specialized-school-no66/"
  },
  {
    "id": "1030257459",
    "name": "Kuindzhi Center of Contemporary Art",
    "city": "Mariupol",
    "url": "https://www.instagram.com/explore/locations/1030257459/kuindzhi-center-of-contemporary-art/"
  },
  {
    "id": "1120482234721344",
    "name": "Студия Красоты MIATA",
    "city": "Mariupol",
    "url": "https://www.instagram.com/explore/locations/1120482234721344/miata/"
  },
  {
    "id": "1272547702796551",
    "name": "Beauty Bar",
    "city": "Mariupol",
    "url": "https://www.instagram.com/explore/locations/1272547702796551/beauty-bar/"
  },
  {
    "id": "111303283703616",
    "name": "LENb",
    "city": "Mariupol",
    "url": "https://www.instagram.com/explore/locations/111303283703616/lenb/"
  },
  {
    "id": "1717508655213862",
    "name": "FRAM barbershop / ФРАМ барбершоп",
    "city": "Mariupol",
    "url": "https://www.instagram.com/explore/locations/1717508655213862/fram-barbershop/"
  },
  {
    "id": "1421254761219799",
    "name": "Sky Fit",
    "city": "Mariupol",
    "url": "https://www.instagram.com/explore/locations/1421254761219799/sky-fit/"
  },
  {
    "id": "163338717546118",
    "name": "Фитнес центр FIESTA",
    "city": "Mariupol",
    "url": "https://www.instagram.com/explore/locations/163338717546118/fiesta/"
  },
  {
    "id": "2345987355488817",
    "name": "BROCARD Ukraine",
    "city": "Mariupol",
    "url": "https://www.instagram.com/explore/locations/2345987355488817/brocard-ukraine/"
  },
  {
    "id": "820436551494812",
    "name": "Казанцева 22а",
    "city": "Mariupol",
    "url": "https://www.instagram.com/explore/locations/820436551494812/22/"
  },
  {
    "id": "101388281342890",
    "name": "Beetroot Hub",
    "city": "Mariupol",
    "url": "https://www.instagram.com/explore/locations/101388281342890/beetroot-hub/"
  },
  {
    "id": "25530512",
    "name": "Reikartz",
    "city": "Mariupol",
    "url": "https://www.instagram.com/explore/locations/25530512/reikartz/"
  },
  {
    "id": "1869680903144083",
    "name": "FARR Мариуполь",
    "city": "Mariupol",
    "url": "https://www.instagram.com/explore/locations/1869680903144083/farr/"
  },
  {
    "id": "1030208491",
    "name": "Студия Красоты Marina",
    "city": "Mariupol",
    "url": "https://www.instagram.com/explore/locations/1030208491/marina/"
  },
  {
    "id": "1919457531670241",
    "name": "Stone Рестобар",
    "city": "Mariupol",
    "url": "https://www.instagram.com/explore/locations/1919457531670241/stone/"
  },
  {
    "id": "141008950954589",
    "name": "Siberian legacy kennel",
    "city": "Mariupol",
    "url": "https://www.instagram.com/explore/locations/141008950954589/siberian-legacy-kennel/"
  },
  {
    "id": "304789470199091",
    "name": "FitPerfect_Mariupol",
    "city": "Mariupol",
    "url": "https://www.instagram.com/explore/locations/304789470199091/fitperfect_mariupol/"
  },
  {
    "id": "1366531360094869",
    "name": "Свiт чаю",
    "city": "Mariupol",
    "url": "https://www.instagram.com/explore/locations/1366531360094869/i/"
  },
  {
    "id": "159903764534540",
    "name": "Рейкарц-Мариуполь",
    "city": "Mariupol",
    "url": "https://www.instagram.com/explore/locations/159903764534540/-/"
  },
  {
    "id": "128913202245405",
    "name": "GARNA massage body sculpt",
    "city": "Mariupol",
    "url": "https://www.instagram.com/explore/locations/128913202245405/garna-massage-body-sculpt/"
  },
  {
    "id": "106629197610347",
    "name": "Вiкна НовіМарiуполь",
    "city": "Mariupol",
    "url": "https://www.instagram.com/explore/locations/106629197610347/i-i/"
  },
  {
    "id": "106057703196828",
    "name": "Workshop Beauty Studio",
    "city": "Mariupol",
    "url": "https://www.instagram.com/explore/locations/106057703196828/workshop-beauty-studio/"
  },
  {
    "id": "250502114",
    "name": "Мариуполь,Украина Металлургов,53",
    "city": "Mariupol",
    "url": "https://www.instagram.com/explore/locations/250502114/53/"
  },
  {
    "id": "554209102",
    "name": "Kalmius",
    "city": "Mariupol",
    "url": "https://www.instagram.com/explore/locations/554209102/kalmius/"
  },
  {
    "id": "912189463",
    "name": "Mariupol State University",
    "city": "Mariupol",
    "url": "https://www.instagram.com/explore/locations/912189463/mariupol-state-university/"
  },
  {
    "id": "958710377647333",
    "name": "Happiness Home Bakery",
    "city": "Mariupol",
    "url": "https://www.instagram.com/explore/locations/958710377647333/happiness-home-bakery/"
  },
  {
    "id": "238805418",
    "name": "Mafia",
    "city": "Mariupol",
    "url": "https://www.instagram.com/explore/locations/238805418/mafia/"
  },
  {
    "id": "134642443772786",
    "name": "MonocleBar",
    "city": "Mariupol",
    "url": "https://www.instagram.com/explore/locations/134642443772786/monoclebar/"
  },
  {
    "id": "789141017949252",
    "name": "Ногтевой Центр Iren",
    "city": "Mariupol",
    "url": "https://www.instagram.com/explore/locations/789141017949252/iren/"
  },
  {
    "id": "1827053360652434",
    "name": "Veterano Pizza Mariupol",
    "city": "Mariupol",
    "url": "https://www.instagram.com/explore/locations/1827053360652434/veterano-pizza-mariupol/"
  },
  {
    "id": "106956727475742",
    "name": "Starcoff",
    "city": "Mariupol",
    "url": "https://www.instagram.com/explore/locations/106956727475742/starcoff/"
  },
  {
    "id": "236868605",
    "name": "Hotel Spartak",
    "city": "Mariupol",
    "url": "https://www.instagram.com/explore/locations/236868605/hotel-spartak/"
  },
  {
    "id": "372765743099158",
    "name": "Фитнес центр \"Fly & Dance\"",
    "city": "Mariupol",
    "url": "https://www.instagram.com/explore/locations/372765743099158/fly-dance/"
  },
  {
    "id": "106163581414285",
    "name": "The 2nd floor",
    "city": "Mariupol",
    "url": "https://www.instagram.com/explore/locations/106163581414285/the-2nd-floor/"
  },
  {
    "id": "1767564656900004",
    "name": "Good Habit Tattoo Workshop",
    "city": "Mariupol",
    "url": "https://www.instagram.com/explore/locations/1767564656900004/good-habit-tattoo-workshop/"
  },
  {
    "id": "1022217594",
    "name": "Da Vinci",
    "city": "Mariupol",
    "url": "https://www.instagram.com/explore/locations/1022217594/da-vinci/"
  },
  {
    "id": "318833745219130",
    "name": "Join UP to travel Мариуполь",
    "city": "Mariupol",
    "url": "https://www.instagram.com/explore/locations/318833745219130/join-up-to-travel/"
  },
  {
    "id": "475424072946690",
    "name": "Школа № 3",
    "city": "Mariupol",
    "url": "https://www.instagram.com/explore/locations/475424072946690/no-3/"
  },
  {
    "id": "489114681466098",
    "name": "Veterano Coffee",
    "city": "Mariupol",
    "url": "https://www.instagram.com/explore/locations/489114681466098/veterano-coffee/"
  },
  {
    "id": "690579297967192",
    "name": "Hotel Europeyskay / Отель Европейская",
    "city": "Mariupol",
    "url": "https://www.instagram.com/explore/locations/690579297967192/hotel-europeyskay/"
  },
  {
    "id": "237378920054818",
    "name": "Школа 47 Мариуполь",
    "city": "Mariupol",
    "url": "https://www.instagram.com/explore/locations/237378920054818/47/"
  },
  {
    "id": "501673251",
    "name": "Комп‘ютерна Академія IT Step",
    "city": "Mariupol",
    "url": "https://www.instagram.com/explore/locations/501673251/it-step/"
  },
  {
    "id": "100198125191928",
    "name": "UNION Traditional Barbershop",
    "city": "Mariupol",
    "url": "https://www.instagram.com/explore/locations/100198125191928/union-traditional-barbershop/"
  },
  {
    "id": "490326794779422",
    "name": "O. S. Barbers",
    "city": "Mariupol",
    "url": "https://www.instagram.com/explore/locations/490326794779422/o-s-barbers/"
  },
  {
    "id": "105936031311812",
    "name": "Whiskey Tattoo club",
    "city": "Mariupol",
    "url": "https://www.instagram.com/explore/locations/105936031311812/whiskey-tattoo-club/"
  },
  {
    "id": "1024569872",
    "name": "SunTour",
    "city": "Mariupol",
    "url": "https://www.instagram.com/explore/locations/1024569872/suntour/"
  },
  {
    "id": "1024333100",
    "name": "Żdanow",
    "city": "Mariupol",
    "url": "https://www.instagram.com/explore/locations/1024333100/zdanow/"
  },
  {
    "id": "1876815262637205",
    "name": "Туристическое агентство в Мариуполе Vsesvit",
    "city": "Mariupol",
    "url": "https://www.instagram.com/explore/locations/1876815262637205/vsesvit/"
  },
  {
    "id": "108305933178719",
    "name": "Эко-Кафе \"Молоко\"",
    "city": "Mariupol",
    "url": "https://www.instagram.com/explore/locations/108305933178719/-/"
  },
  {
    "id": "260133814434659",
    "name": "My Sugar Dream",
    "city": "Mariupol",
    "url": "https://www.instagram.com/explore/locations/260133814434659/my-sugar-dream/"
  },
  {
    "id": "2043919665632873",
    "name": "EstelFlowers",
    "city": "Mariupol",
    "url": "https://www.instagram.com/explore/locations/2043919665632873/estelflowers/"
  },
  {
    "id": "1353743571335226",
    "name": "Voloshina_lashes",
    "city": "Mariupol",
    "url": "https://www.instagram.com/explore/locations/1353743571335226/voloshina_lashes/"
  },
  {
    "id": "822942964546597",
    "name": "Студия массажа SpaDoctor",
    "city": "Mariupol",
    "url": "https://www.instagram.com/explore/locations/822942964546597/spadoctor/"
  },
  {
    "id": "2083605251903486",
    "name": "Ас2 Мариуполь",
    "city": "Mariupol",
    "url": "https://www.instagram.com/explore/locations/2083605251903486/2/"
  },
  {
    "id": "1137616299675571",
    "name": "Sidreria",
    "city": "Mariupol",
    "url": "https://www.instagram.com/explore/locations/1137616299675571/sidreria/"
  },
  {
    "id": "260775325",
    "name": "Art Cafe",
    "city": "Mariupol",
    "url": "https://www.instagram.com/explore/locations/260775325/art-cafe/"
  },
  {
    "id": "103519131367372",
    "name": "Ukrain",
    "city": "Mariupol",
    "url": "https://www.instagram.com/explore/locations/103519131367372/ukrain/"
  },
  {
    "id": "1877315162513939",
    "name": "Interoptika",
    "city": "Mariupol",
    "url": "https://www.instagram.com/explore/locations/1877315162513939/interoptika/"
  },
  {
    "id": "1020381346",
    "name": "Профессиональная Школа танца \"DSF\"",
    "city": "Mariupol",
    "url": "https://www.instagram.com/explore/locations/1020381346/dsf/"
  },
  {
    "id": "230156694",
    "name": "Проспект - Центр, Мариуполь",
    "city": "Mariupol",
    "url": "https://www.instagram.com/explore/locations/230156694/-/"
  },
  {
    "id": "104051918120041",
    "name": "WS_Мировой Шопинг",
    "city": "Mariupol",
    "url": "https://www.instagram.com/explore/locations/104051918120041/ws_/"
  },
  {
    "id": "1936075956681711",
    "name": "TOP Cosmetics Мариуполь",
    "city": "Mariupol",
    "url": "https://www.instagram.com/explore/locations/1936075956681711/top-cosmetics/"
  },
  {
    "id": "357917014949233",
    "name": "Мост через Кальмиус (Пост-мост)",
    "city": "Mariupol",
    "url": "https://www.instagram.com/explore/locations/357917014949233/-/"
  },
  {
    "id": "141542259037053",
    "name": "Хмели-Сунели",
    "city": "Mariupol",
    "url": "https://www.instagram.com/explore/locations/141542259037053/-/"
  },
  {
    "id": "106800140944814",
    "name": "СТУДИЯ РЕАБИЛИТАЦИИ \"RE:MART\"",
    "city": "Mariupol",
    "url": "https://www.instagram.com/explore/locations/106800140944814/remart/"
  },
  {
    "id": "172666506975326",
    "name": "SHARK Barbershop",
    "city": "Mariupol",
    "url": "https://www.instagram.com/explore/locations/172666506975326/shark-barbershop/"
  },
  {
    "id": "200151183784126",
    "name": "Grytskevych Nail Studio",
    "city": "Mariupol",
    "url": "https://www.instagram.com/explore/locations/200151183784126/grytskevych-nail-studio/"
  },
  {
    "id": "380647472",
    "name": "Яхт-Клуб Азовсталь",
    "city": "Mariupol",
    "url": "https://www.instagram.com/explore/locations/380647472/-/"
  },
  {
    "id": "254494275208447",
    "name": "Yummy Eat",
    "city": "Mariupol",
    "url": "https://www.instagram.com/explore/locations/254494275208447/yummy-eat/"
  },
  {
    "id": "106009275236646",
    "name": "Black Horse Mrpl",
    "city": "Mariupol",
    "url": "https://www.instagram.com/explore/locations/106009275236646/black-horse-mrpl/"
  },
  {
    "id": "2138641003030144",
    "name": "Runway Restaurant",
    "city": "Mariupol",
    "url": "https://www.instagram.com/explore/locations/2138641003030144/runway-restaurant/"
  },
  {
    "id": "488198614921690",
    "name": "Проспект Мира 81",
    "city": "Mariupol",
    "url": "https://www.instagram.com/explore/locations/488198614921690/81/"
  },
  {
    "id": "108539224807872",
    "name": "Starcoff",
    "city": "Mariupol",
    "url": "https://www.instagram.com/explore/locations/108539224807872/starcoff/"
  },
  {
    "id": "109657787441149",
    "name": "Prestige Beer",
    "city": "Mariupol",
    "url": "https://www.instagram.com/explore/locations/109657787441149/prestige-beer/"
  },
  {
    "id": "2260300160898945",
    "name": "Iclub_mariupol",
    "city": "Mariupol",
    "url": "https://www.instagram.com/explore/locations/2260300160898945/iclub_mariupol/"
  },
  {
    "id": "1718112901536519",
    "name": "Микадо суши-бар",
    "city": "Mariupol",
    "url": "https://www.instagram.com/explore/locations/1718112901536519/-/"
  },
  {
    "id": "617261962",
    "name": "Akvatoria",
    "city": "Mariupol",
    "url": "https://www.instagram.com/explore/locations/617261962/akvatoria/"
  },
  {
    "id": "360264021167687",
    "name": "Мариуполь \"Поехали с намицентр - Соборная 1",
    "city": "Mariupol",
    "url": "https://www.instagram.com/explore/locations/360264021167687/-1/"
  },
  {
    "id": "579946085761866",
    "name": "Berezka",
    "city": "Mariupol",
    "url": "https://www.instagram.com/explore/locations/579946085761866/berezka/"
  },
  {
    "id": "1229946740488231",
    "name": "BLISS beauty house",
    "city": "Mariupol",
    "url": "https://www.instagram.com/explore/locations/1229946740488231/bliss-beauty-house/"
  },
  {
    "id": "113919940403991",
    "name": "Маріупольська загальноосвітня школа_25",
    "city": "Mariupol",
    "url": "https://www.instagram.com/explore/locations/113919940403991/_25/"
  },
  {
    "id": "870958416599632",
    "name": "Mari Hotel",
    "city": "Mariupol",
    "url": "https://www.instagram.com/explore/locations/870958416599632/mari-hotel/"
  },
  {
    "id": "374751453229179",
    "name": "Бутик Цветов BELLE",
    "city": "Mariupol",
    "url": "https://www.instagram.com/explore/locations/374751453229179/belle/"
  },
  {
    "id": "1143501779073505",
    "name": "La Roshel",
    "city": "Mariupol",
    "url": "https://www.instagram.com/explore/locations/1143501779073505/la-roshel/"
  },
  {
    "id": "1910126729229636",
    "name": "Фирменный магазин парфюмерии и биокосметики Dzintars",
    "city": "Mariupol",
    "url": "https://www.instagram.com/explore/locations/1910126729229636/dzintars/"
  },
  {
    "id": "2185264641745624",
    "name": "ПГТУ 9 корпусИнститут Экономики и Менеджмента",
    "city": "Mariupol",
    "url": "https://www.instagram.com/explore/locations/2185264641745624/9/"
  },
  {
    "id": "353452331781436",
    "name": "Мариупольская гимназия №2",
    "city": "Mariupol",
    "url": "https://www.instagram.com/explore/locations/353452331781436/no2/"
  },
  {
    "id": "1760722867494089",
    "name": "Happiness HOME Bakery",
    "city": "Mariupol",
    "url": "https://www.instagram.com/explore/locations/1760722867494089/happiness-home-bakery/"
  },
  {
    "id": "600554610452179",
    "name": "Oxford Camp англійський денний табір",
    "city": "Mariupol",
    "url": "https://www.instagram.com/explore/locations/600554610452179/oxford-camp/"
  },
  {
    "id": "104123944755758",
    "name": "TK.promo44",
    "city": "Mariupol",
    "url": "https://www.instagram.com/explore/locations/104123944755758/tkpromo44/"
  },
  {
    "id": "312514495276478",
    "name": "Ресторан Mersibo",
    "city": "Mariupol",
    "url": "https://www.instagram.com/explore/locations/312514495276478/mersibo/"
  },
  {
    "id": "2357164784307490",
    "name": "Студия танцев Enamorados: бачата, зук, кизомба, сальса",
    "city": "Mariupol",
    "url": "https://www.instagram.com/explore/locations/2357164784307490/enamorados/"
  },
  {
    "id": "236557762",
    "name": "El Gusto",
    "city": "Mariupol",
    "url": "https://www.instagram.com/explore/locations/236557762/el-gusto/"
  },
  {
    "id": "303125730",
    "name": "Orange Plus",
    "city": "Mariupol",
    "url": "https://www.instagram.com/explore/locations/303125730/orange-plus/"
  },
  {
    "id": "170204953443451",
    "name": "Школа-Студия \"10 Пальцев\"",
    "city": "Mariupol",
    "url": "https://www.instagram.com/explore/locations/170204953443451/-10/"
  },
  {
    "id": "1969809733266880",
    "name": "Студия Красоты Marina",
    "city": "Mariupol",
    "url": "https://www.instagram.com/explore/locations/1969809733266880/marina/"
  },
  {
    "id": "1935298196549664",
    "name": "Артема 48",
    "city": "Mariupol",
    "url": "https://www.instagram.com/explore/locations/1935298196549664/48/"
  },
  {
    "id": "17227510",
    "name": "Steak House",
    "city": "Mariupol",
    "url": "https://www.instagram.com/explore/locations/17227510/steak-house/"
  },
  {
    "id": "325748416",
    "name": "Мариуполь пр.Ленина 71/А",
    "city": "Mariupol",
    "url": "https://www.instagram.com/explore/locations/325748416/71/"
  },
  {
    "id": "719959401380329",
    "name": "Save Mariupol, Ukraine - Спасти Мариуполь",
    "city": "Mariupol",
    "url": "https://www.instagram.com/explore/locations/719959401380329/save-mariupol-ukraine-/"
  },
  {
    "id": "321112741746290",
    "name": "Фитнес-кафе \"ZeroМариупол",
    "city": "Mariupol",
    "url": "https://www.instagram.com/explore/locations/321112741746290/-zero/"
  },
  {
    "id": "123578048230463",
    "name": "Парк-Ресторан ДАЧА \"",
    "city": "Mariupol",
    "url": "https://www.instagram.com/explore/locations/123578048230463/-/"
  },
  {
    "id": "2402635066449598",
    "name": "Beauty Center Oriflame",
    "city": "Mariupol",
    "url": "https://www.instagram.com/explore/locations/2402635066449598/beauty-center-oriflame/"
  },
  {
    "id": "254702944",
    "name": "Русский Драматический Театр - г. Мариуполь",
    "city": "Mariupol",
    "url": "https://www.instagram.com/explore/locations/254702944/-/"
  },
  {
    "id": "1325599117578856",
    "name": "brabrabra",
    "city": "Mariupol",
    "url": "https://www.instagram.com/explore/locations/1325599117578856/brabrabra/"
  },
  {
    "id": "142254752470479",
    "name": "Sportkompleks Illichivets",
    "city": "Mariupol",
    "url": "https://www.instagram.com/explore/locations/142254752470479/sportkompleks-illichivets/"
  },
  {
    "id": "2755956287778107",
    "name": "Крила Food Light",
    "city": "Mariupol",
    "url": "https://www.instagram.com/explore/locations/2755956287778107/food-light/"
  },
  {
    "id": "112280596801575",
    "name": "Gentlemen's club \"Freeman\"",
    "city": "Mariupol",
    "url": "https://www.instagram.com/explore/locations/112280596801575/gentlemens-club-freeman/"
  },
  {
    "id": "108163631084244",
    "name": "Эль-Кана",
    "city": "Mariupol",
    "url": "https://www.instagram.com/explore/locations/108163631084244/-/"
  },
  {
    "id": "311506619357829",
    "name": "Бутик \"Victor&Victoria\"",
    "city": "Mariupol",
    "url": "https://www.instagram.com/explore/locations/311506619357829/victorvictoria/"
  },
  {
    "id": "1338199416194210",
    "name": "Магазин \"Омикс-Агро\"",
    "city": "Mariupol",
    "url": "https://www.instagram.com/explore/locations/1338199416194210/-/"
  },
  {
    "id": "1013663348715376",
    "name": "Кафе Idea",
    "city": "Mariupol",
    "url": "https://www.instagram.com/explore/locations/1013663348715376/idea/"
  },
  {
    "id": "104178058787027",
    "name": "Jager Point Bar",
    "city": "Mariupol",
    "url": "https://www.instagram.com/explore/locations/104178058787027/jager-point-bar/"
  },
  {
    "id": "278520029324235",
    "name": "Кофейня \"Rit Rit\"",
    "city": "Mariupol",
    "url": "https://www.instagram.com/explore/locations/278520029324235/rit-rit/"
  },
  {
    "id": "1940491512919465",
    "name": "Стадион ОШ 65",
    "city": "Mariupol",
    "url": "https://www.instagram.com/explore/locations/1940491512919465/65/"
  },
  {
    "id": "1020804737",
    "name": "SmartLand",
    "city": "Mariupol",
    "url": "https://www.instagram.com/explore/locations/1020804737/smartland/"
  },
  {
    "id": "1730988370529893",
    "name": "3D PRINTStudio",
    "city": "Mariupol",
    "url": "https://www.instagram.com/explore/locations/1730988370529893/3d-printstudio/"
  },
  {
    "id": "1029555803",
    "name": "Brands Outlet Mariupol",
    "city": "Mariupol",
    "url": "https://www.instagram.com/explore/locations/1029555803/brands-outlet-mariupol/"
  },
  {
    "id": "167701333657009",
    "name": "Brothers Beer #пиворыба",
    "city": "Mariupol",
    "url": "https://www.instagram.com/explore/locations/167701333657009/brothers-beer/"
  },
  {
    "id": "242545676543308",
    "name": "Георгиевская 53",
    "city": "Mariupol",
    "url": "https://www.instagram.com/explore/locations/242545676543308/53/"
  },
  {
    "id": "670581496689237",
    "name": "Yummy",
    "city": "Mariupol",
    "url": "https://www.instagram.com/explore/locations/670581496689237/yummy/"
  },
  {
    "id": "1139570456146777",
    "name": "Мариуполь Проспект Мира, 92",
    "city": "Mariupol",
    "url": "https://www.instagram.com/explore/locations/1139570456146777/92/"
  },
  {
    "id": "386792595443174",
    "name": "ГБ 3 г. Мариуполь",
    "city": "Mariupol",
    "url": "https://www.instagram.com/explore/locations/386792595443174/3/"
  },
  {
    "id": "2276747475915590",
    "name": "Salute",
    "city": "Mariupol",
    "url": "https://www.instagram.com/explore/locations/2276747475915590/salute/"
  },
  {
    "id": "290662388451705",
    "name": "Kolibri_2012",
    "city": "Mariupol",
    "url": "https://www.instagram.com/explore/locations/290662388451705/kolibri_2012/"
  },
  {
    "id": "316489372357973",
    "name": "Загальноосвітня школа І-ІІІ ст. 9",
    "city": "Mariupol",
    "url": "https://www.instagram.com/explore/locations/316489372357973/-9/"
  },
  {
    "id": "556719231464829",
    "name": "Площадь Воинов-Освободителей",
    "city": "Mariupol",
    "url": "https://www.instagram.com/explore/locations/556719231464829/-/"
  },
  {
    "id": "103385768051043",
    "name": "Морестель - Салон-магазин верхней одежды",
    "city": "Mariupol",
    "url": "https://www.instagram.com/explore/locations/103385768051043/-/"
  },
  {
    "id": "113137626795345",
    "name": "Belliza Wedding Dress",
    "city": "Mariupol",
    "url": "https://www.instagram.com/explore/locations/113137626795345/belliza-wedding-dress/"
  },
  {
    "id": "633277910162659",
    "name": "Антикафе JOY",
    "city": "Mariupol",
    "url": "https://www.instagram.com/explore/locations/633277910162659/joy/"
  },
  {
    "id": "921787251328198",
    "name": "MY CLOUD VapeShop&Lounge",
    "city": "Mariupol",
    "url": "https://www.instagram.com/explore/locations/921787251328198/my-cloud-vapeshoplounge/"
  },
  {
    "id": "966698370181280",
    "name": "Йога-Клуб Мята",
    "city": "Mariupol",
    "url": "https://www.instagram.com/explore/locations/966698370181280/-/"
  },
  {
    "id": "1034098847",
    "name": "Nice Cafe",
    "city": "Mariupol",
    "url": "https://www.instagram.com/explore/locations/1034098847/nice-cafe/"
  },
  {
    "id": "1254814734671576",
    "name": "Пр.нахимова 178 Студия Красоты Карины Ахметовой",
    "city": "Mariupol",
    "url": "https://www.instagram.com/explore/locations/1254814734671576/178/"
  },
  {
    "id": "2206850219376001",
    "name": "YT-Studio",
    "city": "Mariupol",
    "url": "https://www.instagram.com/explore/locations/2206850219376001/yt-studio/"
  },
  {
    "id": "102386658599932",
    "name": "Flowershop.Mariupol_NEW",
    "city": "Mariupol",
    "url": "https://www.instagram.com/explore/locations/102386658599932/flowershopmariupol_new/"
  },
  {
    "id": "2203430773237606",
    "name": "Пицца Royal шаурма",
    "city": "Mariupol",
    "url": "https://www.instagram.com/explore/locations/2203430773237606/royal/"
  },
  {
    "id": "582017695288117",
    "name": "Мариуполь,ул.соборная,9",
    "city": "Mariupol",
    "url": "https://www.instagram.com/explore/locations/582017695288117/9/"
  },
  {
    "id": "606659656392140",
    "name": "Skyfit Fitness Studio",
    "city": "Mariupol",
    "url": "https://www.instagram.com/explore/locations/606659656392140/skyfit-fitness-studio/"
  },
  {
    "id": "155050025194294",
    "name": "Formaggio Resto-Club",
    "city": "Mariupol",
    "url": "https://www.instagram.com/explore/locations/155050025194294/formaggio-resto-club/"
  },
  {
    "id": "135297943907860",
    "name": "Фотостудия Photoland",
    "city": "Mariupol",
    "url": "https://www.instagram.com/explore/locations/135297943907860/photoland/"
  },
  {
    "id": "1584046505008738",
    "name": "Мариуполь Просп.строителей,114",
    "city": "Mariupol",
    "url": "https://www.instagram.com/explore/locations/1584046505008738/114/"
  },
  {
    "id": "101660435270625",
    "name": "17-й ЖМР, Мариуполь",
    "city": "Mariupol",
    "url": "https://www.instagram.com/explore/locations/101660435270625/17-/"
  },
  {
    "id": "100399389131118",
    "name": "Evo Game",
    "city": "Mariupol",
    "url": "https://www.instagram.com/explore/locations/100399389131118/evo-game/"
  },
  {
    "id": "1659672887462018",
    "name": "ПГТУкорпус 1. Итальянская, 115",
    "city": "Mariupol",
    "url": "https://www.instagram.com/explore/locations/1659672887462018/1-115/"
  },
  {
    "id": "2182448548677069",
    "name": "Maximus - Фитнес клуб",
    "city": "Mariupol",
    "url": "https://www.instagram.com/explore/locations/2182448548677069/maximus-/"
  },
  {
    "id": "227514871527114",
    "name": "It-camp Маріуполь",
    "city": "Mariupol",
    "url": "https://www.instagram.com/explore/locations/227514871527114/it-camp/"
  },
  {
    "id": "205632372868209",
    "name": "Новини - Донбас 24",
    "city": "Mariupol",
    "url": "https://www.instagram.com/explore/locations/205632372868209/-24/"
  },
  {
    "id": "108021541082052",
    "name": "vs_pink_mrpl",
    "city": "Mariupol",
    "url": "https://www.instagram.com/explore/locations/108021541082052/vs_pink_mrpl/"
  },
  {
    "id": "101115477936499",
    "name": "Lviv Croissants",
    "city": "Mariupol",
    "url": "https://www.instagram.com/explore/locations/101115477936499/lviv-croissants/"
  },
  {
    "id": "238066103",
    "name": "NightLight FM",
    "city": "Mariupol",
    "url": "https://www.instagram.com/explore/locations/238066103/nightlight-fm/"
  },
  {
    "id": "419151508613380",
    "name": "Dark Corner Tattoo Collective",
    "city": "Mariupol",
    "url": "https://www.instagram.com/explore/locations/419151508613380/dark-corner-tattoo-collective/"
  },
  {
    "id": "341789633296491",
    "name": "Oxford English Center",
    "city": "Mariupol",
    "url": "https://www.instagram.com/explore/locations/341789633296491/oxford-english-center/"
  },
  {
    "id": "190314968248857",
    "name": "Barbershop Borodach",
    "city": "Mariupol",
    "url": "https://www.instagram.com/explore/locations/190314968248857/barbershop-borodach/"
  },
  {
    "id": "113644372424745",
    "name": "Мариуполь, Пр.металлургов, 58",
    "city": "Mariupol",
    "url": "https://www.instagram.com/explore/locations/113644372424745/58/"
  },
  {
    "id": "113082840350202",
    "name": "Александро-Невский храм, г. Мариуполь",
    "city": "Mariupol",
    "url": "https://www.instagram.com/explore/locations/113082840350202/-/"
  },
  {
    "id": "1777773099107030",
    "name": "Ulankina Make-Up",
    "city": "Mariupol",
    "url": "https://www.instagram.com/explore/locations/1777773099107030/ulankina-make-up/"
  },
  {
    "id": "1496235113738389",
    "name": "TRINITY.Технологии третьего тысячелетия.",
    "city": "Mariupol",
    "url": "https://www.instagram.com/explore/locations/1496235113738389/trinity/"
  },
  {
    "id": "187311722158501",
    "name": "Pre party&After partyDeMarino",
    "city": "Mariupol",
    "url": "https://www.instagram.com/explore/locations/187311722158501/pre-partyafter-partydemarino/"
  },
  {
    "id": "485851135490696",
    "name": "smilebar_mariupol",
    "city": "Mariupol",
    "url": "https://www.instagram.com/explore/locations/485851135490696/smilebar_mariupol/"
  },
  {
    "id": "112342656021396",
    "name": "Illstudio",
    "city": "Mariupol",
    "url": "https://www.instagram.com/explore/locations/112342656021396/illstudio/"
  },
  {
    "id": "1853045174750993",
    "name": "Бизнес-центр на Громовой",
    "city": "Mariupol",
    "url": "https://www.instagram.com/explore/locations/1853045174750993/-/"
  },
  {
    "id": "1522094684561960",
    "name": "M·Sport",
    "city": "Mariupol",
    "url": "https://www.instagram.com/explore/locations/1522094684561960/msport/"
  },
  {
    "id": "1321879551200359",
    "name": "Zahody",
    "city": "Mariupol",
    "url": "https://www.instagram.com/explore/locations/1321879551200359/zahody/"
  },
  {
    "id": "1646721102207782",
    "name": "Сервисный центр \"OK-Service\"",
    "city": "Mariupol",
    "url": "https://www.instagram.com/explore/locations/1646721102207782/ok-service/"
  },
  {
    "id": "503624190137096",
    "name": "İstanbul Kafe Mariupol",
    "city": "Mariupol",
    "url": "https://www.instagram.com/explore/locations/503624190137096/istanbul-kafe-mariupol/"
  },
  {
    "id": "192654661355884",
    "name": "Kafe \"MARY DJUS\"�",
    "city": "Mariupol",
    "url": "https://www.instagram.com/explore/locations/192654661355884/kafe-mary-djus/"
  },
  {
    "id": "636997133125853",
    "name": "Автостанция 2",
    "city": "Mariupol",
    "url": "https://www.instagram.com/explore/locations/636997133125853/2/"
  },
  {
    "id": "552235288312384",
    "name": "Travel House \"Marco Polo\", Турагентство Марко Поло Мариуполь",
    "city": "Mariupol",
    "url": "https://www.instagram.com/explore/locations/552235288312384/travel-house-marco-polo/"
  },
  {
    "id": "347332215935271",
    "name": "dododo",
    "city": "Mariupol",
    "url": "https://www.instagram.com/explore/locations/347332215935271/dododo/"
  },
  {
    "id": "101781444515733",
    "name": "Театромания Мариуполь - Theatromania Mariupol",
    "city": "Mariupol",
    "url": "https://www.instagram.com/explore/locations/101781444515733/-theatromania-mariupol/"
  },
  {
    "id": "1711318269151160",
    "name": "Зелинского 33",
    "city": "Mariupol",
    "url": "https://www.instagram.com/explore/locations/1711318269151160/33/"
  },
  {
    "id": "483071359106026",
    "name": "Joker Tattoo Studio",
    "city": "Mariupol",
    "url": "https://www.instagram.com/explore/locations/483071359106026/joker-tattoo-studio/"
  },
  {
    "id": "2253016651600617",
    "name": "Сільпо / Silpo",
    "city": "Mariupol",
    "url": "https://www.instagram.com/explore/locations/2253016651600617/silpo/"
  },
  {
    "id": "2200963463522675",
    "name": "Mariupol City Lyceum",
    "city": "Mariupol",
    "url": "https://www.instagram.com/explore/locations/2200963463522675/mariupol-city-lyceum/"
  },
  {
    "id": "488275431655115",
    "name": "Voloshina Lashes",
    "city": "Mariupol",
    "url": "https://www.instagram.com/explore/locations/488275431655115/voloshina-lashes/"
  },
  {
    "id": "223122238169668",
    "name": "Мариуполь Проспект Нахимова Д.105",
    "city": "Mariupol",
    "url": "https://www.instagram.com/explore/locations/223122238169668/105/"
  },
  {
    "id": "327377954580020",
    "name": "Newcafe",
    "city": "Mariupol",
    "url": "https://www.instagram.com/explore/locations/327377954580020/newcafe/"
  },
  {
    "id": "298153894070132",
    "name": "Oda",
    "city": "Mariupol",
    "url": "https://www.instagram.com/explore/locations/298153894070132/oda/"
  },
  {
    "id": "196991194398425",
    "name": "Перша театральна школа-студія м.Маріуполь",
    "city": "Mariupol",
    "url": "https://www.instagram.com/explore/locations/196991194398425/-/"
  },
  {
    "id": "20872787",
    "name": "White Cafe",
    "city": "Mariupol",
    "url": "https://www.instagram.com/explore/locations/20872787/white-cafe/"
  },
  {
    "id": "2026744624039680",
    "name": "7 Школа Мариуполь",
    "city": "Mariupol",
    "url": "https://www.instagram.com/explore/locations/2026744624039680/7/"
  },
  {
    "id": "1881038045314617",
    "name": "Royal Pizza",
    "city": "Mariupol",
    "url": "https://www.instagram.com/explore/locations/1881038045314617/royal-pizza/"
  },
  {
    "id": "177954722927798",
    "name": "Студия Красоты Beauty Time \"",
    "city": "Mariupol",
    "url": "https://www.instagram.com/explore/locations/177954722927798/beauty-time/"
  },
  {
    "id": "916843051820417",
    "name": "Бьюти пространство The Space",
    "city": "Mariupol",
    "url": "https://www.instagram.com/explore/locations/916843051820417/the-space/"
  },
  {
    "id": "423172327775219",
    "name": "Oxford Ukraine английский центр",
    "city": "Mariupol",
    "url": "https://www.instagram.com/explore/locations/423172327775219/oxford-ukraine/"
  },
  {
    "id": "403249063341218",
    "name": "Мариуполь, Соборная, 3",
    "city": "Mariupol",
    "url": "https://www.instagram.com/explore/locations/403249063341218/3/"
  },
  {
    "id": "158103074774055",
    "name": "Амстор АС2",
    "city": "Mariupol",
    "url": "https://www.instagram.com/explore/locations/158103074774055/2/"
  },
  {
    "id": "104915948382396",
    "name": "VS PINK MRPL",
    "city": "Mariupol",
    "url": "https://www.instagram.com/explore/locations/104915948382396/vs-pink-mrpl/"
  },
  {
    "id": "1043515132462273",
    "name": "Waffle Way Bar",
    "city": "Mariupol",
    "url": "https://www.instagram.com/explore/locations/1043515132462273/waffle-way-bar/"
  },
  {
    "id": "300040127595196",
    "name": "VecoBike",
    "city": "Mariupol",
    "url": "https://www.instagram.com/explore/locations/300040127595196/vecobike/"
  },
  {
    "id": "270807223330603",
    "name": "Art Room Studio",
    "city": "Mariupol",
    "url": "https://www.instagram.com/explore/locations/270807223330603/art-room-studio/"
  },
  {
    "id": "1671958799563078",
    "name": "ЦПМСД 3 г. Мариуполя",
    "city": "Mariupol",
    "url": "https://www.instagram.com/explore/locations/1671958799563078/3/"
  },
  {
    "id": "1674498492877853",
    "name": "vecherka.news",
    "city": "Mariupol",
    "url": "https://www.instagram.com/explore/locations/1674498492877853/vecherkanews/"
  },
  {
    "id": "1982770695284584",
    "name": "Кафе Jerusalem",
    "city": "Mariupol",
    "url": "https://www.instagram.com/explore/locations/1982770695284584/jerusalem/"
  },
  {
    "id": "190867934856080",
    "name": "Школа-клуб английского языка \"Биг Бен\"",
    "city": "Mariupol",
    "url": "https://www.instagram.com/explore/locations/190867934856080/-/"
  },
  {
    "id": "107665401786865",
    "name": "Bonbon beauty",
    "city": "Mariupol",
    "url": "https://www.instagram.com/explore/locations/107665401786865/bonbon-beauty/"
  },
  {
    "id": "1019771221",
    "name": "Kaffeine",
    "city": "Mariupol",
    "url": "https://www.instagram.com/explore/locations/1019771221/kaffeine/"
  },
  {
    "id": "105346277866364",
    "name": "Borodach Barbershop / Бородач Барбершоп - пр. Мира 45",
    "city": "Mariupol",
    "url": "https://www.instagram.com/explore/locations/105346277866364/borodach-barbershop-45/"
  },
  {
    "id": "101571571482453",
    "name": "Sportmax.Mrpl",
    "city": "Mariupol",
    "url": "https://www.instagram.com/explore/locations/101571571482453/sportmaxmrpl/"
  },
  {
    "id": "1829977853921786",
    "name": "Absolut_beauty_salon",
    "city": "Mariupol",
    "url": "https://www.instagram.com/explore/locations/1829977853921786/absolut_beauty_salon/"
  },
  {
    "id": "2343915618969761",
    "name": "Ви- Марко",
    "city": "Mariupol",
    "url": "https://www.instagram.com/explore/locations/2343915618969761/-/"
  },
  {
    "id": "475180396016595",
    "name": "Школа-Студия Десять Пальцев",
    "city": "Mariupol",
    "url": "https://www.instagram.com/explore/locations/475180396016595/-/"
  },
  {
    "id": "110945560285268",
    "name": "ISchool Мариуполь - школа программирования",
    "city": "Mariupol",
    "url": "https://www.instagram.com/explore/locations/110945560285268/ischool-/"
  },
  {
    "id": "1790289464633894",
    "name": "Центр Обслуживания Idoctor",
    "city": "Mariupol",
    "url": "https://www.instagram.com/explore/locations/1790289464633894/idoctor/"
  },
  {
    "id": "433178050565892",
    "name": "Evogam",
    "city": "Mariupol",
    "url": "https://www.instagram.com/explore/locations/433178050565892/evogam/"
  },
  {
    "id": "1000136586836417",
    "name": "Pole dance «Cherry dance studio»",
    "city": "Mariupol",
    "url": "https://www.instagram.com/explore/locations/1000136586836417/pole-dance-cherry-dance-studio/"
  },
  {
    "id": "103874364360110",
    "name": "Клуб спортивного покера Vegas г. Мариуполь",
    "city": "Mariupol",
    "url": "https://www.instagram.com/explore/locations/103874364360110/vegas/"
  },
  {
    "id": "1857685494349572",
    "name": "Paris",
    "city": "Mariupol",
    "url": "https://www.instagram.com/explore/locations/1857685494349572/paris/"
  },
  {
    "id": "1133910389965040",
    "name": "Woodlab Mariupol- Креативные Подарки, Декор, Мебель",
    "city": "Mariupol",
    "url": "https://www.instagram.com/explore/locations/1133910389965040/woodlab-mariupol-/"
  },
  {
    "id": "2061771310764621",
    "name": "Турагентство \"ANEX TOURМариуполь",
    "city": "Mariupol",
    "url": "https://www.instagram.com/explore/locations/2061771310764621/anex-tour/"
  },
  {
    "id": "1672475666379742",
    "name": "Студия Красоты Victoria",
    "city": "Mariupol",
    "url": "https://www.instagram.com/explore/locations/1672475666379742/victoria/"
  },
  {
    "id": "127607298026145",
    "name": "Smart Land",
    "city": "Mariupol",
    "url": "https://www.instagram.com/explore/locations/127607298026145/smart-land/"
  },
  {
    "id": "2114088588919964",
    "name": "Бахчиванджи 11",
    "city": "Mariupol",
    "url": "https://www.instagram.com/explore/locations/2114088588919964/11/"
  },
  {
    "id": "1695391880521611",
    "name": "Rainbow_cafe",
    "city": "Mariupol",
    "url": "https://www.instagram.com/explore/locations/1695391880521611/rainbow_cafe/"
  },
  {
    "id": "417322942149626",
    "name": "Спеціалізована школа І-ІІІ ст. 3",
    "city": "Mariupol",
    "url": "https://www.instagram.com/explore/locations/417322942149626/-3/"
  },
  {
    "id": "2225720147441228",
    "name": "Be First Fitness",
    "city": "Mariupol",
    "url": "https://www.instagram.com/explore/locations/2225720147441228/be-first-fitness/"
  },
  {
    "id": "727732317628187",
    "name": "Black Bull Burger House",
    "city": "Mariupol",
    "url": "https://www.instagram.com/explore/locations/727732317628187/black-bull-burger-house/"
  },
  {
    "id": "114202252381545",
    "name": "Мариуполь. Пр.металлургов, 56 Офис Avon",
    "city": "Mariupol",
    "url": "https://www.instagram.com/explore/locations/114202252381545/56-avon/"
  },
  {
    "id": "1828294624095933",
    "name": "Детский сад 110 г. Мариуполь",
    "city": "Mariupol",
    "url": "https://www.instagram.com/explore/locations/1828294624095933/110/"
  },
  {
    "id": "1923575417721189",
    "name": "La Reina flowers Mariupol",
    "city": "Mariupol",
    "url": "https://www.instagram.com/explore/locations/1923575417721189/la-reina-flowers-mariupol/"
  },
  {
    "id": "554478343",
    "name": "Мариуполь Левченко, 1",
    "city": "Mariupol",
    "url": "https://www.instagram.com/explore/locations/554478343/1/"
  },
  {
    "id": "102738048696212",
    "name": "Duty Free",
    "city": "Mariupol",
    "url": "https://www.instagram.com/explore/locations/102738048696212/duty-free/"
  },
  {
    "id": "131137884233365",
    "name": "7 Goats",
    "city": "Mariupol",
    "url": "https://www.instagram.com/explore/locations/131137884233365/7-goats/"
  },
  {
    "id": "120189578639950",
    "name": "36 Школа Мариуполь",
    "city": "Mariupol",
    "url": "https://www.instagram.com/explore/locations/120189578639950/36/"
  },
  {
    "id": "100871725185533",
    "name": "Мариуполь, Проспект Мира 108",
    "city": "Mariupol",
    "url": "https://www.instagram.com/explore/locations/100871725185533/108/"
  },
  {
    "id": "114799649914848",
    "name": "Проспект Мира 94",
    "city": "Mariupol",
    "url": "https://www.instagram.com/explore/locations/114799649914848/94/"
  },
  {
    "id": "168778116979676",
    "name": "Пироговая #1 Мариуполь",
    "city": "Mariupol",
    "url": "https://www.instagram.com/explore/locations/168778116979676/1/"
  },
  {
    "id": "2006919162721366",
    "name": "Dnipro-MЭлектроинструмент Мариуполь",
    "city": "Mariupol",
    "url": "https://www.instagram.com/explore/locations/2006919162721366/dnipro-m/"
  },
  {
    "id": "255886631787954",
    "name": "Reikartz",
    "city": "Mariupol",
    "url": "https://www.instagram.com/explore/locations/255886631787954/reikartz/"
  },
  {
    "id": "1030781664",
    "name": "Massage Clinic Mariupol Мариуполь",
    "city": "Mariupol",
    "url": "https://www.instagram.com/explore/locations/1030781664/massage-clinic-mariupol/"
  },
  {
    "id": "1527960230664451",
    "name": "ARENA",
    "city": "Mariupol",
    "url": "https://www.instagram.com/explore/locations/1527960230664451/arena/"
  },
  {
    "id": "1672131959493820",
    "name": "Паровоз Vape Shop 2 Обжора",
    "city": "Mariupol",
    "url": "https://www.instagram.com/explore/locations/1672131959493820/vape-shop-2/"
  },
  {
    "id": "102681032219978",
    "name": "Mariupol International Boat Show",
    "city": "Mariupol",
    "url": "https://www.instagram.com/explore/locations/102681032219978/mariupol-international-boat-show/"
  },
  {
    "id": "863008127156240",
    "name": "Whiskey Tattoo club",
    "city": "Mariupol",
    "url": "https://www.instagram.com/explore/locations/863008127156240/whiskey-tattoo-club/"
  },
  {
    "id": "103331124403851",
    "name": "Салон красоты \"Solo cosmetic\"",
    "city": "Mariupol",
    "url": "https://www.instagram.com/explore/locations/103331124403851/solo-cosmetic/"
  },
  {
    "id": "2282729002003422",
    "name": "Egoist",
    "city": "Mariupol",
    "url": "https://www.instagram.com/explore/locations/2282729002003422/egoist/"
  },
  {
    "id": "276805376084138",
    "name": "Notes&Paper",
    "city": "Mariupol",
    "url": "https://www.instagram.com/explore/locations/276805376084138/notespaper/"
  },
  {
    "id": "2099578653476500",
    "name": "Пр-т Металлургов, 60",
    "city": "Mariupol",
    "url": "https://www.instagram.com/explore/locations/2099578653476500/-60/"
  },
  {
    "id": "1907220469581666",
    "name": "Пікнік / Пикник / Picnic",
    "city": "Mariupol",
    "url": "https://www.instagram.com/explore/locations/1907220469581666/picnic/"
  },
  {
    "id": "931064667045701",
    "name": "Runway ЦУМ",
    "city": "Mariupol",
    "url": "https://www.instagram.com/explore/locations/931064667045701/runway/"
  },
  {
    "id": "187065105175683",
    "name": "Joker P.v.tattoo Studio",
    "city": "Mariupol",
    "url": "https://www.instagram.com/explore/locations/187065105175683/joker-pvtattoo-studio/"
  },
  {
    "id": "178500836396138",
    "name": "салон WELLA-стиль",
    "city": "Mariupol",
    "url": "https://www.instagram.com/explore/locations/178500836396138/wella-/"
  },
  {
    "id": "1168846606622052",
    "name": "mariupol_vip баня на дровах",
    "city": "Mariupol",
    "url": "https://www.instagram.com/explore/locations/1168846606622052/mariupol_vip/"
  },
  {
    "id": "147124141989338",
    "name": "Republic Pilgrim",
    "city": "Mariupol",
    "url": "https://www.instagram.com/explore/locations/147124141989338/republic-pilgrim/"
  },
  {
    "id": "2348127848845580",
    "name": "Строителей 92",
    "city": "Mariupol",
    "url": "https://www.instagram.com/explore/locations/2348127848845580/92/"
  },
  {
    "id": "1450280025025171",
    "name": "WHITE Studio",
    "city": "Mariupol",
    "url": "https://www.instagram.com/explore/locations/1450280025025171/white-studio/"
  },
  {
    "id": "646799692426438",
    "name": "Triumf",
    "city": "Mariupol",
    "url": "https://www.instagram.com/explore/locations/646799692426438/triumf/"
  },
  {
    "id": "1215282495303583",
    "name": "ART-Центр \"Ренесанс\"",
    "city": "Mariupol",
    "url": "https://www.instagram.com/explore/locations/1215282495303583/art-/"
  },
  {
    "id": "1973645459379083",
    "name": "УкрСиббанк BNP Paribas Group",
    "city": "Mariupol",
    "url": "https://www.instagram.com/explore/locations/1973645459379083/bnp-paribas-group/"
  },
  {
    "id": "102485388957256",
    "name": "Суші 3303 Маріуполь",
    "city": "Mariupol",
    "url": "https://www.instagram.com/explore/locations/102485388957256/3303/"
  },
  {
    "id": "965244510228659",
    "name": "BrainTec Digital",
    "city": "Mariupol",
    "url": "https://www.instagram.com/explore/locations/965244510228659/braintec-digital/"
  },
  {
    "id": "563996510721015",
    "name": "BoBo Beauty Salon",
    "city": "Mariupol",
    "url": "https://www.instagram.com/explore/locations/563996510721015/bobo-beauty-salon/"
  },
  {
    "id": "113241003480656",
    "name": "domkofe.mariupol",
    "city": "Mariupol",
    "url": "https://www.instagram.com/explore/locations/113241003480656/domkofemariupol/"
  },
  {
    "id": "446703069419351",
    "name": "Никополь-Провиданс",
    "city": "Mariupol",
    "url": "https://www.instagram.com/explore/locations/446703069419351/-/"
  },
  {
    "id": "564177704",
    "name": "Фотоагентство M Studio",
    "city": "Mariupol",
    "url": "https://www.instagram.com/explore/locations/564177704/m-studio/"
  },
  {
    "id": "1828810583801790",
    "name": "Beauty Room Svetlana Andreychenko",
    "city": "Mariupol",
    "url": "https://www.instagram.com/explore/locations/1828810583801790/beauty-room-svetlana-andreychenko/"
  },
  {
    "id": "1343529632400779",
    "name": "Детский Речевой Клуб Logos \"досааф Г. Мариуполь",
    "city": "Mariupol",
    "url": "https://www.instagram.com/explore/locations/1343529632400779/logos/"
  },
  {
    "id": "568325393530389",
    "name": "Berezka, Mariupol, Mira-23",
    "city": "Mariupol",
    "url": "https://www.instagram.com/explore/locations/568325393530389/berezka-mariupol-mira-23/"
  },
  {
    "id": "418855385616886",
    "name": "sila_bogatirskaya",
    "city": "Mariupol",
    "url": "https://www.instagram.com/explore/locations/418855385616886/sila_bogatirskaya/"
  },
  {
    "id": "299599020865200",
    "name": "Конференц-зал",
    "city": "Mariupol",
    "url": "https://www.instagram.com/explore/locations/299599020865200/-/"
  },
  {
    "id": "1704747236420471",
    "name": "Дельта Азов - комплексная автоматизация торговли",
    "city": "Mariupol",
    "url": "https://www.instagram.com/explore/locations/1704747236420471/-/"
  },
  {
    "id": "300508584154712",
    "name": "Spalah Hub Mariupol",
    "city": "Mariupol",
    "url": "https://www.instagram.com/explore/locations/300508584154712/spalah-hub-mariupol/"
  },
  {
    "id": "493270840",
    "name": "Офис iDev - Innovation Development",
    "city": "Mariupol",
    "url": "https://www.instagram.com/explore/locations/493270840/idev-innovation-development/"
  },
  {
    "id": "334159604054701",
    "name": "Школа 9",
    "city": "Mariupol",
    "url": "https://www.instagram.com/explore/locations/334159604054701/9/"
  },
  {
    "id": "149075215867830",
    "name": "Mokopizza",
    "city": "Mariupol",
    "url": "https://www.instagram.com/explore/locations/149075215867830/mokopizza/"
  },
  {
    "id": "1272338249555429",
    "name": "Паровоз Vape Shop 1 ТРЦ Украина",
    "city": "Mariupol",
    "url": "https://www.instagram.com/explore/locations/1272338249555429/vape-shop-1/"
  },
  {
    "id": "1266421306710346",
    "name": "Итальянская 116 А",
    "city": "Mariupol",
    "url": "https://www.instagram.com/explore/locations/1266421306710346/116/"
  },
  {
    "id": "239802376715544",
    "name": "MIKADO",
    "city": "Mariupol",
    "url": "https://www.instagram.com/explore/locations/239802376715544/mikado/"
  },
  {
    "id": "106117217797302",
    "name": "Николаевская 96, Мариуполь",
    "city": "Mariupol",
    "url": "https://www.instagram.com/explore/locations/106117217797302/96/"
  },
  {
    "id": "47551106",
    "name": "Wild West",
    "city": "Mariupol",
    "url": "https://www.instagram.com/explore/locations/47551106/wild-west/"
  },
  {
    "id": "348933745852951",
    "name": "Бульвар Хмельницкого 37",
    "city": "Mariupol",
    "url": "https://www.instagram.com/explore/locations/348933745852951/37/"
  },
  {
    "id": "101128632025131",
    "name": "Ресторан Amadeus",
    "city": "Mariupol",
    "url": "https://www.instagram.com/explore/locations/101128632025131/amadeus/"
  },
  {
    "id": "200286237158625",
    "name": "ProВзгляд",
    "city": "Mariupol",
    "url": "https://www.instagram.com/explore/locations/200286237158625/pro/"
  },
  {
    "id": "1689447821320561",
    "name": "Фотостудия Photomix",
    "city": "Mariupol",
    "url": "https://www.instagram.com/explore/locations/1689447821320561/photomix/"
  },
  {
    "id": "455035001596705",
    "name": "Квест комнаты Zastenok",
    "city": "Mariupol",
    "url": "https://www.instagram.com/explore/locations/455035001596705/zastenok/"
  },
  {
    "id": "424157054625169",
    "name": "Школа 1",
    "city": "Mariupol",
    "url": "https://www.instagram.com/explore/locations/424157054625169/1/"
  },
  {
    "id": "610492822620138",
    "name": "NEBO",
    "city": "Mariupol",
    "url": "https://www.instagram.com/explore/locations/610492822620138/nebo/"
  },
  {
    "id": "408525746662225",
    "name": "Инсайт - психологический тренинговый центр",
    "city": "Mariupol",
    "url": "https://www.instagram.com/explore/locations/408525746662225/-/"
  },
  {
    "id": "2293036150779509",
    "name": "BELLE",
    "city": "Mariupol",
    "url": "https://www.instagram.com/explore/locations/2293036150779509/belle/"
  },
  {
    "id": "354582082337640",
    "name": "Лукум. Восточные Сладости. Магазин-Кафе",
    "city": "Mariupol",
    "url": "https://www.instagram.com/explore/locations/354582082337640/-/"
  },
  {
    "id": "264819872",
    "name": "Ч.У.М.А.К.О.В. Ресторан-пивоварня",
    "city": "Mariupol",
    "url": "https://www.instagram.com/explore/locations/264819872/-/"
  },
  {
    "id": "825234744508054",
    "name": "Еко-Лавка",
    "city": "Mariupol",
    "url": "https://www.instagram.com/explore/locations/825234744508054/-/"
  },
  {
    "id": "176966533214264",
    "name": "Tm.MoDiva",
    "city": "Mariupol",
    "url": "https://www.instagram.com/explore/locations/176966533214264/tmmodiva/"
  },
  {
    "id": "108786811939474",
    "name": "Mariupol",
    "city": "Mariupol",
    "url": "https://www.instagram.com/explore/locations/108786811939474/mariupol/"
  },
  {
    "id": "192351864546274",
    "name": "Mariupol, Ukraine",
    "city": "Mariupol",
    "url": "https://www.instagram.com/explore/locations/192351864546274/mariupol-ukraine/"
  },
  {
    "id": "104488722219186",
    "name": "Home",
    "city": "Mariupol",
    "url": "https://www.instagram.com/explore/locations/104488722219186/home/"
  },
  {
    "id": "105184231951043",
    "name": "Школа Танцев Мариуполь Twenty Two",
    "city": "Mariupol",
    "url": "https://www.instagram.com/explore/locations/105184231951043/twenty-two/"
  },
  {
    "id": "750765181785785",
    "name": "Детский сад 163 , Мариуполь",
    "city": "Mariupol",
    "url": "https://www.instagram.com/explore/locations/750765181785785/163/"
  },
  {
    "id": "349287172252645",
    "name": "MIDEA Ukraine - Кондиционеры",
    "city": "Mariupol",
    "url": "https://www.instagram.com/explore/locations/349287172252645/midea-ukraine-/"
  },
  {
    "id": "101002628493253",
    "name": "100 языков детства",
    "city": "Mariupol",
    "url": "https://www.instagram.com/explore/locations/101002628493253/100/"
  },
  {
    "id": "2012234715768223",
    "name": "Kensei",
    "city": "Mariupol",
    "url": "https://www.instagram.com/explore/locations/2012234715768223/kensei/"
  },
  {
    "id": "621458961675342",
    "name": "t_medil",
    "city": "Mariupol",
    "url": "https://www.instagram.com/explore/locations/621458961675342/t_medil/"
  },
  {
    "id": "926299711",
    "name": "Escape",
    "city": "Mariupol",
    "url": "https://www.instagram.com/explore/locations/926299711/escape/"
  },
  {
    "id": "102270288163469",
    "name": "Beauty Bar",
    "city": "Mariupol",
    "url": "https://www.instagram.com/explore/locations/102270288163469/beauty-bar/"
  },
  {
    "id": "562023487302534",
    "name": "Гастропаб Поддон-Ок",
    "city": "Mariupol",
    "url": "https://www.instagram.com/explore/locations/562023487302534/-/"
  },
  {
    "id": "100619365064117",
    "name": "Маріуполь, Художній музей Імені Куїнджі, вул. Георгіївська ,58",
    "city": "Mariupol",
    "url": "https://www.instagram.com/explore/locations/100619365064117/58/"
  },
  {
    "id": "103277382252973",
    "name": "Fuji sushi",
    "city": "Mariupol",
    "url": "https://www.instagram.com/explore/locations/103277382252973/fuji-sushi/"
  },
  {
    "id": "322998608428952",
    "name": "Здоров 100 лет",
    "city": "Mariupol",
    "url": "https://www.instagram.com/explore/locations/322998608428952/100/"
  },
  {
    "id": "112132667284340",
    "name": "Гостиница «1-я Слободка 111»",
    "city": "Mariupol",
    "url": "https://www.instagram.com/explore/locations/112132667284340/1-111/"
  },
  {
    "id": "567054270166947",
    "name": "BrandBay",
    "city": "Mariupol",
    "url": "https://www.instagram.com/explore/locations/567054270166947/brandbay/"
  },
  {
    "id": "102302291590706",
    "name": "Baristas",
    "city": "Mariupol",
    "url": "https://www.instagram.com/explore/locations/102302291590706/baristas/"
  },
  {
    "id": "1613532288741648",
    "name": "Ресто-клуб Формаджио",
    "city": "Mariupol",
    "url": "https://www.instagram.com/explore/locations/1613532288741648/-/"
  },
  {
    "id": "111159977017318",
    "name": "No Name Hookah-Bar&Dance",
    "city": "Mariupol",
    "url": "https://www.instagram.com/explore/locations/111159977017318/no-name-hookah-bardance/"
  },
  {
    "id": "106192594196747",
    "name": "КСН «Слободка-Гавань»",
    "city": "Mariupol",
    "url": "https://www.instagram.com/explore/locations/106192594196747/-/"
  },
  {
    "id": "239903038",
    "name": "Pizza Mamma Mia",
    "city": "Mariupol",
    "url": "https://www.instagram.com/explore/locations/239903038/pizza-mamma-mia/"
  },
  {
    "id": "353953491931396",
    "name": "Барбершоп Borodach",
    "city": "Mariupol",
    "url": "https://www.instagram.com/explore/locations/353953491931396/borodach/"
  },
  {
    "id": "117237507068190",
    "name": "Avenue 42",
    "city": "Mariupol",
    "url": "https://www.instagram.com/explore/locations/117237507068190/avenue-42/"
  },
  {
    "id": "2293897947506397",
    "name": "Многопрофильный медцентр Med AS",
    "city": "Mariupol",
    "url": "https://www.instagram.com/explore/locations/2293897947506397/med-as/"
  },
  {
    "id": "459730848106503",
    "name": "Ellada",
    "city": "Mariupol",
    "url": "https://www.instagram.com/explore/locations/459730848106503/ellada/"
  },
  {
    "id": "383898525326979",
    "name": "Goodmaster",
    "city": "Mariupol",
    "url": "https://www.instagram.com/explore/locations/383898525326979/goodmaster/"
  },
  {
    "id": "492568621251909",
    "name": "Polska/Польша. Работа в Польше Работа в Чехии",
    "city": "Mariupol",
    "url": "https://www.instagram.com/explore/locations/492568621251909/polska/"
  },
  {
    "id": "102223861136697",
    "name": "Fizalis",
    "city": "Mariupol",
    "url": "https://www.instagram.com/explore/locations/102223861136697/fizalis/"
  },
  {
    "id": "239980426",
    "name": "Салон красоты \"Solo\"",
    "city": "Mariupol",
    "url": "https://www.instagram.com/explore/locations/239980426/solo/"
  },
  {
    "id": "2244337515674878",
    "name": "TPG Турагентство Мариуполь",
    "city": "Mariupol",
    "url": "https://www.instagram.com/explore/locations/2244337515674878/tpg/"
  },
  {
    "id": "113491256731595",
    "name": "La Rochelle Ля Рошель",
    "city": "Mariupol",
    "url": "https://www.instagram.com/explore/locations/113491256731595/la-rochelle/"
  },
  {
    "id": "318736115344598",
    "name": "Barbershop Mr.Trend",
    "city": "Mariupol",
    "url": "https://www.instagram.com/explore/locations/318736115344598/barbershop-mrtrend/"
  },
  {
    "id": "257347154931860",
    "name": "Hi-Tech Магазин Мобильной Связи",
    "city": "Mariupol",
    "url": "https://www.instagram.com/explore/locations/257347154931860/hi-tech/"
  }
]