[
  {
    "id": "218476081",
    "name": "Krivoy Rog",
    "city": "KryvyiRih",
    "url": "https://www.instagram.com/explore/locations/218476081/krivoy-rog/"
  },
  {
    "id": "1744470429211584",
    "name": "95-й Квартал Кривой Рог",
    "city": "KryvyiRih",
    "url": "https://www.instagram.com/explore/locations/1744470429211584/95-/"
  },
  {
    "id": "444039862",
    "name": "Kryvyi Rih",
    "city": "KryvyiRih",
    "url": "https://www.instagram.com/explore/locations/444039862/kryvyi-rih/"
  },
  {
    "id": "287394051945528",
    "name": "ГРУША Georgia",
    "city": "KryvyiRih",
    "url": "https://www.instagram.com/explore/locations/287394051945528/georgia/"
  },
  {
    "id": "2022170141241964",
    "name": "95 квартал / площадь Горького",
    "city": "KryvyiRih",
    "url": "https://www.instagram.com/explore/locations/2022170141241964/95/"
  },
  {
    "id": "734636400",
    "name": "I Feel espresso bar",
    "city": "KryvyiRih",
    "url": "https://www.instagram.com/explore/locations/734636400/i-feel-espresso-bar/"
  },
  {
    "id": "103438797694892",
    "name": "FUN PARK",
    "city": "KryvyiRih",
    "url": "https://www.instagram.com/explore/locations/103438797694892/fun-park/"
  },
  {
    "id": "103444241487025",
    "name": "Puri Chveni georgian restaurant Kryvyi Rih",
    "city": "KryvyiRih",
    "url": "https://www.instagram.com/explore/locations/103444241487025/puri-chveni-georgian-restaurant-kryvyi-rih/"
  },
  {
    "id": "1072939759432939",
    "name": "Gastro Cafe 15",
    "city": "KryvyiRih",
    "url": "https://www.instagram.com/explore/locations/1072939759432939/gastro-cafe-15/"
  },
  {
    "id": "357434427951967",
    "name": "Garden resto bar",
    "city": "KryvyiRih",
    "url": "https://www.instagram.com/explore/locations/357434427951967/garden-resto-bar/"
  },
  {
    "id": "9222972",
    "name": "95 Квартал",
    "city": "KryvyiRih",
    "url": "https://www.instagram.com/explore/locations/9222972/95/"
  },
  {
    "id": "2296827863876523",
    "name": "Lama Room KR",
    "city": "KryvyiRih",
    "url": "https://www.instagram.com/explore/locations/2296827863876523/lama-room-kr/"
  },
  {
    "id": "278474679292234",
    "name": "Кривой Рог 96 Квартал",
    "city": "KryvyiRih",
    "url": "https://www.instagram.com/explore/locations/278474679292234/96/"
  },
  {
    "id": "1006387018",
    "name": "95th Block, Kryvyi Rih",
    "city": "KryvyiRih",
    "url": "https://www.instagram.com/explore/locations/1006387018/95th-block-kryvyi-rih/"
  },
  {
    "id": "153750055479580",
    "name": "Гранд-кафе Автограф",
    "city": "KryvyiRih",
    "url": "https://www.instagram.com/explore/locations/153750055479580/-/"
  },
  {
    "id": "106699878479340",
    "name": "Gagarin Mall",
    "city": "KryvyiRih",
    "url": "https://www.instagram.com/explore/locations/106699878479340/gagarin-mall/"
  },
  {
    "id": "271231017158265",
    "name": "07/12 Beauty Bar by Naumova",
    "city": "KryvyiRih",
    "url": "https://www.instagram.com/explore/locations/271231017158265/0712-beauty-bar-by-naumova/"
  },
  {
    "id": "252446545151705",
    "name": "Beauty Studio Екатерины Чибиневой",
    "city": "KryvyiRih",
    "url": "https://www.instagram.com/explore/locations/252446545151705/beauty-studio/"
  },
  {
    "id": "687484294788400",
    "name": "Multiplex",
    "city": "KryvyiRih",
    "url": "https://www.instagram.com/explore/locations/687484294788400/multiplex/"
  },
  {
    "id": "1853530918233324",
    "name": "The Day The Night",
    "city": "KryvyiRih",
    "url": "https://www.instagram.com/explore/locations/1853530918233324/the-day-the-night/"
  },
  {
    "id": "801067263411730",
    "name": "Family",
    "city": "KryvyiRih",
    "url": "https://www.instagram.com/explore/locations/801067263411730/family/"
  },
  {
    "id": "113760670334014",
    "name": "NAIL PLACE STUDIO",
    "city": "KryvyiRih",
    "url": "https://www.instagram.com/explore/locations/113760670334014/nail-place-studio/"
  },
  {
    "id": "112489026925182",
    "name": "Esenin Karaoke",
    "city": "KryvyiRih",
    "url": "https://www.instagram.com/explore/locations/112489026925182/esenin-karaoke/"
  },
  {
    "id": "110076849795992",
    "name": "Кинотеатр Мультиплекс\", Union, Кривой Рог",
    "city": "KryvyiRih",
    "url": "https://www.instagram.com/explore/locations/110076849795992/union/"
  },
  {
    "id": "100665228615779",
    "name": "Room",
    "city": "KryvyiRih",
    "url": "https://www.instagram.com/explore/locations/100665228615779/room/"
  },
  {
    "id": "705146179843614",
    "name": "Perfect Nails by Galina Schastlivceva",
    "city": "KryvyiRih",
    "url": "https://www.instagram.com/explore/locations/705146179843614/perfect-nails-by-galina-schastlivceva/"
  },
  {
    "id": "1017309236",
    "name": "Перший Міський телеканал one.kr.ua",
    "city": "KryvyiRih",
    "url": "https://www.instagram.com/explore/locations/1017309236/onekrua/"
  },
  {
    "id": "952670751458856",
    "name": "Sport Life Кривой Рог",
    "city": "KryvyiRih",
    "url": "https://www.instagram.com/explore/locations/952670751458856/sport-life/"
  },
  {
    "id": "1014145357",
    "name": "Salon Selena",
    "city": "KryvyiRih",
    "url": "https://www.instagram.com/explore/locations/1014145357/salon-selena/"
  },
  {
    "id": "597189457091608",
    "name": "Криворізький державний педагогічний університет - офіційна сторінка",
    "city": "KryvyiRih",
    "url": "https://www.instagram.com/explore/locations/597189457091608/-/"
  },
  {
    "id": "1020042964",
    "name": "Brow Bar KR",
    "city": "KryvyiRih",
    "url": "https://www.instagram.com/explore/locations/1020042964/brow-bar-kr/"
  },
  {
    "id": "104827478241949",
    "name": "Amagama Izakaya",
    "city": "KryvyiRih",
    "url": "https://www.instagram.com/explore/locations/104827478241949/amagama-izakaya/"
  },
  {
    "id": "268769327164057",
    "name": "95 квартал",
    "city": "KryvyiRih",
    "url": "https://www.instagram.com/explore/locations/268769327164057/95/"
  },
  {
    "id": "107918330715775",
    "name": "New Cup",
    "city": "KryvyiRih",
    "url": "https://www.instagram.com/explore/locations/107918330715775/new-cup/"
  },
  {
    "id": "102731227859593",
    "name": "Плаза 2, г. Кривой Рог",
    "city": "KryvyiRih",
    "url": "https://www.instagram.com/explore/locations/102731227859593/2/"
  },
  {
    "id": "218415535",
    "name": "Гостиница Reikartz Аврора Кривой Рог",
    "city": "KryvyiRih",
    "url": "https://www.instagram.com/explore/locations/218415535/reikartz/"
  },
  {
    "id": "2027196837534464",
    "name": "95й Квартал Плаза 2",
    "city": "KryvyiRih",
    "url": "https://www.instagram.com/explore/locations/2027196837534464/95-2/"
  },
  {
    "id": "451679135195518",
    "name": "L'studio",
    "city": "KryvyiRih",
    "url": "https://www.instagram.com/explore/locations/451679135195518/lstudio/"
  },
  {
    "id": "1353468394740719",
    "name": "Lady Marmalade pole dance",
    "city": "KryvyiRih",
    "url": "https://www.instagram.com/explore/locations/1353468394740719/lady-marmalade-pole-dance/"
  },
  {
    "id": "2176441245946192",
    "name": "Соллі / Solly",
    "city": "KryvyiRih",
    "url": "https://www.instagram.com/explore/locations/2176441245946192/solly/"
  },
  {
    "id": "776280533",
    "name": "Kryvyi Rih",
    "city": "KryvyiRih",
    "url": "https://www.instagram.com/explore/locations/776280533/kryvyi-rih/"
  },
  {
    "id": "532376760275633",
    "name": "Bubble Waffle Кривой Рог",
    "city": "KryvyiRih",
    "url": "https://www.instagram.com/explore/locations/532376760275633/bubble-waffle/"
  },
  {
    "id": "237336510086957",
    "name": "Торгово-развлекательный комплекс ЮНИОН",
    "city": "KryvyiRih",
    "url": "https://www.instagram.com/explore/locations/237336510086957/-/"
  },
  {
    "id": "151746701933024",
    "name": "Kangoo Club САД",
    "city": "KryvyiRih",
    "url": "https://www.instagram.com/explore/locations/151746701933024/kangoo-club/"
  },
  {
    "id": "110839741806845",
    "name": "Gul’ko",
    "city": "KryvyiRih",
    "url": "https://www.instagram.com/explore/locations/110839741806845/gulko/"
  },
  {
    "id": "252370278617483",
    "name": "Luna Eclipse Bar",
    "city": "KryvyiRih",
    "url": "https://www.instagram.com/explore/locations/252370278617483/luna-eclipse-bar/"
  },
  {
    "id": "258894610",
    "name": "Prospekt Metalurhiv",
    "city": "KryvyiRih",
    "url": "https://www.instagram.com/explore/locations/258894610/prospekt-metalurhiv/"
  },
  {
    "id": "111196433691787",
    "name": "SV Caffe",
    "city": "KryvyiRih",
    "url": "https://www.instagram.com/explore/locations/111196433691787/sv-caffe/"
  },
  {
    "id": "189007145197524",
    "name": "JUMP CITY/Джамп Сити/Кривой Рог",
    "city": "KryvyiRih",
    "url": "https://www.instagram.com/explore/locations/189007145197524/jump-city/"
  },
  {
    "id": "145540249247693",
    "name": "Кривой Рог. 95квартал",
    "city": "KryvyiRih",
    "url": "https://www.instagram.com/explore/locations/145540249247693/95/"
  },
  {
    "id": "1913231318996349",
    "name": "MIA Nail Station",
    "city": "KryvyiRih",
    "url": "https://www.instagram.com/explore/locations/1913231318996349/mia-nail-station/"
  },
  {
    "id": "1020391653",
    "name": "Ногтевая студия French",
    "city": "KryvyiRih",
    "url": "https://www.instagram.com/explore/locations/1020391653/french/"
  },
  {
    "id": "378343692682565",
    "name": "Shatokhina Nail Studio",
    "city": "KryvyiRih",
    "url": "https://www.instagram.com/explore/locations/378343692682565/shatokhina-nail-studio/"
  },
  {
    "id": "106706507639707",
    "name": "Долгинцевский Район, Кривой Рог, Днепропетровская Область, 50000",
    "city": "KryvyiRih",
    "url": "https://www.instagram.com/explore/locations/106706507639707/50000/"
  },
  {
    "id": "172288467682883",
    "name": "Esenin Nightclub",
    "city": "KryvyiRih",
    "url": "https://www.instagram.com/explore/locations/172288467682883/esenin-nightclub/"
  },
  {
    "id": "212388229208180",
    "name": "Dyachuk Beauty Studio",
    "city": "KryvyiRih",
    "url": "https://www.instagram.com/explore/locations/212388229208180/dyachuk-beauty-studio/"
  },
  {
    "id": "14728105",
    "name": "РК Hollywood",
    "city": "KryvyiRih",
    "url": "https://www.instagram.com/explore/locations/14728105/hollywood/"
  },
  {
    "id": "253219545",
    "name": "Гриль-Бар \"Мелроуз\"",
    "city": "KryvyiRih",
    "url": "https://www.instagram.com/explore/locations/253219545/-/"
  },
  {
    "id": "854110108312769",
    "name": "Nando",
    "city": "KryvyiRih",
    "url": "https://www.instagram.com/explore/locations/854110108312769/nando/"
  },
  {
    "id": "729810961",
    "name": "Union Sporting Center",
    "city": "KryvyiRih",
    "url": "https://www.instagram.com/explore/locations/729810961/union-sporting-center/"
  },
  {
    "id": "2062075457349764",
    "name": "Ресторан Казбек I Грузинская кухня",
    "city": "KryvyiRih",
    "url": "https://www.instagram.com/explore/locations/2062075457349764/i/"
  },
  {
    "id": "491585448023072",
    "name": "Гуртожиток №3",
    "city": "KryvyiRih",
    "url": "https://www.instagram.com/explore/locations/491585448023072/no3/"
  },
  {
    "id": "498232910547380",
    "name": "Кривийрiгмоемiсто",
    "city": "KryvyiRih",
    "url": "https://www.instagram.com/explore/locations/498232910547380/ii/"
  },
  {
    "id": "374824189525046",
    "name": "Just Burger",
    "city": "KryvyiRih",
    "url": "https://www.instagram.com/explore/locations/374824189525046/just-burger/"
  },
  {
    "id": "302137230393831",
    "name": "Flowers dreams",
    "city": "KryvyiRih",
    "url": "https://www.instagram.com/explore/locations/302137230393831/flowers-dreams/"
  },
  {
    "id": "250657911",
    "name": "Metalurh Stadium",
    "city": "KryvyiRih",
    "url": "https://www.instagram.com/explore/locations/250657911/metalurh-stadium/"
  },
  {
    "id": "23599887",
    "name": "Sport Life",
    "city": "KryvyiRih",
    "url": "https://www.instagram.com/explore/locations/23599887/sport-life/"
  },
  {
    "id": "1593781954265133",
    "name": "Арт-Студия \"индиго \"",
    "city": "KryvyiRih",
    "url": "https://www.instagram.com/explore/locations/1593781954265133/-/"
  },
  {
    "id": "445411320",
    "name": "Рок-клуб Madisan",
    "city": "KryvyiRih",
    "url": "https://www.instagram.com/explore/locations/445411320/-madisan/"
  },
  {
    "id": "102248768036913",
    "name": "Nails_chuhuieva",
    "city": "KryvyiRih",
    "url": "https://www.instagram.com/explore/locations/102248768036913/nails_chuhuieva/"
  },
  {
    "id": "1008810310",
    "name": "95",
    "city": "KryvyiRih",
    "url": "https://www.instagram.com/explore/locations/1008810310/95/"
  },
  {
    "id": "1648059241892173",
    "name": "Кафе «BIG ФаЗенда»",
    "city": "KryvyiRih",
    "url": "https://www.instagram.com/explore/locations/1648059241892173/big/"
  },
  {
    "id": "226005917",
    "name": "Mcdonalds",
    "city": "KryvyiRih",
    "url": "https://www.instagram.com/explore/locations/226005917/mcdonalds/"
  },
  {
    "id": "804481552",
    "name": "Гагарина 4 Плаза2",
    "city": "KryvyiRih",
    "url": "https://www.instagram.com/explore/locations/804481552/4-2/"
  },
  {
    "id": "1386555314727407",
    "name": "Millionaire Wake Park",
    "city": "KryvyiRih",
    "url": "https://www.instagram.com/explore/locations/1386555314727407/millionaire-wake-park/"
  },
  {
    "id": "824362737919540",
    "name": "krivbass_sound",
    "city": "KryvyiRih",
    "url": "https://www.instagram.com/explore/locations/824362737919540/krivbass_sound/"
  },
  {
    "id": "501811540",
    "name": "Broadway \"steak house\"-\"karaoke club\"",
    "city": "KryvyiRih",
    "url": "https://www.instagram.com/explore/locations/501811540/broadway-steak-house-karaoke-club/"
  },
  {
    "id": "246139749",
    "name": "Mcdonald's 95 Квартал, Кривий Ріг",
    "city": "KryvyiRih",
    "url": "https://www.instagram.com/explore/locations/246139749/mcdonalds-95/"
  },
  {
    "id": "1683401118651546",
    "name": "Кальянная Чайная 1 - Кривой Рог",
    "city": "KryvyiRih",
    "url": "https://www.instagram.com/explore/locations/1683401118651546/1-/"
  },
  {
    "id": "218485021878758",
    "name": "Проспект Мира 28 Офис 1 Astitravel",
    "city": "KryvyiRih",
    "url": "https://www.instagram.com/explore/locations/218485021878758/28-1-astitravel/"
  },
  {
    "id": "260613088143457",
    "name": "Ай-Петри",
    "city": "KryvyiRih",
    "url": "https://www.instagram.com/explore/locations/260613088143457/-/"
  },
  {
    "id": "108344577565678",
    "name": "Irina Boyko Beauty Insider",
    "city": "KryvyiRih",
    "url": "https://www.instagram.com/explore/locations/108344577565678/irina-boyko-beauty-insider/"
  },
  {
    "id": "108895831487195",
    "name": "SV Caffe",
    "city": "KryvyiRih",
    "url": "https://www.instagram.com/explore/locations/108895831487195/sv-caffe/"
  },
  {
    "id": "799339466816049",
    "name": "Ultra Svet",
    "city": "KryvyiRih",
    "url": "https://www.instagram.com/explore/locations/799339466816049/ultra-svet/"
  },
  {
    "id": "986670751435499",
    "name": "Mane's Club Barbershop",
    "city": "KryvyiRih",
    "url": "https://www.instagram.com/explore/locations/986670751435499/manes-club-barbershop/"
  },
  {
    "id": "296064094159494",
    "name": "Familygroup Mozart Buduar",
    "city": "KryvyiRih",
    "url": "https://www.instagram.com/explore/locations/296064094159494/familygroup-mozart-buduar/"
  },
  {
    "id": "277827976034970",
    "name": "Jump City",
    "city": "KryvyiRih",
    "url": "https://www.instagram.com/explore/locations/277827976034970/jump-city/"
  },
  {
    "id": "107217437548890",
    "name": "Asia Gastro",
    "city": "KryvyiRih",
    "url": "https://www.instagram.com/explore/locations/107217437548890/asia-gastro/"
  },
  {
    "id": "1003335144",
    "name": "Kryvyi Rih State Pedagogical University",
    "city": "KryvyiRih",
    "url": "https://www.instagram.com/explore/locations/1003335144/kryvyi-rih-state-pedagogical-university/"
  },
  {
    "id": "360056584438362",
    "name": "Тату Студия Vean Кривой Рог",
    "city": "KryvyiRih",
    "url": "https://www.instagram.com/explore/locations/360056584438362/vean/"
  },
  {
    "id": "2150390855057180",
    "name": "Кальянная ROOM",
    "city": "KryvyiRih",
    "url": "https://www.instagram.com/explore/locations/2150390855057180/room/"
  },
  {
    "id": "1030429940461867",
    "name": "Studio_loft13 Фотостудия Кривой Рог",
    "city": "KryvyiRih",
    "url": "https://www.instagram.com/explore/locations/1030429940461867/studio_loft13/"
  },
  {
    "id": "239557511",
    "name": "Union",
    "city": "KryvyiRih",
    "url": "https://www.instagram.com/explore/locations/239557511/union/"
  },
  {
    "id": "1027687161",
    "name": "Fashion Secret",
    "city": "KryvyiRih",
    "url": "https://www.instagram.com/explore/locations/1027687161/fashion-secret/"
  },
  {
    "id": "337144730424192",
    "name": "КНУ6 Корпус",
    "city": "KryvyiRih",
    "url": "https://www.instagram.com/explore/locations/337144730424192/6/"
  },
  {
    "id": "1993163124301275",
    "name": "KFC",
    "city": "KryvyiRih",
    "url": "https://www.instagram.com/explore/locations/1993163124301275/kfc/"
  },
  {
    "id": "275655456251356",
    "name": "95-й Квартал Кривой Рог",
    "city": "KryvyiRih",
    "url": "https://www.instagram.com/explore/locations/275655456251356/95-/"
  },
  {
    "id": "122486671701734",
    "name": "КРУТЕ TISTO - варенична майстерня",
    "city": "KryvyiRih",
    "url": "https://www.instagram.com/explore/locations/122486671701734/tisto-/"
  },
  {
    "id": "1038627342901862",
    "name": "TUI 95 квартал - туристическое агентство",
    "city": "KryvyiRih",
    "url": "https://www.instagram.com/explore/locations/1038627342901862/tui-95-/"
  },
  {
    "id": "391932789",
    "name": "Гимназия 95",
    "city": "KryvyiRih",
    "url": "https://www.instagram.com/explore/locations/391932789/95/"
  },
  {
    "id": "1021948592",
    "name": "Smocco Bar",
    "city": "KryvyiRih",
    "url": "https://www.instagram.com/explore/locations/1021948592/smocco-bar/"
  },
  {
    "id": "180350775363187",
    "name": "\"МЭЙSPA Studio",
    "city": "KryvyiRih",
    "url": "https://www.instagram.com/explore/locations/180350775363187/spa-studio/"
  },
  {
    "id": "105103155050616",
    "name": "Noble Brew - Specialty Coffee",
    "city": "KryvyiRih",
    "url": "https://www.instagram.com/explore/locations/105103155050616/noble-brew-specialty-coffee/"
  },
  {
    "id": "1741849116069155",
    "name": "Чайная#1",
    "city": "KryvyiRih",
    "url": "https://www.instagram.com/explore/locations/1741849116069155/1/"
  },
  {
    "id": "482085860",
    "name": "Shishabar",
    "city": "KryvyiRih",
    "url": "https://www.instagram.com/explore/locations/482085860/shishabar/"
  },
  {
    "id": "401739463948842",
    "name": "Гагарина, 51",
    "city": "KryvyiRih",
    "url": "https://www.instagram.com/explore/locations/401739463948842/51/"
  },
  {
    "id": "103699291438371",
    "name": "Lama Room",
    "city": "KryvyiRih",
    "url": "https://www.instagram.com/explore/locations/103699291438371/lama-room/"
  },
  {
    "id": "2064981050493156",
    "name": "Б҉А҉Р҉А҉Ш҉-҉Л҉А҉В҉А҉Ш҉",
    "city": "KryvyiRih",
    "url": "https://www.instagram.com/explore/locations/2064981050493156/-/"
  },
  {
    "id": "792968424192576",
    "name": "Hair Studio",
    "city": "KryvyiRih",
    "url": "https://www.instagram.com/explore/locations/792968424192576/hair-studio/"
  },
  {
    "id": "360784941145553",
    "name": "Арт-терапия",
    "city": "KryvyiRih",
    "url": "https://www.instagram.com/explore/locations/360784941145553/-/"
  },
  {
    "id": "274437293025341",
    "name": "The Blick Beauty Salon",
    "city": "KryvyiRih",
    "url": "https://www.instagram.com/explore/locations/274437293025341/the-blick-beauty-salon/"
  },
  {
    "id": "101329144701837",
    "name": "Opium Bar By Anna Kava",
    "city": "KryvyiRih",
    "url": "https://www.instagram.com/explore/locations/101329144701837/opium-bar-by-anna-kava/"
  },
  {
    "id": "2081777428776024",
    "name": "Hot Zone",
    "city": "KryvyiRih",
    "url": "https://www.instagram.com/explore/locations/2081777428776024/hot-zone/"
  },
  {
    "id": "1159180870794685",
    "name": "Vobrazi",
    "city": "KryvyiRih",
    "url": "https://www.instagram.com/explore/locations/1159180870794685/vobrazi/"
  },
  {
    "id": "102239141176339",
    "name": "WH Wonder Hair",
    "city": "KryvyiRih",
    "url": "https://www.instagram.com/explore/locations/102239141176339/wh-wonder-hair/"
  },
  {
    "id": "143221773036356",
    "name": "Sakura.beauty.studio",
    "city": "KryvyiRih",
    "url": "https://www.instagram.com/explore/locations/143221773036356/sakurabeautystudio/"
  },
  {
    "id": "1686993331597757",
    "name": "Foxy beauty club",
    "city": "KryvyiRih",
    "url": "https://www.instagram.com/explore/locations/1686993331597757/foxy-beauty-club/"
  },
  {
    "id": "213069257",
    "name": "Krivoi Rog, Ukraine",
    "city": "KryvyiRih",
    "url": "https://www.instagram.com/explore/locations/213069257/krivoi-rog-ukraine/"
  },
  {
    "id": "109532351219139",
    "name": "Студія краси Alena Olkhovska",
    "city": "KryvyiRih",
    "url": "https://www.instagram.com/explore/locations/109532351219139/alena-olkhovska/"
  },
  {
    "id": "1094447860676679",
    "name": "Центр аппаратной косметологии Virsavia",
    "city": "KryvyiRih",
    "url": "https://www.instagram.com/explore/locations/1094447860676679/virsavia/"
  },
  {
    "id": "2037616703182317",
    "name": "Пр. Мира 33",
    "city": "KryvyiRih",
    "url": "https://www.instagram.com/explore/locations/2037616703182317/33/"
  },
  {
    "id": "102422998069192",
    "name": "_lady.room",
    "city": "KryvyiRih",
    "url": "https://www.instagram.com/explore/locations/102422998069192/_ladyroom/"
  },
  {
    "id": "102164965027613",
    "name": "Пушкина 6",
    "city": "KryvyiRih",
    "url": "https://www.instagram.com/explore/locations/102164965027613/6/"
  },
  {
    "id": "328510317512000",
    "name": "Цветочный Шоу-Рум Мегабукет",
    "city": "KryvyiRih",
    "url": "https://www.instagram.com/explore/locations/328510317512000/-/"
  },
  {
    "id": "120193068740845",
    "name": "Prestige Tour",
    "city": "KryvyiRih",
    "url": "https://www.instagram.com/explore/locations/120193068740845/prestige-tour/"
  },
  {
    "id": "1619544365014866",
    "name": "Metro Cash & Carry",
    "city": "KryvyiRih",
    "url": "https://www.instagram.com/explore/locations/1619544365014866/metro-cash-carry/"
  },
  {
    "id": "106179884266991",
    "name": "PRINT SHOP",
    "city": "KryvyiRih",
    "url": "https://www.instagram.com/explore/locations/106179884266991/print-shop/"
  },
  {
    "id": "100583474887307",
    "name": "Lexica School",
    "city": "KryvyiRih",
    "url": "https://www.instagram.com/explore/locations/100583474887307/lexica-school/"
  },
  {
    "id": "1016456014",
    "name": "Gordeeff",
    "city": "KryvyiRih",
    "url": "https://www.instagram.com/explore/locations/1016456014/gordeeff/"
  },
  {
    "id": "219175545527790",
    "name": "Aura Spa Salon",
    "city": "KryvyiRih",
    "url": "https://www.instagram.com/explore/locations/219175545527790/aura-spa-salon/"
  },
  {
    "id": "390866658011849",
    "name": "Left Hook Barbershop",
    "city": "KryvyiRih",
    "url": "https://www.instagram.com/explore/locations/390866658011849/left-hook-barbershop/"
  },
  {
    "id": "270009946",
    "name": "EnglishFocus",
    "city": "KryvyiRih",
    "url": "https://www.instagram.com/explore/locations/270009946/englishfocus/"
  },
  {
    "id": "327375161460781",
    "name": "PrestigeTOUR",
    "city": "KryvyiRih",
    "url": "https://www.instagram.com/explore/locations/327375161460781/prestigetour/"
  },
  {
    "id": "1258073967576610",
    "name": "пр-т Гагаріна, 54 КДПУ",
    "city": "KryvyiRih",
    "url": "https://www.instagram.com/explore/locations/1258073967576610/-54/"
  },
  {
    "id": "816785522",
    "name": "Parfum-Prestige",
    "city": "KryvyiRih",
    "url": "https://www.instagram.com/explore/locations/816785522/parfum-prestige/"
  },
  {
    "id": "101738077869936",
    "name": "BON BON",
    "city": "KryvyiRih",
    "url": "https://www.instagram.com/explore/locations/101738077869936/bon-bon/"
  },
  {
    "id": "442843502723641",
    "name": "Koalabi_Boutique",
    "city": "KryvyiRih",
    "url": "https://www.instagram.com/explore/locations/442843502723641/koalabi_boutique/"
  },
  {
    "id": "761999282",
    "name": "Just Burger",
    "city": "KryvyiRih",
    "url": "https://www.instagram.com/explore/locations/761999282/just-burger/"
  },
  {
    "id": "125776018100844",
    "name": "Beauty by Dana",
    "city": "KryvyiRih",
    "url": "https://www.instagram.com/explore/locations/125776018100844/beauty-by-dana/"
  },
  {
    "id": "1878249929078168",
    "name": "Iamq_studio",
    "city": "KryvyiRih",
    "url": "https://www.instagram.com/explore/locations/1878249929078168/iamq_studio/"
  },
  {
    "id": "697083796",
    "name": "Beauty salon Corneliya de Luxe",
    "city": "KryvyiRih",
    "url": "https://www.instagram.com/explore/locations/697083796/beauty-salon-corneliya-de-luxe/"
  },
  {
    "id": "106614567629242",
    "name": "KIDS - Магазин Дитячих Мрій",
    "city": "KryvyiRih",
    "url": "https://www.instagram.com/explore/locations/106614567629242/kids-/"
  },
  {
    "id": "593184554492785",
    "name": "Veterano Pizza Кривий Ріг",
    "city": "KryvyiRih",
    "url": "https://www.instagram.com/explore/locations/593184554492785/veterano-pizza/"
  },
  {
    "id": "1731780127136377",
    "name": "Веломан-Экстрим Veloman-Extreme",
    "city": "KryvyiRih",
    "url": "https://www.instagram.com/explore/locations/1731780127136377/-veloman-extreme/"
  },
  {
    "id": "252897505046026",
    "name": "Студия одежды VOVK Кривой Рог",
    "city": "KryvyiRih",
    "url": "https://www.instagram.com/explore/locations/252897505046026/vovk/"
  },
  {
    "id": "1029306826",
    "name": "Franco Is",
    "city": "KryvyiRih",
    "url": "https://www.instagram.com/explore/locations/1029306826/franco-is/"
  },
  {
    "id": "1786284801685740",
    "name": "Apple",
    "city": "KryvyiRih",
    "url": "https://www.instagram.com/explore/locations/1786284801685740/apple/"
  },
  {
    "id": "392270869",
    "name": "Чашка, Ул.есенина 8",
    "city": "KryvyiRih",
    "url": "https://www.instagram.com/explore/locations/392270869/8/"
  },
  {
    "id": "1287159004705427",
    "name": "Ул. Гагарина 63",
    "city": "KryvyiRih",
    "url": "https://www.instagram.com/explore/locations/1287159004705427/63/"
  },
  {
    "id": "1256619161124475",
    "name": "Shoes_lux_ukraine",
    "city": "KryvyiRih",
    "url": "https://www.instagram.com/explore/locations/1256619161124475/shoes_lux_ukraine/"
  },
  {
    "id": "1377082215661087",
    "name": "VISAGE CAFE",
    "city": "KryvyiRih",
    "url": "https://www.instagram.com/explore/locations/1377082215661087/visage-cafe/"
  },
  {
    "id": "101607721802441",
    "name": "Караоке-Клуб Есенин, ул. Есенина, 16 Кривой Рог",
    "city": "KryvyiRih",
    "url": "https://www.instagram.com/explore/locations/101607721802441/-16/"
  },
  {
    "id": "398279634152801",
    "name": "DreamsLand",
    "city": "KryvyiRih",
    "url": "https://www.instagram.com/explore/locations/398279634152801/dreamsland/"
  },
  {
    "id": "106061831535592",
    "name": "Amagama Izakaya",
    "city": "KryvyiRih",
    "url": "https://www.instagram.com/explore/locations/106061831535592/amagama-izakaya/"
  },
  {
    "id": "371651683573428",
    "name": "Marilyn",
    "city": "KryvyiRih",
    "url": "https://www.instagram.com/explore/locations/371651683573428/marilyn/"
  },
  {
    "id": "1721340254790190",
    "name": "Гранд-кафе Этуаль",
    "city": "KryvyiRih",
    "url": "https://www.instagram.com/explore/locations/1721340254790190/-/"
  },
  {
    "id": "268877423553463",
    "name": "School Celtic",
    "city": "KryvyiRih",
    "url": "https://www.instagram.com/explore/locations/268877423553463/school-celtic/"
  },
  {
    "id": "815109028662652",
    "name": "Kari Models",
    "city": "KryvyiRih",
    "url": "https://www.instagram.com/explore/locations/815109028662652/kari-models/"
  },
  {
    "id": "114749847048121",
    "name": "O. K. Beauty_room&school",
    "city": "KryvyiRih",
    "url": "https://www.instagram.com/explore/locations/114749847048121/o-k-beauty_roomschool/"
  },
  {
    "id": "845320895",
    "name": "Kryvyi Rih National University",
    "city": "KryvyiRih",
    "url": "https://www.instagram.com/explore/locations/845320895/kryvyi-rih-national-university/"
  },
  {
    "id": "346661832734803",
    "name": "VYSOTSKY gymnastic&yoga lab",
    "city": "KryvyiRih",
    "url": "https://www.instagram.com/explore/locations/346661832734803/vysotsky-gymnasticyoga-lab/"
  },
  {
    "id": "111198868265904",
    "name": "Студія краси \"FreedomКР",
    "city": "KryvyiRih",
    "url": "https://www.instagram.com/explore/locations/111198868265904/freedom/"
  },
  {
    "id": "327659841256289",
    "name": "Pizza Celentano",
    "city": "KryvyiRih",
    "url": "https://www.instagram.com/explore/locations/327659841256289/pizza-celentano/"
  },
  {
    "id": "101784101570584",
    "name": "98 Квартал",
    "city": "KryvyiRih",
    "url": "https://www.instagram.com/explore/locations/101784101570584/98/"
  },
  {
    "id": "106919777810902",
    "name": "Кінезіо - центр фізичної реабілітації",
    "city": "KryvyiRih",
    "url": "https://www.instagram.com/explore/locations/106919777810902/-/"
  },
  {
    "id": "262919862",
    "name": "Турагентство Join UP to travel Кривой Рог 95 кв.",
    "city": "KryvyiRih",
    "url": "https://www.instagram.com/explore/locations/262919862/join-up-to-travel-95/"
  },
  {
    "id": "128592561181610",
    "name": "Beauty by Dana",
    "city": "KryvyiRih",
    "url": "https://www.instagram.com/explore/locations/128592561181610/beauty-by-dana/"
  },
  {
    "id": "123018461711996",
    "name": "Espresso Bar Travel Time",
    "city": "KryvyiRih",
    "url": "https://www.instagram.com/explore/locations/123018461711996/espresso-bar-travel-time/"
  },
  {
    "id": "107393316561486",
    "name": "Кривой Рог, Проспект Гагарина 53",
    "city": "KryvyiRih",
    "url": "https://www.instagram.com/explore/locations/107393316561486/53/"
  },
  {
    "id": "111677397233366",
    "name": "Мовна школа Diveeng",
    "city": "KryvyiRih",
    "url": "https://www.instagram.com/explore/locations/111677397233366/diveeng/"
  },
  {
    "id": "1998603210415306",
    "name": "Nail Studio by Nataliia Levchenko",
    "city": "KryvyiRih",
    "url": "https://www.instagram.com/explore/locations/1998603210415306/nail-studio-by-nataliia-levchenko/"
  },
  {
    "id": "1018617605",
    "name": "Кривой Рог Гагарина 3",
    "city": "KryvyiRih",
    "url": "https://www.instagram.com/explore/locations/1018617605/3/"
  },
  {
    "id": "339570013265863",
    "name": "Wonder hair",
    "city": "KryvyiRih",
    "url": "https://www.instagram.com/explore/locations/339570013265863/wonder-hair/"
  },
  {
    "id": "311274482854674",
    "name": "Гагарина 17 Салон Африка",
    "city": "KryvyiRih",
    "url": "https://www.instagram.com/explore/locations/311274482854674/17/"
  },
  {
    "id": "406365806844036",
    "name": "Grusha",
    "city": "KryvyiRih",
    "url": "https://www.instagram.com/explore/locations/406365806844036/grusha/"
  },
  {
    "id": "495486584283656",
    "name": "ОстановкаПроспект Героев-Подпольщиков",
    "city": "KryvyiRih",
    "url": "https://www.instagram.com/explore/locations/495486584283656/-/"
  },
  {
    "id": "1032808577",
    "name": "Gastro Cafe 15",
    "city": "KryvyiRih",
    "url": "https://www.instagram.com/explore/locations/1032808577/gastro-cafe-15/"
  },
  {
    "id": "1032460961",
    "name": "The Blick Beauty Salon",
    "city": "KryvyiRih",
    "url": "https://www.instagram.com/explore/locations/1032460961/the-blick-beauty-salon/"
  },
  {
    "id": "108624767579771",
    "name": "Tattoo sketch kr",
    "city": "KryvyiRih",
    "url": "https://www.instagram.com/explore/locations/108624767579771/tattoo-sketch-kr/"
  },
  {
    "id": "1020637481",
    "name": "Ул.гагарина 25, Кривой Рог",
    "city": "KryvyiRih",
    "url": "https://www.instagram.com/explore/locations/1020637481/25/"
  },
  {
    "id": "113359420057770",
    "name": "Пр.мира 31",
    "city": "KryvyiRih",
    "url": "https://www.instagram.com/explore/locations/113359420057770/31/"
  },
  {
    "id": "1743432422537314",
    "name": "FitCurves Кривой Рог",
    "city": "KryvyiRih",
    "url": "https://www.instagram.com/explore/locations/1743432422537314/fitcurves/"
  },
  {
    "id": "113158660093297",
    "name": "«Цикавый» ул.Соборности,39 Кривой Рог",
    "city": "KryvyiRih",
    "url": "https://www.instagram.com/explore/locations/113158660093297/39/"
  },
  {
    "id": "313322879230978",
    "name": "BUDKA",
    "city": "KryvyiRih",
    "url": "https://www.instagram.com/explore/locations/313322879230978/budka/"
  },
  {
    "id": "123354745264189",
    "name": "Боулинг клуб \"Ubowl\"",
    "city": "KryvyiRih",
    "url": "https://www.instagram.com/explore/locations/123354745264189/ubowl/"
  },
  {
    "id": "412230109310772",
    "name": "MarrakeS / Марракеш",
    "city": "KryvyiRih",
    "url": "https://www.instagram.com/explore/locations/412230109310772/marrakes/"
  },
  {
    "id": "174096654374243",
    "name": "The BUDKA",
    "city": "KryvyiRih",
    "url": "https://www.instagram.com/explore/locations/174096654374243/the-budka/"
  },
  {
    "id": "838432986303837",
    "name": "Beauty by Dana Studio",
    "city": "KryvyiRih",
    "url": "https://www.instagram.com/explore/locations/838432986303837/beauty-by-dana-studio/"
  },
  {
    "id": "167695933927423",
    "name": "Designed for Fitness Krivoy Rog",
    "city": "KryvyiRih",
    "url": "https://www.instagram.com/explore/locations/167695933927423/designed-for-fitness-krivoy-rog/"
  },
  {
    "id": "173211580021212",
    "name": "Black Bull Coffee",
    "city": "KryvyiRih",
    "url": "https://www.instagram.com/explore/locations/173211580021212/black-bull-coffee/"
  },
  {
    "id": "790836011058649",
    "name": "Smart Starter Умная гирлянда",
    "city": "KryvyiRih",
    "url": "https://www.instagram.com/explore/locations/790836011058649/smart-starter/"
  },
  {
    "id": "372497749998933",
    "name": "Кривой Рог, Соборности 39",
    "city": "KryvyiRih",
    "url": "https://www.instagram.com/explore/locations/372497749998933/39/"
  },
  {
    "id": "250645646",
    "name": "Гриль-Кафе 7 Пятниц",
    "city": "KryvyiRih",
    "url": "https://www.instagram.com/explore/locations/250645646/-7/"
  },
  {
    "id": "2152866608269506",
    "name": "The Spiceroom 95",
    "city": "KryvyiRih",
    "url": "https://www.instagram.com/explore/locations/2152866608269506/the-spiceroom-95/"
  },
  {
    "id": "1135539476609640",
    "name": "Кривой Рог- Днепр",
    "city": "KryvyiRih",
    "url": "https://www.instagram.com/explore/locations/1135539476609640/-/"
  },
  {
    "id": "1240712272626828",
    "name": "Лола-нижнее белье пижамы одежда для дома",
    "city": "KryvyiRih",
    "url": "https://www.instagram.com/explore/locations/1240712272626828/-/"
  },
  {
    "id": "161884487725795",
    "name": "Habibi Restaurant",
    "city": "KryvyiRih",
    "url": "https://www.instagram.com/explore/locations/161884487725795/habibi-restaurant/"
  },
  {
    "id": "284672855479410",
    "name": "Кривой Рог Матусевича 35",
    "city": "KryvyiRih",
    "url": "https://www.instagram.com/explore/locations/284672855479410/35/"
  },
  {
    "id": "996350190448867",
    "name": "Kangoo Studio Fly",
    "city": "KryvyiRih",
    "url": "https://www.instagram.com/explore/locations/996350190448867/kangoo-studio-fly/"
  },
  {
    "id": "665022833678418",
    "name": "Ногтевая Студия French",
    "city": "KryvyiRih",
    "url": "https://www.instagram.com/explore/locations/665022833678418/french/"
  },
  {
    "id": "310052746215522",
    "name": "Школа №65",
    "city": "KryvyiRih",
    "url": "https://www.instagram.com/explore/locations/310052746215522/no65/"
  },
  {
    "id": "456168998",
    "name": "Pizza Celentano",
    "city": "KryvyiRih",
    "url": "https://www.instagram.com/explore/locations/456168998/pizza-celentano/"
  },
  {
    "id": "152515472364169",
    "name": "FLEX",
    "city": "KryvyiRih",
    "url": "https://www.instagram.com/explore/locations/152515472364169/flex/"
  },
  {
    "id": "116843704621746",
    "name": "Vulco Krivoy Rog",
    "city": "KryvyiRih",
    "url": "https://www.instagram.com/explore/locations/116843704621746/vulco-krivoy-rog/"
  },
  {
    "id": "109071200527994",
    "name": "Spa Time relax studio",
    "city": "KryvyiRih",
    "url": "https://www.instagram.com/explore/locations/109071200527994/spa-time-relax-studio/"
  },
  {
    "id": "1022205663",
    "name": "Borisenko Nail Studio",
    "city": "KryvyiRih",
    "url": "https://www.instagram.com/explore/locations/1022205663/borisenko-nail-studio/"
  },
  {
    "id": "2162388690740436",
    "name": "Asia Cafe",
    "city": "KryvyiRih",
    "url": "https://www.instagram.com/explore/locations/2162388690740436/asia-cafe/"
  },
  {
    "id": "100220165600088",
    "name": "Grey Club House",
    "city": "KryvyiRih",
    "url": "https://www.instagram.com/explore/locations/100220165600088/grey-club-house/"
  },
  {
    "id": "1657554237867983",
    "name": "SpaRelax",
    "city": "KryvyiRih",
    "url": "https://www.instagram.com/explore/locations/1657554237867983/sparelax/"
  },
  {
    "id": "104306074497483",
    "name": "GLadko Laser Studio",
    "city": "KryvyiRih",
    "url": "https://www.instagram.com/explore/locations/104306074497483/gladko-laser-studio/"
  },
  {
    "id": "2180336122213856",
    "name": "Кривой рог, Проспект 200-Річчя Кривого Рогу, 15/3",
    "city": "KryvyiRih",
    "url": "https://www.instagram.com/explore/locations/2180336122213856/200-153/"
  },
  {
    "id": "106826100760163",
    "name": "Valeriya mukha Studio",
    "city": "KryvyiRih",
    "url": "https://www.instagram.com/explore/locations/106826100760163/valeriya-mukha-studio/"
  },
  {
    "id": "108645780642287",
    "name": "New Cup",
    "city": "KryvyiRih",
    "url": "https://www.instagram.com/explore/locations/108645780642287/new-cup/"
  },
  {
    "id": "829206310",
    "name": "Гагарина 17 Магазин Арсенал",
    "city": "KryvyiRih",
    "url": "https://www.instagram.com/explore/locations/829206310/17/"
  },
  {
    "id": "652628501551255",
    "name": "Hot Zone",
    "city": "KryvyiRih",
    "url": "https://www.instagram.com/explore/locations/652628501551255/hot-zone/"
  },
  {
    "id": "963017893",
    "name": "Кальян-Бар Room",
    "city": "KryvyiRih",
    "url": "https://www.instagram.com/explore/locations/963017893/-room/"
  },
  {
    "id": "1610086762367700",
    "name": "Jump Pizza Кривой Рог",
    "city": "KryvyiRih",
    "url": "https://www.instagram.com/explore/locations/1610086762367700/jump-pizza/"
  },
  {
    "id": "378991255914112",
    "name": "Showroom Bliss",
    "city": "KryvyiRih",
    "url": "https://www.instagram.com/explore/locations/378991255914112/showroom-bliss/"
  },
  {
    "id": "347410795112516",
    "name": "MONÉ простір краси",
    "city": "KryvyiRih",
    "url": "https://www.instagram.com/explore/locations/347410795112516/mone/"
  },
  {
    "id": "111903807045862",
    "name": "It HUB coworkinq",
    "city": "KryvyiRih",
    "url": "https://www.instagram.com/explore/locations/111903807045862/it-hub-coworkinq/"
  },
  {
    "id": "720791082",
    "name": "97 Квартал",
    "city": "KryvyiRih",
    "url": "https://www.instagram.com/explore/locations/720791082/97/"
  },
  {
    "id": "357264031775086",
    "name": "Груsha",
    "city": "KryvyiRih",
    "url": "https://www.instagram.com/explore/locations/357264031775086/sha/"
  },
  {
    "id": "1008179696",
    "name": "RIVIERA",
    "city": "KryvyiRih",
    "url": "https://www.instagram.com/explore/locations/1008179696/riviera/"
  },
  {
    "id": "545552475903613",
    "name": "Школа №103",
    "city": "KryvyiRih",
    "url": "https://www.instagram.com/explore/locations/545552475903613/no103/"
  },
  {
    "id": "1024511954",
    "name": "Lash House",
    "city": "KryvyiRih",
    "url": "https://www.instagram.com/explore/locations/1024511954/lash-house/"
  },
  {
    "id": "1013585499",
    "name": "Н-студія",
    "city": "KryvyiRih",
    "url": "https://www.instagram.com/explore/locations/1013585499/-/"
  },
  {
    "id": "1024133710",
    "name": "Tortuga Alegre",
    "city": "KryvyiRih",
    "url": "https://www.instagram.com/explore/locations/1024133710/tortuga-alegre/"
  },
  {
    "id": "1032085048",
    "name": "Beauty Room",
    "city": "KryvyiRih",
    "url": "https://www.instagram.com/explore/locations/1032085048/beauty-room/"
  },
  {
    "id": "116322656494380",
    "name": "Beauty Point",
    "city": "KryvyiRih",
    "url": "https://www.instagram.com/explore/locations/116322656494380/beauty-point/"
  },
  {
    "id": "236728340338766",
    "name": "AppGrade95_Krivoy_Rog_",
    "city": "KryvyiRih",
    "url": "https://www.instagram.com/explore/locations/236728340338766/appgrade95_krivoy_rog_/"
  },
  {
    "id": "105642081168432",
    "name": "𝓢𝓸𝓫𝓸𝓵𝓲𝓮𝓿𝓪",
    "city": "KryvyiRih",
    "url": "https://www.instagram.com/explore/locations/105642081168432/sobolieva/"
  },
  {
    "id": "112030047981993",
    "name": "Ramen y Li",
    "city": "KryvyiRih",
    "url": "https://www.instagram.com/explore/locations/112030047981993/ramen-y-li/"
  },
  {
    "id": "109097230764553",
    "name": "Магазин Тип-Топ, Ул. Соборности 41",
    "city": "KryvyiRih",
    "url": "https://www.instagram.com/explore/locations/109097230764553/-41/"
  },
  {
    "id": "357399918433991",
    "name": "Villa dent",
    "city": "KryvyiRih",
    "url": "https://www.instagram.com/explore/locations/357399918433991/villa-dent/"
  },
  {
    "id": "1851443208439683",
    "name": "Арт-Фестиваль \"артишок\"",
    "city": "KryvyiRih",
    "url": "https://www.instagram.com/explore/locations/1851443208439683/-/"
  },
  {
    "id": "107695311589010",
    "name": "Na Easy",
    "city": "KryvyiRih",
    "url": "https://www.instagram.com/explore/locations/107695311589010/na-easy/"
  },
  {
    "id": "224266721",
    "name": "Hollywood City",
    "city": "KryvyiRih",
    "url": "https://www.instagram.com/explore/locations/224266721/hollywood-city/"
  },
  {
    "id": "1102485143132096",
    "name": "Dress Code, Krivoy Rog",
    "city": "KryvyiRih",
    "url": "https://www.instagram.com/explore/locations/1102485143132096/dress-code-krivoy-rog/"
  },
  {
    "id": "576170442734899",
    "name": "Gustafbar",
    "city": "KryvyiRih",
    "url": "https://www.instagram.com/explore/locations/576170442734899/gustafbar/"
  },
  {
    "id": "1241652562643139",
    "name": "Ул. Есенина, 13",
    "city": "KryvyiRih",
    "url": "https://www.instagram.com/explore/locations/1241652562643139/13/"
  },
  {
    "id": "1876260762700203",
    "name": "Makeup & Brow School YANA ZHILA 0988284602",
    "city": "KryvyiRih",
    "url": "https://www.instagram.com/explore/locations/1876260762700203/makeup-brow-school-yana-zhila-0988284602/"
  },
  {
    "id": "116194139048427",
    "name": "VS-family",
    "city": "KryvyiRih",
    "url": "https://www.instagram.com/explore/locations/116194139048427/vs-family/"
  },
  {
    "id": "103444487802674",
    "name": "magia.kvitiv",
    "city": "KryvyiRih",
    "url": "https://www.instagram.com/explore/locations/103444487802674/magiakvitiv/"
  },
  {
    "id": "1080390512125369",
    "name": "Детская больница №2",
    "city": "KryvyiRih",
    "url": "https://www.instagram.com/explore/locations/1080390512125369/no2/"
  },
  {
    "id": "200661820475779",
    "name": "Stara Praga",
    "city": "KryvyiRih",
    "url": "https://www.instagram.com/explore/locations/200661820475779/stara-praga/"
  },
  {
    "id": "110399080801548",
    "name": "Проблемы - это хорошо",
    "city": "KryvyiRih",
    "url": "https://www.instagram.com/explore/locations/110399080801548/-/"
  },
  {
    "id": "352245135375945",
    "name": "Lama Room 95",
    "city": "KryvyiRih",
    "url": "https://www.instagram.com/explore/locations/352245135375945/lama-room-95/"
  },
  {
    "id": "582375813",
    "name": "1-ая Горбольница",
    "city": "KryvyiRih",
    "url": "https://www.instagram.com/explore/locations/582375813/1-/"
  },
  {
    "id": "101889134941435",
    "name": "TK.promo4",
    "city": "KryvyiRih",
    "url": "https://www.instagram.com/explore/locations/101889134941435/tkpromo4/"
  },
  {
    "id": "371468126565273",
    "name": "VOVK",
    "city": "KryvyiRih",
    "url": "https://www.instagram.com/explore/locations/371468126565273/vovk/"
  },
  {
    "id": "1026859506",
    "name": "Шоу-Рум Ironcity",
    "city": "KryvyiRih",
    "url": "https://www.instagram.com/explore/locations/1026859506/-ironcity/"
  },
  {
    "id": "100153688641700",
    "name": "Kamaeva HAIR",
    "city": "KryvyiRih",
    "url": "https://www.instagram.com/explore/locations/100153688641700/kamaeva-hair/"
  },
  {
    "id": "232688864201007",
    "name": "Slon cafe",
    "city": "KryvyiRih",
    "url": "https://www.instagram.com/explore/locations/232688864201007/slon-cafe/"
  },
  {
    "id": "410555155996020",
    "name": "Take it Easy School",
    "city": "KryvyiRih",
    "url": "https://www.instagram.com/explore/locations/410555155996020/take-it-easy-school/"
  },
  {
    "id": "521412951593425",
    "name": "Кривой Рог Кафе Sv",
    "city": "KryvyiRih",
    "url": "https://www.instagram.com/explore/locations/521412951593425/sv/"
  },
  {
    "id": "106611154041957",
    "name": "Stark Service - Сервисный Центр",
    "city": "KryvyiRih",
    "url": "https://www.instagram.com/explore/locations/106611154041957/stark-service-/"
  },
  {
    "id": "247322825695817",
    "name": "AHouse Кривой Рог",
    "city": "KryvyiRih",
    "url": "https://www.instagram.com/explore/locations/247322825695817/ahouse/"
  },
  {
    "id": "312124988",
    "name": "Budynok Rad",
    "city": "KryvyiRih",
    "url": "https://www.instagram.com/explore/locations/312124988/budynok-rad/"
  },
  {
    "id": "480991565088922",
    "name": "GREEN ROOMРесторан",
    "city": "KryvyiRih",
    "url": "https://www.instagram.com/explore/locations/480991565088922/green-room/"
  },
  {
    "id": "175989505591783",
    "name": "Dice Cats Клуб настільних ігор",
    "city": "KryvyiRih",
    "url": "https://www.instagram.com/explore/locations/175989505591783/dice-cats/"
  },
  {
    "id": "109208078701906",
    "name": "Салон краси Opium bar by Anna Kava",
    "city": "KryvyiRih",
    "url": "https://www.instagram.com/explore/locations/109208078701906/opium-bar-by-anna-kava/"
  },
  {
    "id": "333308287132283",
    "name": "Join UP to travel, Кривий Ріг",
    "city": "KryvyiRih",
    "url": "https://www.instagram.com/explore/locations/333308287132283/join-up-to-travel/"
  },
  {
    "id": "185843775625467",
    "name": "FashionPa ballet",
    "city": "KryvyiRih",
    "url": "https://www.instagram.com/explore/locations/185843775625467/fashionpa-ballet/"
  },
  {
    "id": "176593659725180",
    "name": "Macdonalds",
    "city": "KryvyiRih",
    "url": "https://www.instagram.com/explore/locations/176593659725180/macdonalds/"
  },
  {
    "id": "194093561127589",
    "name": "Оздоровчо-реабілітаційний центр Марусич, м. Кривий Ріг",
    "city": "KryvyiRih",
    "url": "https://www.instagram.com/explore/locations/194093561127589/-/"
  },
  {
    "id": "347399542676623",
    "name": "Криворізька Музична Школа#4",
    "city": "KryvyiRih",
    "url": "https://www.instagram.com/explore/locations/347399542676623/4/"
  },
  {
    "id": "178616086387580",
    "name": "Школа №7",
    "city": "KryvyiRih",
    "url": "https://www.instagram.com/explore/locations/178616086387580/no7/"
  },
  {
    "id": "603751056692224",
    "name": "Кривой Рог Соборности43",
    "city": "KryvyiRih",
    "url": "https://www.instagram.com/explore/locations/603751056692224/43/"
  },
  {
    "id": "1753419611634520",
    "name": "Kangoo Club Fly Krivoy Rog",
    "city": "KryvyiRih",
    "url": "https://www.instagram.com/explore/locations/1753419611634520/kangoo-club-fly-krivoy-rog/"
  },
  {
    "id": "322412801783362",
    "name": "Термопанелі SunRock",
    "city": "KryvyiRih",
    "url": "https://www.instagram.com/explore/locations/322412801783362/sunrock/"
  },
  {
    "id": "2068781440015069",
    "name": "Saray_kr",
    "city": "KryvyiRih",
    "url": "https://www.instagram.com/explore/locations/2068781440015069/saray_kr/"
  },
  {
    "id": "398801363989777",
    "name": "Школа №75",
    "city": "KryvyiRih",
    "url": "https://www.instagram.com/explore/locations/398801363989777/no75/"
  },
  {
    "id": "101933441544658",
    "name": "Obsessive",
    "city": "KryvyiRih",
    "url": "https://www.instagram.com/explore/locations/101933441544658/obsessive/"
  },
  {
    "id": "1956449511290492",
    "name": "Кривий Ріг, Вулиця Івана Франка 8",
    "city": "KryvyiRih",
    "url": "https://www.instagram.com/explore/locations/1956449511290492/8/"
  },
  {
    "id": "2576131849192371",
    "name": "Кожен СпроможенMotivation",
    "city": "KryvyiRih",
    "url": "https://www.instagram.com/explore/locations/2576131849192371/motivation/"
  },
  {
    "id": "1928350010768143",
    "name": "Криворожская городская больница 1",
    "city": "KryvyiRih",
    "url": "https://www.instagram.com/explore/locations/1928350010768143/1/"
  },
  {
    "id": "109803104527043",
    "name": "Easy Place",
    "city": "KryvyiRih",
    "url": "https://www.instagram.com/explore/locations/109803104527043/easy-place/"
  },
  {
    "id": "338126050283197",
    "name": "Санкт-Петербург",
    "city": "KryvyiRih",
    "url": "https://www.instagram.com/explore/locations/338126050283197/-/"
  },
  {
    "id": "222469368264332",
    "name": "Fitness Kasetskaya",
    "city": "KryvyiRih",
    "url": "https://www.instagram.com/explore/locations/222469368264332/fitness-kasetskaya/"
  },
  {
    "id": "1708076229306349",
    "name": "Студия массажа и перманентного макияжа \"Viva Forever\"",
    "city": "KryvyiRih",
    "url": "https://www.instagram.com/explore/locations/1708076229306349/viva-forever/"
  },
  {
    "id": "225756075000071",
    "name": "Кафе \"Два ГусяУл. Мистецька 2а",
    "city": "KryvyiRih",
    "url": "https://www.instagram.com/explore/locations/225756075000071/2/"
  },
  {
    "id": "983165691877261",
    "name": "McDonald's",
    "city": "KryvyiRih",
    "url": "https://www.instagram.com/explore/locations/983165691877261/mcdonalds/"
  },
  {
    "id": "111306100261380",
    "name": "Хімчистка KIMS Кривий Ріг",
    "city": "KryvyiRih",
    "url": "https://www.instagram.com/explore/locations/111306100261380/kims/"
  },
  {
    "id": "166946794236417",
    "name": "D&S auto",
    "city": "KryvyiRih",
    "url": "https://www.instagram.com/explore/locations/166946794236417/ds-auto/"
  },
  {
    "id": "321203626",
    "name": "Кривой Рог Пр-кт Гагарина, 34",
    "city": "KryvyiRih",
    "url": "https://www.instagram.com/explore/locations/321203626/-34/"
  },
  {
    "id": "756152561203245",
    "name": "Estet Beauty салон красоты",
    "city": "KryvyiRih",
    "url": "https://www.instagram.com/explore/locations/756152561203245/estet-beauty/"
  },
  {
    "id": "100946239764176",
    "name": "Adamary Flowers",
    "city": "KryvyiRih",
    "url": "https://www.instagram.com/explore/locations/100946239764176/adamary-flowers/"
  },
  {
    "id": "1031706810",
    "name": "Beauty Room Kr",
    "city": "KryvyiRih",
    "url": "https://www.instagram.com/explore/locations/1031706810/beauty-room-kr/"
  },
  {
    "id": "103717417769854",
    "name": "Language Universe - школа іноземних мов",
    "city": "KryvyiRih",
    "url": "https://www.instagram.com/explore/locations/103717417769854/language-universe-/"
  },
  {
    "id": "1815392538569665",
    "name": "Tihon_tattoo",
    "city": "KryvyiRih",
    "url": "https://www.instagram.com/explore/locations/1815392538569665/tihon_tattoo/"
  },
  {
    "id": "113445606746556",
    "name": "horinova_nails",
    "city": "KryvyiRih",
    "url": "https://www.instagram.com/explore/locations/113445606746556/horinova_nails/"
  },
  {
    "id": "214860605312063",
    "name": "Школа 70",
    "city": "KryvyiRih",
    "url": "https://www.instagram.com/explore/locations/214860605312063/70/"
  },
  {
    "id": "104073591573333",
    "name": "Maxximum cf",
    "city": "KryvyiRih",
    "url": "https://www.instagram.com/explore/locations/104073591573333/maxximum-cf/"
  },
  {
    "id": "411614845966134",
    "name": "Кофейня SV caffe Fabbrica di caffe",
    "city": "KryvyiRih",
    "url": "https://www.instagram.com/explore/locations/411614845966134/sv-caffe-fabbrica-di-caffe/"
  },
  {
    "id": "266879700",
    "name": "Ю-АРТ",
    "city": "KryvyiRih",
    "url": "https://www.instagram.com/explore/locations/266879700/-/"
  },
  {
    "id": "159357698013697",
    "name": "Світ Рослин - сеть цветочных магазинов в Кривом Роге",
    "city": "KryvyiRih",
    "url": "https://www.instagram.com/explore/locations/159357698013697/-/"
  },
  {
    "id": "687594741406299",
    "name": "pandatattoo.kr Татуаж ТАТУ",
    "city": "KryvyiRih",
    "url": "https://www.instagram.com/explore/locations/687594741406299/pandatattookr/"
  },
  {
    "id": "104622915303297",
    "name": "Интернет-магазин \"Комп-Ас\"",
    "city": "KryvyiRih",
    "url": "https://www.instagram.com/explore/locations/104622915303297/-/"
  },
  {
    "id": "288312935325178",
    "name": "Сільпо / Silpo",
    "city": "KryvyiRih",
    "url": "https://www.instagram.com/explore/locations/288312935325178/silpo/"
  },
  {
    "id": "329981807686532",
    "name": "Ares",
    "city": "KryvyiRih",
    "url": "https://www.instagram.com/explore/locations/329981807686532/ares/"
  },
  {
    "id": "1488503454578466",
    "name": "Кафе Друзi",
    "city": "KryvyiRih",
    "url": "https://www.instagram.com/explore/locations/1488503454578466/i/"
  },
  {
    "id": "108182894994682",
    "name": "Gagarin Mall",
    "city": "KryvyiRih",
    "url": "https://www.instagram.com/explore/locations/108182894994682/gagarin-mall/"
  },
  {
    "id": "108820128549553",
    "name": "Treat Me Right",
    "city": "KryvyiRih",
    "url": "https://www.instagram.com/explore/locations/108820128549553/treat-me-right/"
  },
  {
    "id": "108253771401017",
    "name": "Kalyanchik. Кальянный магазин Кривой Рог",
    "city": "KryvyiRih",
    "url": "https://www.instagram.com/explore/locations/108253771401017/kalyanchik/"
  },
  {
    "id": "541022136818862",
    "name": "Художня школа N1 імені О.Васякіна, м. Кривий Ріг",
    "city": "KryvyiRih",
    "url": "https://www.instagram.com/explore/locations/541022136818862/n1/"
  },
  {
    "id": "113851203808143",
    "name": "Tattoo Studio Krivoy Rog",
    "city": "KryvyiRih",
    "url": "https://www.instagram.com/explore/locations/113851203808143/tattoo-studio-krivoy-rog/"
  },
  {
    "id": "100449475429159",
    "name": "VIP РЫБА",
    "city": "KryvyiRih",
    "url": "https://www.instagram.com/explore/locations/100449475429159/vip/"
  },
  {
    "id": "382127392235210",
    "name": "Сквер 44 Квартала",
    "city": "KryvyiRih",
    "url": "https://www.instagram.com/explore/locations/382127392235210/44/"
  },
  {
    "id": "1882783691840917",
    "name": "McDonald's",
    "city": "KryvyiRih",
    "url": "https://www.instagram.com/explore/locations/1882783691840917/mcdonalds/"
  },
  {
    "id": "926517491030480",
    "name": "Соборности 79 «Nail House»",
    "city": "KryvyiRih",
    "url": "https://www.instagram.com/explore/locations/926517491030480/79-nail-house/"
  },
  {
    "id": "321261725090352",
    "name": "Медисан / Madisan",
    "city": "KryvyiRih",
    "url": "https://www.instagram.com/explore/locations/321261725090352/madisan/"
  },
  {
    "id": "350957201920454",
    "name": "Hypnotic",
    "city": "KryvyiRih",
    "url": "https://www.instagram.com/explore/locations/350957201920454/hypnotic/"
  },
  {
    "id": "104218888345901",
    "name": "Lazerhall, Центр лазерної косметології, Кривий ріг",
    "city": "KryvyiRih",
    "url": "https://www.instagram.com/explore/locations/104218888345901/lazerhall/"
  },
  {
    "id": "297731391105261",
    "name": "КП \"Криворізька міська лікарня 1КМР",
    "city": "KryvyiRih",
    "url": "https://www.instagram.com/explore/locations/297731391105261/1/"
  },
  {
    "id": "378053906068180",
    "name": "YULA.Travel",
    "city": "KryvyiRih",
    "url": "https://www.instagram.com/explore/locations/378053906068180/yulatravel/"
  },
  {
    "id": "112642700214555",
    "name": "klub_kavy",
    "city": "KryvyiRih",
    "url": "https://www.instagram.com/explore/locations/112642700214555/klub_kavy/"
  },
  {
    "id": "725392294",
    "name": "Reikartz Aurora Hotel Krivoy Rog",
    "city": "KryvyiRih",
    "url": "https://www.instagram.com/explore/locations/725392294/reikartz-aurora-hotel-krivoy-rog/"
  },
  {
    "id": "114117820132744",
    "name": "Infinity Beauty salon by Vika Nagornaya",
    "city": "KryvyiRih",
    "url": "https://www.instagram.com/explore/locations/114117820132744/infinity-beauty-salon-by-vika-nagornaya/"
  },
  {
    "id": "1075941055831190",
    "name": "Пр-т Гагаріна",
    "city": "KryvyiRih",
    "url": "https://www.instagram.com/explore/locations/1075941055831190/-/"
  },
  {
    "id": "254860545011247",
    "name": "Кривой Рог, Ул. Героев Ато 38/1.",
    "city": "KryvyiRih",
    "url": "https://www.instagram.com/explore/locations/254860545011247/381/"
  },
  {
    "id": "152369565215920",
    "name": "Пиццерия-кофейня \"Базилик\"",
    "city": "KryvyiRih",
    "url": "https://www.instagram.com/explore/locations/152369565215920/-/"
  },
  {
    "id": "241067106586730",
    "name": "Школа №69",
    "city": "KryvyiRih",
    "url": "https://www.instagram.com/explore/locations/241067106586730/no69/"
  },
  {
    "id": "108407537236975",
    "name": "rulka_kr",
    "city": "KryvyiRih",
    "url": "https://www.instagram.com/explore/locations/108407537236975/rulka_kr/"
  },
  {
    "id": "336636060440478",
    "name": "вул. Героїв АТО, 120",
    "city": "KryvyiRih",
    "url": "https://www.instagram.com/explore/locations/336636060440478/120/"
  },
  {
    "id": "2328228384065202",
    "name": "Koliba_by_wineglass_kr",
    "city": "KryvyiRih",
    "url": "https://www.instagram.com/explore/locations/2328228384065202/koliba_by_wineglass_kr/"
  },
  {
    "id": "339710169906512",
    "name": "Golova",
    "city": "KryvyiRih",
    "url": "https://www.instagram.com/explore/locations/339710169906512/golova/"
  },
  {
    "id": "100790005141648",
    "name": "Black_service_kr",
    "city": "KryvyiRih",
    "url": "https://www.instagram.com/explore/locations/100790005141648/black_service_kr/"
  },
  {
    "id": "358390717",
    "name": "Модное Кафе Vogue",
    "city": "KryvyiRih",
    "url": "https://www.instagram.com/explore/locations/358390717/vogue/"
  },
  {
    "id": "107275001724220",
    "name": "Bee Bar",
    "city": "KryvyiRih",
    "url": "https://www.instagram.com/explore/locations/107275001724220/bee-bar/"
  },
  {
    "id": "241143683476003",
    "name": "Nails Room 95кв. БЦ Башта 3-й этаж",
    "city": "KryvyiRih",
    "url": "https://www.instagram.com/explore/locations/241143683476003/nails-room-95-3-/"
  },
  {
    "id": "1682783188529591",
    "name": "Webnauts",
    "city": "KryvyiRih",
    "url": "https://www.instagram.com/explore/locations/1682783188529591/webnauts/"
  },
  {
    "id": "2118789181720137",
    "name": "Perfect Nails By Galina Schastlivceva",
    "city": "KryvyiRih",
    "url": "https://www.instagram.com/explore/locations/2118789181720137/perfect-nails-by-galina-schastlivceva/"
  },
  {
    "id": "2255956214638895",
    "name": "Beauty & Clinic Dr. Dana",
    "city": "KryvyiRih",
    "url": "https://www.instagram.com/explore/locations/2255956214638895/beauty-clinic-dr-dana/"
  },
  {
    "id": "350525265599342",
    "name": "Sakars",
    "city": "KryvyiRih",
    "url": "https://www.instagram.com/explore/locations/350525265599342/sakars/"
  },
  {
    "id": "2113610585420509",
    "name": "USB Express",
    "city": "KryvyiRih",
    "url": "https://www.instagram.com/explore/locations/2113610585420509/usb-express/"
  },
  {
    "id": "1030072531",
    "name": "Волгоградская, д.11А Кривой Рог",
    "city": "KryvyiRih",
    "url": "https://www.instagram.com/explore/locations/1030072531/11/"
  },
  {
    "id": "100764814770714",
    "name": "autosturman",
    "city": "KryvyiRih",
    "url": "https://www.instagram.com/explore/locations/100764814770714/autosturman/"
  },
  {
    "id": "367314916997169",
    "name": "Tattoo Studio",
    "city": "KryvyiRih",
    "url": "https://www.instagram.com/explore/locations/367314916997169/tattoo-studio/"
  },
  {
    "id": "106699214730458",
    "name": "Там_где_всегда_ Хорошо",
    "city": "KryvyiRih",
    "url": "https://www.instagram.com/explore/locations/106699214730458/___/"
  },
  {
    "id": "443204516040425",
    "name": "Millionaire Wake Park",
    "city": "KryvyiRih",
    "url": "https://www.instagram.com/explore/locations/443204516040425/millionaire-wake-park/"
  },
  {
    "id": "699254013533214",
    "name": "Flower shop \"Квітка\"",
    "city": "KryvyiRih",
    "url": "https://www.instagram.com/explore/locations/699254013533214/flower-shop/"
  },
  {
    "id": "321848618371375",
    "name": "ул. Революционная 10",
    "city": "KryvyiRih",
    "url": "https://www.instagram.com/explore/locations/321848618371375/10/"
  },
  {
    "id": "111299793745829",
    "name": "SPORT LIFE",
    "city": "KryvyiRih",
    "url": "https://www.instagram.com/explore/locations/111299793745829/sport-life/"
  },
  {
    "id": "101300119039793",
    "name": "Martinbakery",
    "city": "KryvyiRih",
    "url": "https://www.instagram.com/explore/locations/101300119039793/martinbakery/"
  },
  {
    "id": "126559811317920",
    "name": "JAMtour.Ua",
    "city": "KryvyiRih",
    "url": "https://www.instagram.com/explore/locations/126559811317920/jamtourua/"
  },
  {
    "id": "1041872719319000",
    "name": "Парк 60-летия Победы / Космос",
    "city": "KryvyiRih",
    "url": "https://www.instagram.com/explore/locations/1041872719319000/60-/"
  },
  {
    "id": "1033990709",
    "name": "Навігатор - навчання за кордоном",
    "city": "KryvyiRih",
    "url": "https://www.instagram.com/explore/locations/1033990709/-/"
  },
  {
    "id": "348223465980819",
    "name": "Мир_иллюзий",
    "city": "KryvyiRih",
    "url": "https://www.instagram.com/explore/locations/348223465980819/_/"
  },
  {
    "id": "1779398208968382",
    "name": "LeMon Travel г. Кривой Рог",
    "city": "KryvyiRih",
    "url": "https://www.instagram.com/explore/locations/1779398208968382/lemon-travel/"
  },
  {
    "id": "110987998102791",
    "name": "Фотостудія Panorama Кривий Ріг",
    "city": "KryvyiRih",
    "url": "https://www.instagram.com/explore/locations/110987998102791/panorama/"
  },
  {
    "id": "281368610",
    "name": "Hotel Aurora",
    "city": "KryvyiRih",
    "url": "https://www.instagram.com/explore/locations/281368610/hotel-aurora/"
  },
  {
    "id": "100751674843428",
    "name": "Yess_travel_ua",
    "city": "KryvyiRih",
    "url": "https://www.instagram.com/explore/locations/100751674843428/yess_travel_ua/"
  },
  {
    "id": "176065119911208",
    "name": "Ogonek",
    "city": "KryvyiRih",
    "url": "https://www.instagram.com/explore/locations/176065119911208/ogonek/"
  },
  {
    "id": "274932506470410",
    "name": "Булочна №1",
    "city": "KryvyiRih",
    "url": "https://www.instagram.com/explore/locations/274932506470410/no1/"
  },
  {
    "id": "1224899177642086",
    "name": "Школа №108",
    "city": "KryvyiRih",
    "url": "https://www.instagram.com/explore/locations/1224899177642086/no108/"
  },
  {
    "id": "252859298",
    "name": "Pani Pizza",
    "city": "KryvyiRih",
    "url": "https://www.instagram.com/explore/locations/252859298/pani-pizza/"
  },
  {
    "id": "364006491",
    "name": "Scorini",
    "city": "KryvyiRih",
    "url": "https://www.instagram.com/explore/locations/364006491/scorini/"
  },
  {
    "id": "109735007462785",
    "name": "Beauty Hall",
    "city": "KryvyiRih",
    "url": "https://www.instagram.com/explore/locations/109735007462785/beauty-hall/"
  },
  {
    "id": "690071427852652",
    "name": "Betravel Туристична агенція",
    "city": "KryvyiRih",
    "url": "https://www.instagram.com/explore/locations/690071427852652/betravel/"
  },
  {
    "id": "298101888",
    "name": "Театр-студія \"Революційна, 13\"",
    "city": "KryvyiRih",
    "url": "https://www.instagram.com/explore/locations/298101888/-13/"
  },
  {
    "id": "989515194467041",
    "name": "AnikoSoap",
    "city": "KryvyiRih",
    "url": "https://www.instagram.com/explore/locations/989515194467041/anikosoap/"
  },
  {
    "id": "100286791868818",
    "name": "GLAM BAR kr",
    "city": "KryvyiRih",
    "url": "https://www.instagram.com/explore/locations/100286791868818/glam-bar-kr/"
  },
  {
    "id": "731780376959824",
    "name": "DAKO GROUP",
    "city": "KryvyiRih",
    "url": "https://www.instagram.com/explore/locations/731780376959824/dako-group/"
  },
  {
    "id": "106157888236470",
    "name": "La Girafe Cafe",
    "city": "KryvyiRih",
    "url": "https://www.instagram.com/explore/locations/106157888236470/la-girafe-cafe/"
  },
  {
    "id": "483221712022388",
    "name": "In Sugar",
    "city": "KryvyiRih",
    "url": "https://www.instagram.com/explore/locations/483221712022388/in-sugar/"
  },
  {
    "id": "501885371",
    "name": "Scorini, Krivoy Rog",
    "city": "KryvyiRih",
    "url": "https://www.instagram.com/explore/locations/501885371/scorini-krivoy-rog/"
  },
  {
    "id": "1638430656470017",
    "name": "Motion eye",
    "city": "KryvyiRih",
    "url": "https://www.instagram.com/explore/locations/1638430656470017/motion-eye/"
  },
  {
    "id": "982612905192802",
    "name": "StellRoss",
    "city": "KryvyiRih",
    "url": "https://www.instagram.com/explore/locations/982612905192802/stellross/"
  },
  {
    "id": "1029070440",
    "name": "Studio of nails Esthetics by Eleonora Shavra",
    "city": "KryvyiRih",
    "url": "https://www.instagram.com/explore/locations/1029070440/studio-of-nails-esthetics-by-eleonora-shavra/"
  },
  {
    "id": "1687340518045356",
    "name": "Permanent Premium Academy Elena Royko",
    "city": "KryvyiRih",
    "url": "https://www.instagram.com/explore/locations/1687340518045356/permanent-premium-academy-elena-royko/"
  },
  {
    "id": "1008550081",
    "name": "Крила - центр дитячої та юнацької творчості",
    "city": "KryvyiRih",
    "url": "https://www.instagram.com/explore/locations/1008550081/-/"
  },
  {
    "id": "110359300512739",
    "name": "Komilfo",
    "city": "KryvyiRih",
    "url": "https://www.instagram.com/explore/locations/110359300512739/komilfo/"
  },
  {
    "id": "1704820483105674",
    "name": "ART-M event - Организация событий, от идей до впечатлений",
    "city": "KryvyiRih",
    "url": "https://www.instagram.com/explore/locations/1704820483105674/art-m-event-/"
  },
  {
    "id": "108420327956377",
    "name": "Ул. Соборности 45",
    "city": "KryvyiRih",
    "url": "https://www.instagram.com/explore/locations/108420327956377/45/"
  },
  {
    "id": "16412860",
    "name": "Liverpool",
    "city": "KryvyiRih",
    "url": "https://www.instagram.com/explore/locations/16412860/liverpool/"
  },
  {
    "id": "275756847",
    "name": "Polunichka",
    "city": "KryvyiRih",
    "url": "https://www.instagram.com/explore/locations/275756847/polunichka/"
  },
  {
    "id": "1904018376358880",
    "name": "Клубный бассейнVoda",
    "city": "KryvyiRih",
    "url": "https://www.instagram.com/explore/locations/1904018376358880/voda/"
  },
  {
    "id": "111829537092481",
    "name": "vishnia_wedding",
    "city": "KryvyiRih",
    "url": "https://www.instagram.com/explore/locations/111829537092481/vishnia_wedding/"
  },
  {
    "id": "135409077136651",
    "name": "Krivbasslove",
    "city": "KryvyiRih",
    "url": "https://www.instagram.com/explore/locations/135409077136651/krivbasslove/"
  },
  {
    "id": "2061713633871982",
    "name": "КНТМЛ #16",
    "city": "KryvyiRih",
    "url": "https://www.instagram.com/explore/locations/2061713633871982/16/"
  },
  {
    "id": "138402946187886",
    "name": "Metalurh Stadium",
    "city": "KryvyiRih",
    "url": "https://www.instagram.com/explore/locations/138402946187886/metalurh-stadium/"
  },
  {
    "id": "112373071119192",
    "name": "Радіо Кривбас FM 102.3",
    "city": "KryvyiRih",
    "url": "https://www.instagram.com/explore/locations/112373071119192/fm-1023/"
  },
  {
    "id": "456261238092858",
    "name": "Jamp City",
    "city": "KryvyiRih",
    "url": "https://www.instagram.com/explore/locations/456261238092858/jamp-city/"
  },
  {
    "id": "274052157",
    "name": "Plaza",
    "city": "KryvyiRih",
    "url": "https://www.instagram.com/explore/locations/274052157/plaza/"
  },
  {
    "id": "333840377173176",
    "name": "Піца Челентано / Pizza Celentano",
    "city": "KryvyiRih",
    "url": "https://www.instagram.com/explore/locations/333840377173176/pizza-celentano/"
  },
  {
    "id": "302566210171403",
    "name": "Логопедична студія \"LogoКривий Ріг",
    "city": "KryvyiRih",
    "url": "https://www.instagram.com/explore/locations/302566210171403/logo/"
  },
  {
    "id": "488336798164193",
    "name": "Luna_eclipse_bar",
    "city": "KryvyiRih",
    "url": "https://www.instagram.com/explore/locations/488336798164193/luna_eclipse_bar/"
  },
  {
    "id": "102169105089859",
    "name": "Olichka Mostbeauti",
    "city": "KryvyiRih",
    "url": "https://www.instagram.com/explore/locations/102169105089859/olichka-mostbeauti/"
  },
  {
    "id": "107731697254551",
    "name": "Green Ara Coffe",
    "city": "KryvyiRih",
    "url": "https://www.instagram.com/explore/locations/107731697254551/green-ara-coffe/"
  },
  {
    "id": "102193278848067",
    "name": "Esenina Bad side",
    "city": "KryvyiRih",
    "url": "https://www.instagram.com/explore/locations/102193278848067/esenina-bad-side/"
  },
  {
    "id": "407391362928594",
    "name": "Супермаркет канцтоварів \"Канц-Сity\"",
    "city": "KryvyiRih",
    "url": "https://www.instagram.com/explore/locations/407391362928594/-ity/"
  },
  {
    "id": "417609902320655",
    "name": "NH Shop",
    "city": "KryvyiRih",
    "url": "https://www.instagram.com/explore/locations/417609902320655/nh-shop/"
  },
  {
    "id": "155935958265538",
    "name": "Клуб Тайского Бокса GrEGORr Muay Thai",
    "city": "KryvyiRih",
    "url": "https://www.instagram.com/explore/locations/155935958265538/gregorr-muay-thai/"
  },
  {
    "id": "114942616568306",
    "name": "Vkusniy Par Vape Shop",
    "city": "KryvyiRih",
    "url": "https://www.instagram.com/explore/locations/114942616568306/vkusniy-par-vape-shop/"
  },
  {
    "id": "674515516065186",
    "name": "Perron Pizza",
    "city": "KryvyiRih",
    "url": "https://www.instagram.com/explore/locations/674515516065186/perron-pizza/"
  },
  {
    "id": "101746405116138",
    "name": "Maxximum Crossfit",
    "city": "KryvyiRih",
    "url": "https://www.instagram.com/explore/locations/101746405116138/maxximum-crossfit/"
  },
  {
    "id": "927534947387327",
    "name": "Велобаза- Кривой Рог",
    "city": "KryvyiRih",
    "url": "https://www.instagram.com/explore/locations/927534947387327/-/"
  },
  {
    "id": "1024975347",
    "name": "Kangoo Studio by Elena",
    "city": "KryvyiRih",
    "url": "https://www.instagram.com/explore/locations/1024975347/kangoo-studio-by-elena/"
  },
  {
    "id": "154802325245157",
    "name": "Room",
    "city": "KryvyiRih",
    "url": "https://www.instagram.com/explore/locations/154802325245157/room/"
  },
  {
    "id": "284786175289012",
    "name": "Лосось Суши-бар",
    "city": "KryvyiRih",
    "url": "https://www.instagram.com/explore/locations/284786175289012/-/"
  },
  {
    "id": "1921391248142838",
    "name": "Mango Parts",
    "city": "KryvyiRih",
    "url": "https://www.instagram.com/explore/locations/1921391248142838/mango-parts/"
  },
  {
    "id": "862193323937757",
    "name": "Ukrsibbank BNP Paribas Group",
    "city": "KryvyiRih",
    "url": "https://www.instagram.com/explore/locations/862193323937757/ukrsibbank-bnp-paribas-group/"
  },
  {
    "id": "919173323",
    "name": "Остроv",
    "city": "KryvyiRih",
    "url": "https://www.instagram.com/explore/locations/919173323/v/"
  },
  {
    "id": "107475107268334",
    "name": "Турагенція Aventura",
    "city": "KryvyiRih",
    "url": "https://www.instagram.com/explore/locations/107475107268334/aventura/"
  },
  {
    "id": "109934655101974",
    "name": "Deep Inside My Mind",
    "city": "KryvyiRih",
    "url": "https://www.instagram.com/explore/locations/109934655101974/deep-inside-my-mind/"
  },
  {
    "id": "711022949084961",
    "name": "Nail Studio by Nataliia Levchenko",
    "city": "KryvyiRih",
    "url": "https://www.instagram.com/explore/locations/711022949084961/nail-studio-by-nataliia-levchenko/"
  },
  {
    "id": "263375943535273",
    "name": "KRService",
    "city": "KryvyiRih",
    "url": "https://www.instagram.com/explore/locations/263375943535273/krservice/"
  },
  {
    "id": "1427779547283281",
    "name": "Майстерня 1",
    "city": "KryvyiRih",
    "url": "https://www.instagram.com/explore/locations/1427779547283281/1/"
  },
  {
    "id": "752252011563430",
    "name": "Beauty Elixir",
    "city": "KryvyiRih",
    "url": "https://www.instagram.com/explore/locations/752252011563430/beauty-elixir/"
  },
  {
    "id": "31465668",
    "name": "New York Street Pizza",
    "city": "KryvyiRih",
    "url": "https://www.instagram.com/explore/locations/31465668/new-york-street-pizza/"
  },
  {
    "id": "1031429224",
    "name": "Полк Дніпро-1",
    "city": "KryvyiRih",
    "url": "https://www.instagram.com/explore/locations/1031429224/-1/"
  },
  {
    "id": "105083170947417",
    "name": "Pole dance",
    "city": "KryvyiRih",
    "url": "https://www.instagram.com/explore/locations/105083170947417/pole-dance/"
  },
  {
    "id": "314194202725627",
    "name": "Love Story",
    "city": "KryvyiRih",
    "url": "https://www.instagram.com/explore/locations/314194202725627/love-story/"
  },
  {
    "id": "954433341331493",
    "name": "Рекламна агенція Freedom.agency",
    "city": "KryvyiRih",
    "url": "https://www.instagram.com/explore/locations/954433341331493/freedomagency/"
  },
  {
    "id": "697720083709086",
    "name": "Shisha Bar",
    "city": "KryvyiRih",
    "url": "https://www.instagram.com/explore/locations/697720083709086/shisha-bar/"
  },
  {
    "id": "1028791671",
    "name": "Spa Centre \"Slim Line\"",
    "city": "KryvyiRih",
    "url": "https://www.instagram.com/explore/locations/1028791671/spa-centre-slim-line/"
  },
  {
    "id": "333384307238481",
    "name": "Родильный дом Кривого Рога №2",
    "city": "KryvyiRih",
    "url": "https://www.instagram.com/explore/locations/333384307238481/no2/"
  },
  {
    "id": "106305114440222",
    "name": "foodzone_kr",
    "city": "KryvyiRih",
    "url": "https://www.instagram.com/explore/locations/106305114440222/foodzone_kr/"
  },
  {
    "id": "110917944986246",
    "name": "Moth To A Flame",
    "city": "KryvyiRih",
    "url": "https://www.instagram.com/explore/locations/110917944986246/moth-to-a-flame/"
  },
  {
    "id": "102091561407845",
    "name": "Manicure Warszawa",
    "city": "KryvyiRih",
    "url": "https://www.instagram.com/explore/locations/102091561407845/manicure-warszawa/"
  },
  {
    "id": "280287582374846",
    "name": "Artmisto Кривой Рог",
    "city": "KryvyiRih",
    "url": "https://www.instagram.com/explore/locations/280287582374846/artmisto/"
  },
  {
    "id": "691035107941767",
    "name": "Ул. Хабаровская, 1",
    "city": "KryvyiRih",
    "url": "https://www.instagram.com/explore/locations/691035107941767/1/"
  },
  {
    "id": "1189661474550894",
    "name": "Helen Doron English Krivoy Rog - Английский для детей Кривой Рог",
    "city": "KryvyiRih",
    "url": "https://www.instagram.com/explore/locations/1189661474550894/helen-doron-english-krivoy-rog-/"
  },
  {
    "id": "251936821963188",
    "name": "СТО Protech",
    "city": "KryvyiRih",
    "url": "https://www.instagram.com/explore/locations/251936821963188/protech/"
  },
  {
    "id": "408020419789335",
    "name": "95 квартал",
    "city": "KryvyiRih",
    "url": "https://www.instagram.com/explore/locations/408020419789335/95/"
  },
  {
    "id": "231037867303236",
    "name": "LETI",
    "city": "KryvyiRih",
    "url": "https://www.instagram.com/explore/locations/231037867303236/leti/"
  },
  {
    "id": "105289668288840",
    "name": "simple_coffee_kr",
    "city": "KryvyiRih",
    "url": "https://www.instagram.com/explore/locations/105289668288840/simple_coffee_kr/"
  },
  {
    "id": "175674789524470",
    "name": "Vysotsky G&Y lab",
    "city": "KryvyiRih",
    "url": "https://www.instagram.com/explore/locations/175674789524470/vysotsky-gy-lab/"
  },
  {
    "id": "242769079",
    "name": "Dzerzhynska (Kryvyi Rih Metrotram)",
    "city": "KryvyiRih",
    "url": "https://www.instagram.com/explore/locations/242769079/dzerzhynska-kryvyi-rih-metrotram/"
  },
  {
    "id": "751446231668069",
    "name": "Експерт-КР",
    "city": "KryvyiRih",
    "url": "https://www.instagram.com/explore/locations/751446231668069/-/"
  },
  {
    "id": "100898664990651",
    "name": "Salt Spa Planet Кривий Ріг",
    "city": "KryvyiRih",
    "url": "https://www.instagram.com/explore/locations/100898664990651/salt-spa-planet/"
  },
  {
    "id": "111300827335389",
    "name": "Lama Room",
    "city": "KryvyiRih",
    "url": "https://www.instagram.com/explore/locations/111300827335389/lama-room/"
  },
  {
    "id": "721706565",
    "name": "98кв",
    "city": "KryvyiRih",
    "url": "https://www.instagram.com/explore/locations/721706565/98/"
  },
  {
    "id": "531910437151262",
    "name": "«Йо-Кемп» табір в Карпатах",
    "city": "KryvyiRih",
    "url": "https://www.instagram.com/explore/locations/531910437151262/-/"
  },
  {
    "id": "1815370585384244",
    "name": "Lama Room",
    "city": "KryvyiRih",
    "url": "https://www.instagram.com/explore/locations/1815370585384244/lama-room/"
  },
  {
    "id": "1813167675477736",
    "name": "Кривой Рог отельAvrora",
    "city": "KryvyiRih",
    "url": "https://www.instagram.com/explore/locations/1813167675477736/avrora/"
  },
  {
    "id": "1090407437811355",
    "name": "Детский сад 183",
    "city": "KryvyiRih",
    "url": "https://www.instagram.com/explore/locations/1090407437811355/183/"
  },
  {
    "id": "295238951086392",
    "name": "hair studio",
    "city": "KryvyiRih",
    "url": "https://www.instagram.com/explore/locations/295238951086392/hair-studio/"
  },
  {
    "id": "513779206030498",
    "name": "French studio/студия",
    "city": "KryvyiRih",
    "url": "https://www.instagram.com/explore/locations/513779206030498/french-studio/"
  },
  {
    "id": "266163727362565",
    "name": "Гуртожиток 4 КДПУ",
    "city": "KryvyiRih",
    "url": "https://www.instagram.com/explore/locations/266163727362565/4/"
  },
  {
    "id": "657997177741081",
    "name": "MelanIra",
    "city": "KryvyiRih",
    "url": "https://www.instagram.com/explore/locations/657997177741081/melanira/"
  },
  {
    "id": "1775307482724318",
    "name": "Кривой Рог Школа-Студия Elegant Lashes",
    "city": "KryvyiRih",
    "url": "https://www.instagram.com/explore/locations/1775307482724318/-elegant-lashes/"
  },
  {
    "id": "496343740882253",
    "name": "вул. Віталія Матусевича, 8",
    "city": "KryvyiRih",
    "url": "https://www.instagram.com/explore/locations/496343740882253/8/"
  },
  {
    "id": "462313947865668",
    "name": "Плаза 3-4",
    "city": "KryvyiRih",
    "url": "https://www.instagram.com/explore/locations/462313947865668/3-4/"
  },
  {
    "id": "374647629933330",
    "name": "Perfekt",
    "city": "KryvyiRih",
    "url": "https://www.instagram.com/explore/locations/374647629933330/perfekt/"
  },
  {
    "id": "105600065302372",
    "name": "GLOW nails & makeup",
    "city": "KryvyiRih",
    "url": "https://www.instagram.com/explore/locations/105600065302372/glow-nails-makeup/"
  },
  {
    "id": "104819070925894",
    "name": "Doctoroff клиника",
    "city": "KryvyiRih",
    "url": "https://www.instagram.com/explore/locations/104819070925894/doctoroff/"
  },
  {
    "id": "323344414774892",
    "name": "Кофейня \"My Coffee\"",
    "city": "KryvyiRih",
    "url": "https://www.instagram.com/explore/locations/323344414774892/my-coffee/"
  },
  {
    "id": "1948289888585126",
    "name": "Салон краси Vip Africa",
    "city": "KryvyiRih",
    "url": "https://www.instagram.com/explore/locations/1948289888585126/vip-africa/"
  },
  {
    "id": "282871812197282",
    "name": "Men's Club",
    "city": "KryvyiRih",
    "url": "https://www.instagram.com/explore/locations/282871812197282/mens-club/"
  },
  {
    "id": "360907088093478",
    "name": "88 CLUB",
    "city": "KryvyiRih",
    "url": "https://www.instagram.com/explore/locations/360907088093478/88-club/"
  },
  {
    "id": "103679292525774",
    "name": "Healthy Пропаганда Kryvyi Rig",
    "city": "KryvyiRih",
    "url": "https://www.instagram.com/explore/locations/103679292525774/healthy-kryvyi-rig/"
  },
  {
    "id": "1737582289869476",
    "name": "Health House of by SKV",
    "city": "KryvyiRih",
    "url": "https://www.instagram.com/explore/locations/1737582289869476/health-house-of-by-skv/"
  },
  {
    "id": "265975214278999",
    "name": "Кривой Рог Гагарина 30",
    "city": "KryvyiRih",
    "url": "https://www.instagram.com/explore/locations/265975214278999/30/"
  },
  {
    "id": "525337977877337",
    "name": "Гагаріна 27",
    "city": "KryvyiRih",
    "url": "https://www.instagram.com/explore/locations/525337977877337/27/"
  },
  {
    "id": "111623325105928",
    "name": "Мудрик Кривий Ріг.97 квартал",
    "city": "KryvyiRih",
    "url": "https://www.instagram.com/explore/locations/111623325105928/97/"
  },
  {
    "id": "281449132352484",
    "name": "Город FM",
    "city": "KryvyiRih",
    "url": "https://www.instagram.com/explore/locations/281449132352484/fm/"
  },
  {
    "id": "174789019598798",
    "name": "IronCity. Молодежная одежда украинских брендов",
    "city": "KryvyiRih",
    "url": "https://www.instagram.com/explore/locations/174789019598798/ironcity/"
  },
  {
    "id": "103902635422257",
    "name": "Missing someone is the most beautiful of all sad feelings",
    "city": "KryvyiRih",
    "url": "https://www.instagram.com/explore/locations/103902635422257/missing-someone-is-the-most-beautiful-of-all-sad-feelings/"
  },
  {
    "id": "200950407211524",
    "name": "Nikabeauty",
    "city": "KryvyiRih",
    "url": "https://www.instagram.com/explore/locations/200950407211524/nikabeauty/"
  },
  {
    "id": "653594124743375",
    "name": "КРЕК - КРиворізькі ЕКскурсії",
    "city": "KryvyiRih",
    "url": "https://www.instagram.com/explore/locations/653594124743375/-/"
  },
  {
    "id": "1034676546921209",
    "name": "Broadway N. Y. F.",
    "city": "KryvyiRih",
    "url": "https://www.instagram.com/explore/locations/1034676546921209/broadway-n-y-f/"
  },
  {
    "id": "1026966897",
    "name": "НатуральныеПрепараты,произ-ва Украины",
    "city": "KryvyiRih",
    "url": "https://www.instagram.com/explore/locations/1026966897/-/"
  },
  {
    "id": "100170701542424",
    "name": "20baza",
    "city": "KryvyiRih",
    "url": "https://www.instagram.com/explore/locations/100170701542424/20baza/"
  },
  {
    "id": "1025670984",
    "name": "Веломан-Экстрим Кривой Рог Ул.есенина 7",
    "city": "KryvyiRih",
    "url": "https://www.instagram.com/explore/locations/1025670984/-7/"
  },
  {
    "id": "2191294054445209",
    "name": "ТОВМрiя Мед-Сервiс",
    "city": "KryvyiRih",
    "url": "https://www.instagram.com/explore/locations/2191294054445209/i-i/"
  },
  {
    "id": "122105200874007421",
    "name": "Турагенція\"Все Включено\"Мережа Tours&Tickets ФОП Маркус Карина Вікторівна",
    "city": "KryvyiRih",
    "url": "https://www.instagram.com/explore/locations/122105200874007421/tourstickets/"
  },
  {
    "id": "110657941160870",
    "name": "Maxximum CF",
    "city": "KryvyiRih",
    "url": "https://www.instagram.com/explore/locations/110657941160870/maxximum-cf/"
  },
  {
    "id": "300727390371642",
    "name": "Ул. Леонида Бородича 1 Б",
    "city": "KryvyiRih",
    "url": "https://www.instagram.com/explore/locations/300727390371642/1/"
  },
  {
    "id": "267577793876042",
    "name": "Afrocolor",
    "city": "KryvyiRih",
    "url": "https://www.instagram.com/explore/locations/267577793876042/afrocolor/"
  },
  {
    "id": "492906608136034",
    "name": "Первый Криворожский 1KR.UA Новости Кривого Рога",
    "city": "KryvyiRih",
    "url": "https://www.instagram.com/explore/locations/492906608136034/1krua/"
  },
  {
    "id": "215730648894294",
    "name": "EUROFEST-День Європи в Кривому Розі",
    "city": "KryvyiRih",
    "url": "https://www.instagram.com/explore/locations/215730648894294/eurofest-/"
  },
  {
    "id": "103332178573294",
    "name": "me_gusta_spain",
    "city": "KryvyiRih",
    "url": "https://www.instagram.com/explore/locations/103332178573294/me_gusta_spain/"
  },
  {
    "id": "101307912318430",
    "name": "Sound lover",
    "city": "KryvyiRih",
    "url": "https://www.instagram.com/explore/locations/101307912318430/sound-lover/"
  },
  {
    "id": "737814403",
    "name": "95 Кв-Л",
    "city": "KryvyiRih",
    "url": "https://www.instagram.com/explore/locations/737814403/95-/"
  },
  {
    "id": "1032168459",
    "name": "Пр.металлургов,17 Г.кривой Рог",
    "city": "KryvyiRih",
    "url": "https://www.instagram.com/explore/locations/1032168459/17/"
  },
  {
    "id": "298465314085713",
    "name": "Акробатический центр ДЮСШ №1",
    "city": "KryvyiRih",
    "url": "https://www.instagram.com/explore/locations/298465314085713/no1/"
  },
  {
    "id": "333603140823630",
    "name": "MediaHub",
    "city": "KryvyiRih",
    "url": "https://www.instagram.com/explore/locations/333603140823630/mediahub/"
  },
  {
    "id": "398426837444079",
    "name": "premer_styile",
    "city": "KryvyiRih",
    "url": "https://www.instagram.com/explore/locations/398426837444079/premer_styile/"
  },
  {
    "id": "103192628501427",
    "name": "Перший Міський телеканал one.kr.ua",
    "city": "KryvyiRih",
    "url": "https://www.instagram.com/explore/locations/103192628501427/onekrua/"
  },
  {
    "id": "327642744267733",
    "name": "Ногтевая Студия Estet Beauty пр. Металлургов, 42а",
    "city": "KryvyiRih",
    "url": "https://www.instagram.com/explore/locations/327642744267733/estet-beauty-42/"
  },
  {
    "id": "1642917932453694",
    "name": "Garden Resto Bar",
    "city": "KryvyiRih",
    "url": "https://www.instagram.com/explore/locations/1642917932453694/garden-resto-bar/"
  },
  {
    "id": "821931254845058",
    "name": "Ноутбук Центр - ComDoc",
    "city": "KryvyiRih",
    "url": "https://www.instagram.com/explore/locations/821931254845058/-comdoc/"
  },
  {
    "id": "103511424812123",
    "name": "Ярослава Мудрого 93",
    "city": "KryvyiRih",
    "url": "https://www.instagram.com/explore/locations/103511424812123/93/"
  },
  {
    "id": "630843400673409",
    "name": "ENJOY Sportswear",
    "city": "KryvyiRih",
    "url": "https://www.instagram.com/explore/locations/630843400673409/enjoy-sportswear/"
  },
  {
    "id": "1747549828656098",
    "name": "Justcoffee",
    "city": "KryvyiRih",
    "url": "https://www.instagram.com/explore/locations/1747549828656098/justcoffee/"
  },
  {
    "id": "586001545107913",
    "name": "Автосалон - Кривбасавто",
    "city": "KryvyiRih",
    "url": "https://www.instagram.com/explore/locations/586001545107913/-/"
  },
  {
    "id": "107383111429381",
    "name": "Story Flowers KR",
    "city": "KryvyiRih",
    "url": "https://www.instagram.com/explore/locations/107383111429381/story-flowers-kr/"
  },
  {
    "id": "146076274249712",
    "name": "Webnauts Space",
    "city": "KryvyiRih",
    "url": "https://www.instagram.com/explore/locations/146076274249712/webnauts-space/"
  },
  {
    "id": "122105234414007421",
    "name": "Wraps bar by Mr.Bean",
    "city": "KryvyiRih",
    "url": "https://www.instagram.com/explore/locations/122105234414007421/wraps-bar-by-mrbean/"
  },
  {
    "id": "101827608333745",
    "name": "Кривий Ріг, Проспект Гагарина, 5",
    "city": "KryvyiRih",
    "url": "https://www.instagram.com/explore/locations/101827608333745/5/"
  },
  {
    "id": "221369408273089",
    "name": "Nail Industry By Svetlana Kolesnik",
    "city": "KryvyiRih",
    "url": "https://www.instagram.com/explore/locations/221369408273089/nail-industry-by-svetlana-kolesnik/"
  },
  {
    "id": "348067086591807",
    "name": "Улица Костенко 17",
    "city": "KryvyiRih",
    "url": "https://www.instagram.com/explore/locations/348067086591807/17/"
  },
  {
    "id": "105744611823526",
    "name": "WeedingDay",
    "city": "KryvyiRih",
    "url": "https://www.instagram.com/explore/locations/105744611823526/weedingday/"
  },
  {
    "id": "111057277067419",
    "name": "Ukranian_moda",
    "city": "KryvyiRih",
    "url": "https://www.instagram.com/explore/locations/111057277067419/ukranian_moda/"
  },
  {
    "id": "712572155",
    "name": "Кривой Рог 69 Школа",
    "city": "KryvyiRih",
    "url": "https://www.instagram.com/explore/locations/712572155/69/"
  },
  {
    "id": "1027558899",
    "name": "English Family Club",
    "city": "KryvyiRih",
    "url": "https://www.instagram.com/explore/locations/1027558899/english-family-club/"
  },
  {
    "id": "206380123573474",
    "name": "Гагарина 61а",
    "city": "KryvyiRih",
    "url": "https://www.instagram.com/explore/locations/206380123573474/61/"
  },
  {
    "id": "397917896",
    "name": "Pizzeria \"95 Kvartal\"",
    "city": "KryvyiRih",
    "url": "https://www.instagram.com/explore/locations/397917896/pizzeria-95-kvartal/"
  },
  {
    "id": "780092078823631",
    "name": "Lama Room",
    "city": "KryvyiRih",
    "url": "https://www.instagram.com/explore/locations/780092078823631/lama-room/"
  },
  {
    "id": "1330403433648750",
    "name": "Shoshoni",
    "city": "KryvyiRih",
    "url": "https://www.instagram.com/explore/locations/1330403433648750/shoshoni/"
  },
  {
    "id": "109486638300209",
    "name": "2 eyes",
    "city": "KryvyiRih",
    "url": "https://www.instagram.com/explore/locations/109486638300209/2-eyes/"
  },
  {
    "id": "105925214553261",
    "name": "Молоко Від Фермера, Кривий Ріг, Проспект Гагаріна, 21",
    "city": "KryvyiRih",
    "url": "https://www.instagram.com/explore/locations/105925214553261/21/"
  },
  {
    "id": "277086955969045",
    "name": "Корица Кривой Рог Ул. Димитрова 51",
    "city": "KryvyiRih",
    "url": "https://www.instagram.com/explore/locations/277086955969045/51/"
  },
  {
    "id": "100211345503133",
    "name": "Qualia.school",
    "city": "KryvyiRih",
    "url": "https://www.instagram.com/explore/locations/100211345503133/qualiaschool/"
  },
  {
    "id": "655076174852834",
    "name": "Кривой Рог, Проспект Металлургов 9, Магазин Карамелька",
    "city": "KryvyiRih",
    "url": "https://www.instagram.com/explore/locations/655076174852834/9/"
  },
  {
    "id": "1688888268083997",
    "name": "Luna",
    "city": "KryvyiRih",
    "url": "https://www.instagram.com/explore/locations/1688888268083997/luna/"
  },
  {
    "id": "184747825458561",
    "name": "In Sugar",
    "city": "KryvyiRih",
    "url": "https://www.instagram.com/explore/locations/184747825458561/in-sugar/"
  },
  {
    "id": "350844919021501",
    "name": "Гимназия №95",
    "city": "KryvyiRih",
    "url": "https://www.instagram.com/explore/locations/350844919021501/no95/"
  },
  {
    "id": "110931207018460",
    "name": "Проспект Мира 29 Кривой Рог",
    "city": "KryvyiRih",
    "url": "https://www.instagram.com/explore/locations/110931207018460/29/"
  },
  {
    "id": "1017037475",
    "name": "Юридична компанія \"Horelikov & Partners\"",
    "city": "KryvyiRih",
    "url": "https://www.instagram.com/explore/locations/1017037475/horelikov-partners/"
  },
  {
    "id": "238982386631558",
    "name": "МаникюрПедикюрКривой Рог95 квартал",
    "city": "KryvyiRih",
    "url": "https://www.instagram.com/explore/locations/238982386631558/95/"
  },
  {
    "id": "800008563435941",
    "name": "Благодійна організація «100% Життя» Дніпровський регіон»",
    "city": "KryvyiRih",
    "url": "https://www.instagram.com/explore/locations/800008563435941/100/"
  },
  {
    "id": "1056715857799221",
    "name": "Family, Кривой Рог, Гагарина 10",
    "city": "KryvyiRih",
    "url": "https://www.instagram.com/explore/locations/1056715857799221/family-10/"
  },
  {
    "id": "103994198836102",
    "name": "LuxWash Кривий Ріг",
    "city": "KryvyiRih",
    "url": "https://www.instagram.com/explore/locations/103994198836102/luxwash/"
  },
  {
    "id": "110459803860638",
    "name": "Днепропетровское Шоссе 16б",
    "city": "KryvyiRih",
    "url": "https://www.instagram.com/explore/locations/110459803860638/16/"
  },
  {
    "id": "155384531629037",
    "name": "Прокат детских товаров Baby ServiceДнепр",
    "city": "KryvyiRih",
    "url": "https://www.instagram.com/explore/locations/155384531629037/baby-service/"
  },
  {
    "id": "112980316752528",
    "name": "El'tips",
    "city": "KryvyiRih",
    "url": "https://www.instagram.com/explore/locations/112980316752528/eltips/"
  },
  {
    "id": "114457806765397",
    "name": "Lollipop kava KR",
    "city": "KryvyiRih",
    "url": "https://www.instagram.com/explore/locations/114457806765397/lollipop-kava-kr/"
  }
]