[
  {
    "id": "224689363",
    "name": "Irpen",
    "city": "Irpen",
    "url": "https://www.instagram.com/explore/locations/224689363/irpen/"
  },
  {
    "id": "446268886147066",
    "name": "T1 Terrasa",
    "city": "Irpen",
    "url": "https://www.instagram.com/explore/locations/446268886147066/t1-terrasa/"
  },
  {
    "id": "213813945973966",
    "name": "Hanami restaurant & bar Ірпінь",
    "city": "Irpen",
    "url": "https://www.instagram.com/explore/locations/213813945973966/hanami-restaurant-bar/"
  },
  {
    "id": "109951997196779",
    "name": "Gaumarjos georgian WINE cafe",
    "city": "Irpen",
    "url": "https://www.instagram.com/explore/locations/109951997196779/gaumarjos-georgian-wine-cafe/"
  },
  {
    "id": "103876731339662",
    "name": "The РЕБРА",
    "city": "Irpen",
    "url": "https://www.instagram.com/explore/locations/103876731339662/the/"
  },
  {
    "id": "109829683824505",
    "name": "ЖК Синергія 3+",
    "city": "Irpen",
    "url": "https://www.instagram.com/explore/locations/109829683824505/3/"
  },
  {
    "id": "102402027834322",
    "name": "4YOUprint - поліграфія",
    "city": "Irpen",
    "url": "https://www.instagram.com/explore/locations/102402027834322/4youprint-/"
  },
  {
    "id": "1033501608",
    "name": "ЖК Rich Town Ирпень",
    "city": "Irpen",
    "url": "https://www.instagram.com/explore/locations/1033501608/rich-town/"
  },
  {
    "id": "169292343991558",
    "name": "ЖКСинергія 2",
    "city": "Irpen",
    "url": "https://www.instagram.com/explore/locations/169292343991558/2/"
  },
  {
    "id": "104138418206344",
    "name": "ЖК Синергія 3",
    "city": "Irpen",
    "url": "https://www.instagram.com/explore/locations/104138418206344/3/"
  },
  {
    "id": "1029333654",
    "name": "Beauty Stars Irpen",
    "city": "Irpen",
    "url": "https://www.instagram.com/explore/locations/1029333654/beauty-stars-irpen/"
  },
  {
    "id": "112844604218582",
    "name": "Mushlya",
    "city": "Irpen",
    "url": "https://www.instagram.com/explore/locations/112844604218582/mushlya/"
  },
  {
    "id": "104341611045823",
    "name": "ЖК Green Side",
    "city": "Irpen",
    "url": "https://www.instagram.com/explore/locations/104341611045823/green-side/"
  },
  {
    "id": "103875681815842",
    "name": "Smidyuk Academy Irpin",
    "city": "Irpen",
    "url": "https://www.instagram.com/explore/locations/103875681815842/smidyuk-academy-irpin/"
  },
  {
    "id": "111032210593020",
    "name": "Sapori Veri - Концептуальний Італійський Ресторан в Ірпені",
    "city": "Irpen",
    "url": "https://www.instagram.com/explore/locations/111032210593020/sapori-veri-/"
  },
  {
    "id": "425812094270743",
    "name": "Gastro bar Uglovoy",
    "city": "Irpen",
    "url": "https://www.instagram.com/explore/locations/425812094270743/gastro-bar-uglovoy/"
  },
  {
    "id": "217371663",
    "name": "Ирпень, UA.",
    "city": "Irpen",
    "url": "https://www.instagram.com/explore/locations/217371663/ua/"
  },
  {
    "id": "101884288926075",
    "name": "Joys",
    "city": "Irpen",
    "url": "https://www.instagram.com/explore/locations/101884288926075/joys/"
  },
  {
    "id": "1154839368010401",
    "name": "Irpin City ТЦ",
    "city": "Irpen",
    "url": "https://www.instagram.com/explore/locations/1154839368010401/irpin-city/"
  },
  {
    "id": "158972051175347",
    "name": "Ущелье Уч-Кош",
    "city": "Irpen",
    "url": "https://www.instagram.com/explore/locations/158972051175347/-/"
  },
  {
    "id": "405275203409826",
    "name": "Без Дверей Espresso Bar Irpin",
    "city": "Irpen",
    "url": "https://www.instagram.com/explore/locations/405275203409826/espresso-bar-irpin/"
  },
  {
    "id": "645898737",
    "name": "Ірпінь, Вул. К. Маркса, 31 Нудпсу",
    "city": "Irpen",
    "url": "https://www.instagram.com/explore/locations/645898737/31/"
  },
  {
    "id": "167449957350310",
    "name": "Formula Coffee",
    "city": "Irpen",
    "url": "https://www.instagram.com/explore/locations/167449957350310/formula-coffee/"
  },
  {
    "id": "403107783576861",
    "name": "Фитнес-Клуб \"Stimul\"",
    "city": "Irpen",
    "url": "https://www.instagram.com/explore/locations/403107783576861/-stimul/"
  },
  {
    "id": "729285647",
    "name": "Motion Sport and Spa",
    "city": "Irpen",
    "url": "https://www.instagram.com/explore/locations/729285647/motion-sport-and-spa/"
  },
  {
    "id": "242370454",
    "name": "ZAIR DISCO CLUB",
    "city": "Irpen",
    "url": "https://www.instagram.com/explore/locations/242370454/zair-disco-club/"
  },
  {
    "id": "1016416628466173",
    "name": "BarberShop Garage irpen",
    "city": "Irpen",
    "url": "https://www.instagram.com/explore/locations/1016416628466173/barbershop-garage-irpen/"
  },
  {
    "id": "578709975641727",
    "name": "La Crevet",
    "city": "Irpen",
    "url": "https://www.instagram.com/explore/locations/578709975641727/la-crevet/"
  },
  {
    "id": "124757958156689",
    "name": "Silver Beauty Bar",
    "city": "Irpen",
    "url": "https://www.instagram.com/explore/locations/124757958156689/silver-beauty-bar/"
  },
  {
    "id": "2275066029482417",
    "name": "TGI Academy",
    "city": "Irpen",
    "url": "https://www.instagram.com/explore/locations/2275066029482417/tgi-academy/"
  },
  {
    "id": "670483916449307",
    "name": "Lozin Groom Studio - Стрижка собак і котиків в м. Ірпінь, Давидчука 42",
    "city": "Irpen",
    "url": "https://www.instagram.com/explore/locations/670483916449307/lozin-groom-studio-42/"
  },
  {
    "id": "468808646655296",
    "name": "Фітнес-клуб Stimul",
    "city": "Irpen",
    "url": "https://www.instagram.com/explore/locations/468808646655296/-stimul/"
  },
  {
    "id": "713759629075307",
    "name": "ReForma fitness",
    "city": "Irpen",
    "url": "https://www.instagram.com/explore/locations/713759629075307/reforma-fitness/"
  },
  {
    "id": "182470366015815",
    "name": "Petrash Beauty Studio",
    "city": "Irpen",
    "url": "https://www.instagram.com/explore/locations/182470366015815/petrash-beauty-studio/"
  },
  {
    "id": "101191929696243",
    "name": "midgard_irpin",
    "city": "Irpen",
    "url": "https://www.instagram.com/explore/locations/101191929696243/midgard_irpin/"
  },
  {
    "id": "1031782228",
    "name": "Stockholm Studios Residence",
    "city": "Irpen",
    "url": "https://www.instagram.com/explore/locations/1031782228/stockholm-studios-residence/"
  },
  {
    "id": "148940899088058",
    "name": "Neon Bar Ирпень",
    "city": "Irpen",
    "url": "https://www.instagram.com/explore/locations/148940899088058/neon-bar/"
  },
  {
    "id": "100783392440681",
    "name": "Xlіb&Coffee",
    "city": "Irpen",
    "url": "https://www.instagram.com/explore/locations/100783392440681/xlbcoffee/"
  },
  {
    "id": "359120579",
    "name": "Friendly cafe \"Gazon\"",
    "city": "Irpen",
    "url": "https://www.instagram.com/explore/locations/359120579/friendly-cafe-gazon/"
  },
  {
    "id": "101509154825771",
    "name": "Ірпінь Daily",
    "city": "Irpen",
    "url": "https://www.instagram.com/explore/locations/101509154825771/daily/"
  },
  {
    "id": "115422811541375",
    "name": "evo_rest_irpin",
    "city": "Irpen",
    "url": "https://www.instagram.com/explore/locations/115422811541375/evo_rest_irpin/"
  },
  {
    "id": "271577809",
    "name": "Irpin Home",
    "city": "Irpen",
    "url": "https://www.instagram.com/explore/locations/271577809/irpin-home/"
  },
  {
    "id": "303208096700964",
    "name": "Пекарня - Кондитерська Моцарт",
    "city": "Irpen",
    "url": "https://www.instagram.com/explore/locations/303208096700964/-/"
  },
  {
    "id": "1871334866528665",
    "name": "BB Studio By Yana Bubnova",
    "city": "Irpen",
    "url": "https://www.instagram.com/explore/locations/1871334866528665/bb-studio-by-yana-bubnova/"
  },
  {
    "id": "110674782941724",
    "name": "G O S T II еда I бар I Ирпень",
    "city": "Irpen",
    "url": "https://www.instagram.com/explore/locations/110674782941724/g-o-s-t-ii-i-i/"
  },
  {
    "id": "101622285000632",
    "name": "Good Chef Ірпінь",
    "city": "Irpen",
    "url": "https://www.instagram.com/explore/locations/101622285000632/good-chef/"
  },
  {
    "id": "349457667",
    "name": "Linevich Group",
    "city": "Irpen",
    "url": "https://www.instagram.com/explore/locations/349457667/linevich-group/"
  },
  {
    "id": "161688914383081",
    "name": "12 Школа Ірпінь",
    "city": "Irpen",
    "url": "https://www.instagram.com/explore/locations/161688914383081/12/"
  },
  {
    "id": "143720723089962",
    "name": "Салон краси Dream In Style",
    "city": "Irpen",
    "url": "https://www.instagram.com/explore/locations/143720723089962/dream-in-style/"
  },
  {
    "id": "882014588",
    "name": "Мкрн Стоянка-2, Ирпень",
    "city": "Irpen",
    "url": "https://www.instagram.com/explore/locations/882014588/-2/"
  },
  {
    "id": "238801230025400",
    "name": "ЖК Женев'єва-2",
    "city": "Irpen",
    "url": "https://www.instagram.com/explore/locations/238801230025400/-2/"
  },
  {
    "id": "149245348882617",
    "name": "ReForma fitness",
    "city": "Irpen",
    "url": "https://www.instagram.com/explore/locations/149245348882617/reforma-fitness/"
  },
  {
    "id": "1957329397828367",
    "name": "Стоматологічна клінікаДАНЛІ -ДЕНТ",
    "city": "Irpen",
    "url": "https://www.instagram.com/explore/locations/1957329397828367/-/"
  },
  {
    "id": "218634621930683",
    "name": "Aesculap",
    "city": "Irpen",
    "url": "https://www.instagram.com/explore/locations/218634621930683/aesculap/"
  },
  {
    "id": "534618813414006",
    "name": "Ирпенский Городской Стадион - Чемпион",
    "city": "Irpen",
    "url": "https://www.instagram.com/explore/locations/534618813414006/-/"
  },
  {
    "id": "678496198997855",
    "name": "Studio5",
    "city": "Irpen",
    "url": "https://www.instagram.com/explore/locations/678496198997855/studio5/"
  },
  {
    "id": "148806859096610",
    "name": "17 Школа Ірпінь",
    "city": "Irpen",
    "url": "https://www.instagram.com/explore/locations/148806859096610/17/"
  },
  {
    "id": "1637498863212194",
    "name": "Салон красоты New Style Ирпень",
    "city": "Irpen",
    "url": "https://www.instagram.com/explore/locations/1637498863212194/new-style/"
  },
  {
    "id": "382066868844745",
    "name": "Киев, Ул. Хрещатик 36",
    "city": "Irpen",
    "url": "https://www.instagram.com/explore/locations/382066868844745/36/"
  },
  {
    "id": "242004760",
    "name": "Коттеджный городок Стоянка-2",
    "city": "Irpen",
    "url": "https://www.instagram.com/explore/locations/242004760/-2/"
  },
  {
    "id": "343000752880273",
    "name": "Danli-Dent Irpen",
    "city": "Irpen",
    "url": "https://www.instagram.com/explore/locations/343000752880273/danli-dent-irpen/"
  },
  {
    "id": "102072405403463",
    "name": "Gorgona tattoo & piercing studio",
    "city": "Irpen",
    "url": "https://www.instagram.com/explore/locations/102072405403463/gorgona-tattoo-piercing-studio/"
  },
  {
    "id": "109577004723461",
    "name": "Спортивний комплекс Swim&gym",
    "city": "Irpen",
    "url": "https://www.instagram.com/explore/locations/109577004723461/swimgym/"
  },
  {
    "id": "751204351697994",
    "name": "Divine pizza irpin",
    "city": "Irpen",
    "url": "https://www.instagram.com/explore/locations/751204351697994/divine-pizza-irpin/"
  },
  {
    "id": "577055979116992",
    "name": "Tilesno",
    "city": "Irpen",
    "url": "https://www.instagram.com/explore/locations/577055979116992/tilesno/"
  },
  {
    "id": "114187240234240",
    "name": "Baker Brothers",
    "city": "Irpen",
    "url": "https://www.instagram.com/explore/locations/114187240234240/baker-brothers/"
  },
  {
    "id": "100846248238608",
    "name": "ЖК Utlandia",
    "city": "Irpen",
    "url": "https://www.instagram.com/explore/locations/100846248238608/utlandia/"
  },
  {
    "id": "100195281416439",
    "name": "Two Chella's",
    "city": "Irpen",
    "url": "https://www.instagram.com/explore/locations/100195281416439/two-chellas/"
  },
  {
    "id": "428070467627781",
    "name": "M.Space - nail studio",
    "city": "Irpen",
    "url": "https://www.instagram.com/explore/locations/428070467627781/mspace-nail-studio/"
  },
  {
    "id": "103385185974895",
    "name": "Beauty studio Alean",
    "city": "Irpen",
    "url": "https://www.instagram.com/explore/locations/103385185974895/beauty-studio-alean/"
  },
  {
    "id": "1667542846641122",
    "name": "Г. Ирпень ул. Соборная 133",
    "city": "Irpen",
    "url": "https://www.instagram.com/explore/locations/1667542846641122/133/"
  },
  {
    "id": "1022913296",
    "name": "«Irpen Art School»",
    "city": "Irpen",
    "url": "https://www.instagram.com/explore/locations/1022913296/irpen-art-school/"
  },
  {
    "id": "235722330500212",
    "name": "Glam Loft - Салон красоты в Ирпене",
    "city": "Irpen",
    "url": "https://www.instagram.com/explore/locations/235722330500212/glam-loft-/"
  },
  {
    "id": "105677722272389",
    "name": "shafran_irpin",
    "city": "Irpen",
    "url": "https://www.instagram.com/explore/locations/105677722272389/shafran_irpin/"
  },
  {
    "id": "342759283127698",
    "name": "Frisor Barbershop Irpin & Bucha",
    "city": "Irpen",
    "url": "https://www.instagram.com/explore/locations/342759283127698/frisor-barbershop-irpin-bucha/"
  },
  {
    "id": "642275662588777",
    "name": "Mother's Dream",
    "city": "Irpen",
    "url": "https://www.instagram.com/explore/locations/642275662588777/mothers-dream/"
  },
  {
    "id": "103172857807110",
    "name": "Mr.CORNER",
    "city": "Irpen",
    "url": "https://www.instagram.com/explore/locations/103172857807110/mrcorner/"
  },
  {
    "id": "643442012951219",
    "name": "Legend",
    "city": "Irpen",
    "url": "https://www.instagram.com/explore/locations/643442012951219/legend/"
  },
  {
    "id": "1798834047083893",
    "name": "Oak Grove Town",
    "city": "Irpen",
    "url": "https://www.instagram.com/explore/locations/1798834047083893/oak-grove-town/"
  },
  {
    "id": "1000176250089157",
    "name": "Dress Bar Irpin",
    "city": "Irpen",
    "url": "https://www.instagram.com/explore/locations/1000176250089157/dress-bar-irpin/"
  },
  {
    "id": "1796536057227078",
    "name": "Alpa School",
    "city": "Irpen",
    "url": "https://www.instagram.com/explore/locations/1796536057227078/alpa-school/"
  },
  {
    "id": "208389855697444",
    "name": "Just Perfect Grooming",
    "city": "Irpen",
    "url": "https://www.instagram.com/explore/locations/208389855697444/just-perfect-grooming/"
  },
  {
    "id": "1021856978",
    "name": "Школа №1",
    "city": "Irpen",
    "url": "https://www.instagram.com/explore/locations/1021856978/no1/"
  },
  {
    "id": "1955159218064714",
    "name": "Студія краси \"Victoria\"",
    "city": "Irpen",
    "url": "https://www.instagram.com/explore/locations/1955159218064714/victoria/"
  },
  {
    "id": "109503635415331",
    "name": "Sadova Bakery",
    "city": "Irpen",
    "url": "https://www.instagram.com/explore/locations/109503635415331/sadova-bakery/"
  },
  {
    "id": "793761385",
    "name": "Вишгородський Район. Зоопарк \"12 Місяців\"",
    "city": "Irpen",
    "url": "https://www.instagram.com/explore/locations/793761385/12/"
  },
  {
    "id": "106652690894379",
    "name": "Hesburger",
    "city": "Irpen",
    "url": "https://www.instagram.com/explore/locations/106652690894379/hesburger/"
  },
  {
    "id": "140004523170848",
    "name": "BellaBar - студия красоты",
    "city": "Irpen",
    "url": "https://www.instagram.com/explore/locations/140004523170848/bellabar-/"
  },
  {
    "id": "106647534116318",
    "name": "Kvity Irpin",
    "city": "Irpen",
    "url": "https://www.instagram.com/explore/locations/106647534116318/kvity-irpin/"
  },
  {
    "id": "139148518313362",
    "name": "Gelarty",
    "city": "Irpen",
    "url": "https://www.instagram.com/explore/locations/139148518313362/gelarty/"
  },
  {
    "id": "356405711409194",
    "name": "Хінкальня #1",
    "city": "Irpen",
    "url": "https://www.instagram.com/explore/locations/356405711409194/1/"
  },
  {
    "id": "321884988440499",
    "name": "вул. Дем'яна Попова, 26а",
    "city": "Irpen",
    "url": "https://www.instagram.com/explore/locations/321884988440499/26/"
  },
  {
    "id": "280464052",
    "name": "Спорт-Бар \"угловой\"",
    "city": "Irpen",
    "url": "https://www.instagram.com/explore/locations/280464052/-/"
  },
  {
    "id": "1654568391506742",
    "name": "Салон Красоты 4 Сезона\"",
    "city": "Irpen",
    "url": "https://www.instagram.com/explore/locations/1654568391506742/4/"
  },
  {
    "id": "310583163086787",
    "name": "ReformaHub",
    "city": "Irpen",
    "url": "https://www.instagram.com/explore/locations/310583163086787/reformahub/"
  },
  {
    "id": "1014383445",
    "name": "Irpin, Kiev",
    "city": "Irpen",
    "url": "https://www.instagram.com/explore/locations/1014383445/irpin-kiev/"
  },
  {
    "id": "929618457161682",
    "name": "Ірпінь Вул. Тургенівська, 50",
    "city": "Irpen",
    "url": "https://www.instagram.com/explore/locations/929618457161682/50/"
  },
  {
    "id": "109201190669850",
    "name": "Royal Coffee",
    "city": "Irpen",
    "url": "https://www.instagram.com/explore/locations/109201190669850/royal-coffee/"
  },
  {
    "id": "1706174046140838",
    "name": "Barbershop GC Irpen/Bucha",
    "city": "Irpen",
    "url": "https://www.instagram.com/explore/locations/1706174046140838/barbershop-gc-irpenbucha/"
  },
  {
    "id": "101352671218572",
    "name": "Lima Hookah Irpin",
    "city": "Irpen",
    "url": "https://www.instagram.com/explore/locations/101352671218572/lima-hookah-irpin/"
  },
  {
    "id": "400396023814183",
    "name": "Malina Kids",
    "city": "Irpen",
    "url": "https://www.instagram.com/explore/locations/400396023814183/malina-kids/"
  },
  {
    "id": "1587928548167890",
    "name": "JuDi_Nails",
    "city": "Irpen",
    "url": "https://www.instagram.com/explore/locations/1587928548167890/judi_nails/"
  },
  {
    "id": "1687685161377071",
    "name": "Сocoon",
    "city": "Irpen",
    "url": "https://www.instagram.com/explore/locations/1687685161377071/ocoon/"
  },
  {
    "id": "1172555656133334",
    "name": "Reforma Sporthub",
    "city": "Irpen",
    "url": "https://www.instagram.com/explore/locations/1172555656133334/reforma-sporthub/"
  },
  {
    "id": "109994663955886",
    "name": "Барбершоп Бензин Benzin",
    "city": "Irpen",
    "url": "https://www.instagram.com/explore/locations/109994663955886/benzin/"
  },
  {
    "id": "336103413560081",
    "name": "Клініка стоматології Vaskovsky - м.Ірпінь",
    "city": "Irpen",
    "url": "https://www.instagram.com/explore/locations/336103413560081/vaskovsky-/"
  },
  {
    "id": "102470005122886",
    "name": "Сильпо Ирпень Чехова,27",
    "city": "Irpen",
    "url": "https://www.instagram.com/explore/locations/102470005122886/27/"
  },
  {
    "id": "101906198658651",
    "name": "statica.stretching",
    "city": "Irpen",
    "url": "https://www.instagram.com/explore/locations/101906198658651/staticastretching/"
  },
  {
    "id": "1030763378",
    "name": "Школа-Сад Limpopo",
    "city": "Irpen",
    "url": "https://www.instagram.com/explore/locations/1030763378/-limpopo/"
  },
  {
    "id": "113719226669457",
    "name": "ЖК New York Towers",
    "city": "Irpen",
    "url": "https://www.instagram.com/explore/locations/113719226669457/new-york-towers/"
  },
  {
    "id": "1015454693",
    "name": "Студія красиBeauty Center",
    "city": "Irpen",
    "url": "https://www.instagram.com/explore/locations/1015454693/beauty-center/"
  },
  {
    "id": "258018471057619",
    "name": "MSS GROUP",
    "city": "Irpen",
    "url": "https://www.instagram.com/explore/locations/258018471057619/mss-group/"
  },
  {
    "id": "1017327866",
    "name": "Peppi House м.Ірпінь",
    "city": "Irpen",
    "url": "https://www.instagram.com/explore/locations/1017327866/peppi-house/"
  },
  {
    "id": "111372037458156",
    "name": "Brand Store Outlet - магазин аутлет брендовой одежды",
    "city": "Irpen",
    "url": "https://www.instagram.com/explore/locations/111372037458156/brand-store-outlet-/"
  },
  {
    "id": "490531990994995",
    "name": "NID Company. Недвижимость Ирпень,Буча,Гостомель.",
    "city": "Irpen",
    "url": "https://www.instagram.com/explore/locations/490531990994995/nid-company/"
  },
  {
    "id": "306429743",
    "name": "Fitness-center Champions Club",
    "city": "Irpen",
    "url": "https://www.instagram.com/explore/locations/306429743/fitness-center-champions-club/"
  },
  {
    "id": "1352899108137422",
    "name": "Press Gym, Ірпінь, Джерельна 8",
    "city": "Irpen",
    "url": "https://www.instagram.com/explore/locations/1352899108137422/press-gym-8/"
  },
  {
    "id": "407292599683642",
    "name": "Wallet",
    "city": "Irpen",
    "url": "https://www.instagram.com/explore/locations/407292599683642/wallet/"
  },
  {
    "id": "115345483257341",
    "name": "Laser_Ray_Irpen",
    "city": "Irpen",
    "url": "https://www.instagram.com/explore/locations/115345483257341/laser_ray_irpen/"
  },
  {
    "id": "245342399482294",
    "name": "Kachalka MIX",
    "city": "Irpen",
    "url": "https://www.instagram.com/explore/locations/245342399482294/kachalka-mix/"
  },
  {
    "id": "318622238580329",
    "name": "Bright Salon Irpin",
    "city": "Irpen",
    "url": "https://www.instagram.com/explore/locations/318622238580329/bright-salon-irpin/"
  },
  {
    "id": "102495739093908",
    "name": "Місто-Герой Ірпінь",
    "city": "Irpen",
    "url": "https://www.instagram.com/explore/locations/102495739093908/-/"
  },
  {
    "id": "105812574178168",
    "name": "Hurgri_art_school",
    "city": "Irpen",
    "url": "https://www.instagram.com/explore/locations/105812574178168/hurgri_art_school/"
  },
  {
    "id": "106210507875966",
    "name": "Квартал Group - ЖК Синергія Сіті",
    "city": "Irpen",
    "url": "https://www.instagram.com/explore/locations/106210507875966/group-/"
  },
  {
    "id": "1853497638239925",
    "name": "Салон Bloomare - Ірпінь",
    "city": "Irpen",
    "url": "https://www.instagram.com/explore/locations/1853497638239925/bloomare-/"
  },
  {
    "id": "109771554107959",
    "name": "mss_photostudio",
    "city": "Irpen",
    "url": "https://www.instagram.com/explore/locations/109771554107959/mss_photostudio/"
  },
  {
    "id": "415621578",
    "name": "Borodabar",
    "city": "Irpen",
    "url": "https://www.instagram.com/explore/locations/415621578/borodabar/"
  },
  {
    "id": "114537883342705",
    "name": "Як VDOMA Ірпінь/Буча",
    "city": "Irpen",
    "url": "https://www.instagram.com/explore/locations/114537883342705/vdoma/"
  },
  {
    "id": "177655782709682",
    "name": "Sweet.drug - кондитерська",
    "city": "Irpen",
    "url": "https://www.instagram.com/explore/locations/177655782709682/sweetdrug-/"
  },
  {
    "id": "376447889610847",
    "name": "Груминг салон PETS LIFE, Антонова 8д",
    "city": "Irpen",
    "url": "https://www.instagram.com/explore/locations/376447889610847/pets-life-8/"
  },
  {
    "id": "101617247973207",
    "name": "Dia Ler",
    "city": "Irpen",
    "url": "https://www.instagram.com/explore/locations/101617247973207/dia-ler/"
  },
  {
    "id": "707801165",
    "name": "Sweet Home",
    "city": "Irpen",
    "url": "https://www.instagram.com/explore/locations/707801165/sweet-home/"
  },
  {
    "id": "258018201",
    "name": "Ирпень, Суворова 1",
    "city": "Irpen",
    "url": "https://www.instagram.com/explore/locations/258018201/1/"
  },
  {
    "id": "100198465112938",
    "name": "RePlay Irpin",
    "city": "Irpen",
    "url": "https://www.instagram.com/explore/locations/100198465112938/replay-irpin/"
  },
  {
    "id": "1023445741",
    "name": "Bumble Nails",
    "city": "Irpen",
    "url": "https://www.instagram.com/explore/locations/1023445741/bumble-nails/"
  },
  {
    "id": "107777660845226",
    "name": "ЖК «Сінергія 2+»",
    "city": "Irpen",
    "url": "https://www.instagram.com/explore/locations/107777660845226/2/"
  },
  {
    "id": "104758831109068",
    "name": "Студия Красоты LAKI",
    "city": "Irpen",
    "url": "https://www.instagram.com/explore/locations/104758831109068/laki/"
  },
  {
    "id": "2614604775240179",
    "name": "Formula Coffee, Нова траса",
    "city": "Irpen",
    "url": "https://www.instagram.com/explore/locations/2614604775240179/formula-coffee/"
  },
  {
    "id": "17970493",
    "name": "Zair",
    "city": "Irpen",
    "url": "https://www.instagram.com/explore/locations/17970493/zair/"
  },
  {
    "id": "111829279563402",
    "name": "Helen Doron English Irpin",
    "city": "Irpen",
    "url": "https://www.instagram.com/explore/locations/111829279563402/helen-doron-english-irpin/"
  },
  {
    "id": "645954648876156",
    "name": "Прокат 100 КОЛІС",
    "city": "Irpen",
    "url": "https://www.instagram.com/explore/locations/645954648876156/100/"
  },
  {
    "id": "928625858",
    "name": "Stoianka, Kiev-Sveatoșîn",
    "city": "Irpen",
    "url": "https://www.instagram.com/explore/locations/928625858/stoianka-kiev-sveatosin/"
  },
  {
    "id": "106952824374499",
    "name": "Studio 17",
    "city": "Irpen",
    "url": "https://www.instagram.com/explore/locations/106952824374499/studio-17/"
  },
  {
    "id": "2081929208550365",
    "name": "Квітковий. Beauty. Boutique",
    "city": "Irpen",
    "url": "https://www.instagram.com/explore/locations/2081929208550365/beauty-boutique/"
  },
  {
    "id": "1388248414520111",
    "name": "Корчма-Ресторан Тарас Бульба Черкаси",
    "city": "Irpen",
    "url": "https://www.instagram.com/explore/locations/1388248414520111/-/"
  },
  {
    "id": "253138738730805",
    "name": "İрпінь",
    "city": "Irpen",
    "url": "https://www.instagram.com/explore/locations/253138738730805/i/"
  },
  {
    "id": "1880806585371036",
    "name": "Вагон-ресторан",
    "city": "Irpen",
    "url": "https://www.instagram.com/explore/locations/1880806585371036/-/"
  },
  {
    "id": "273955924",
    "name": "Берковецкая 6 А",
    "city": "Irpen",
    "url": "https://www.instagram.com/explore/locations/273955924/6/"
  },
  {
    "id": "103569881468207",
    "name": "Linevich Group",
    "city": "Irpen",
    "url": "https://www.instagram.com/explore/locations/103569881468207/linevich-group/"
  },
  {
    "id": "360445657820429",
    "name": "Push Up",
    "city": "Irpen",
    "url": "https://www.instagram.com/explore/locations/360445657820429/push-up/"
  },
  {
    "id": "1574052342892925",
    "name": "Ирпень салон Красоты \"paradise\"",
    "city": "Irpen",
    "url": "https://www.instagram.com/explore/locations/1574052342892925/paradise/"
  },
  {
    "id": "215180748944910",
    "name": "Dance Up",
    "city": "Irpen",
    "url": "https://www.instagram.com/explore/locations/215180748944910/dance-up/"
  },
  {
    "id": "100580401802804",
    "name": "NewHome",
    "city": "Irpen",
    "url": "https://www.instagram.com/explore/locations/100580401802804/newhome/"
  },
  {
    "id": "100543978088386",
    "name": "ЖК Синергія 3",
    "city": "Irpen",
    "url": "https://www.instagram.com/explore/locations/100543978088386/3/"
  },
  {
    "id": "2267594066813125",
    "name": "Спорт клуб \"К4\"",
    "city": "Irpen",
    "url": "https://www.instagram.com/explore/locations/2267594066813125/4/"
  },
  {
    "id": "2007450489562559",
    "name": "Ірпень, вул. Минеральна 18",
    "city": "Irpen",
    "url": "https://www.instagram.com/explore/locations/2007450489562559/18/"
  },
  {
    "id": "103871274444811",
    "name": "Стоматология Ирпень - Danyliv",
    "city": "Irpen",
    "url": "https://www.instagram.com/explore/locations/103871274444811/-danyliv/"
  },
  {
    "id": "283964538692780",
    "name": "Студія Краси TanGo",
    "city": "Irpen",
    "url": "https://www.instagram.com/explore/locations/283964538692780/tango/"
  },
  {
    "id": "1008432012",
    "name": "Ecosoft",
    "city": "Irpen",
    "url": "https://www.instagram.com/explore/locations/1008432012/ecosoft/"
  },
  {
    "id": "100212752104893",
    "name": "Malina Campus",
    "city": "Irpen",
    "url": "https://www.instagram.com/explore/locations/100212752104893/malina-campus/"
  },
  {
    "id": "112219247203326",
    "name": "narechena_irpin",
    "city": "Irpen",
    "url": "https://www.instagram.com/explore/locations/112219247203326/narechena_irpin/"
  },
  {
    "id": "412218254",
    "name": "Irpin, Ukraine",
    "city": "Irpen",
    "url": "https://www.instagram.com/explore/locations/412218254/irpin-ukraine/"
  },
  {
    "id": "2194864490581466",
    "name": "MOAN - makeup&nail Boutique",
    "city": "Irpen",
    "url": "https://www.instagram.com/explore/locations/2194864490581466/moan-makeupnail-boutique/"
  },
  {
    "id": "1623575321198178",
    "name": "Judi Nails Studio By Juliya Tatarko",
    "city": "Irpen",
    "url": "https://www.instagram.com/explore/locations/1623575321198178/judi-nails-studio-by-juliya-tatarko/"
  },
  {
    "id": "2132680610323456",
    "name": "Ірпінь Вул Університетська 2.",
    "city": "Irpen",
    "url": "https://www.instagram.com/explore/locations/2132680610323456/2/"
  },
  {
    "id": "115185637022329",
    "name": "RestoPresto",
    "city": "Irpen",
    "url": "https://www.instagram.com/explore/locations/115185637022329/restopresto/"
  },
  {
    "id": "715469982141605",
    "name": "Hroma Beauty Expert",
    "city": "Irpen",
    "url": "https://www.instagram.com/explore/locations/715469982141605/hroma-beauty-expert/"
  },
  {
    "id": "233994777029409",
    "name": "Used Apple",
    "city": "Irpen",
    "url": "https://www.instagram.com/explore/locations/233994777029409/used-apple/"
  },
  {
    "id": "261691938045303",
    "name": "ЧІЛА - Одноразова продукція для салонів та медцентрів",
    "city": "Irpen",
    "url": "https://www.instagram.com/explore/locations/261691938045303/-/"
  },
  {
    "id": "100605214769853",
    "name": "Ірпінська Школа 2",
    "city": "Irpen",
    "url": "https://www.instagram.com/explore/locations/100605214769853/2/"
  },
  {
    "id": "100593741302164",
    "name": "Стоматология Dr.SKИрпень/Буча/Ворзель",
    "city": "Irpen",
    "url": "https://www.instagram.com/explore/locations/100593741302164/drsk/"
  },
  {
    "id": "1903153693318704",
    "name": "Цветик-семицветик",
    "city": "Irpen",
    "url": "https://www.instagram.com/explore/locations/1903153693318704/-/"
  },
  {
    "id": "1759963940774327",
    "name": "F1 Соffee To Go",
    "city": "Irpen",
    "url": "https://www.instagram.com/explore/locations/1759963940774327/f1-ffee-to-go/"
  },
  {
    "id": "105480390930840",
    "name": "ЖК Синергія 2+",
    "city": "Irpen",
    "url": "https://www.instagram.com/explore/locations/105480390930840/2/"
  },
  {
    "id": "282310009153266",
    "name": "RG Magic Ribbon",
    "city": "Irpen",
    "url": "https://www.instagram.com/explore/locations/282310009153266/rg-magic-ribbon/"
  },
  {
    "id": "155482888466736",
    "name": "Beauty Studio Macaron",
    "city": "Irpen",
    "url": "https://www.instagram.com/explore/locations/155482888466736/beauty-studio-macaron/"
  },
  {
    "id": "2187770584771983",
    "name": "Ирпень, ул. Толстого, 50-б",
    "city": "Irpen",
    "url": "https://www.instagram.com/explore/locations/2187770584771983/50-/"
  },
  {
    "id": "958661630929138",
    "name": "Ірпінська Біблійна Церква / Irpin Bible Church",
    "city": "Irpen",
    "url": "https://www.instagram.com/explore/locations/958661630929138/irpin-bible-church/"
  },
  {
    "id": "608778129317764",
    "name": "Villa Petite",
    "city": "Irpen",
    "url": "https://www.instagram.com/explore/locations/608778129317764/villa-petite/"
  },
  {
    "id": "1023610006",
    "name": "Фітнес клуб Fitness Family Club",
    "city": "Irpen",
    "url": "https://www.instagram.com/explore/locations/1023610006/fitness-family-club/"
  },
  {
    "id": "706793602766767",
    "name": "Brand Store Outlet",
    "city": "Irpen",
    "url": "https://www.instagram.com/explore/locations/706793602766767/brand-store-outlet/"
  },
  {
    "id": "279663526052564",
    "name": "Next Step Ukraine",
    "city": "Irpen",
    "url": "https://www.instagram.com/explore/locations/279663526052564/next-step-ukraine/"
  },
  {
    "id": "1684252875159127",
    "name": "Ирпень, улица Демьяна Попова 26",
    "city": "Irpen",
    "url": "https://www.instagram.com/explore/locations/1684252875159127/26/"
  },
  {
    "id": "107212684186547",
    "name": "Dr's Yavorsky",
    "city": "Irpen",
    "url": "https://www.instagram.com/explore/locations/107212684186547/drs-yavorsky/"
  },
  {
    "id": "107627137610818",
    "name": "Kvitkova Kramnitsia",
    "city": "Irpen",
    "url": "https://www.instagram.com/explore/locations/107627137610818/kvitkova-kramnitsia/"
  },
  {
    "id": "101148081331096",
    "name": "Beauty Generation",
    "city": "Irpen",
    "url": "https://www.instagram.com/explore/locations/101148081331096/beauty-generation/"
  },
  {
    "id": "1023690126",
    "name": "Турагентство Joinup Ирпень",
    "city": "Irpen",
    "url": "https://www.instagram.com/explore/locations/1023690126/joinup/"
  },
  {
    "id": "109307043882259",
    "name": "Котеджне містечко «Scandi House»",
    "city": "Irpen",
    "url": "https://www.instagram.com/explore/locations/109307043882259/scandi-house/"
  },
  {
    "id": "105355138221724",
    "name": "TandoorBar",
    "city": "Irpen",
    "url": "https://www.instagram.com/explore/locations/105355138221724/tandoorbar/"
  },
  {
    "id": "111720372944105",
    "name": "Barometer",
    "city": "Irpen",
    "url": "https://www.instagram.com/explore/locations/111720372944105/barometer/"
  },
  {
    "id": "2498650550150291",
    "name": "Anex Tour Agency",
    "city": "Irpen",
    "url": "https://www.instagram.com/explore/locations/2498650550150291/anex-tour-agency/"
  },
  {
    "id": "308930828964593",
    "name": "Amigof",
    "city": "Irpen",
    "url": "https://www.instagram.com/explore/locations/308930828964593/amigof/"
  },
  {
    "id": "1032742230",
    "name": "Reforma Спортклуб Ирпень",
    "city": "Irpen",
    "url": "https://www.instagram.com/explore/locations/1032742230/reforma/"
  },
  {
    "id": "146500008553575",
    "name": "Smart insurance",
    "city": "Irpen",
    "url": "https://www.instagram.com/explore/locations/146500008553575/smart-insurance/"
  },
  {
    "id": "114747670074597",
    "name": "Дитячий садочок DINO в Ірпені",
    "city": "Irpen",
    "url": "https://www.instagram.com/explore/locations/114747670074597/dino/"
  },
  {
    "id": "1022860660",
    "name": "Новострой.ua",
    "city": "Irpen",
    "url": "https://www.instagram.com/explore/locations/1022860660/ua/"
  },
  {
    "id": "1842600512734384",
    "name": "Dream House Агентство нерухомості",
    "city": "Irpen",
    "url": "https://www.instagram.com/explore/locations/1842600512734384/dream-house/"
  },
  {
    "id": "370799763643175",
    "name": "Дитячийклуб Emoji.Ірпінь",
    "city": "Irpen",
    "url": "https://www.instagram.com/explore/locations/370799763643175/emoji/"
  },
  {
    "id": "103754732387243",
    "name": "Melano Irpin",
    "city": "Irpen",
    "url": "https://www.instagram.com/explore/locations/103754732387243/melano-irpin/"
  },
  {
    "id": "1921255638149461",
    "name": "Fiesta Summer Bar",
    "city": "Irpen",
    "url": "https://www.instagram.com/explore/locations/1921255638149461/fiesta-summer-bar/"
  },
  {
    "id": "222848324",
    "name": "Vodka Pet",
    "city": "Irpen",
    "url": "https://www.instagram.com/explore/locations/222848324/vodka-pet/"
  },
  {
    "id": "105162128011997",
    "name": "Sportzone",
    "city": "Irpen",
    "url": "https://www.instagram.com/explore/locations/105162128011997/sportzone/"
  },
  {
    "id": "192020577988498",
    "name": "ReForma fitness",
    "city": "Irpen",
    "url": "https://www.instagram.com/explore/locations/192020577988498/reforma-fitness/"
  },
  {
    "id": "105495498527514",
    "name": "El Papa",
    "city": "Irpen",
    "url": "https://www.instagram.com/explore/locations/105495498527514/el-papa/"
  },
  {
    "id": "1159411074108277",
    "name": "31 Gallery",
    "city": "Irpen",
    "url": "https://www.instagram.com/explore/locations/1159411074108277/31-gallery/"
  },
  {
    "id": "258428108194530",
    "name": "Aroma Kava",
    "city": "Irpen",
    "url": "https://www.instagram.com/explore/locations/258428108194530/aroma-kava/"
  },
  {
    "id": "262987918",
    "name": "Novosell Invest",
    "city": "Irpen",
    "url": "https://www.instagram.com/explore/locations/262987918/novosell-invest/"
  },
  {
    "id": "100354598688728",
    "name": "MAXI BAR",
    "city": "Irpen",
    "url": "https://www.instagram.com/explore/locations/100354598688728/maxi-bar/"
  },
  {
    "id": "122507189142823",
    "name": "salon_dia_ler",
    "city": "Irpen",
    "url": "https://www.instagram.com/explore/locations/122507189142823/salon_dia_ler/"
  },
  {
    "id": "101268405393311",
    "name": "SportZone - спортивний магазин",
    "city": "Irpen",
    "url": "https://www.instagram.com/explore/locations/101268405393311/sportzone-/"
  },
  {
    "id": "1011361588",
    "name": "Кафе-бар-ресторан Шато Парадиз",
    "city": "Irpen",
    "url": "https://www.instagram.com/explore/locations/1011361588/-/"
  },
  {
    "id": "1747087722202420",
    "name": "Ирпень Шевченка 6",
    "city": "Irpen",
    "url": "https://www.instagram.com/explore/locations/1747087722202420/6/"
  },
  {
    "id": "109707842986401",
    "name": "Pink Cat",
    "city": "Irpen",
    "url": "https://www.instagram.com/explore/locations/109707842986401/pink-cat/"
  },
  {
    "id": "980574205462399",
    "name": "Gosti",
    "city": "Irpen",
    "url": "https://www.instagram.com/explore/locations/980574205462399/gosti/"
  },
  {
    "id": "106820957814592",
    "name": "Showroom Originals Only",
    "city": "Irpen",
    "url": "https://www.instagram.com/explore/locations/106820957814592/showroom-originals-only/"
  },
  {
    "id": "728918600",
    "name": "Pushcha Forest",
    "city": "Irpen",
    "url": "https://www.instagram.com/explore/locations/728918600/pushcha-forest/"
  },
  {
    "id": "295564367607469",
    "name": "Alice Garden",
    "city": "Irpen",
    "url": "https://www.instagram.com/explore/locations/295564367607469/alice-garden/"
  },
  {
    "id": "2026515204243625",
    "name": "Profiskin",
    "city": "Irpen",
    "url": "https://www.instagram.com/explore/locations/2026515204243625/profiskin/"
  },
  {
    "id": "105945911234369",
    "name": "Сімейна агенція нерухомості Liberty",
    "city": "Irpen",
    "url": "https://www.instagram.com/explore/locations/105945911234369/liberty/"
  },
  {
    "id": "832160733611154",
    "name": "Baby Time",
    "city": "Irpen",
    "url": "https://www.instagram.com/explore/locations/832160733611154/baby-time/"
  },
  {
    "id": "290531271552756",
    "name": "Dubchak Lash",
    "city": "Irpen",
    "url": "https://www.instagram.com/explore/locations/290531271552756/dubchak-lash/"
  },
  {
    "id": "1030378506",
    "name": "Soul Coffee",
    "city": "Irpen",
    "url": "https://www.instagram.com/explore/locations/1030378506/soul-coffee/"
  },
  {
    "id": "801261306640750",
    "name": "The Lamp",
    "city": "Irpen",
    "url": "https://www.instagram.com/explore/locations/801261306640750/the-lamp/"
  },
  {
    "id": "250769722",
    "name": "Школа #12",
    "city": "Irpen",
    "url": "https://www.instagram.com/explore/locations/250769722/12/"
  },
  {
    "id": "1990492937664158",
    "name": "Natalka kids",
    "city": "Irpen",
    "url": "https://www.instagram.com/explore/locations/1990492937664158/natalka-kids/"
  },
  {
    "id": "2046862188720993",
    "name": "Ирпень Шевченка 4д",
    "city": "Irpen",
    "url": "https://www.instagram.com/explore/locations/2046862188720993/4/"
  },
  {
    "id": "257796518022315",
    "name": "Середня школа №2",
    "city": "Irpen",
    "url": "https://www.instagram.com/explore/locations/257796518022315/no2/"
  },
  {
    "id": "102476908380930",
    "name": "Beauty Rooms",
    "city": "Irpen",
    "url": "https://www.instagram.com/explore/locations/102476908380930/beauty-rooms/"
  },
  {
    "id": "395396580668000",
    "name": "Салон красоты \"Gallery of beauty \"",
    "city": "Irpen",
    "url": "https://www.instagram.com/explore/locations/395396580668000/gallery-of-beauty/"
  },
  {
    "id": "104614308068600",
    "name": "Nuestro Tango School",
    "city": "Irpen",
    "url": "https://www.instagram.com/explore/locations/104614308068600/nuestro-tango-school/"
  },
  {
    "id": "1029995427",
    "name": "Moloko",
    "city": "Irpen",
    "url": "https://www.instagram.com/explore/locations/1029995427/moloko/"
  },
  {
    "id": "280904362563599",
    "name": "The Kubik Shop",
    "city": "Irpen",
    "url": "https://www.instagram.com/explore/locations/280904362563599/the-kubik-shop/"
  },
  {
    "id": "231178350991027",
    "name": "Приватна сімейна школа \"I am\"",
    "city": "Irpen",
    "url": "https://www.instagram.com/explore/locations/231178350991027/i-am/"
  },
  {
    "id": "103302251061749",
    "name": "Beauty Prostir",
    "city": "Irpen",
    "url": "https://www.instagram.com/explore/locations/103302251061749/beauty-prostir/"
  },
  {
    "id": "106800487701380",
    "name": "Книгарня Katebooks Цп",
    "city": "Irpen",
    "url": "https://www.instagram.com/explore/locations/106800487701380/katebooks/"
  },
  {
    "id": "405707886700721",
    "name": "Орхидея_салон красоты",
    "city": "Irpen",
    "url": "https://www.instagram.com/explore/locations/405707886700721/_/"
  },
  {
    "id": "511988657",
    "name": "Школа 17",
    "city": "Irpen",
    "url": "https://www.instagram.com/explore/locations/511988657/17/"
  },
  {
    "id": "101142381692831",
    "name": "FORT HOMES",
    "city": "Irpen",
    "url": "https://www.instagram.com/explore/locations/101142381692831/fort-homes/"
  },
  {
    "id": "100173655548688",
    "name": "Стоматология DentaQuelle",
    "city": "Irpen",
    "url": "https://www.instagram.com/explore/locations/100173655548688/dentaquelle/"
  },
  {
    "id": "101773482585174",
    "name": "Місто-Герой Ірпінь",
    "city": "Irpen",
    "url": "https://www.instagram.com/explore/locations/101773482585174/-/"
  },
  {
    "id": "239871816404976",
    "name": "МюнХаузен 2",
    "city": "Irpen",
    "url": "https://www.instagram.com/explore/locations/239871816404976/2/"
  },
  {
    "id": "1782377992052876",
    "name": "Fit_n_go",
    "city": "Irpen",
    "url": "https://www.instagram.com/explore/locations/1782377992052876/fit_n_go/"
  },
  {
    "id": "772721793123247",
    "name": "Косметологічна клініка RA",
    "city": "Irpen",
    "url": "https://www.instagram.com/explore/locations/772721793123247/ra/"
  },
  {
    "id": "1555913901131840",
    "name": "Студія краси Lady",
    "city": "Irpen",
    "url": "https://www.instagram.com/explore/locations/1555913901131840/lady/"
  },
  {
    "id": "751964756",
    "name": "Grand Life",
    "city": "Irpen",
    "url": "https://www.instagram.com/explore/locations/751964756/grand-life/"
  },
  {
    "id": "105007201345237",
    "name": "Sapori Veri",
    "city": "Irpen",
    "url": "https://www.instagram.com/explore/locations/105007201345237/sapori-veri/"
  },
  {
    "id": "404779740073445",
    "name": "DNK Beauty Studio",
    "city": "Irpen",
    "url": "https://www.instagram.com/explore/locations/404779740073445/dnk-beauty-studio/"
  },
  {
    "id": "107122405604938",
    "name": "Школа роликів \"KRoller School\"",
    "city": "Irpen",
    "url": "https://www.instagram.com/explore/locations/107122405604938/kroller-school/"
  },
  {
    "id": "106500761514070",
    "name": "Nuestro Tango School",
    "city": "Irpen",
    "url": "https://www.instagram.com/explore/locations/106500761514070/nuestro-tango-school/"
  },
  {
    "id": "105755435062977",
    "name": "Segodnya Mozhno",
    "city": "Irpen",
    "url": "https://www.instagram.com/explore/locations/105755435062977/segodnya-mozhno/"
  },
  {
    "id": "466210499",
    "name": "Kiev-Lviv",
    "city": "Irpen",
    "url": "https://www.instagram.com/explore/locations/466210499/kiev-lviv/"
  },
  {
    "id": "480940655626371",
    "name": "Freedom estate. Центр недвижимости",
    "city": "Irpen",
    "url": "https://www.instagram.com/explore/locations/480940655626371/freedom-estate/"
  },
  {
    "id": "286451936",
    "name": "Gazon Cafe",
    "city": "Irpen",
    "url": "https://www.instagram.com/explore/locations/286451936/gazon-cafe/"
  },
  {
    "id": "231764023956047",
    "name": "Lemongrass",
    "city": "Irpen",
    "url": "https://www.instagram.com/explore/locations/231764023956047/lemongrass/"
  },
  {
    "id": "1128380284002533",
    "name": "Supernova Центр лазерной эпиляции и косметологии",
    "city": "Irpen",
    "url": "https://www.instagram.com/explore/locations/1128380284002533/supernova/"
  },
  {
    "id": "101029134942336",
    "name": "Sushi Story Irpin",
    "city": "Irpen",
    "url": "https://www.instagram.com/explore/locations/101029134942336/sushi-story-irpin/"
  },
  {
    "id": "106717481285508",
    "name": "Клуб Настільних Ігор Ezerland",
    "city": "Irpen",
    "url": "https://www.instagram.com/explore/locations/106717481285508/ezerland/"
  },
  {
    "id": "1225861427577886",
    "name": "Flash Coffee",
    "city": "Irpen",
    "url": "https://www.instagram.com/explore/locations/1225861427577886/flash-coffee/"
  },
  {
    "id": "2326684377603152",
    "name": "ЖК Rococo viol",
    "city": "Irpen",
    "url": "https://www.instagram.com/explore/locations/2326684377603152/rococo-viol/"
  },
  {
    "id": "979565090",
    "name": "Nikitovka Seeds",
    "city": "Irpen",
    "url": "https://www.instagram.com/explore/locations/979565090/nikitovka-seeds/"
  },
  {
    "id": "103660107983601",
    "name": "Dan Croissant",
    "city": "Irpen",
    "url": "https://www.instagram.com/explore/locations/103660107983601/dan-croissant/"
  },
  {
    "id": "1127478874029607",
    "name": "Посмiшка 32 Ірпінь",
    "city": "Irpen",
    "url": "https://www.instagram.com/explore/locations/1127478874029607/i-32/"
  },
  {
    "id": "1184899378255133",
    "name": "Садок-школа Хеппі Ленд",
    "city": "Irpen",
    "url": "https://www.instagram.com/explore/locations/1184899378255133/-/"
  },
  {
    "id": "1182423268564692",
    "name": "Дитячий садок - центр розвитку \"Funny Bunny\"",
    "city": "Irpen",
    "url": "https://www.instagram.com/explore/locations/1182423268564692/-funny-bunny/"
  },
  {
    "id": "637791133332953",
    "name": "100коліс",
    "city": "Irpen",
    "url": "https://www.instagram.com/explore/locations/637791133332953/100/"
  },
  {
    "id": "643469359806835",
    "name": "Barbershop Gestalt Irpen",
    "city": "Irpen",
    "url": "https://www.instagram.com/explore/locations/643469359806835/barbershop-gestalt-irpen/"
  },
  {
    "id": "2057389547921928",
    "name": "POLKA",
    "city": "Irpen",
    "url": "https://www.instagram.com/explore/locations/2057389547921928/polka/"
  },
  {
    "id": "1946192419011047",
    "name": "VIVA beauty salon",
    "city": "Irpen",
    "url": "https://www.instagram.com/explore/locations/1946192419011047/viva-beauty-salon/"
  },
  {
    "id": "405385953346960",
    "name": "Київ, Лаврська, 10-12. Мистецький Арсенал",
    "city": "Irpen",
    "url": "https://www.instagram.com/explore/locations/405385953346960/10-12/"
  },
  {
    "id": "106586605266256",
    "name": "Vlasne Misto",
    "city": "Irpen",
    "url": "https://www.instagram.com/explore/locations/106586605266256/vlasne-misto/"
  },
  {
    "id": "2355103564716218",
    "name": "Мовна школа English University. Irpin - Ірпінь",
    "city": "Irpen",
    "url": "https://www.instagram.com/explore/locations/2355103564716218/english-university-irpin-/"
  },
  {
    "id": "102514091571891",
    "name": "Yellow Bus School",
    "city": "Irpen",
    "url": "https://www.instagram.com/explore/locations/102514091571891/yellow-bus-school/"
  },
  {
    "id": "436617046935976",
    "name": "Спорт Магазин Sportzone",
    "city": "Irpen",
    "url": "https://www.instagram.com/explore/locations/436617046935976/sportzone/"
  },
  {
    "id": "342454869909911",
    "name": "Irpinshowroom",
    "city": "Irpen",
    "url": "https://www.instagram.com/explore/locations/342454869909911/irpinshowroom/"
  },
  {
    "id": "541569136342473",
    "name": "WOW VIDEO",
    "city": "Irpen",
    "url": "https://www.instagram.com/explore/locations/541569136342473/wow-video/"
  },
  {
    "id": "102088861359024",
    "name": "Level UP studio",
    "city": "Irpen",
    "url": "https://www.instagram.com/explore/locations/102088861359024/level-up-studio/"
  },
  {
    "id": "138546959353051",
    "name": "Thesocial.ua",
    "city": "Irpen",
    "url": "https://www.instagram.com/explore/locations/138546959353051/thesocialua/"
  },
  {
    "id": "105621558250753",
    "name": "ЖК Річ-Таун",
    "city": "Irpen",
    "url": "https://www.instagram.com/explore/locations/105621558250753/-/"
  },
  {
    "id": "103675145019449",
    "name": "Groomer__natali - стрижка собак Ирпень",
    "city": "Irpen",
    "url": "https://www.instagram.com/explore/locations/103675145019449/groomer__natali-/"
  },
  {
    "id": "114906270415358",
    "name": "NP Studio",
    "city": "Irpen",
    "url": "https://www.instagram.com/explore/locations/114906270415358/np-studio/"
  },
  {
    "id": "1851306514983467",
    "name": "Dominant Business Center",
    "city": "Irpen",
    "url": "https://www.instagram.com/explore/locations/1851306514983467/dominant-business-center/"
  },
  {
    "id": "204437807094286",
    "name": "1roboclub",
    "city": "Irpen",
    "url": "https://www.instagram.com/explore/locations/204437807094286/1roboclub/"
  },
  {
    "id": "1965295267098353",
    "name": "ЖК Новые Метры PARK",
    "city": "Irpen",
    "url": "https://www.instagram.com/explore/locations/1965295267098353/park/"
  },
  {
    "id": "295694190907166",
    "name": "Кафе-пекарня 5 O'Clock",
    "city": "Irpen",
    "url": "https://www.instagram.com/explore/locations/295694190907166/-5-oclock/"
  },
  {
    "id": "165555905282062",
    "name": "Центр Реабілітації Kinetika",
    "city": "Irpen",
    "url": "https://www.instagram.com/explore/locations/165555905282062/kinetika/"
  },
  {
    "id": "177998860438172",
    "name": "RIK Print",
    "city": "Irpen",
    "url": "https://www.instagram.com/explore/locations/177998860438172/rik-print/"
  },
  {
    "id": "228549414552485",
    "name": "Салон красоты в Ирпене Family",
    "city": "Irpen",
    "url": "https://www.instagram.com/explore/locations/228549414552485/family/"
  },
  {
    "id": "1822366224665049",
    "name": "Bumble Nails",
    "city": "Irpen",
    "url": "https://www.instagram.com/explore/locations/1822366224665049/bumble-nails/"
  },
  {
    "id": "1022098609",
    "name": "Golden Wood",
    "city": "Irpen",
    "url": "https://www.instagram.com/explore/locations/1022098609/golden-wood/"
  },
  {
    "id": "399870426777315",
    "name": "Киев, Проспект Гонгадзе, 21 Ресторан Фортеця\"",
    "city": "Irpen",
    "url": "https://www.instagram.com/explore/locations/399870426777315/21/"
  },
  {
    "id": "1035166801",
    "name": "Hroma Salon",
    "city": "Irpen",
    "url": "https://www.instagram.com/explore/locations/1035166801/hroma-salon/"
  },
  {
    "id": "148336932580992",
    "name": "BEER TIME",
    "city": "Irpen",
    "url": "https://www.instagram.com/explore/locations/148336932580992/beer-time/"
  },
  {
    "id": "564668960064854",
    "name": "Ku Space Academy",
    "city": "Irpen",
    "url": "https://www.instagram.com/explore/locations/564668960064854/ku-space-academy/"
  },
  {
    "id": "147930879108853",
    "name": "Котигорошко - козацький етносадочок",
    "city": "Irpen",
    "url": "https://www.instagram.com/explore/locations/147930879108853/-/"
  },
  {
    "id": "134780087167553",
    "name": "ZOE dance studio",
    "city": "Irpen",
    "url": "https://www.instagram.com/explore/locations/134780087167553/zoe-dance-studio/"
  },
  {
    "id": "727959731",
    "name": "Irpin",
    "city": "Irpen",
    "url": "https://www.instagram.com/explore/locations/727959731/irpin/"
  },
  {
    "id": "109501405483677",
    "name": "Aife Cafe",
    "city": "Irpen",
    "url": "https://www.instagram.com/explore/locations/109501405483677/aife-cafe/"
  },
  {
    "id": "108060810772222",
    "name": "Notarial office",
    "city": "Irpen",
    "url": "https://www.instagram.com/explore/locations/108060810772222/notarial-office/"
  },
  {
    "id": "993568914075015",
    "name": "Центр раннього розвитку \"Savvy kids club\"",
    "city": "Irpen",
    "url": "https://www.instagram.com/explore/locations/993568914075015/savvy-kids-club/"
  },
  {
    "id": "271066776949025",
    "name": "Lime_cafe_irpin",
    "city": "Irpen",
    "url": "https://www.instagram.com/explore/locations/271066776949025/lime_cafe_irpin/"
  },
  {
    "id": "2056344391304955",
    "name": "Клубный дом DeLuxe",
    "city": "Irpen",
    "url": "https://www.instagram.com/explore/locations/2056344391304955/deluxe/"
  },
  {
    "id": "1593851667610738",
    "name": "Ridnenka",
    "city": "Irpen",
    "url": "https://www.instagram.com/explore/locations/1593851667610738/ridnenka/"
  },
  {
    "id": "102516974511242",
    "name": "Киев,лодыгина,2. Сто Bmwbenztechnic",
    "city": "Irpen",
    "url": "https://www.instagram.com/explore/locations/102516974511242/2-bmwbenztechnic/"
  },
  {
    "id": "221264974",
    "name": "Гуртожиток 3",
    "city": "Irpen",
    "url": "https://www.instagram.com/explore/locations/221264974/3/"
  },
  {
    "id": "105117525213850",
    "name": "IRPIN ART",
    "city": "Irpen",
    "url": "https://www.instagram.com/explore/locations/105117525213850/irpin-art/"
  },
  {
    "id": "944035782",
    "name": "Караоке-клуб \"vodka ПЕТЬ\"",
    "city": "Irpen",
    "url": "https://www.instagram.com/explore/locations/944035782/-vodka/"
  },
  {
    "id": "1489316044501777",
    "name": "ЖК Hygge Home",
    "city": "Irpen",
    "url": "https://www.instagram.com/explore/locations/1489316044501777/hygge-home/"
  },
  {
    "id": "100131579250798",
    "name": "Пекарня - кав'ярня Bilostotsky",
    "city": "Irpen",
    "url": "https://www.instagram.com/explore/locations/100131579250798/-bilostotsky/"
  },
  {
    "id": "2360935427562810",
    "name": "T1 Terrasa",
    "city": "Irpen",
    "url": "https://www.instagram.com/explore/locations/2360935427562810/t1-terrasa/"
  },
  {
    "id": "503807079788728",
    "name": "Irpin Kids",
    "city": "Irpen",
    "url": "https://www.instagram.com/explore/locations/503807079788728/irpin-kids/"
  },
  {
    "id": "107129935608753",
    "name": "home_irpin",
    "city": "Irpen",
    "url": "https://www.instagram.com/explore/locations/107129935608753/home_irpin/"
  },
  {
    "id": "400143900173210",
    "name": "ОСББ \"Зелений будинок на Мечникова\", Ірпінь, Мечнікова 112,114",
    "city": "Irpen",
    "url": "https://www.instagram.com/explore/locations/400143900173210/112114/"
  },
  {
    "id": "1647578498890649",
    "name": "TUTTI versal",
    "city": "Irpen",
    "url": "https://www.instagram.com/explore/locations/1647578498890649/tutti-versal/"
  },
  {
    "id": "103390372010461",
    "name": "BBQ SHOP",
    "city": "Irpen",
    "url": "https://www.instagram.com/explore/locations/103390372010461/bbq-shop/"
  },
  {
    "id": "1897386343706648",
    "name": "BiTurbo",
    "city": "Irpen",
    "url": "https://www.instagram.com/explore/locations/1897386343706648/biturbo/"
  },
  {
    "id": "102247001633917",
    "name": "Terrasa",
    "city": "Irpen",
    "url": "https://www.instagram.com/explore/locations/102247001633917/terrasa/"
  },
  {
    "id": "156607415156675",
    "name": "KARO",
    "city": "Irpen",
    "url": "https://www.instagram.com/explore/locations/156607415156675/karo/"
  },
  {
    "id": "263369354314199",
    "name": "Ирпень, Ярославская,3",
    "city": "Irpen",
    "url": "https://www.instagram.com/explore/locations/263369354314199/3/"
  },
  {
    "id": "193953711171587",
    "name": "Ирпень ул. Центральная 16А",
    "city": "Irpen",
    "url": "https://www.instagram.com/explore/locations/193953711171587/16/"
  },
  {
    "id": "314106538",
    "name": "Ирпень, Ул. Чехова 6",
    "city": "Irpen",
    "url": "https://www.instagram.com/explore/locations/314106538/6/"
  },
  {
    "id": "340448925829414",
    "name": "Green Life Development",
    "city": "Irpen",
    "url": "https://www.instagram.com/explore/locations/340448925829414/green-life-development/"
  },
  {
    "id": "350205598750186",
    "name": "Ирпень, ул. Грибоедова, 2",
    "city": "Irpen",
    "url": "https://www.instagram.com/explore/locations/350205598750186/2/"
  },
  {
    "id": "721086033",
    "name": "ДНЗ 1 Лісова пісня",
    "city": "Irpen",
    "url": "https://www.instagram.com/explore/locations/721086033/1/"
  },
  {
    "id": "293156274",
    "name": "Vodka-петь",
    "city": "Irpen",
    "url": "https://www.instagram.com/explore/locations/293156274/vodka-/"
  },
  {
    "id": "534925923555593",
    "name": "Vagon Restaurant",
    "city": "Irpen",
    "url": "https://www.instagram.com/explore/locations/534925923555593/vagon-restaurant/"
  },
  {
    "id": "106139220839103",
    "name": "Permanent.Tattooage",
    "city": "Irpen",
    "url": "https://www.instagram.com/explore/locations/106139220839103/permanenttattooage/"
  },
  {
    "id": "824293897910167",
    "name": "Жк Синергія-3",
    "city": "Irpen",
    "url": "https://www.instagram.com/explore/locations/824293897910167/-3/"
  },
  {
    "id": "1035262659",
    "name": "Barbershop Garage",
    "city": "Irpen",
    "url": "https://www.instagram.com/explore/locations/1035262659/barbershop-garage/"
  },
  {
    "id": "284361605393365",
    "name": "BEERMA PUB - Ирпень",
    "city": "Irpen",
    "url": "https://www.instagram.com/explore/locations/284361605393365/beerma-pub-/"
  },
  {
    "id": "167515098715516",
    "name": "Kids&Kids Utlandia",
    "city": "Irpen",
    "url": "https://www.instagram.com/explore/locations/167515098715516/kidskids-utlandia/"
  },
  {
    "id": "101880645061111",
    "name": "Gold Beer Pub Irpen",
    "city": "Irpen",
    "url": "https://www.instagram.com/explore/locations/101880645061111/gold-beer-pub-irpen/"
  },
  {
    "id": "477631915",
    "name": "Ирпень ул. К. Маркса, 31",
    "city": "Irpen",
    "url": "https://www.instagram.com/explore/locations/477631915/31/"
  },
  {
    "id": "514831285558864",
    "name": "Центр розвитку дитини Ikids",
    "city": "Irpen",
    "url": "https://www.instagram.com/explore/locations/514831285558864/ikids/"
  },
  {
    "id": "2091293581106029",
    "name": "Exclusive - Брендовая и стоковая одежда и обувь",
    "city": "Irpen",
    "url": "https://www.instagram.com/explore/locations/2091293581106029/exclusive-/"
  },
  {
    "id": "1518548181714343",
    "name": "Благодійна організація \"Благодійний фонд \"Be KIND\"",
    "city": "Irpen",
    "url": "https://www.instagram.com/explore/locations/1518548181714343/be-kind/"
  },
  {
    "id": "100866808440315",
    "name": "The Rebra",
    "city": "Irpen",
    "url": "https://www.instagram.com/explore/locations/100866808440315/the-rebra/"
  },
  {
    "id": "2219971648220472",
    "name": "Limpopo School",
    "city": "Irpen",
    "url": "https://www.instagram.com/explore/locations/2219971648220472/limpopo-school/"
  },
  {
    "id": "161688037695688",
    "name": "Replay Irpin",
    "city": "Irpen",
    "url": "https://www.instagram.com/explore/locations/161688037695688/replay-irpin/"
  },
  {
    "id": "107969097639431",
    "name": "MIKA Kids Furniture",
    "city": "Irpen",
    "url": "https://www.instagram.com/explore/locations/107969097639431/mika-kids-furniture/"
  },
  {
    "id": "975928350",
    "name": "Рекламна агенція «PR-Line»",
    "city": "Irpen",
    "url": "https://www.instagram.com/explore/locations/975928350/pr-line/"
  },
  {
    "id": "1006901661",
    "name": "Irpin, raionul Irpin, regiunea Kiev",
    "city": "Irpen",
    "url": "https://www.instagram.com/explore/locations/1006901661/irpin-raionul-irpin-regiunea-kiev/"
  },
  {
    "id": "2696823877208571",
    "name": "Нова Пошта №7",
    "city": "Irpen",
    "url": "https://www.instagram.com/explore/locations/2696823877208571/no7/"
  },
  {
    "id": "374349986244785",
    "name": "SOVA coffee&food Ирпень",
    "city": "Irpen",
    "url": "https://www.instagram.com/explore/locations/374349986244785/sova-coffeefood/"
  },
  {
    "id": "169410986796307",
    "name": "Global English Centre - Ирпень",
    "city": "Irpen",
    "url": "https://www.instagram.com/explore/locations/169410986796307/global-english-centre-/"
  },
  {
    "id": "108160220918640",
    "name": "pion_beauty_care_irpen",
    "city": "Irpen",
    "url": "https://www.instagram.com/explore/locations/108160220918640/pion_beauty_care_irpen/"
  },
  {
    "id": "911653662336784",
    "name": "Amore Coffee, Irpin",
    "city": "Irpen",
    "url": "https://www.instagram.com/explore/locations/911653662336784/amore-coffee-irpin/"
  },
  {
    "id": "107564973929179",
    "name": "Planeta Plastic",
    "city": "Irpen",
    "url": "https://www.instagram.com/explore/locations/107564973929179/planeta-plastic/"
  },
  {
    "id": "661122314241234",
    "name": "Салон краси Beauty room",
    "city": "Irpen",
    "url": "https://www.instagram.com/explore/locations/661122314241234/beauty-room/"
  },
  {
    "id": "253874701840919",
    "name": "Спідня білизнаOne my love",
    "city": "Irpen",
    "url": "https://www.instagram.com/explore/locations/253874701840919/one-my-love/"
  },
  {
    "id": "112228521083442",
    "name": "Фотостудия LRS.photography.irpin",
    "city": "Irpen",
    "url": "https://www.instagram.com/explore/locations/112228521083442/lrsphotographyirpin/"
  },
  {
    "id": "940121516095620",
    "name": "Микрорайон Fresh City - Фреш Сити",
    "city": "Irpen",
    "url": "https://www.instagram.com/explore/locations/940121516095620/fresh-city-/"
  },
  {
    "id": "109422714783195",
    "name": "ЖК \"Art Residence\"",
    "city": "Irpen",
    "url": "https://www.instagram.com/explore/locations/109422714783195/art-residence/"
  },
  {
    "id": "1676307772692006",
    "name": "Ворк-Сервис Украина - трудоустройство за границей.",
    "city": "Irpen",
    "url": "https://www.instagram.com/explore/locations/1676307772692006/-/"
  },
  {
    "id": "104864978150783",
    "name": "Britva Irpin",
    "city": "Irpen",
    "url": "https://www.instagram.com/explore/locations/104864978150783/britva-irpin/"
  },
  {
    "id": "111670428532913",
    "name": "G.Bar Ірпінь",
    "city": "Irpen",
    "url": "https://www.instagram.com/explore/locations/111670428532913/gbar/"
  },
  {
    "id": "106427775474735",
    "name": "Zooprostore",
    "city": "Irpen",
    "url": "https://www.instagram.com/explore/locations/106427775474735/zooprostore/"
  },
  {
    "id": "1685432358400732",
    "name": "Пуща-Водица 1-ая Линия",
    "city": "Irpen",
    "url": "https://www.instagram.com/explore/locations/1685432358400732/-1-/"
  },
  {
    "id": "890356357722966",
    "name": "Ірпінь онлайн - новини Ірпінського регіону",
    "city": "Irpen",
    "url": "https://www.instagram.com/explore/locations/890356357722966/-/"
  },
  {
    "id": "191469437381361",
    "name": "Little Peopleдитячі свята",
    "city": "Irpen",
    "url": "https://www.instagram.com/explore/locations/191469437381361/little-people/"
  },
  {
    "id": "2727759367294648",
    "name": "Маленькі друзі-цуцики",
    "city": "Irpen",
    "url": "https://www.instagram.com/explore/locations/2727759367294648/-/"
  },
  {
    "id": "100741021918395",
    "name": "Glasses Optics",
    "city": "Irpen",
    "url": "https://www.instagram.com/explore/locations/100741021918395/glasses-optics/"
  },
  {
    "id": "100322168010414",
    "name": "ЗаBEERрай - магазин разливного пива",
    "city": "Irpen",
    "url": "https://www.instagram.com/explore/locations/100322168010414/beer-/"
  },
  {
    "id": "2300516453596953",
    "name": "Ирпень Ул Антонова 2/1",
    "city": "Irpen",
    "url": "https://www.instagram.com/explore/locations/2300516453596953/21/"
  },
  {
    "id": "372945947",
    "name": "My Home",
    "city": "Irpen",
    "url": "https://www.instagram.com/explore/locations/372945947/my-home/"
  },
  {
    "id": "114628322538403",
    "name": "ЖК Капитал 2",
    "city": "Irpen",
    "url": "https://www.instagram.com/explore/locations/114628322538403/2/"
  },
  {
    "id": "1219316541443177",
    "name": "Babyartclub",
    "city": "Irpen",
    "url": "https://www.instagram.com/explore/locations/1219316541443177/babyartclub/"
  },
  {
    "id": "104788305379268",
    "name": "The Matrix VR Club",
    "city": "Irpen",
    "url": "https://www.instagram.com/explore/locations/104788305379268/the-matrix-vr-club/"
  },
  {
    "id": "333871877484550",
    "name": "Пейнтбольний клуб \"Paintagon\"",
    "city": "Irpen",
    "url": "https://www.instagram.com/explore/locations/333871877484550/paintagon/"
  },
  {
    "id": "108066741546065",
    "name": "Level Tuning Workshop",
    "city": "Irpen",
    "url": "https://www.instagram.com/explore/locations/108066741546065/level-tuning-workshop/"
  },
  {
    "id": "185056608773482",
    "name": "Ірпінський Ліцей Інноваційних Технологій - Мала Академія Наук",
    "city": "Irpen",
    "url": "https://www.instagram.com/explore/locations/185056608773482/-/"
  },
  {
    "id": "1736851349677824",
    "name": "Perfecto Ирпень",
    "city": "Irpen",
    "url": "https://www.instagram.com/explore/locations/1736851349677824/perfecto/"
  },
  {
    "id": "107884618356933",
    "name": "Acrostudio.Excellence.Irpen",
    "city": "Irpen",
    "url": "https://www.instagram.com/explore/locations/107884618356933/acrostudioexcellenceirpen/"
  },
  {
    "id": "238429996791780",
    "name": "NUDFSU Parties",
    "city": "Irpen",
    "url": "https://www.instagram.com/explore/locations/238429996791780/nudfsu-parties/"
  },
  {
    "id": "1578271678960493",
    "name": "Moloko Beauty Studio",
    "city": "Irpen",
    "url": "https://www.instagram.com/explore/locations/1578271678960493/moloko-beauty-studio/"
  },
  {
    "id": "106352247788447",
    "name": "Happy Fingers",
    "city": "Irpen",
    "url": "https://www.instagram.com/explore/locations/106352247788447/happy-fingers/"
  },
  {
    "id": "1962867700678070",
    "name": "Тургеневская, 10",
    "city": "Irpen",
    "url": "https://www.instagram.com/explore/locations/1962867700678070/10/"
  },
  {
    "id": "230702290704196",
    "name": "Irpin City",
    "city": "Irpen",
    "url": "https://www.instagram.com/explore/locations/230702290704196/irpin-city/"
  },
  {
    "id": "112627618405931",
    "name": "krasa.irpin",
    "city": "Irpen",
    "url": "https://www.instagram.com/explore/locations/112627618405931/krasairpin/"
  },
  {
    "id": "105969304186023",
    "name": "Салон Красоты Lero’y",
    "city": "Irpen",
    "url": "https://www.instagram.com/explore/locations/105969304186023/leroy/"
  },
  {
    "id": "100892542835135",
    "name": "Happy Rony Ірпінь",
    "city": "Irpen",
    "url": "https://www.instagram.com/explore/locations/100892542835135/happy-rony/"
  },
  {
    "id": "2220737201543952",
    "name": "вул. Чехова, 9а",
    "city": "Irpen",
    "url": "https://www.instagram.com/explore/locations/2220737201543952/9/"
  },
  {
    "id": "352714248829098",
    "name": "Novus",
    "city": "Irpen",
    "url": "https://www.instagram.com/explore/locations/352714248829098/novus/"
  },
  {
    "id": "602541474",
    "name": "Zair Disco Club",
    "city": "Irpen",
    "url": "https://www.instagram.com/explore/locations/602541474/zair-disco-club/"
  },
  {
    "id": "1054503564724767",
    "name": "Антонова 8д",
    "city": "Irpen",
    "url": "https://www.instagram.com/explore/locations/1054503564724767/8/"
  },
  {
    "id": "114770656565608",
    "name": "Family Home",
    "city": "Irpen",
    "url": "https://www.instagram.com/explore/locations/114770656565608/family-home/"
  },
  {
    "id": "147271816020481",
    "name": "Женское белье. Ирпень. Helga Store",
    "city": "Irpen",
    "url": "https://www.instagram.com/explore/locations/147271816020481/helga-store/"
  },
  {
    "id": "100833771349011",
    "name": "Kuchma Development",
    "city": "Irpen",
    "url": "https://www.instagram.com/explore/locations/100833771349011/kuchma-development/"
  },
  {
    "id": "1021901327",
    "name": "Домашняя Пекарня Yummycupcakes",
    "city": "Irpen",
    "url": "https://www.instagram.com/explore/locations/1021901327/yummycupcakes/"
  },
  {
    "id": "143283943013141",
    "name": "Home sweet Home",
    "city": "Irpen",
    "url": "https://www.instagram.com/explore/locations/143283943013141/home-sweet-home/"
  },
  {
    "id": "1560579140755317",
    "name": "14этажка",
    "city": "Irpen",
    "url": "https://www.instagram.com/explore/locations/1560579140755317/14/"
  },
  {
    "id": "1209445555851566",
    "name": "Home Place, Ирпень",
    "city": "Irpen",
    "url": "https://www.instagram.com/explore/locations/1209445555851566/home-place/"
  },
  {
    "id": "106185567411213",
    "name": "Dance Studio LeaderDance",
    "city": "Irpen",
    "url": "https://www.instagram.com/explore/locations/106185567411213/dance-studio-leaderdance/"
  },
  {
    "id": "291428051386936",
    "name": "ДНЗ #6 Радість",
    "city": "Irpen",
    "url": "https://www.instagram.com/explore/locations/291428051386936/6/"
  },
  {
    "id": "140726167841668",
    "name": "Reka.fastfood",
    "city": "Irpen",
    "url": "https://www.instagram.com/explore/locations/140726167841668/rekafastfood/"
  },
  {
    "id": "1034376715",
    "name": "green-city.kiev.ua",
    "city": "Irpen",
    "url": "https://www.instagram.com/explore/locations/1034376715/green-citykievua/"
  },
  {
    "id": "587700551618694",
    "name": "Merilyn MONRO Luxury Beauty Stydio",
    "city": "Irpen",
    "url": "https://www.instagram.com/explore/locations/587700551618694/merilyn-monro-luxury-beauty-stydio/"
  },
  {
    "id": "389933104199097",
    "name": "Total Dental Health for kids",
    "city": "Irpen",
    "url": "https://www.instagram.com/explore/locations/389933104199097/total-dental-health-for-kids/"
  },
  {
    "id": "1887707498159866",
    "name": "Manka",
    "city": "Irpen",
    "url": "https://www.instagram.com/explore/locations/1887707498159866/manka/"
  },
  {
    "id": "1789501307974509",
    "name": "ЖК Лемонграсс Domovyk.in.ua",
    "city": "Irpen",
    "url": "https://www.instagram.com/explore/locations/1789501307974509/domovykinua/"
  },
  {
    "id": "307007863052313",
    "name": "Мебельное Ателье \"МК- Furniture Manufactory",
    "city": "Irpen",
    "url": "https://www.instagram.com/explore/locations/307007863052313/-furniture-manufactory/"
  },
  {
    "id": "108948687312929",
    "name": "Мечникова 108",
    "city": "Irpen",
    "url": "https://www.instagram.com/explore/locations/108948687312929/108/"
  },
  {
    "id": "1844249582557865",
    "name": "Ирпень, Улица Мечникова 118б",
    "city": "Irpen",
    "url": "https://www.instagram.com/explore/locations/1844249582557865/118/"
  },
  {
    "id": "110463385162448",
    "name": "kidsvibesua",
    "city": "Irpen",
    "url": "https://www.instagram.com/explore/locations/110463385162448/kidsvibesua/"
  },
  {
    "id": "205602956667619",
    "name": "Sem’i Shkarivskikh",
    "city": "Irpen",
    "url": "https://www.instagram.com/explore/locations/205602956667619/semi-shkarivskikh/"
  },
  {
    "id": "184063402206659",
    "name": "Granel",
    "city": "Irpen",
    "url": "https://www.instagram.com/explore/locations/184063402206659/granel/"
  },
  {
    "id": "197831771089895",
    "name": "Offshore game&pub",
    "city": "Irpen",
    "url": "https://www.instagram.com/explore/locations/197831771089895/offshore-gamepub/"
  },
  {
    "id": "101451475647276",
    "name": "Клініка естетичної медицини U-Derm",
    "city": "Irpen",
    "url": "https://www.instagram.com/explore/locations/101451475647276/u-derm/"
  },
  {
    "id": "811698845653602",
    "name": "БЦ Dominant",
    "city": "Irpen",
    "url": "https://www.instagram.com/explore/locations/811698845653602/dominant/"
  },
  {
    "id": "280573682645235",
    "name": "Матросова 1 Б",
    "city": "Irpen",
    "url": "https://www.instagram.com/explore/locations/280573682645235/1/"
  },
  {
    "id": "1016857695",
    "name": "AcornHotel",
    "city": "Irpen",
    "url": "https://www.instagram.com/explore/locations/1016857695/acornhotel/"
  },
  {
    "id": "1435117403174126",
    "name": "IBC Football kids",
    "city": "Irpen",
    "url": "https://www.instagram.com/explore/locations/1435117403174126/ibc-football-kids/"
  },
  {
    "id": "106496155410765",
    "name": "Everest.kyiv",
    "city": "Irpen",
    "url": "https://www.instagram.com/explore/locations/106496155410765/everestkyiv/"
  },
  {
    "id": "1234263910008814",
    "name": "MSS Group",
    "city": "Irpen",
    "url": "https://www.instagram.com/explore/locations/1234263910008814/mss-group/"
  },
  {
    "id": "2198377933555068",
    "name": "Салон красоты \"KensyИрпень",
    "city": "Irpen",
    "url": "https://www.instagram.com/explore/locations/2198377933555068/kensy/"
  },
  {
    "id": "399338587096774",
    "name": "AngelOk Women",
    "city": "Irpen",
    "url": "https://www.instagram.com/explore/locations/399338587096774/angelok-women/"
  },
  {
    "id": "351400215701210",
    "name": "Школа №12",
    "city": "Irpen",
    "url": "https://www.instagram.com/explore/locations/351400215701210/no12/"
  },
  {
    "id": "703675113",
    "name": "Крещатик 50 Б",
    "city": "Irpen",
    "url": "https://www.instagram.com/explore/locations/703675113/50/"
  },
  {
    "id": "503872106657721",
    "name": "B А R О M Е T Е R",
    "city": "Irpen",
    "url": "https://www.instagram.com/explore/locations/503872106657721/b-r-m-t-r/"
  },
  {
    "id": "103417718914467",
    "name": "Studio For You",
    "city": "Irpen",
    "url": "https://www.instagram.com/explore/locations/103417718914467/studio-for-you/"
  },
  {
    "id": "2033094193423382",
    "name": "Good Morning",
    "city": "Irpen",
    "url": "https://www.instagram.com/explore/locations/2033094193423382/good-morning/"
  },
  {
    "id": "110993038676485",
    "name": "Logo Family",
    "city": "Irpen",
    "url": "https://www.instagram.com/explore/locations/110993038676485/logo-family/"
  },
  {
    "id": "266533957355837",
    "name": "New Brain",
    "city": "Irpen",
    "url": "https://www.instagram.com/explore/locations/266533957355837/new-brain/"
  },
  {
    "id": "216434618872073",
    "name": "Северинівка - Ірпінь",
    "city": "Irpen",
    "url": "https://www.instagram.com/explore/locations/216434618872073/-/"
  },
  {
    "id": "100601804969845",
    "name": "TopBeer",
    "city": "Irpen",
    "url": "https://www.instagram.com/explore/locations/100601804969845/topbeer/"
  },
  {
    "id": "1981065348816316",
    "name": "Гостомель Школа Номер 13",
    "city": "Irpen",
    "url": "https://www.instagram.com/explore/locations/1981065348816316/13/"
  },
  {
    "id": "443540513046504",
    "name": "Кафе-бар Чемодан",
    "city": "Irpen",
    "url": "https://www.instagram.com/explore/locations/443540513046504/-/"
  },
  {
    "id": "105386858516077",
    "name": "anita_space_pm",
    "city": "Irpen",
    "url": "https://www.instagram.com/explore/locations/105386858516077/anita_space_pm/"
  },
  {
    "id": "739230986",
    "name": "Вільний простір ART HOUSE",
    "city": "Irpen",
    "url": "https://www.instagram.com/explore/locations/739230986/art-house/"
  },
  {
    "id": "788994787938558",
    "name": "Happy PuppyЗоомагазин и Груминг салон",
    "city": "Irpen",
    "url": "https://www.instagram.com/explore/locations/788994787938558/happy-puppy/"
  },
  {
    "id": "328547068097459",
    "name": "New Art Studio",
    "city": "Irpen",
    "url": "https://www.instagram.com/explore/locations/328547068097459/new-art-studio/"
  },
  {
    "id": "1680342205608113",
    "name": "Навчально-науковий інститут права ДПУ",
    "city": "Irpen",
    "url": "https://www.instagram.com/explore/locations/1680342205608113/-/"
  },
  {
    "id": "2236701979918663",
    "name": "Multibrand Outlet �",
    "city": "Irpen",
    "url": "https://www.instagram.com/explore/locations/2236701979918663/multibrand-outlet/"
  },
  {
    "id": "101276870613169",
    "name": "Replay Gamezone",
    "city": "Irpen",
    "url": "https://www.instagram.com/explore/locations/101276870613169/replay-gamezone/"
  },
  {
    "id": "100789028535905",
    "name": "Fish Time",
    "city": "Irpen",
    "url": "https://www.instagram.com/explore/locations/100789028535905/fish-time/"
  },
  {
    "id": "2455158718099894",
    "name": "Караоке - бар \"Белка\"",
    "city": "Irpen",
    "url": "https://www.instagram.com/explore/locations/2455158718099894/-/"
  },
  {
    "id": "1811130972312208",
    "name": "Upstream Irpin",
    "city": "Irpen",
    "url": "https://www.instagram.com/explore/locations/1811130972312208/upstream-irpin/"
  },
  {
    "id": "279651262715579",
    "name": "GEKKON HIDROMEK",
    "city": "Irpen",
    "url": "https://www.instagram.com/explore/locations/279651262715579/gekkon-hidromek/"
  },
  {
    "id": "109811958463826",
    "name": "ЖК Сінергія 1",
    "city": "Irpen",
    "url": "https://www.instagram.com/explore/locations/109811958463826/1/"
  },
  {
    "id": "2409692465754737",
    "name": "Свято-Троїцький храм",
    "city": "Irpen",
    "url": "https://www.instagram.com/explore/locations/2409692465754737/-/"
  },
  {
    "id": "1794582053886995",
    "name": "Vet+ Klinika",
    "city": "Irpen",
    "url": "https://www.instagram.com/explore/locations/1794582053886995/vet-klinika/"
  },
  {
    "id": "102955192149944",
    "name": "Joys. Майстерня щастя",
    "city": "Irpen",
    "url": "https://www.instagram.com/explore/locations/102955192149944/joys/"
  },
  {
    "id": "1102727943239642",
    "name": "TARDI outlet",
    "city": "Irpen",
    "url": "https://www.instagram.com/explore/locations/1102727943239642/tardi-outlet/"
  },
  {
    "id": "102176828000852",
    "name": "Novator Irpen",
    "city": "Irpen",
    "url": "https://www.instagram.com/explore/locations/102176828000852/novator-irpen/"
  },
  {
    "id": "102742355841110",
    "name": "Сімейна студія краси \"theЦікаво\"",
    "city": "Irpen",
    "url": "https://www.instagram.com/explore/locations/102742355841110/the/"
  },
  {
    "id": "150594735621858",
    "name": "Showroom Bazaar",
    "city": "Irpen",
    "url": "https://www.instagram.com/explore/locations/150594735621858/showroom-bazaar/"
  },
  {
    "id": "830434417090131",
    "name": "Ирпень - Еко Маркет",
    "city": "Irpen",
    "url": "https://www.instagram.com/explore/locations/830434417090131/-/"
  },
  {
    "id": "681276332058617",
    "name": "Домашняя Кондитерская Happy Cookies",
    "city": "Irpen",
    "url": "https://www.instagram.com/explore/locations/681276332058617/happy-cookies/"
  },
  {
    "id": "101580711232350",
    "name": "Domino's Pizza Irpin",
    "city": "Irpen",
    "url": "https://www.instagram.com/explore/locations/101580711232350/dominos-pizza-irpin/"
  },
  {
    "id": "299016457141642",
    "name": "M_studio",
    "city": "Irpen",
    "url": "https://www.instagram.com/explore/locations/299016457141642/m_studio/"
  },
  {
    "id": "707112786313327",
    "name": "Кнопа - центр дитячого розвитку та дозвілля",
    "city": "Irpen",
    "url": "https://www.instagram.com/explore/locations/707112786313327/-/"
  },
  {
    "id": "633072406766206",
    "name": "Lazareva Anny massage",
    "city": "Irpen",
    "url": "https://www.instagram.com/explore/locations/633072406766206/lazareva-anny-massage/"
  },
  {
    "id": "350537052352340",
    "name": "вул. Виговського, 9а",
    "city": "Irpen",
    "url": "https://www.instagram.com/explore/locations/350537052352340/9/"
  },
  {
    "id": "108085474972801",
    "name": "Astor School Irpin",
    "city": "Irpen",
    "url": "https://www.instagram.com/explore/locations/108085474972801/astor-school-irpin/"
  },
  {
    "id": "556509004851709",
    "name": "NOVUS",
    "city": "Irpen",
    "url": "https://www.instagram.com/explore/locations/556509004851709/novus/"
  },
  {
    "id": "372183639875079",
    "name": "Dance&Fit studio YUNIA",
    "city": "Irpen",
    "url": "https://www.instagram.com/explore/locations/372183639875079/dancefit-studio-yunia/"
  },
  {
    "id": "104720394305389",
    "name": "krasotkashop.com.ua",
    "city": "Irpen",
    "url": "https://www.instagram.com/explore/locations/104720394305389/krasotkashopcomua/"
  },
  {
    "id": "106014241260776",
    "name": "RoboCode Irpin",
    "city": "Irpen",
    "url": "https://www.instagram.com/explore/locations/106014241260776/robocode-irpin/"
  },
  {
    "id": "2130017267032886",
    "name": "Магазин канцтоваров и детских игрушек \"Smile\"",
    "city": "Irpen",
    "url": "https://www.instagram.com/explore/locations/2130017267032886/smile/"
  },
  {
    "id": "103409807829178",
    "name": "B.Loft",
    "city": "Irpen",
    "url": "https://www.instagram.com/explore/locations/103409807829178/bloft/"
  },
  {
    "id": "1499887903386793",
    "name": "Replay Irpin",
    "city": "Irpen",
    "url": "https://www.instagram.com/explore/locations/1499887903386793/replay-irpin/"
  },
  {
    "id": "100442158178565",
    "name": "Ирпень Университетская 2 Ф/2 Магазин Модняшка",
    "city": "Irpen",
    "url": "https://www.instagram.com/explore/locations/100442158178565/2-2/"
  },
  {
    "id": "1014448780",
    "name": "Irpin, Ucraina",
    "city": "Irpen",
    "url": "https://www.instagram.com/explore/locations/1014448780/irpin-ucraina/"
  },
  {
    "id": "105110964965406",
    "name": "Vean Tattoo Irpin",
    "city": "Irpen",
    "url": "https://www.instagram.com/explore/locations/105110964965406/vean-tattoo-irpin/"
  },
  {
    "id": "170965480120557",
    "name": "Ирпень, Давидчука 22",
    "city": "Irpen",
    "url": "https://www.instagram.com/explore/locations/170965480120557/22/"
  },
  {
    "id": "398742270873089",
    "name": "Kirichenko Pole Dance Studio",
    "city": "Irpen",
    "url": "https://www.instagram.com/explore/locations/398742270873089/kirichenko-pole-dance-studio/"
  },
  {
    "id": "333565963979325",
    "name": "Gassan",
    "city": "Irpen",
    "url": "https://www.instagram.com/explore/locations/333565963979325/gassan/"
  },
  {
    "id": "106021827815929",
    "name": "ЖК Like Home",
    "city": "Irpen",
    "url": "https://www.instagram.com/explore/locations/106021827815929/like-home/"
  },
  {
    "id": "100324959255911",
    "name": "Happy Life Irpin",
    "city": "Irpen",
    "url": "https://www.instagram.com/explore/locations/100324959255911/happy-life-irpin/"
  },
  {
    "id": "652011965420044",
    "name": "Квест-кімнати \"Ізоляціяв Ірпені",
    "city": "Irpen",
    "url": "https://www.instagram.com/explore/locations/652011965420044/-/"
  },
  {
    "id": "631410864149994",
    "name": "Слуга Народу - Бучанський район",
    "city": "Irpen",
    "url": "https://www.instagram.com/explore/locations/631410864149994/-/"
  },
  {
    "id": "110887423830193",
    "name": "Warm home",
    "city": "Irpen",
    "url": "https://www.instagram.com/explore/locations/110887423830193/warm-home/"
  },
  {
    "id": "1747044995549460",
    "name": "Yummy Cafe, Ирпень,",
    "city": "Irpen",
    "url": "https://www.instagram.com/explore/locations/1747044995549460/yummy-cafe/"
  },
  {
    "id": "100616188346010",
    "name": "BigDoner BigDoner",
    "city": "Irpen",
    "url": "https://www.instagram.com/explore/locations/100616188346010/bigdoner-bigdoner/"
  },
  {
    "id": "101887021417271",
    "name": "Dredkineziolog",
    "city": "Irpen",
    "url": "https://www.instagram.com/explore/locations/101887021417271/dredkineziolog/"
  },
  {
    "id": "113294445980440",
    "name": "Студія краси в Ірпені Magic Hair \"",
    "city": "Irpen",
    "url": "https://www.instagram.com/explore/locations/113294445980440/magic-hair/"
  },
  {
    "id": "1534850603462874",
    "name": "K.tex",
    "city": "Irpen",
    "url": "https://www.instagram.com/explore/locations/1534850603462874/ktex/"
  },
  {
    "id": "105035354593375",
    "name": "Marvel Bar Irpen",
    "city": "Irpen",
    "url": "https://www.instagram.com/explore/locations/105035354593375/marvel-bar-irpen/"
  },
  {
    "id": "100169155337365",
    "name": "Acro srudio Excellence",
    "city": "Irpen",
    "url": "https://www.instagram.com/explore/locations/100169155337365/acro-srudio-excellence/"
  },
  {
    "id": "100984922872817",
    "name": "lokalist.ua",
    "city": "Irpen",
    "url": "https://www.instagram.com/explore/locations/100984922872817/lokalistua/"
  },
  {
    "id": "112476577608028",
    "name": "Home",
    "city": "Irpen",
    "url": "https://www.instagram.com/explore/locations/112476577608028/home/"
  },
  {
    "id": "102499268843389",
    "name": "Diamantik Kids",
    "city": "Irpen",
    "url": "https://www.instagram.com/explore/locations/102499268843389/diamantik-kids/"
  },
  {
    "id": "1810863042333337",
    "name": "Happy Life Coliving Club",
    "city": "Irpen",
    "url": "https://www.instagram.com/explore/locations/1810863042333337/happy-life-coliving-club/"
  },
  {
    "id": "500845610104125",
    "name": "Irpin City Sports Ірпінський Центральний Стадіон Чемпіон",
    "city": "Irpen",
    "url": "https://www.instagram.com/explore/locations/500845610104125/irpin-city-sports/"
  },
  {
    "id": "106768518239744",
    "name": "ITStep Academy, м.Ірпінь",
    "city": "Irpen",
    "url": "https://www.instagram.com/explore/locations/106768518239744/itstep-academy/"
  },
  {
    "id": "105369091997838",
    "name": "Салон краси «KSU”",
    "city": "Irpen",
    "url": "https://www.instagram.com/explore/locations/105369091997838/ksu/"
  },
  {
    "id": "105906517520717",
    "name": "NewLook_Irpen",
    "city": "Irpen",
    "url": "https://www.instagram.com/explore/locations/105906517520717/newlook_irpen/"
  },
  {
    "id": "2233276343579256",
    "name": "Ирпень, ул. Грибоедова 13",
    "city": "Irpen",
    "url": "https://www.instagram.com/explore/locations/2233276343579256/13/"
  },
  {
    "id": "108592288521893",
    "name": "Irpin",
    "city": "Irpen",
    "url": "https://www.instagram.com/explore/locations/108592288521893/irpin/"
  },
  {
    "id": "100478044742949",
    "name": "VZUTI Ірпінь",
    "city": "Irpen",
    "url": "https://www.instagram.com/explore/locations/100478044742949/vzuti/"
  },
  {
    "id": "499190597145018",
    "name": "MOVA - Irpin",
    "city": "Irpen",
    "url": "https://www.instagram.com/explore/locations/499190597145018/mova-irpin/"
  },
  {
    "id": "341641512923339",
    "name": "Spaseniye_church",
    "city": "Irpen",
    "url": "https://www.instagram.com/explore/locations/341641512923339/spaseniye_church/"
  },
  {
    "id": "102786839410466",
    "name": "Farba&Decor",
    "city": "Irpen",
    "url": "https://www.instagram.com/explore/locations/102786839410466/farbadecor/"
  },
  {
    "id": "108705443888215",
    "name": "Wine Point",
    "city": "Irpen",
    "url": "https://www.instagram.com/explore/locations/108705443888215/wine-point/"
  },
  {
    "id": "1105974839516733",
    "name": "ЖК Lemongrass",
    "city": "Irpen",
    "url": "https://www.instagram.com/explore/locations/1105974839516733/lemongrass/"
  },
  {
    "id": "299365957382959",
    "name": "INVENT.com.ua",
    "city": "Irpen",
    "url": "https://www.instagram.com/explore/locations/299365957382959/inventcomua/"
  },
  {
    "id": "1687878461480698",
    "name": "Jardin de la Dance",
    "city": "Irpen",
    "url": "https://www.instagram.com/explore/locations/1687878461480698/jardin-de-la-dance/"
  },
  {
    "id": "155100118542027",
    "name": "Versal7-60",
    "city": "Irpen",
    "url": "https://www.instagram.com/explore/locations/155100118542027/versal7-60/"
  },
  {
    "id": "277099683",
    "name": "Ірпінь, Вул. Східна, 45",
    "city": "Irpen",
    "url": "https://www.instagram.com/explore/locations/277099683/45/"
  },
  {
    "id": "349002242512634",
    "name": "Kidala",
    "city": "Irpen",
    "url": "https://www.instagram.com/explore/locations/349002242512634/kidala/"
  },
  {
    "id": "367103376495302",
    "name": "District.118",
    "city": "Irpen",
    "url": "https://www.instagram.com/explore/locations/367103376495302/district118/"
  },
  {
    "id": "1753688074687163",
    "name": "Лабораторно-діагностичний центр «НеоЛаб»",
    "city": "Irpen",
    "url": "https://www.instagram.com/explore/locations/1753688074687163/-/"
  },
  {
    "id": "333375673767979",
    "name": "Сушиленд+ г Ирпень, ул Высокая, 3",
    "city": "Irpen",
    "url": "https://www.instagram.com/explore/locations/333375673767979/3/"
  },
  {
    "id": "110068968036224",
    "name": "Very Nice English School",
    "city": "Irpen",
    "url": "https://www.instagram.com/explore/locations/110068968036224/very-nice-english-school/"
  },
  {
    "id": "104144124428938",
    "name": "Шоу-Рум Kris shop only Original",
    "city": "Irpen",
    "url": "https://www.instagram.com/explore/locations/104144124428938/-kris-shop-only-original/"
  },
  {
    "id": "2453722351513979",
    "name": "Хачапури - Грузинская Пекарня В Ирпине",
    "city": "Irpen",
    "url": "https://www.instagram.com/explore/locations/2453722351513979/-/"
  },
  {
    "id": "879842492203676",
    "name": "Positive",
    "city": "Irpen",
    "url": "https://www.instagram.com/explore/locations/879842492203676/positive/"
  },
  {
    "id": "354347871702039",
    "name": "Нерухомість під Києвом - Ірпень, Буча, Ворзель, Гостомель",
    "city": "Irpen",
    "url": "https://www.instagram.com/explore/locations/354347871702039/-/"
  },
  {
    "id": "104862301395027",
    "name": "belokua.irpn",
    "city": "Irpen",
    "url": "https://www.instagram.com/explore/locations/104862301395027/belokuairpn/"
  },
  {
    "id": "170208545113527",
    "name": "Jolly Joker Pizza",
    "city": "Irpen",
    "url": "https://www.instagram.com/explore/locations/170208545113527/jolly-joker-pizza/"
  },
  {
    "id": "369698886843343",
    "name": "Pink Cat",
    "city": "Irpen",
    "url": "https://www.instagram.com/explore/locations/369698886843343/pink-cat/"
  },
  {
    "id": "108280694414989",
    "name": "ENMAN Dojo",
    "city": "Irpen",
    "url": "https://www.instagram.com/explore/locations/108280694414989/enman-dojo/"
  },
  {
    "id": "596814907008189",
    "name": "David'School",
    "city": "Irpen",
    "url": "https://www.instagram.com/explore/locations/596814907008189/davidschool/"
  },
  {
    "id": "708023397",
    "name": "My Sweet Irpen Home",
    "city": "Irpen",
    "url": "https://www.instagram.com/explore/locations/708023397/my-sweet-irpen-home/"
  },
  {
    "id": "101311888008919",
    "name": "My b-flexy Бровари",
    "city": "Irpen",
    "url": "https://www.instagram.com/explore/locations/101311888008919/my-b-flexy/"
  },
  {
    "id": "113393726838591",
    "name": "Магазин WATER HUB",
    "city": "Irpen",
    "url": "https://www.instagram.com/explore/locations/113393726838591/water-hub/"
  },
  {
    "id": "109622724855603",
    "name": "BarberShop 49 Irpin",
    "city": "Irpen",
    "url": "https://www.instagram.com/explore/locations/109622724855603/barbershop-49-irpin/"
  },
  {
    "id": "1738880899688902",
    "name": "Anytime 0963672403",
    "city": "Irpen",
    "url": "https://www.instagram.com/explore/locations/1738880899688902/anytime-0963672403/"
  },
  {
    "id": "100548668079661",
    "name": "Офисный центр ESTET",
    "city": "Irpen",
    "url": "https://www.instagram.com/explore/locations/100548668079661/estet/"
  },
  {
    "id": "101268621788434",
    "name": "Successful in life",
    "city": "Irpen",
    "url": "https://www.instagram.com/explore/locations/101268621788434/successful-in-life/"
  },
  {
    "id": "291415134051516",
    "name": "Irpin wolves team",
    "city": "Irpen",
    "url": "https://www.instagram.com/explore/locations/291415134051516/irpin-wolves-team/"
  },
  {
    "id": "107032041182192",
    "name": "HappyKids",
    "city": "Irpen",
    "url": "https://www.instagram.com/explore/locations/107032041182192/happykids/"
  },
  {
    "id": "175135386577760",
    "name": "The_Lemonade",
    "city": "Irpen",
    "url": "https://www.instagram.com/explore/locations/175135386577760/the_lemonade/"
  },
  {
    "id": "1028514170871527",
    "name": "Дитячий Садок 2 Веснянка",
    "city": "Irpen",
    "url": "https://www.instagram.com/explore/locations/1028514170871527/2/"
  },
  {
    "id": "114241296804982",
    "name": "КГ Dream Wood",
    "city": "Irpen",
    "url": "https://www.instagram.com/explore/locations/114241296804982/dream-wood/"
  },
  {
    "id": "2086582754782613",
    "name": "LevelUp - Школа английского языка",
    "city": "Irpen",
    "url": "https://www.instagram.com/explore/locations/2086582754782613/levelup-/"
  },
  {
    "id": "112035473506960",
    "name": "Стоматологія ЖПІТ - Ірпінь",
    "city": "Irpen",
    "url": "https://www.instagram.com/explore/locations/112035473506960/-/"
  },
  {
    "id": "347545978930441",
    "name": "Франс.ua Ирпень.;",
    "city": "Irpen",
    "url": "https://www.instagram.com/explore/locations/347545978930441/ua/"
  },
  {
    "id": "1921543134598504",
    "name": "Укрпошта 08205",
    "city": "Irpen",
    "url": "https://www.instagram.com/explore/locations/1921543134598504/08205/"
  },
  {
    "id": "304331363446757",
    "name": "ZGarage.Irpen",
    "city": "Irpen",
    "url": "https://www.instagram.com/explore/locations/304331363446757/zgarageirpen/"
  },
  {
    "id": "128191074531378",
    "name": "Кафедра управління та бізнес-адміністрування ДПУ",
    "city": "Irpen",
    "url": "https://www.instagram.com/explore/locations/128191074531378/-/"
  },
  {
    "id": "879594769",
    "name": "Равіолька handmade cafe",
    "city": "Irpen",
    "url": "https://www.instagram.com/explore/locations/879594769/handmade-cafe/"
  },
  {
    "id": "701312606713575",
    "name": "Салон Красоты Fortuna",
    "city": "Irpen",
    "url": "https://www.instagram.com/explore/locations/701312606713575/fortuna/"
  },
  {
    "id": "100421519074246",
    "name": "Стоматология Dr.Max Ирпень",
    "city": "Irpen",
    "url": "https://www.instagram.com/explore/locations/100421519074246/drmax/"
  }
]