[
  {
    "id": "1033660750",
    "name": "Bortnychi",
    "city": "DarnytskyiDistrict",
    "url": "https://www.instagram.com/explore/locations/1033660750/bortnychi/"
  },
  {
    "id": "181045996063647",
    "name": "ONOVO Dendra Hotel",
    "city": "DarnytskyiDistrict",
    "url": "https://www.instagram.com/explore/locations/181045996063647/onovo-dendra-hotel/"
  },
  {
    "id": "242744344",
    "name": "Boryspilska",
    "city": "DarnytskyiDistrict",
    "url": "https://www.instagram.com/explore/locations/242744344/boryspilska/"
  },
  {
    "id": "104936045072758",
    "name": "DOM. Місце на завжди",
    "city": "DarnytskyiDistrict",
    "url": "https://www.instagram.com/explore/locations/104936045072758/dom/"
  },
  {
    "id": "735087279",
    "name": "Трасса Киев - Харьков",
    "city": "DarnytskyiDistrict",
    "url": "https://www.instagram.com/explore/locations/735087279/-/"
  },
  {
    "id": "1147331721955665",
    "name": "Shakhtar Football Academy",
    "city": "DarnytskyiDistrict",
    "url": "https://www.instagram.com/explore/locations/1147331721955665/shakhtar-football-academy/"
  },
  {
    "id": "757171464477141",
    "name": "ЖК Olympic PARK",
    "city": "DarnytskyiDistrict",
    "url": "https://www.instagram.com/explore/locations/757171464477141/olympic-park/"
  },
  {
    "id": "110084034132055",
    "name": "Топ-топ",
    "city": "DarnytskyiDistrict",
    "url": "https://www.instagram.com/explore/locations/110084034132055/-/"
  },
  {
    "id": "1850738631610780",
    "name": "DIVAS Sport Club Bortnichi",
    "city": "DarnytskyiDistrict",
    "url": "https://www.instagram.com/explore/locations/1850738631610780/divas-sport-club-bortnichi/"
  },
  {
    "id": "1486848138306954",
    "name": "EVO",
    "city": "DarnytskyiDistrict",
    "url": "https://www.instagram.com/explore/locations/1486848138306954/evo/"
  },
  {
    "id": "1740277246250550",
    "name": "арт-завод Платформа",
    "city": "DarnytskyiDistrict",
    "url": "https://www.instagram.com/explore/locations/1740277246250550/-/"
  },
  {
    "id": "279807339",
    "name": "Vyrlytsia",
    "city": "DarnytskyiDistrict",
    "url": "https://www.instagram.com/explore/locations/279807339/vyrlytsia/"
  },
  {
    "id": "582429365",
    "name": "Трасса Киев-Одесса",
    "city": "DarnytskyiDistrict",
    "url": "https://www.instagram.com/explore/locations/582429365/-/"
  },
  {
    "id": "274046285",
    "name": "Туроператор Join UP",
    "city": "DarnytskyiDistrict",
    "url": "https://www.instagram.com/explore/locations/274046285/join-up/"
  },
  {
    "id": "240632386",
    "name": "Prolisky",
    "city": "DarnytskyiDistrict",
    "url": "https://www.instagram.com/explore/locations/240632386/prolisky/"
  },
  {
    "id": "101625511760233",
    "name": "Бортничи Вул.харченка Евгена 47.а Кав'ярня",
    "city": "DarnytskyiDistrict",
    "url": "https://www.instagram.com/explore/locations/101625511760233/47/"
  },
  {
    "id": "631897247151805",
    "name": "Armenian Church in Kyiv",
    "city": "DarnytskyiDistrict",
    "url": "https://www.instagram.com/explore/locations/631897247151805/armenian-church-in-kyiv/"
  },
  {
    "id": "1020491388339518",
    "name": "Лютые 90-е",
    "city": "DarnytskyiDistrict",
    "url": "https://www.instagram.com/explore/locations/1020491388339518/90-/"
  },
  {
    "id": "274873886197526",
    "name": "Hydra Films",
    "city": "DarnytskyiDistrict",
    "url": "https://www.instagram.com/explore/locations/274873886197526/hydra-films/"
  },
  {
    "id": "1031637334",
    "name": "Картинг-центр SmartKart",
    "city": "DarnytskyiDistrict",
    "url": "https://www.instagram.com/explore/locations/1031637334/-smartkart/"
  },
  {
    "id": "392726854564243",
    "name": "SkyUp Airlines",
    "city": "DarnytskyiDistrict",
    "url": "https://www.instagram.com/explore/locations/392726854564243/skyup-airlines/"
  },
  {
    "id": "129235820427736",
    "name": "Prom.ua",
    "city": "DarnytskyiDistrict",
    "url": "https://www.instagram.com/explore/locations/129235820427736/promua/"
  },
  {
    "id": "268132144",
    "name": "Трасса Киев-Борисполь",
    "city": "DarnytskyiDistrict",
    "url": "https://www.instagram.com/explore/locations/268132144/-/"
  },
  {
    "id": "101102565596828",
    "name": "Dark Side Exotic, Pole Dance & Stretching Studio",
    "city": "DarnytskyiDistrict",
    "url": "https://www.instagram.com/explore/locations/101102565596828/dark-side-exotic-pole-dance-stretching-studio/"
  },
  {
    "id": "182432242122268",
    "name": "ЖК \"7'я\"",
    "city": "DarnytskyiDistrict",
    "url": "https://www.instagram.com/explore/locations/182432242122268/7/"
  },
  {
    "id": "112427406",
    "name": "Modnavilla",
    "city": "DarnytskyiDistrict",
    "url": "https://www.instagram.com/explore/locations/112427406/modnavilla/"
  },
  {
    "id": "1018397204",
    "name": "Спортклуб Tiger Fitness",
    "city": "DarnytskyiDistrict",
    "url": "https://www.instagram.com/explore/locations/1018397204/tiger-fitness/"
  },
  {
    "id": "115093310307993",
    "name": "Weird World",
    "city": "DarnytskyiDistrict",
    "url": "https://www.instagram.com/explore/locations/115093310307993/weird-world/"
  },
  {
    "id": "6945757",
    "name": "AVON Ukraine",
    "city": "DarnytskyiDistrict",
    "url": "https://www.instagram.com/explore/locations/6945757/avon-ukraine/"
  },
  {
    "id": "1589935587889228",
    "name": "Darnytskyi District",
    "city": "DarnytskyiDistrict",
    "url": "https://www.instagram.com/explore/locations/1589935587889228/darnytskyi-district/"
  },
  {
    "id": "276790972975886",
    "name": "Навчально-науковий Інститут МВС України",
    "city": "DarnytskyiDistrict",
    "url": "https://www.instagram.com/explore/locations/276790972975886/-/"
  },
  {
    "id": "100220762192086",
    "name": "ЖК О2 Residence",
    "city": "DarnytskyiDistrict",
    "url": "https://www.instagram.com/explore/locations/100220762192086/2-residence/"
  },
  {
    "id": "1013967115",
    "name": "Prom.ua",
    "city": "DarnytskyiDistrict",
    "url": "https://www.instagram.com/explore/locations/1013967115/promua/"
  },
  {
    "id": "101140748329971",
    "name": "Фотостудия «Моя Lastivka”",
    "city": "DarnytskyiDistrict",
    "url": "https://www.instagram.com/explore/locations/101140748329971/lastivka/"
  },
  {
    "id": "2228946260681344",
    "name": "Харьковское Шоссе, 182",
    "city": "DarnytskyiDistrict",
    "url": "https://www.instagram.com/explore/locations/2228946260681344/182/"
  },
  {
    "id": "196442670827486",
    "name": "RONDO салон двері,підлога,меблі",
    "city": "DarnytskyiDistrict",
    "url": "https://www.instagram.com/explore/locations/196442670827486/rondo/"
  },
  {
    "id": "1275120562509501",
    "name": "ANEX Tour Ukraine",
    "city": "DarnytskyiDistrict",
    "url": "https://www.instagram.com/explore/locations/1275120562509501/anex-tour-ukraine/"
  },
  {
    "id": "1029721600",
    "name": "Колекторна 4",
    "city": "DarnytskyiDistrict",
    "url": "https://www.instagram.com/explore/locations/1029721600/4/"
  },
  {
    "id": "2414408352128641",
    "name": "База Ліс / База Лес / Baza Les",
    "city": "DarnytskyiDistrict",
    "url": "https://www.instagram.com/explore/locations/2414408352128641/baza-les/"
  },
  {
    "id": "274114439638148",
    "name": "Dafna May",
    "city": "DarnytskyiDistrict",
    "url": "https://www.instagram.com/explore/locations/274114439638148/dafna-may/"
  },
  {
    "id": "249771859282595",
    "name": "Козачок / Kozachok",
    "city": "DarnytskyiDistrict",
    "url": "https://www.instagram.com/explore/locations/249771859282595/kozachok/"
  },
  {
    "id": "599891230",
    "name": "школа 305",
    "city": "DarnytskyiDistrict",
    "url": "https://www.instagram.com/explore/locations/599891230/305/"
  },
  {
    "id": "1022630319",
    "name": "Обласний організаційно-методичний центр культури і мистецтва",
    "city": "DarnytskyiDistrict",
    "url": "https://www.instagram.com/explore/locations/1022630319/-/"
  },
  {
    "id": "725911034435380",
    "name": "OKKO",
    "city": "DarnytskyiDistrict",
    "url": "https://www.instagram.com/explore/locations/725911034435380/okko/"
  },
  {
    "id": "110193877430840",
    "name": "Razom Tattoo Studio Kyiv",
    "city": "DarnytskyiDistrict",
    "url": "https://www.instagram.com/explore/locations/110193877430840/razom-tattoo-studio-kyiv/"
  },
  {
    "id": "241315649883221",
    "name": "12 квартал, Бортничи",
    "city": "DarnytskyiDistrict",
    "url": "https://www.instagram.com/explore/locations/241315649883221/12/"
  },
  {
    "id": "306777403525650",
    "name": "Борисполь Київський Шлях 1 Д",
    "city": "DarnytskyiDistrict",
    "url": "https://www.instagram.com/explore/locations/306777403525650/1/"
  },
  {
    "id": "110018717214858",
    "name": "Beauty Hunter Salon",
    "city": "DarnytskyiDistrict",
    "url": "https://www.instagram.com/explore/locations/110018717214858/beauty-hunter-salon/"
  },
  {
    "id": "252140154",
    "name": "Raziotel",
    "city": "DarnytskyiDistrict",
    "url": "https://www.instagram.com/explore/locations/252140154/raziotel/"
  },
  {
    "id": "1022208135",
    "name": "Харьковское шоссе 182",
    "city": "DarnytskyiDistrict",
    "url": "https://www.instagram.com/explore/locations/1022208135/182/"
  },
  {
    "id": "331462397435149",
    "name": "Flowers Shop Li.Ero",
    "city": "DarnytskyiDistrict",
    "url": "https://www.instagram.com/explore/locations/331462397435149/flowers-shop-liero/"
  },
  {
    "id": "282921739000463",
    "name": "АЗСUPGна Борисполь",
    "city": "DarnytskyiDistrict",
    "url": "https://www.instagram.com/explore/locations/282921739000463/upg/"
  },
  {
    "id": "194528614451590",
    "name": "FORD \"НІКО Мегаполіс\"",
    "city": "DarnytskyiDistrict",
    "url": "https://www.instagram.com/explore/locations/194528614451590/ford/"
  },
  {
    "id": "610052020",
    "name": "PARFUMS.UA",
    "city": "DarnytskyiDistrict",
    "url": "https://www.instagram.com/explore/locations/610052020/parfumsua/"
  },
  {
    "id": "966929380162402",
    "name": "FOZZY Cash&Carry",
    "city": "DarnytskyiDistrict",
    "url": "https://www.instagram.com/explore/locations/966929380162402/fozzy-cashcarry/"
  },
  {
    "id": "1019420126",
    "name": "Житловий будинок: вул. Вірменська, 6",
    "city": "DarnytskyiDistrict",
    "url": "https://www.instagram.com/explore/locations/1019420126/6/"
  },
  {
    "id": "132934700067495",
    "name": "Kasta",
    "city": "DarnytskyiDistrict",
    "url": "https://www.instagram.com/explore/locations/132934700067495/kasta/"
  },
  {
    "id": "371147593378710",
    "name": "Банкет Холл - Ресторан \"Фестиваль щастя\"",
    "city": "DarnytskyiDistrict",
    "url": "https://www.instagram.com/explore/locations/371147593378710/-/"
  },
  {
    "id": "115110736542071",
    "name": "Стоматологія \"Well Dent\"",
    "city": "DarnytskyiDistrict",
    "url": "https://www.instagram.com/explore/locations/115110736542071/well-dent/"
  },
  {
    "id": "101915424917615",
    "name": "Maison Decor",
    "city": "DarnytskyiDistrict",
    "url": "https://www.instagram.com/explore/locations/101915424917615/maison-decor/"
  },
  {
    "id": "1989337684647433",
    "name": "Київ Школа 280",
    "city": "DarnytskyiDistrict",
    "url": "https://www.instagram.com/explore/locations/1989337684647433/280/"
  },
  {
    "id": "2128863080514759",
    "name": "БРСМ-Нафта",
    "city": "DarnytskyiDistrict",
    "url": "https://www.instagram.com/explore/locations/2128863080514759/-/"
  },
  {
    "id": "722246844898986",
    "name": "EVO",
    "city": "DarnytskyiDistrict",
    "url": "https://www.instagram.com/explore/locations/722246844898986/evo/"
  },
  {
    "id": "114078826951760",
    "name": "Just Contentt",
    "city": "DarnytskyiDistrict",
    "url": "https://www.instagram.com/explore/locations/114078826951760/just-contentt/"
  },
  {
    "id": "243809386198047",
    "name": "Kasta. Інтернет-магазин",
    "city": "DarnytskyiDistrict",
    "url": "https://www.instagram.com/explore/locations/243809386198047/kasta-/"
  },
  {
    "id": "112702040095136",
    "name": "Без Дверей Espresso Bar",
    "city": "DarnytskyiDistrict",
    "url": "https://www.instagram.com/explore/locations/112702040095136/espresso-bar/"
  },
  {
    "id": "1483893105248855",
    "name": "Axon Ukraine",
    "city": "DarnytskyiDistrict",
    "url": "https://www.instagram.com/explore/locations/1483893105248855/axon-ukraine/"
  },
  {
    "id": "875390415",
    "name": "Дарницький дитячий будинок-інтернат",
    "city": "DarnytskyiDistrict",
    "url": "https://www.instagram.com/explore/locations/875390415/-/"
  },
  {
    "id": "263411337089748",
    "name": "Pegas Touristik Украина",
    "city": "DarnytskyiDistrict",
    "url": "https://www.instagram.com/explore/locations/263411337089748/pegas-touristik/"
  },
  {
    "id": "251079126",
    "name": "Харьковское Шоссе, 201-203",
    "city": "DarnytskyiDistrict",
    "url": "https://www.instagram.com/explore/locations/251079126/201-203/"
  },
  {
    "id": "25189524",
    "name": "Happy Farm",
    "city": "DarnytskyiDistrict",
    "url": "https://www.instagram.com/explore/locations/25189524/happy-farm/"
  },
  {
    "id": "1198443680170897",
    "name": "Prolisky",
    "city": "DarnytskyiDistrict",
    "url": "https://www.instagram.com/explore/locations/1198443680170897/prolisky/"
  },
  {
    "id": "1685557721772432",
    "name": "Гастро-Паб \"Wine&Meat\"",
    "city": "DarnytskyiDistrict",
    "url": "https://www.instagram.com/explore/locations/1685557721772432/-winemeat/"
  },
  {
    "id": "384509476",
    "name": "BDO Ukraine",
    "city": "DarnytskyiDistrict",
    "url": "https://www.instagram.com/explore/locations/384509476/bdo-ukraine/"
  },
  {
    "id": "453032935434508",
    "name": "Fiat \"НІКО Мегаполіс\"",
    "city": "DarnytskyiDistrict",
    "url": "https://www.instagram.com/explore/locations/453032935434508/fiat/"
  },
  {
    "id": "103029184983466",
    "name": "Kier",
    "city": "DarnytskyiDistrict",
    "url": "https://www.instagram.com/explore/locations/103029184983466/kier/"
  },
  {
    "id": "1014002971",
    "name": "ViVaScent",
    "city": "DarnytskyiDistrict",
    "url": "https://www.instagram.com/explore/locations/1014002971/vivascent/"
  },
  {
    "id": "395332217739856",
    "name": "Volk-Art School",
    "city": "DarnytskyiDistrict",
    "url": "https://www.instagram.com/explore/locations/395332217739856/volk-art-school/"
  },
  {
    "id": "106794991691892",
    "name": "Energy Casino",
    "city": "DarnytskyiDistrict",
    "url": "https://www.instagram.com/explore/locations/106794991691892/energy-casino/"
  },
  {
    "id": "206790826794404",
    "name": "Детский Центр SUNNY BUNNY",
    "city": "DarnytskyiDistrict",
    "url": "https://www.instagram.com/explore/locations/206790826794404/sunny-bunny/"
  },
  {
    "id": "340368582721114",
    "name": "Gratsiano malinois",
    "city": "DarnytskyiDistrict",
    "url": "https://www.instagram.com/explore/locations/340368582721114/gratsiano-malinois/"
  },
  {
    "id": "110222634831551",
    "name": "Lost your mind",
    "city": "DarnytskyiDistrict",
    "url": "https://www.instagram.com/explore/locations/110222634831551/lost-your-mind/"
  },
  {
    "id": "16211063",
    "name": "Замок Shato Mistique",
    "city": "DarnytskyiDistrict",
    "url": "https://www.instagram.com/explore/locations/16211063/shato-mistique/"
  },
  {
    "id": "335443663897369",
    "name": "Електродепо «Харківське» (ТЧ-3)",
    "city": "DarnytskyiDistrict",
    "url": "https://www.instagram.com/explore/locations/335443663897369/-3/"
  },
  {
    "id": "1015676647",
    "name": "Prom.ua",
    "city": "DarnytskyiDistrict",
    "url": "https://www.instagram.com/explore/locations/1015676647/promua/"
  },
  {
    "id": "373113263075563",
    "name": "Специализована школа 113",
    "city": "DarnytskyiDistrict",
    "url": "https://www.instagram.com/explore/locations/373113263075563/113/"
  },
  {
    "id": "622642414597538",
    "name": "Шкатулка Second hand & stock",
    "city": "DarnytskyiDistrict",
    "url": "https://www.instagram.com/explore/locations/622642414597538/second-hand-stock/"
  },
  {
    "id": "105748942426416",
    "name": "Electro Mobility-електричні автомобілі зі всього світу",
    "city": "DarnytskyiDistrict",
    "url": "https://www.instagram.com/explore/locations/105748942426416/electro-mobility-/"
  },
  {
    "id": "113051832799067",
    "name": "Gratsiano dog training",
    "city": "DarnytskyiDistrict",
    "url": "https://www.instagram.com/explore/locations/113051832799067/gratsiano-dog-training/"
  },
  {
    "id": "119942304433433",
    "name": "DOM",
    "city": "DarnytskyiDistrict",
    "url": "https://www.instagram.com/explore/locations/119942304433433/dom/"
  },
  {
    "id": "296742857607378",
    "name": "Армянская, 5",
    "city": "DarnytskyiDistrict",
    "url": "https://www.instagram.com/explore/locations/296742857607378/5/"
  },
  {
    "id": "424959334705564",
    "name": "ЖК ул.Леси Украинки д.14",
    "city": "DarnytskyiDistrict",
    "url": "https://www.instagram.com/explore/locations/424959334705564/14/"
  },
  {
    "id": "104330388811284",
    "name": "Tempus Te Beauty Space",
    "city": "DarnytskyiDistrict",
    "url": "https://www.instagram.com/explore/locations/104330388811284/tempus-te-beauty-space/"
  },
  {
    "id": "422786081628396",
    "name": "Onovo Conference Hall",
    "city": "DarnytskyiDistrict",
    "url": "https://www.instagram.com/explore/locations/422786081628396/onovo-conference-hall/"
  },
  {
    "id": "299210250445537",
    "name": "Vianor на Бориспольской",
    "city": "DarnytskyiDistrict",
    "url": "https://www.instagram.com/explore/locations/299210250445537/vianor/"
  },
  {
    "id": "2165153506881333",
    "name": "Еліт Декор - Україна",
    "city": "DarnytskyiDistrict",
    "url": "https://www.instagram.com/explore/locations/2165153506881333/-/"
  },
  {
    "id": "103865147705637",
    "name": "AlMar Hotel",
    "city": "DarnytskyiDistrict",
    "url": "https://www.instagram.com/explore/locations/103865147705637/almar-hotel/"
  },
  {
    "id": "174558302413479",
    "name": "YAR",
    "city": "DarnytskyiDistrict",
    "url": "https://www.instagram.com/explore/locations/174558302413479/yar/"
  },
  {
    "id": "101136244599367",
    "name": "virus_dance_studio",
    "city": "DarnytskyiDistrict",
    "url": "https://www.instagram.com/explore/locations/101136244599367/virus_dance_studio/"
  },
  {
    "id": "100429678905488",
    "name": "QuadroBro",
    "city": "DarnytskyiDistrict",
    "url": "https://www.instagram.com/explore/locations/100429678905488/quadrobro/"
  },
  {
    "id": "611444827",
    "name": "Драйв-центр \"Мечта напрокат\"",
    "city": "DarnytskyiDistrict",
    "url": "https://www.instagram.com/explore/locations/611444827/-/"
  },
  {
    "id": "1815461918712468",
    "name": "Sisters Bakery",
    "city": "DarnytskyiDistrict",
    "url": "https://www.instagram.com/explore/locations/1815461918712468/sisters-bakery/"
  },
  {
    "id": "100623657991612",
    "name": "Elsa - все для квітів",
    "city": "DarnytskyiDistrict",
    "url": "https://www.instagram.com/explore/locations/100623657991612/elsa-/"
  },
  {
    "id": "1031224923",
    "name": "Meri-MellТериторiя краси",
    "city": "DarnytskyiDistrict",
    "url": "https://www.instagram.com/explore/locations/1031224923/meri-melli/"
  },
  {
    "id": "109043104608098",
    "name": "AutoShop Brt",
    "city": "DarnytskyiDistrict",
    "url": "https://www.instagram.com/explore/locations/109043104608098/autoshop-brt/"
  },
  {
    "id": "610453120",
    "name": "InSky",
    "city": "DarnytskyiDistrict",
    "url": "https://www.instagram.com/explore/locations/610453120/insky/"
  },
  {
    "id": "951516851704943",
    "name": "Tmm Express",
    "city": "DarnytskyiDistrict",
    "url": "https://www.instagram.com/explore/locations/951516851704943/tmm-express/"
  },
  {
    "id": "2173722432886699",
    "name": "EVO.company",
    "city": "DarnytskyiDistrict",
    "url": "https://www.instagram.com/explore/locations/2173722432886699/evocompany/"
  },
  {
    "id": "104145131195819",
    "name": "FIT HUB Kyiv SPORT CLUB",
    "city": "DarnytskyiDistrict",
    "url": "https://www.instagram.com/explore/locations/104145131195819/fit-hub-kyiv-sport-club/"
  },
  {
    "id": "532622530543122",
    "name": "Ленина, 65",
    "city": "DarnytskyiDistrict",
    "url": "https://www.instagram.com/explore/locations/532622530543122/65/"
  },
  {
    "id": "1458083437798073",
    "name": "Веломагазин VeloViva",
    "city": "DarnytskyiDistrict",
    "url": "https://www.instagram.com/explore/locations/1458083437798073/veloviva/"
  },
  {
    "id": "379166715",
    "name": "Home,sweet Home",
    "city": "DarnytskyiDistrict",
    "url": "https://www.instagram.com/explore/locations/379166715/homesweet-home/"
  },
  {
    "id": "105900591586882",
    "name": "Мийка самообслуговування Karcher Happy Cars",
    "city": "DarnytskyiDistrict",
    "url": "https://www.instagram.com/explore/locations/105900591586882/karcher-happy-cars/"
  },
  {
    "id": "114690359971288",
    "name": "Opel \"НІКО Мегаполіс\"",
    "city": "DarnytskyiDistrict",
    "url": "https://www.instagram.com/explore/locations/114690359971288/opel/"
  },
  {
    "id": "38243127",
    "name": "Max&co",
    "city": "DarnytskyiDistrict",
    "url": "https://www.instagram.com/explore/locations/38243127/maxco/"
  },
  {
    "id": "590380452",
    "name": "Туроператор \"Anex Tour\"",
    "city": "DarnytskyiDistrict",
    "url": "https://www.instagram.com/explore/locations/590380452/anex-tour/"
  },
  {
    "id": "106327235132620",
    "name": "Кінний шопінг La Cherie KYIV",
    "city": "DarnytskyiDistrict",
    "url": "https://www.instagram.com/explore/locations/106327235132620/la-cherie-kyiv/"
  },
  {
    "id": "178872166376818",
    "name": "VetLife",
    "city": "DarnytskyiDistrict",
    "url": "https://www.instagram.com/explore/locations/178872166376818/vetlife/"
  },
  {
    "id": "356061658",
    "name": "Bortnichi Beach",
    "city": "DarnytskyiDistrict",
    "url": "https://www.instagram.com/explore/locations/356061658/bortnichi-beach/"
  },
  {
    "id": "478630409267649",
    "name": "UFC Кар'єра",
    "city": "DarnytskyiDistrict",
    "url": "https://www.instagram.com/explore/locations/478630409267649/ufc/"
  },
  {
    "id": "202642040660204",
    "name": "FLYUIA",
    "city": "DarnytskyiDistrict",
    "url": "https://www.instagram.com/explore/locations/202642040660204/flyuia/"
  },
  {
    "id": "100153642596073",
    "name": "Шарики Bubble dream",
    "city": "DarnytskyiDistrict",
    "url": "https://www.instagram.com/explore/locations/100153642596073/bubble-dream/"
  },
  {
    "id": "101943401643526",
    "name": "Water play",
    "city": "DarnytskyiDistrict",
    "url": "https://www.instagram.com/explore/locations/101943401643526/water-play/"
  },
  {
    "id": "1671696919813008",
    "name": "Simpladent Ukraine",
    "city": "DarnytskyiDistrict",
    "url": "https://www.instagram.com/explore/locations/1671696919813008/simpladent-ukraine/"
  },
  {
    "id": "2009982105935074",
    "name": "Дитяча школа мистецтв 9 Дарницького району м. Києва",
    "city": "DarnytskyiDistrict",
    "url": "https://www.instagram.com/explore/locations/2009982105935074/9/"
  },
  {
    "id": "104047934475564",
    "name": "SFCЩасливе",
    "city": "DarnytskyiDistrict",
    "url": "https://www.instagram.com/explore/locations/104047934475564/sfc/"
  },
  {
    "id": "616062479",
    "name": "Крамноармейская 72",
    "city": "DarnytskyiDistrict",
    "url": "https://www.instagram.com/explore/locations/616062479/72/"
  },
  {
    "id": "222784476",
    "name": "Автосамит Toyota",
    "city": "DarnytskyiDistrict",
    "url": "https://www.instagram.com/explore/locations/222784476/toyota/"
  },
  {
    "id": "160859180939456",
    "name": "Module House - Виробництво модульних будинків",
    "city": "DarnytskyiDistrict",
    "url": "https://www.instagram.com/explore/locations/160859180939456/module-house-/"
  },
  {
    "id": "923633681036781",
    "name": "Дельта Партс - Онлайн Автомаркет",
    "city": "DarnytskyiDistrict",
    "url": "https://www.instagram.com/explore/locations/923633681036781/-/"
  },
  {
    "id": "2683066935251836",
    "name": "Харьковское Шоссе 201-203",
    "city": "DarnytskyiDistrict",
    "url": "https://www.instagram.com/explore/locations/2683066935251836/201-203/"
  },
  {
    "id": "646697469",
    "name": "Amaco",
    "city": "DarnytskyiDistrict",
    "url": "https://www.instagram.com/explore/locations/646697469/amaco/"
  },
  {
    "id": "103231932528763",
    "name": "Almar Restaurant",
    "city": "DarnytskyiDistrict",
    "url": "https://www.instagram.com/explore/locations/103231932528763/almar-restaurant/"
  },
  {
    "id": "402633500214364",
    "name": "Marafet",
    "city": "DarnytskyiDistrict",
    "url": "https://www.instagram.com/explore/locations/402633500214364/marafet/"
  },
  {
    "id": "1035101158",
    "name": "Клуб спортивно-бальних танців \"Лінія Танцю\"",
    "city": "DarnytskyiDistrict",
    "url": "https://www.instagram.com/explore/locations/1035101158/-/"
  },
  {
    "id": "1018530346",
    "name": "Kiev - UKRAINE",
    "city": "DarnytskyiDistrict",
    "url": "https://www.instagram.com/explore/locations/1018530346/kiev-ukraine/"
  },
  {
    "id": "113118411785078",
    "name": "АРЕКС ТМ - виробнича компанія.",
    "city": "DarnytskyiDistrict",
    "url": "https://www.instagram.com/explore/locations/113118411785078/-/"
  },
  {
    "id": "539872218",
    "name": "Koval Home",
    "city": "DarnytskyiDistrict",
    "url": "https://www.instagram.com/explore/locations/539872218/koval-home/"
  },
  {
    "id": "100268345082861",
    "name": "Nevergiveup",
    "city": "DarnytskyiDistrict",
    "url": "https://www.instagram.com/explore/locations/100268345082861/nevergiveup/"
  },
  {
    "id": "175341820054999",
    "name": "Светлая, 6",
    "city": "DarnytskyiDistrict",
    "url": "https://www.instagram.com/explore/locations/175341820054999/6/"
  },
  {
    "id": "253664561852620",
    "name": "Армянская Церковь/Armenian Church",
    "city": "DarnytskyiDistrict",
    "url": "https://www.instagram.com/explore/locations/253664561852620/armenian-church/"
  },
  {
    "id": "109157664223035",
    "name": "Green colour",
    "city": "DarnytskyiDistrict",
    "url": "https://www.instagram.com/explore/locations/109157664223035/green-colour/"
  },
  {
    "id": "332431491",
    "name": "Городская Больница #1 Красный Хутор",
    "city": "DarnytskyiDistrict",
    "url": "https://www.instagram.com/explore/locations/332431491/1/"
  },
  {
    "id": "246084922801770",
    "name": "Stradivarius",
    "city": "DarnytskyiDistrict",
    "url": "https://www.instagram.com/explore/locations/246084922801770/stradivarius/"
  },
  {
    "id": "240511073",
    "name": "Modnakasta",
    "city": "DarnytskyiDistrict",
    "url": "https://www.instagram.com/explore/locations/240511073/modnakasta/"
  },
  {
    "id": "103405681683661",
    "name": "Hesburger",
    "city": "DarnytskyiDistrict",
    "url": "https://www.instagram.com/explore/locations/103405681683661/hesburger/"
  },
  {
    "id": "1396889987205411",
    "name": "Staron",
    "city": "DarnytskyiDistrict",
    "url": "https://www.instagram.com/explore/locations/1396889987205411/staron/"
  },
  {
    "id": "2316626161899297",
    "name": "First cup coffee",
    "city": "DarnytskyiDistrict",
    "url": "https://www.instagram.com/explore/locations/2316626161899297/first-cup-coffee/"
  },
  {
    "id": "105765461238253",
    "name": "Strive for greatness",
    "city": "DarnytskyiDistrict",
    "url": "https://www.instagram.com/explore/locations/105765461238253/strive-for-greatness/"
  },
  {
    "id": "1017838513",
    "name": "Home, Sweet Home)",
    "city": "DarnytskyiDistrict",
    "url": "https://www.instagram.com/explore/locations/1017838513/home-sweet-home/"
  },
  {
    "id": "101265688448296",
    "name": "Миколи Хвильового, 15",
    "city": "DarnytskyiDistrict",
    "url": "https://www.instagram.com/explore/locations/101265688448296/15/"
  },
  {
    "id": "992433796",
    "name": "Бери-Дари",
    "city": "DarnytskyiDistrict",
    "url": "https://www.instagram.com/explore/locations/992433796/-/"
  },
  {
    "id": "101172145122315",
    "name": "Студия Массажа \"Ты - Жемчужина\"",
    "city": "DarnytskyiDistrict",
    "url": "https://www.instagram.com/explore/locations/101172145122315/-/"
  },
  {
    "id": "766377373438979",
    "name": "Медицинский центр Euromed",
    "city": "DarnytskyiDistrict",
    "url": "https://www.instagram.com/explore/locations/766377373438979/euromed/"
  },
  {
    "id": "257648480",
    "name": "4service",
    "city": "DarnytskyiDistrict",
    "url": "https://www.instagram.com/explore/locations/257648480/4service/"
  },
  {
    "id": "103855504364780",
    "name": "Orderry",
    "city": "DarnytskyiDistrict",
    "url": "https://www.instagram.com/explore/locations/103855504364780/orderry/"
  },
  {
    "id": "354432972083355",
    "name": "STS - авто з США",
    "city": "DarnytskyiDistrict",
    "url": "https://www.instagram.com/explore/locations/354432972083355/sts-/"
  },
  {
    "id": "406693609",
    "name": "Avon",
    "city": "DarnytskyiDistrict",
    "url": "https://www.instagram.com/explore/locations/406693609/avon/"
  },
  {
    "id": "388045991",
    "name": "Лiцей Iнтелект",
    "city": "DarnytskyiDistrict",
    "url": "https://www.instagram.com/explore/locations/388045991/i-i/"
  },
  {
    "id": "102528831170741",
    "name": "Samokatt.com.ua",
    "city": "DarnytskyiDistrict",
    "url": "https://www.instagram.com/explore/locations/102528831170741/samokattcomua/"
  },
  {
    "id": "560766247615733",
    "name": "Wine&Meat Стейк Меню",
    "city": "DarnytskyiDistrict",
    "url": "https://www.instagram.com/explore/locations/560766247615733/winemeat/"
  },
  {
    "id": "707369582767804",
    "name": "SkyDecor - натяжні стелі",
    "city": "DarnytskyiDistrict",
    "url": "https://www.instagram.com/explore/locations/707369582767804/skydecor-/"
  },
  {
    "id": "252263810",
    "name": "Travel-Life.PRO",
    "city": "DarnytskyiDistrict",
    "url": "https://www.instagram.com/explore/locations/252263810/travel-lifepro/"
  },
  {
    "id": "109957767525540",
    "name": "Ameli",
    "city": "DarnytskyiDistrict",
    "url": "https://www.instagram.com/explore/locations/109957767525540/ameli/"
  },
  {
    "id": "102986058450830",
    "name": "razborka_jetta_passat",
    "city": "DarnytskyiDistrict",
    "url": "https://www.instagram.com/explore/locations/102986058450830/razborka_jetta_passat/"
  },
  {
    "id": "103101595523778",
    "name": "PizzaDay",
    "city": "DarnytskyiDistrict",
    "url": "https://www.instagram.com/explore/locations/103101595523778/pizzaday/"
  },
  {
    "id": "1023562886",
    "name": "Полесская 15",
    "city": "DarnytskyiDistrict",
    "url": "https://www.instagram.com/explore/locations/1023562886/15/"
  },
  {
    "id": "84693297",
    "name": "Асканія-Пак",
    "city": "DarnytskyiDistrict",
    "url": "https://www.instagram.com/explore/locations/84693297/-/"
  },
  {
    "id": "1019919037",
    "name": "Ukrainian International Airlines, Main Office",
    "city": "DarnytskyiDistrict",
    "url": "https://www.instagram.com/explore/locations/1019919037/ukrainian-international-airlines-main-office/"
  },
  {
    "id": "317165911992029",
    "name": "Visad: Ландшафтний Дизайн та Озеленення",
    "city": "DarnytskyiDistrict",
    "url": "https://www.instagram.com/explore/locations/317165911992029/visad/"
  },
  {
    "id": "108678770801575",
    "name": "Спеціальна школа 10",
    "city": "DarnytskyiDistrict",
    "url": "https://www.instagram.com/explore/locations/108678770801575/10/"
  },
  {
    "id": "1890642067839051",
    "name": "Бизнес-центр 201/203",
    "city": "DarnytskyiDistrict",
    "url": "https://www.instagram.com/explore/locations/1890642067839051/-201203/"
  },
  {
    "id": "113048081282388",
    "name": "Перший Дім - Київ",
    "city": "DarnytskyiDistrict",
    "url": "https://www.instagram.com/explore/locations/113048081282388/-/"
  },
  {
    "id": "999871215",
    "name": "Kiev Airport",
    "city": "DarnytskyiDistrict",
    "url": "https://www.instagram.com/explore/locations/999871215/kiev-airport/"
  },
  {
    "id": "187760225172059",
    "name": "Fozzy",
    "city": "DarnytskyiDistrict",
    "url": "https://www.instagram.com/explore/locations/187760225172059/fozzy/"
  },
  {
    "id": "100602865972366",
    "name": "Health Lab",
    "city": "DarnytskyiDistrict",
    "url": "https://www.instagram.com/explore/locations/100602865972366/health-lab/"
  },
  {
    "id": "102158061595126",
    "name": "Badland",
    "city": "DarnytskyiDistrict",
    "url": "https://www.instagram.com/explore/locations/102158061595126/badland/"
  },
  {
    "id": "1015758135",
    "name": "Ла-Кондитерра - кондитерская упаковка, инвентарь, ингредиенты",
    "city": "DarnytskyiDistrict",
    "url": "https://www.instagram.com/explore/locations/1015758135/-/"
  },
  {
    "id": "110622753807861",
    "name": "Virus dance Studio",
    "city": "DarnytskyiDistrict",
    "url": "https://www.instagram.com/explore/locations/110622753807861/virus-dance-studio/"
  },
  {
    "id": "315574462368389",
    "name": "вул. Івана Дяченка, 20а",
    "city": "DarnytskyiDistrict",
    "url": "https://www.instagram.com/explore/locations/315574462368389/20/"
  },
  {
    "id": "899761873550617",
    "name": "AVON Ukraine",
    "city": "DarnytskyiDistrict",
    "url": "https://www.instagram.com/explore/locations/899761873550617/avon-ukraine/"
  },
  {
    "id": "111830023871807",
    "name": "Beautiful eyes",
    "city": "DarnytskyiDistrict",
    "url": "https://www.instagram.com/explore/locations/111830023871807/beautiful-eyes/"
  },
  {
    "id": "1769475406399379",
    "name": "Puree Catering",
    "city": "DarnytskyiDistrict",
    "url": "https://www.instagram.com/explore/locations/1769475406399379/puree-catering/"
  },
  {
    "id": "839271024",
    "name": "Seryodkinhome",
    "city": "DarnytskyiDistrict",
    "url": "https://www.instagram.com/explore/locations/839271024/seryodkinhome/"
  },
  {
    "id": "171999753731905",
    "name": "вул. Бориспільська, 37",
    "city": "DarnytskyiDistrict",
    "url": "https://www.instagram.com/explore/locations/171999753731905/37/"
  },
  {
    "id": "111882364617918",
    "name": "avtoluk.kiev.ua",
    "city": "DarnytskyiDistrict",
    "url": "https://www.instagram.com/explore/locations/111882364617918/avtolukkievua/"
  },
  {
    "id": "637190107",
    "name": "Kabanchik.ua",
    "city": "DarnytskyiDistrict",
    "url": "https://www.instagram.com/explore/locations/637190107/kabanchikua/"
  },
  {
    "id": "101241237907629",
    "name": "Lemon Studio",
    "city": "DarnytskyiDistrict",
    "url": "https://www.instagram.com/explore/locations/101241237907629/lemon-studio/"
  },
  {
    "id": "492624517602541",
    "name": "Дитячий простір Liberty, м.Бориспільська",
    "city": "DarnytskyiDistrict",
    "url": "https://www.instagram.com/explore/locations/492624517602541/liberty/"
  },
  {
    "id": "900427823482030",
    "name": "Улица Армянская, 11",
    "city": "DarnytskyiDistrict",
    "url": "https://www.instagram.com/explore/locations/900427823482030/11/"
  },
  {
    "id": "249256115762596",
    "name": "SOK Sound Studio",
    "city": "DarnytskyiDistrict",
    "url": "https://www.instagram.com/explore/locations/249256115762596/sok-sound-studio/"
  },
  {
    "id": "337803120118778",
    "name": "No Name Espresso Bar",
    "city": "DarnytskyiDistrict",
    "url": "https://www.instagram.com/explore/locations/337803120118778/no-name-espresso-bar/"
  },
  {
    "id": "103707943775567",
    "name": "Horlivska 220 Kyiv",
    "city": "DarnytskyiDistrict",
    "url": "https://www.instagram.com/explore/locations/103707943775567/horlivska-220-kyiv/"
  },
  {
    "id": "1029805668",
    "name": "Княжий затон 9, Студия Танцев Папилон",
    "city": "DarnytskyiDistrict",
    "url": "https://www.instagram.com/explore/locations/1029805668/9/"
  },
  {
    "id": "108679914052991",
    "name": "avtoimperiacars",
    "city": "DarnytskyiDistrict",
    "url": "https://www.instagram.com/explore/locations/108679914052991/avtoimperiacars/"
  },
  {
    "id": "602740646259643",
    "name": "Sport hub by Almar",
    "city": "DarnytskyiDistrict",
    "url": "https://www.instagram.com/explore/locations/602740646259643/sport-hub-by-almar/"
  },
  {
    "id": "2183905731879700",
    "name": "Бориспольская улица 31",
    "city": "DarnytskyiDistrict",
    "url": "https://www.instagram.com/explore/locations/2183905731879700/31/"
  },
  {
    "id": "448106245718113",
    "name": "4service",
    "city": "DarnytskyiDistrict",
    "url": "https://www.instagram.com/explore/locations/448106245718113/4service/"
  },
  {
    "id": "594351211072251",
    "name": "Школа 280",
    "city": "DarnytskyiDistrict",
    "url": "https://www.instagram.com/explore/locations/594351211072251/280/"
  },
  {
    "id": "132692774037459",
    "name": "DIVAS Sport Club",
    "city": "DarnytskyiDistrict",
    "url": "https://www.instagram.com/explore/locations/132692774037459/divas-sport-club/"
  },
  {
    "id": "104500308071002",
    "name": "Салон красоты \"Стиль S\"",
    "city": "DarnytskyiDistrict",
    "url": "https://www.instagram.com/explore/locations/104500308071002/s/"
  },
  {
    "id": "1030427061",
    "name": "RekaMotors.ua",
    "city": "DarnytskyiDistrict",
    "url": "https://www.instagram.com/explore/locations/1030427061/rekamotorsua/"
  },
  {
    "id": "976954789128042",
    "name": "ЖК Art Парк",
    "city": "DarnytskyiDistrict",
    "url": "https://www.instagram.com/explore/locations/976954789128042/art/"
  },
  {
    "id": "847703115",
    "name": "Estação Boryspilska",
    "city": "DarnytskyiDistrict",
    "url": "https://www.instagram.com/explore/locations/847703115/estacao-boryspilska/"
  },
  {
    "id": "111211921446377",
    "name": "Minhaaaa",
    "city": "DarnytskyiDistrict",
    "url": "https://www.instagram.com/explore/locations/111211921446377/minhaaaa/"
  },
  {
    "id": "1018671239",
    "name": "Джентельмен-клуб «Penthouse»",
    "city": "DarnytskyiDistrict",
    "url": "https://www.instagram.com/explore/locations/1018671239/-penthouse/"
  },
  {
    "id": "1103110449893328",
    "name": "АТЛ - автосервис",
    "city": "DarnytskyiDistrict",
    "url": "https://www.instagram.com/explore/locations/1103110449893328/-/"
  },
  {
    "id": "293818955",
    "name": "PEGAS Touristik",
    "city": "DarnytskyiDistrict",
    "url": "https://www.instagram.com/explore/locations/293818955/pegas-touristik/"
  },
  {
    "id": "2140146722912274",
    "name": "ООО ,,Союз-Авто",
    "city": "DarnytskyiDistrict",
    "url": "https://www.instagram.com/explore/locations/2140146722912274/-/"
  },
  {
    "id": "254992794975048",
    "name": "СШ№113",
    "city": "DarnytskyiDistrict",
    "url": "https://www.instagram.com/explore/locations/254992794975048/no113/"
  },
  {
    "id": "310405833082458",
    "name": "Харьковское шоссе 180\\21",
    "city": "DarnytskyiDistrict",
    "url": "https://www.instagram.com/explore/locations/310405833082458/18021/"
  },
  {
    "id": "1023835426",
    "name": "С.пролиски, ул. Броварская, 1",
    "city": "DarnytskyiDistrict",
    "url": "https://www.instagram.com/explore/locations/1023835426/1/"
  },
  {
    "id": "107396417282067",
    "name": "The Smiler",
    "city": "DarnytskyiDistrict",
    "url": "https://www.instagram.com/explore/locations/107396417282067/the-smiler/"
  },
  {
    "id": "280519435712321",
    "name": "Zavarka",
    "city": "DarnytskyiDistrict",
    "url": "https://www.instagram.com/explore/locations/280519435712321/zavarka/"
  },
  {
    "id": "103943161062049",
    "name": "Study Work",
    "city": "DarnytskyiDistrict",
    "url": "https://www.instagram.com/explore/locations/103943161062049/study-work/"
  },
  {
    "id": "112543690424698",
    "name": "Pex-a.top",
    "city": "DarnytskyiDistrict",
    "url": "https://www.instagram.com/explore/locations/112543690424698/pex-atop/"
  },
  {
    "id": "108033530937762",
    "name": "Alarmtrade.ua",
    "city": "DarnytskyiDistrict",
    "url": "https://www.instagram.com/explore/locations/108033530937762/alarmtradeua/"
  },
  {
    "id": "213999305407736",
    "name": "GMK Master",
    "city": "DarnytskyiDistrict",
    "url": "https://www.instagram.com/explore/locations/213999305407736/gmk-master/"
  },
  {
    "id": "113127994787407",
    "name": "Паучья мультивселенная SMV",
    "city": "DarnytskyiDistrict",
    "url": "https://www.instagram.com/explore/locations/113127994787407/smv/"
  },
  {
    "id": "1685558885010214",
    "name": "Nyzhnii Val St",
    "city": "DarnytskyiDistrict",
    "url": "https://www.instagram.com/explore/locations/1685558885010214/nyzhnii-val-st/"
  },
  {
    "id": "1031608975",
    "name": "Дресирування собак м. Київ ORION Training Center",
    "city": "DarnytskyiDistrict",
    "url": "https://www.instagram.com/explore/locations/1031608975/orion-training-center/"
  },
  {
    "id": "1032271690244712",
    "name": "Красний Хутір, Червоний Хутір, Kyiv, Ukraine",
    "city": "DarnytskyiDistrict",
    "url": "https://www.instagram.com/explore/locations/1032271690244712/kyiv-ukraine/"
  },
  {
    "id": "104293504492198",
    "name": "AirPods",
    "city": "DarnytskyiDistrict",
    "url": "https://www.instagram.com/explore/locations/104293504492198/airpods/"
  },
  {
    "id": "2209555265761683",
    "name": "Школа №305",
    "city": "DarnytskyiDistrict",
    "url": "https://www.instagram.com/explore/locations/2209555265761683/no305/"
  },
  {
    "id": "279627195242225",
    "name": "Uncle.Shoo",
    "city": "DarnytskyiDistrict",
    "url": "https://www.instagram.com/explore/locations/279627195242225/uncleshoo/"
  },
  {
    "id": "110887811689021",
    "name": "Qualification",
    "city": "DarnytskyiDistrict",
    "url": "https://www.instagram.com/explore/locations/110887811689021/qualification/"
  },
  {
    "id": "112017005221660",
    "name": "I'M HOME",
    "city": "DarnytskyiDistrict",
    "url": "https://www.instagram.com/explore/locations/112017005221660/im-home/"
  },
  {
    "id": "312321216",
    "name": "Бортничи Озеро ЗЭМ-снаряд",
    "city": "DarnytskyiDistrict",
    "url": "https://www.instagram.com/explore/locations/312321216/-/"
  },
  {
    "id": "109664214001130",
    "name": "UNÓVA-Nailschool",
    "city": "DarnytskyiDistrict",
    "url": "https://www.instagram.com/explore/locations/109664214001130/unova-nailschool/"
  },
  {
    "id": "105263907534014",
    "name": "Filsburger Family",
    "city": "DarnytskyiDistrict",
    "url": "https://www.instagram.com/explore/locations/105263907534014/filsburger-family/"
  },
  {
    "id": "879511842",
    "name": "Schtschaslywe (Boryspil)",
    "city": "DarnytskyiDistrict",
    "url": "https://www.instagram.com/explore/locations/879511842/schtschaslywe-boryspil/"
  },
  {
    "id": "2331467043547523",
    "name": "бориспольская 27",
    "city": "DarnytskyiDistrict",
    "url": "https://www.instagram.com/explore/locations/2331467043547523/27/"
  },
  {
    "id": "597101750",
    "name": "Estação Chervonyi Hutir",
    "city": "DarnytskyiDistrict",
    "url": "https://www.instagram.com/explore/locations/597101750/estacao-chervonyi-hutir/"
  },
  {
    "id": "900388443436851",
    "name": "Вчасно - цифрові сервіси для бізнесу",
    "city": "DarnytskyiDistrict",
    "url": "https://www.instagram.com/explore/locations/900388443436851/-/"
  },
  {
    "id": "523943044430633",
    "name": "Interavia",
    "city": "DarnytskyiDistrict",
    "url": "https://www.instagram.com/explore/locations/523943044430633/interavia/"
  },
  {
    "id": "109326694809365",
    "name": "El_queen",
    "city": "DarnytskyiDistrict",
    "url": "https://www.instagram.com/explore/locations/109326694809365/el_queen/"
  },
  {
    "id": "426066174",
    "name": "Boryspil Highway",
    "city": "DarnytskyiDistrict",
    "url": "https://www.instagram.com/explore/locations/426066174/boryspil-highway/"
  },
  {
    "id": "1016845621",
    "name": "VeloModa",
    "city": "DarnytskyiDistrict",
    "url": "https://www.instagram.com/explore/locations/1016845621/velomoda/"
  },
  {
    "id": "930135177044134",
    "name": "White Mandarin",
    "city": "DarnytskyiDistrict",
    "url": "https://www.instagram.com/explore/locations/930135177044134/white-mandarin/"
  },
  {
    "id": "103331525100813",
    "name": "It is ok",
    "city": "DarnytskyiDistrict",
    "url": "https://www.instagram.com/explore/locations/103331525100813/it-is-ok/"
  },
  {
    "id": "116772586373655",
    "name": "VG Studio",
    "city": "DarnytskyiDistrict",
    "url": "https://www.instagram.com/explore/locations/116772586373655/vg-studio/"
  },
  {
    "id": "106050575549152",
    "name": "Damson plum",
    "city": "DarnytskyiDistrict",
    "url": "https://www.instagram.com/explore/locations/106050575549152/damson-plum/"
  },
  {
    "id": "1908536866116279",
    "name": "Suzuki \"НІКО Мегаполіс\"",
    "city": "DarnytskyiDistrict",
    "url": "https://www.instagram.com/explore/locations/1908536866116279/suzuki/"
  },
  {
    "id": "1420560294740936",
    "name": "Школа №113",
    "city": "DarnytskyiDistrict",
    "url": "https://www.instagram.com/explore/locations/1420560294740936/no113/"
  },
  {
    "id": "1473979446004492",
    "name": "Грумінг салон Pet story",
    "city": "DarnytskyiDistrict",
    "url": "https://www.instagram.com/explore/locations/1473979446004492/pet-story/"
  },
  {
    "id": "146668775392382",
    "name": "Bevers Marmyr Marble and Granite",
    "city": "DarnytskyiDistrict",
    "url": "https://www.instagram.com/explore/locations/146668775392382/bevers-marmyr-marble-and-granite/"
  },
  {
    "id": "384295495506350",
    "name": "ТОВ \"Авто-Регіон\"",
    "city": "DarnytskyiDistrict",
    "url": "https://www.instagram.com/explore/locations/384295495506350/-/"
  },
  {
    "id": "279052601",
    "name": "Школа 113",
    "city": "DarnytskyiDistrict",
    "url": "https://www.instagram.com/explore/locations/279052601/113/"
  },
  {
    "id": "998026338",
    "name": "SmartMe University",
    "city": "DarnytskyiDistrict",
    "url": "https://www.instagram.com/explore/locations/998026338/smartme-university/"
  },
  {
    "id": "1851347568450240",
    "name": "Publish Pro",
    "city": "DarnytskyiDistrict",
    "url": "https://www.instagram.com/explore/locations/1851347568450240/publish-pro/"
  },
  {
    "id": "480083522052734",
    "name": "Ars-Longa",
    "city": "DarnytskyiDistrict",
    "url": "https://www.instagram.com/explore/locations/480083522052734/ars-longa/"
  },
  {
    "id": "224070874655734",
    "name": "Every Day Cafe",
    "city": "DarnytskyiDistrict",
    "url": "https://www.instagram.com/explore/locations/224070874655734/every-day-cafe/"
  },
  {
    "id": "1230131430436442",
    "name": "TMM Shopping",
    "city": "DarnytskyiDistrict",
    "url": "https://www.instagram.com/explore/locations/1230131430436442/tmm-shopping/"
  },
  {
    "id": "520589791718548",
    "name": "Bortnichi House Київ",
    "city": "DarnytskyiDistrict",
    "url": "https://www.instagram.com/explore/locations/520589791718548/bortnichi-house/"
  },
  {
    "id": "100403881314507",
    "name": "Etalon Food",
    "city": "DarnytskyiDistrict",
    "url": "https://www.instagram.com/explore/locations/100403881314507/etalon-food/"
  },
  {
    "id": "619674734875033",
    "name": "Rozetka Travel",
    "city": "DarnytskyiDistrict",
    "url": "https://www.instagram.com/explore/locations/619674734875033/rozetka-travel/"
  },
  {
    "id": "1070057886440117",
    "name": "СТО \"profi\"",
    "city": "DarnytskyiDistrict",
    "url": "https://www.instagram.com/explore/locations/1070057886440117/profi/"
  },
  {
    "id": "1358897837467404",
    "name": "7CI Group",
    "city": "DarnytskyiDistrict",
    "url": "https://www.instagram.com/explore/locations/1358897837467404/7ci-group/"
  },
  {
    "id": "1666688736730977",
    "name": "EVO Advertising",
    "city": "DarnytskyiDistrict",
    "url": "https://www.instagram.com/explore/locations/1666688736730977/evo-advertising/"
  },
  {
    "id": "246178066047988",
    "name": "Дяченка, 20в",
    "city": "DarnytskyiDistrict",
    "url": "https://www.instagram.com/explore/locations/246178066047988/20/"
  },
  {
    "id": "375841869",
    "name": "Ukraine International Airlines",
    "city": "DarnytskyiDistrict",
    "url": "https://www.instagram.com/explore/locations/375841869/ukraine-international-airlines/"
  },
  {
    "id": "322240188468119",
    "name": "AMAKO Trucks",
    "city": "DarnytskyiDistrict",
    "url": "https://www.instagram.com/explore/locations/322240188468119/amako-trucks/"
  },
  {
    "id": "107786578442584",
    "name": "Beauty Studio V.Tri",
    "city": "DarnytskyiDistrict",
    "url": "https://www.instagram.com/explore/locations/107786578442584/beauty-studio-vtri/"
  },
  {
    "id": "108631597438530",
    "name": "Beautiful Flowers",
    "city": "DarnytskyiDistrict",
    "url": "https://www.instagram.com/explore/locations/108631597438530/beautiful-flowers/"
  },
  {
    "id": "439821733031839",
    "name": "Limonchik",
    "city": "DarnytskyiDistrict",
    "url": "https://www.instagram.com/explore/locations/439821733031839/limonchik/"
  },
  {
    "id": "106487927409806",
    "name": "Lemon Studio",
    "city": "DarnytskyiDistrict",
    "url": "https://www.instagram.com/explore/locations/106487927409806/lemon-studio/"
  },
  {
    "id": "106859154539630",
    "name": "Ocean",
    "city": "DarnytskyiDistrict",
    "url": "https://www.instagram.com/explore/locations/106859154539630/ocean/"
  },
  {
    "id": "380756568989612",
    "name": "Debet-credit",
    "city": "DarnytskyiDistrict",
    "url": "https://www.instagram.com/explore/locations/380756568989612/debet-credit/"
  },
  {
    "id": "332616993466218",
    "name": "Organic-Eco.com.ua",
    "city": "DarnytskyiDistrict",
    "url": "https://www.instagram.com/explore/locations/332616993466218/organic-ecocomua/"
  },
  {
    "id": "114248760433943",
    "name": "Dream Universe",
    "city": "DarnytskyiDistrict",
    "url": "https://www.instagram.com/explore/locations/114248760433943/dream-universe/"
  },
  {
    "id": "200240324220664",
    "name": "2012",
    "city": "DarnytskyiDistrict",
    "url": "https://www.instagram.com/explore/locations/200240324220664/2012/"
  },
  {
    "id": "294690154584063",
    "name": "Свято-Благовещенский Монастырь Бортничи",
    "city": "DarnytskyiDistrict",
    "url": "https://www.instagram.com/explore/locations/294690154584063/-/"
  },
  {
    "id": "608484686288826",
    "name": "Rain or Shine",
    "city": "DarnytskyiDistrict",
    "url": "https://www.instagram.com/explore/locations/608484686288826/rain-or-shine/"
  },
  {
    "id": "111844443589592",
    "name": "SoFun - товары для праздника",
    "city": "DarnytskyiDistrict",
    "url": "https://www.instagram.com/explore/locations/111844443589592/sofun-/"
  },
  {
    "id": "103760349087670",
    "name": "Mangostin",
    "city": "DarnytskyiDistrict",
    "url": "https://www.instagram.com/explore/locations/103760349087670/mangostin/"
  },
  {
    "id": "107736800880540",
    "name": "Villa de Jardin",
    "city": "DarnytskyiDistrict",
    "url": "https://www.instagram.com/explore/locations/107736800880540/villa-de-jardin/"
  },
  {
    "id": "107945974281241",
    "name": "Wroom-wroom.club",
    "city": "DarnytskyiDistrict",
    "url": "https://www.instagram.com/explore/locations/107945974281241/wroom-wroomclub/"
  },
  {
    "id": "348974522958315",
    "name": "Lumpen",
    "city": "DarnytskyiDistrict",
    "url": "https://www.instagram.com/explore/locations/348974522958315/lumpen/"
  },
  {
    "id": "512129428983414",
    "name": "Velvet Cafe",
    "city": "DarnytskyiDistrict",
    "url": "https://www.instagram.com/explore/locations/512129428983414/velvet-cafe/"
  },
  {
    "id": "1032824343",
    "name": "Boryspilśka",
    "city": "DarnytskyiDistrict",
    "url": "https://www.instagram.com/explore/locations/1032824343/boryspilska/"
  },
  {
    "id": "1868740590048945",
    "name": "Hoka club",
    "city": "DarnytskyiDistrict",
    "url": "https://www.instagram.com/explore/locations/1868740590048945/hoka-club/"
  },
  {
    "id": "1032786022",
    "name": "Шкільна бібліотека Ревнівської ЗОШ I-III ступенів",
    "city": "DarnytskyiDistrict",
    "url": "https://www.instagram.com/explore/locations/1032786022/i-iii/"
  },
  {
    "id": "107549031025363",
    "name": "Bayer Kyiv",
    "city": "DarnytskyiDistrict",
    "url": "https://www.instagram.com/explore/locations/107549031025363/bayer-kyiv/"
  },
  {
    "id": "841034269422212",
    "name": "4service",
    "city": "DarnytskyiDistrict",
    "url": "https://www.instagram.com/explore/locations/841034269422212/4service/"
  },
  {
    "id": "106310960749578",
    "name": "LEANT",
    "city": "DarnytskyiDistrict",
    "url": "https://www.instagram.com/explore/locations/106310960749578/leant/"
  },
  {
    "id": "353954512008322",
    "name": "Office Groupe SEB",
    "city": "DarnytskyiDistrict",
    "url": "https://www.instagram.com/explore/locations/353954512008322/office-groupe-seb/"
  },
  {
    "id": "302265637166749",
    "name": "Diageo Office",
    "city": "DarnytskyiDistrict",
    "url": "https://www.instagram.com/explore/locations/302265637166749/diageo-office/"
  },
  {
    "id": "101973725613461",
    "name": "Nature sky",
    "city": "DarnytskyiDistrict",
    "url": "https://www.instagram.com/explore/locations/101973725613461/nature-sky/"
  },
  {
    "id": "323436368436578",
    "name": "Армянская 29",
    "city": "DarnytskyiDistrict",
    "url": "https://www.instagram.com/explore/locations/323436368436578/29/"
  },
  {
    "id": "100414251668538",
    "name": "Goa_studio",
    "city": "DarnytskyiDistrict",
    "url": "https://www.instagram.com/explore/locations/100414251668538/goa_studio/"
  },
  {
    "id": "1020752038",
    "name": "Inter Cars Ukraine. Group STAR",
    "city": "DarnytskyiDistrict",
    "url": "https://www.instagram.com/explore/locations/1020752038/inter-cars-ukraine-group-star/"
  },
  {
    "id": "684477876",
    "name": "Івано-Франківська Область, с. Липа",
    "city": "DarnytskyiDistrict",
    "url": "https://www.instagram.com/explore/locations/684477876/-/"
  },
  {
    "id": "148874837",
    "name": "Matteo",
    "city": "DarnytskyiDistrict",
    "url": "https://www.instagram.com/explore/locations/148874837/matteo/"
  },
  {
    "id": "144691275386656",
    "name": "EERR",
    "city": "DarnytskyiDistrict",
    "url": "https://www.instagram.com/explore/locations/144691275386656/eerr/"
  },
  {
    "id": "303787410227266",
    "name": "Богодельня им.Иоанна-Ильяза бек",
    "city": "DarnytskyiDistrict",
    "url": "https://www.instagram.com/explore/locations/303787410227266/-/"
  },
  {
    "id": "565605730",
    "name": "Аэропорт Борисполь Терминал F",
    "city": "DarnytskyiDistrict",
    "url": "https://www.instagram.com/explore/locations/565605730/f/"
  },
  {
    "id": "263253290",
    "name": "OLEG & EVA Model Agency",
    "city": "DarnytskyiDistrict",
    "url": "https://www.instagram.com/explore/locations/263253290/oleg-eva-model-agency/"
  },
  {
    "id": "342987222408979",
    "name": "Школа 305 г.Киева",
    "city": "DarnytskyiDistrict",
    "url": "https://www.instagram.com/explore/locations/342987222408979/305/"
  },
  {
    "id": "102430535807736",
    "name": "Fell asleep",
    "city": "DarnytskyiDistrict",
    "url": "https://www.instagram.com/explore/locations/102430535807736/fell-asleep/"
  },
  {
    "id": "794485003962150",
    "name": "Proliskî (Șceaslîve), raionul Borîspil, regiunea Kiev",
    "city": "DarnytskyiDistrict",
    "url": "https://www.instagram.com/explore/locations/794485003962150/proliski-sceaslive-raionul-borispil-regiunea-kiev/"
  },
  {
    "id": "243908962667379",
    "name": "Indigo Family club",
    "city": "DarnytskyiDistrict",
    "url": "https://www.instagram.com/explore/locations/243908962667379/indigo-family-club/"
  },
  {
    "id": "103814774648002",
    "name": "Olesya Showroom",
    "city": "DarnytskyiDistrict",
    "url": "https://www.instagram.com/explore/locations/103814774648002/olesya-showroom/"
  },
  {
    "id": "510170651",
    "name": "Boryspilska (metrostation)",
    "city": "DarnytskyiDistrict",
    "url": "https://www.instagram.com/explore/locations/510170651/boryspilska-metrostation/"
  },
  {
    "id": "101877389212513",
    "name": "Hedgehog",
    "city": "DarnytskyiDistrict",
    "url": "https://www.instagram.com/explore/locations/101877389212513/hedgehog/"
  },
  {
    "id": "337015260336745",
    "name": "Fozzy",
    "city": "DarnytskyiDistrict",
    "url": "https://www.instagram.com/explore/locations/337015260336745/fozzy/"
  },
  {
    "id": "382556697928",
    "name": "LAPP UKR",
    "city": "DarnytskyiDistrict",
    "url": "https://www.instagram.com/explore/locations/382556697928/lapp-ukr/"
  },
  {
    "id": "102068581583361",
    "name": "Dance live",
    "city": "DarnytskyiDistrict",
    "url": "https://www.instagram.com/explore/locations/102068581583361/dance-live/"
  },
  {
    "id": "114622690299344",
    "name": "Суші-бар \"Інь-Вань\"",
    "city": "DarnytskyiDistrict",
    "url": "https://www.instagram.com/explore/locations/114622690299344/-/"
  },
  {
    "id": "726169000",
    "name": "Boryspilska",
    "city": "DarnytskyiDistrict",
    "url": "https://www.instagram.com/explore/locations/726169000/boryspilska/"
  },
  {
    "id": "138196493401926",
    "name": "Дас Іст Робота в METRO",
    "city": "DarnytskyiDistrict",
    "url": "https://www.instagram.com/explore/locations/138196493401926/metro/"
  },
  {
    "id": "112778374664466",
    "name": "Jade look",
    "city": "DarnytskyiDistrict",
    "url": "https://www.instagram.com/explore/locations/112778374664466/jade-look/"
  },
  {
    "id": "923896111040169",
    "name": "Ihdedental Ukraine",
    "city": "DarnytskyiDistrict",
    "url": "https://www.instagram.com/explore/locations/923896111040169/ihdedental-ukraine/"
  },
  {
    "id": "1015877224",
    "name": "Porto Maltese",
    "city": "DarnytskyiDistrict",
    "url": "https://www.instagram.com/explore/locations/1015877224/porto-maltese/"
  },
  {
    "id": "113203627213386",
    "name": "Mountain tops",
    "city": "DarnytskyiDistrict",
    "url": "https://www.instagram.com/explore/locations/113203627213386/mountain-tops/"
  },
  {
    "id": "1773649802938688",
    "name": "Здоровье, питание, красота с NSP",
    "city": "DarnytskyiDistrict",
    "url": "https://www.instagram.com/explore/locations/1773649802938688/nsp/"
  },
  {
    "id": "108068130668974",
    "name": "InterCar Service",
    "city": "DarnytskyiDistrict",
    "url": "https://www.instagram.com/explore/locations/108068130668974/intercar-service/"
  },
  {
    "id": "550215502095500",
    "name": "ФК Арсенал-Киев ( Офис Счастливое)",
    "city": "DarnytskyiDistrict",
    "url": "https://www.instagram.com/explore/locations/550215502095500/-/"
  },
  {
    "id": "100721195072642",
    "name": "Коляска-трансформер -40%",
    "city": "DarnytskyiDistrict",
    "url": "https://www.instagram.com/explore/locations/100721195072642/-40/"
  },
  {
    "id": "822774811142417",
    "name": "Proliskî, Borîspil",
    "city": "DarnytskyiDistrict",
    "url": "https://www.instagram.com/explore/locations/822774811142417/proliski-borispil/"
  },
  {
    "id": "770052293388345",
    "name": "ЦирюльникЪ Вarbershoр",
    "city": "DarnytskyiDistrict",
    "url": "https://www.instagram.com/explore/locations/770052293388345/arbersho/"
  },
  {
    "id": "562840060545198",
    "name": "Агентство беззаботного праздника GOOD DAY",
    "city": "DarnytskyiDistrict",
    "url": "https://www.instagram.com/explore/locations/562840060545198/good-day/"
  },
  {
    "id": "1023273771",
    "name": "Pleasure Tattoo",
    "city": "DarnytskyiDistrict",
    "url": "https://www.instagram.com/explore/locations/1023273771/pleasure-tattoo/"
  },
  {
    "id": "1149711618403480",
    "name": "Sun-Rest",
    "city": "DarnytskyiDistrict",
    "url": "https://www.instagram.com/explore/locations/1149711618403480/sun-rest/"
  },
  {
    "id": "104354787760283",
    "name": "Swan-sewing.com.ua",
    "city": "DarnytskyiDistrict",
    "url": "https://www.instagram.com/explore/locations/104354787760283/swan-sewingcomua/"
  },
  {
    "id": "1707280776023593",
    "name": "U N D E R W E A Rbe special",
    "city": "DarnytskyiDistrict",
    "url": "https://www.instagram.com/explore/locations/1707280776023593/u-n-d-e-r-w-e-a-rbe-special/"
  },
  {
    "id": "678172251",
    "name": "Toyota",
    "city": "DarnytskyiDistrict",
    "url": "https://www.instagram.com/explore/locations/678172251/toyota/"
  },
  {
    "id": "313701432550044",
    "name": "школа #280",
    "city": "DarnytskyiDistrict",
    "url": "https://www.instagram.com/explore/locations/313701432550044/280/"
  },
  {
    "id": "490805456",
    "name": "Business Systems",
    "city": "DarnytskyiDistrict",
    "url": "https://www.instagram.com/explore/locations/490805456/business-systems/"
  },
  {
    "id": "103802715700807",
    "name": "Some people",
    "city": "DarnytskyiDistrict",
    "url": "https://www.instagram.com/explore/locations/103802715700807/some-people/"
  },
  {
    "id": "102001971364847",
    "name": "Senegal river",
    "city": "DarnytskyiDistrict",
    "url": "https://www.instagram.com/explore/locations/102001971364847/senegal-river/"
  },
  {
    "id": "1110326175746490",
    "name": "Zavarka",
    "city": "DarnytskyiDistrict",
    "url": "https://www.instagram.com/explore/locations/1110326175746490/zavarka/"
  },
  {
    "id": "1907909002558278",
    "name": "Юридична клініка \"De JureННІ # 3 НАВС",
    "city": "DarnytskyiDistrict",
    "url": "https://www.instagram.com/explore/locations/1907909002558278/de-jure-3/"
  },
  {
    "id": "102385242639808",
    "name": "Pink Freud Kyiv",
    "city": "DarnytskyiDistrict",
    "url": "https://www.instagram.com/explore/locations/102385242639808/pink-freud-kyiv/"
  },
  {
    "id": "840000569521436",
    "name": "Tourhub",
    "city": "DarnytskyiDistrict",
    "url": "https://www.instagram.com/explore/locations/840000569521436/tourhub/"
  },
  {
    "id": "1023433900",
    "name": "Headhunter Ukraine Office",
    "city": "DarnytskyiDistrict",
    "url": "https://www.instagram.com/explore/locations/1023433900/headhunter-ukraine-office/"
  },
  {
    "id": "265833257104956",
    "name": "Jack&finlandia_liveshere",
    "city": "DarnytskyiDistrict",
    "url": "https://www.instagram.com/explore/locations/265833257104956/jackfinlandia_liveshere/"
  },
  {
    "id": "101795454890656",
    "name": "Гостиница \"Raziotel Киев - м. бориспольская\"",
    "city": "DarnytskyiDistrict",
    "url": "https://www.instagram.com/explore/locations/101795454890656/raziotel-/"
  },
  {
    "id": "1018396813",
    "name": "Київ, вул. Колекторна 3-а",
    "city": "DarnytskyiDistrict",
    "url": "https://www.instagram.com/explore/locations/1018396813/3-/"
  },
  {
    "id": "104639901938025",
    "name": "Foggy world",
    "city": "DarnytskyiDistrict",
    "url": "https://www.instagram.com/explore/locations/104639901938025/foggy-world/"
  },
  {
    "id": "149887282543798",
    "name": "Ecobudsystem",
    "city": "DarnytskyiDistrict",
    "url": "https://www.instagram.com/explore/locations/149887282543798/ecobudsystem/"
  },
  {
    "id": "100338461649079",
    "name": "Keratin",
    "city": "DarnytskyiDistrict",
    "url": "https://www.instagram.com/explore/locations/100338461649079/keratin/"
  },
  {
    "id": "432131370931243",
    "name": "Glusco",
    "city": "DarnytskyiDistrict",
    "url": "https://www.instagram.com/explore/locations/432131370931243/glusco/"
  },
  {
    "id": "422382304466355",
    "name": "Babutin - performance chip tuning & remapping",
    "city": "DarnytskyiDistrict",
    "url": "https://www.instagram.com/explore/locations/422382304466355/babutin-performance-chip-tuning-remapping/"
  },
  {
    "id": "322790825151787",
    "name": "Нико-Украина Mitsubishi Motors",
    "city": "DarnytskyiDistrict",
    "url": "https://www.instagram.com/explore/locations/322790825151787/-mitsubishi-motors/"
  },
  {
    "id": "101096481354455",
    "name": "Духовно-просветительский центр \"Насыщение\"",
    "city": "DarnytskyiDistrict",
    "url": "https://www.instagram.com/explore/locations/101096481354455/-/"
  },
  {
    "id": "104052444349970",
    "name": "DoBriy_cel",
    "city": "DarnytskyiDistrict",
    "url": "https://www.instagram.com/explore/locations/104052444349970/dobriy_cel/"
  },
  {
    "id": "853549764829555",
    "name": "Kasta Production",
    "city": "DarnytskyiDistrict",
    "url": "https://www.instagram.com/explore/locations/853549764829555/kasta-production/"
  },
  {
    "id": "100253005132910",
    "name": "Girls_cross",
    "city": "DarnytskyiDistrict",
    "url": "https://www.instagram.com/explore/locations/100253005132910/girls_cross/"
  },
  {
    "id": "615430128852613",
    "name": "OksanaSadovnikova",
    "city": "DarnytskyiDistrict",
    "url": "https://www.instagram.com/explore/locations/615430128852613/oksanasadovnikova/"
  },
  {
    "id": "727808732",
    "name": "Київ Вірменська 7",
    "city": "DarnytskyiDistrict",
    "url": "https://www.instagram.com/explore/locations/727808732/7/"
  },
  {
    "id": "41064617",
    "name": "Автоцентр KIA",
    "city": "DarnytskyiDistrict",
    "url": "https://www.instagram.com/explore/locations/41064617/kia/"
  },
  {
    "id": "1534019816837607",
    "name": "Proliskî, Kiev",
    "city": "DarnytskyiDistrict",
    "url": "https://www.instagram.com/explore/locations/1534019816837607/proliski-kiev/"
  },
  {
    "id": "449950599",
    "name": "Sineps Invest",
    "city": "DarnytskyiDistrict",
    "url": "https://www.instagram.com/explore/locations/449950599/sineps-invest/"
  },
  {
    "id": "203872710300387",
    "name": "Klovima Ukraine",
    "city": "DarnytskyiDistrict",
    "url": "https://www.instagram.com/explore/locations/203872710300387/klovima-ukraine/"
  },
  {
    "id": "293758707825597",
    "name": "Let out dance Studio",
    "city": "DarnytskyiDistrict",
    "url": "https://www.instagram.com/explore/locations/293758707825597/let-out-dance-studio/"
  },
  {
    "id": "639743034",
    "name": "Ижевская 2 \"посольство Божье\"",
    "city": "DarnytskyiDistrict",
    "url": "https://www.instagram.com/explore/locations/639743034/2/"
  },
  {
    "id": "101902279372305",
    "name": "Almar Floristic",
    "city": "DarnytskyiDistrict",
    "url": "https://www.instagram.com/explore/locations/101902279372305/almar-floristic/"
  },
  {
    "id": "1303476253022436",
    "name": "Inventor School",
    "city": "DarnytskyiDistrict",
    "url": "https://www.instagram.com/explore/locations/1303476253022436/inventor-school/"
  },
  {
    "id": "111166177179445",
    "name": "Observation Decks in Kiev",
    "city": "DarnytskyiDistrict",
    "url": "https://www.instagram.com/explore/locations/111166177179445/observation-decks-in-kiev/"
  },
  {
    "id": "353523177833596",
    "name": "Finik Coffee",
    "city": "DarnytskyiDistrict",
    "url": "https://www.instagram.com/explore/locations/353523177833596/finik-coffee/"
  },
  {
    "id": "1389321851388838",
    "name": "Proliskî, Kîiiv",
    "city": "DarnytskyiDistrict",
    "url": "https://www.instagram.com/explore/locations/1389321851388838/proliski-kiiiv/"
  },
  {
    "id": "179073176246616",
    "name": "DHUFest",
    "city": "DarnytskyiDistrict",
    "url": "https://www.instagram.com/explore/locations/179073176246616/dhufest/"
  },
  {
    "id": "676183289507973",
    "name": "Навчально-Науковий Інститут Підготовки Кадрів Громадської Безпеки Та Психологічної Роботи Навс",
    "city": "DarnytskyiDistrict",
    "url": "https://www.instagram.com/explore/locations/676183289507973/-/"
  },
  {
    "id": "111269850429469",
    "name": "Подарок для парня на 14 февраля",
    "city": "DarnytskyiDistrict",
    "url": "https://www.instagram.com/explore/locations/111269850429469/14/"
  },
  {
    "id": "100423972415592",
    "name": "Purple forest",
    "city": "DarnytskyiDistrict",
    "url": "https://www.instagram.com/explore/locations/100423972415592/purple-forest/"
  },
  {
    "id": "361248067754647",
    "name": "Вулиця Ташкентська, 33",
    "city": "DarnytskyiDistrict",
    "url": "https://www.instagram.com/explore/locations/361248067754647/33/"
  },
  {
    "id": "710901792341564",
    "name": "InbudGroup\\ТОВ IнбудГруп",
    "city": "DarnytskyiDistrict",
    "url": "https://www.instagram.com/explore/locations/710901792341564/inbudgroup-i/"
  },
  {
    "id": "1134415593416308",
    "name": "TPGAgency на Вырлице",
    "city": "DarnytskyiDistrict",
    "url": "https://www.instagram.com/explore/locations/1134415593416308/tpgagency/"
  },
  {
    "id": "103616085736157",
    "name": "Don't let someone tell you what not to do",
    "city": "DarnytskyiDistrict",
    "url": "https://www.instagram.com/explore/locations/103616085736157/dont-let-someone-tell-you-what-not-to-do/"
  },
  {
    "id": "595326107658201",
    "name": "The Cosmopolit",
    "city": "DarnytskyiDistrict",
    "url": "https://www.instagram.com/explore/locations/595326107658201/the-cosmopolit/"
  },
  {
    "id": "2083124918670834",
    "name": "Korzh",
    "city": "DarnytskyiDistrict",
    "url": "https://www.instagram.com/explore/locations/2083124918670834/korzh/"
  },
  {
    "id": "910074613",
    "name": "СТО 4х4",
    "city": "DarnytskyiDistrict",
    "url": "https://www.instagram.com/explore/locations/910074613/44/"
  },
  {
    "id": "342228018",
    "name": "СТО-низких-ЦЕН.in.ua",
    "city": "DarnytskyiDistrict",
    "url": "https://www.instagram.com/explore/locations/342228018/-inua/"
  },
  {
    "id": "106353071236132",
    "name": "Power of thought",
    "city": "DarnytskyiDistrict",
    "url": "https://www.instagram.com/explore/locations/106353071236132/power-of-thought/"
  },
  {
    "id": "106092514181545",
    "name": "Forex Доход - ДЛЯ ВСЕХ.",
    "city": "DarnytskyiDistrict",
    "url": "https://www.instagram.com/explore/locations/106092514181545/forex-/"
  },
  {
    "id": "423752518217116",
    "name": "Здорова вода. Вірменська, 6",
    "city": "DarnytskyiDistrict",
    "url": "https://www.instagram.com/explore/locations/423752518217116/6/"
  },
  {
    "id": "1025061959",
    "name": "Arōmaterra",
    "city": "DarnytskyiDistrict",
    "url": "https://www.instagram.com/explore/locations/1025061959/aromaterra/"
  },
  {
    "id": "125896612140117",
    "name": "Ailatan",
    "city": "DarnytskyiDistrict",
    "url": "https://www.instagram.com/explore/locations/125896612140117/ailatan/"
  },
  {
    "id": "107568181140024",
    "name": "Sumka",
    "city": "DarnytskyiDistrict",
    "url": "https://www.instagram.com/explore/locations/107568181140024/sumka/"
  },
  {
    "id": "1026874199",
    "name": "Вулиця Харківське шосе, 121/3",
    "city": "DarnytskyiDistrict",
    "url": "https://www.instagram.com/explore/locations/1026874199/1213/"
  },
  {
    "id": "291380540736219",
    "name": "Longitours Україна",
    "city": "DarnytskyiDistrict",
    "url": "https://www.instagram.com/explore/locations/291380540736219/longitours/"
  },
  {
    "id": "310024006080261",
    "name": "Bebetto Україна",
    "city": "DarnytskyiDistrict",
    "url": "https://www.instagram.com/explore/locations/310024006080261/bebetto/"
  },
  {
    "id": "1313225718831695",
    "name": "Xiaomi Ukraine",
    "city": "DarnytskyiDistrict",
    "url": "https://www.instagram.com/explore/locations/1313225718831695/xiaomi-ukraine/"
  },
  {
    "id": "103489392119537",
    "name": "Girl with wings",
    "city": "DarnytskyiDistrict",
    "url": "https://www.instagram.com/explore/locations/103489392119537/girl-with-wings/"
  },
  {
    "id": "208375225693414",
    "name": "Vchasno Group",
    "city": "DarnytskyiDistrict",
    "url": "https://www.instagram.com/explore/locations/208375225693414/vchasno-group/"
  },
  {
    "id": "991407157556215",
    "name": "Легалайф-Україна / Legalife-Ukraine",
    "city": "DarnytskyiDistrict",
    "url": "https://www.instagram.com/explore/locations/991407157556215/-legalife-ukraine/"
  },
  {
    "id": "340833396690101",
    "name": "Kale-Bareks",
    "city": "DarnytskyiDistrict",
    "url": "https://www.instagram.com/explore/locations/340833396690101/kale-bareks/"
  },
  {
    "id": "1028348832",
    "name": "Музична школа №1 ім. К.Г. Стеценка",
    "city": "DarnytskyiDistrict",
    "url": "https://www.instagram.com/explore/locations/1028348832/no1/"
  },
  {
    "id": "103852664369676",
    "name": "The best lesson",
    "city": "DarnytskyiDistrict",
    "url": "https://www.instagram.com/explore/locations/103852664369676/the-best-lesson/"
  },
  {
    "id": "423039224895950",
    "name": "Пр-т Бажана 9з",
    "city": "DarnytskyiDistrict",
    "url": "https://www.instagram.com/explore/locations/423039224895950/-9/"
  },
  {
    "id": "112558210541568",
    "name": "Positive in everything",
    "city": "DarnytskyiDistrict",
    "url": "https://www.instagram.com/explore/locations/112558210541568/positive-in-everything/"
  },
  {
    "id": "102045141413662",
    "name": "Mypottery",
    "city": "DarnytskyiDistrict",
    "url": "https://www.instagram.com/explore/locations/102045141413662/mypottery/"
  },
  {
    "id": "730980127286250",
    "name": "Зимний сад at Prom.ua",
    "city": "DarnytskyiDistrict",
    "url": "https://www.instagram.com/explore/locations/730980127286250/at-promua/"
  },
  {
    "id": "359563748128527",
    "name": "Бортничи ДШМ 9",
    "city": "DarnytskyiDistrict",
    "url": "https://www.instagram.com/explore/locations/359563748128527/9/"
  },
  {
    "id": "1021680970",
    "name": "MG Dental Service - MDS",
    "city": "DarnytskyiDistrict",
    "url": "https://www.instagram.com/explore/locations/1021680970/mg-dental-service-mds/"
  },
  {
    "id": "108740663857039",
    "name": "Master coffee",
    "city": "DarnytskyiDistrict",
    "url": "https://www.instagram.com/explore/locations/108740663857039/master-coffee/"
  },
  {
    "id": "1035259195",
    "name": "OK",
    "city": "DarnytskyiDistrict",
    "url": "https://www.instagram.com/explore/locations/1035259195/ok/"
  },
  {
    "id": "113427063861828",
    "name": "All Positive",
    "city": "DarnytskyiDistrict",
    "url": "https://www.instagram.com/explore/locations/113427063861828/all-positive/"
  },
  {
    "id": "326786947875643",
    "name": "Хендлинг-зал Тандем",
    "city": "DarnytskyiDistrict",
    "url": "https://www.instagram.com/explore/locations/326786947875643/-/"
  },
  {
    "id": "1026730480753901",
    "name": "Kord Leather",
    "city": "DarnytskyiDistrict",
    "url": "https://www.instagram.com/explore/locations/1026730480753901/kord-leather/"
  },
  {
    "id": "247433088442743",
    "name": "Suka Zaebali",
    "city": "DarnytskyiDistrict",
    "url": "https://www.instagram.com/explore/locations/247433088442743/suka-zaebali/"
  },
  {
    "id": "309238623199437",
    "name": "ЖК Оберіг-1",
    "city": "DarnytskyiDistrict",
    "url": "https://www.instagram.com/explore/locations/309238623199437/-1/"
  },
  {
    "id": "714684394",
    "name": "Колекторная 1",
    "city": "DarnytskyiDistrict",
    "url": "https://www.instagram.com/explore/locations/714684394/1/"
  },
  {
    "id": "232495559943393",
    "name": "Place23Studio",
    "city": "DarnytskyiDistrict",
    "url": "https://www.instagram.com/explore/locations/232495559943393/place23studio/"
  },
  {
    "id": "2026413234300582",
    "name": "ПрАТ «АЛЕКО-СЕРВІС»Хюндай Центр Бортничі",
    "city": "DarnytskyiDistrict",
    "url": "https://www.instagram.com/explore/locations/2026413234300582/-/"
  },
  {
    "id": "1002318263",
    "name": "Abstar Castle фотостудия, локация для видео-фотосъемок",
    "city": "DarnytskyiDistrict",
    "url": "https://www.instagram.com/explore/locations/1002318263/abstar-castle-/"
  },
  {
    "id": "15534338",
    "name": "Bdo",
    "city": "DarnytskyiDistrict",
    "url": "https://www.instagram.com/explore/locations/15534338/bdo/"
  },
  {
    "id": "1009895654",
    "name": "PRONTOBUILD",
    "city": "DarnytskyiDistrict",
    "url": "https://www.instagram.com/explore/locations/1009895654/prontobuild/"
  },
  {
    "id": "134917579711525",
    "name": "Mulana",
    "city": "DarnytskyiDistrict",
    "url": "https://www.instagram.com/explore/locations/134917579711525/mulana/"
  },
  {
    "id": "225388812761614",
    "name": "Rimor Store",
    "city": "DarnytskyiDistrict",
    "url": "https://www.instagram.com/explore/locations/225388812761614/rimor-store/"
  },
  {
    "id": "103686572227903",
    "name": "No, I never make mistakes",
    "city": "DarnytskyiDistrict",
    "url": "https://www.instagram.com/explore/locations/103686572227903/no-i-never-make-mistakes/"
  },
  {
    "id": "636387299896657",
    "name": "SEO Club UA",
    "city": "DarnytskyiDistrict",
    "url": "https://www.instagram.com/explore/locations/636387299896657/seo-club-ua/"
  },
  {
    "id": "398602610891123",
    "name": "motors.kiev.ua",
    "city": "DarnytskyiDistrict",
    "url": "https://www.instagram.com/explore/locations/398602610891123/motorskievua/"
  },
  {
    "id": "111885361499898",
    "name": "Unintentionally",
    "city": "DarnytskyiDistrict",
    "url": "https://www.instagram.com/explore/locations/111885361499898/unintentionally/"
  },
  {
    "id": "101958754736191",
    "name": "Small cat",
    "city": "DarnytskyiDistrict",
    "url": "https://www.instagram.com/explore/locations/101958754736191/small-cat/"
  },
  {
    "id": "108723474940327",
    "name": "Runny nose",
    "city": "DarnytskyiDistrict",
    "url": "https://www.instagram.com/explore/locations/108723474940327/runny-nose/"
  },
  {
    "id": "687357544984066",
    "name": "Нова Пошта №141",
    "city": "DarnytskyiDistrict",
    "url": "https://www.instagram.com/explore/locations/687357544984066/no141/"
  },
  {
    "id": "1501952259868160",
    "name": "Шинный Центр \"твоя Шина Pole Position\"",
    "city": "DarnytskyiDistrict",
    "url": "https://www.instagram.com/explore/locations/1501952259868160/pole-position/"
  },
  {
    "id": "350561678851707",
    "name": "Roll-on Race Point",
    "city": "DarnytskyiDistrict",
    "url": "https://www.instagram.com/explore/locations/350561678851707/roll-on-race-point/"
  },
  {
    "id": "902995626540168",
    "name": "First choice education consult/services",
    "city": "DarnytskyiDistrict",
    "url": "https://www.instagram.com/explore/locations/902995626540168/first-choice-education-consultservices/"
  },
  {
    "id": "249935309023768",
    "name": "дяченко 12",
    "city": "DarnytskyiDistrict",
    "url": "https://www.instagram.com/explore/locations/249935309023768/12/"
  },
  {
    "id": "107372740605898",
    "name": "School bags",
    "city": "DarnytskyiDistrict",
    "url": "https://www.instagram.com/explore/locations/107372740605898/school-bags/"
  },
  {
    "id": "290327045172338",
    "name": "Шалений Окунь - Клуб Шалених Пригод",
    "city": "DarnytskyiDistrict",
    "url": "https://www.instagram.com/explore/locations/290327045172338/-/"
  },
  {
    "id": "102268677866131",
    "name": "Holy COFFE",
    "city": "DarnytskyiDistrict",
    "url": "https://www.instagram.com/explore/locations/102268677866131/holy-coffe/"
  },
  {
    "id": "329386460867587",
    "name": "Гирлянда.NET",
    "city": "DarnytskyiDistrict",
    "url": "https://www.instagram.com/explore/locations/329386460867587/net/"
  },
  {
    "id": "644265809350770",
    "name": "Azsn2(Kharkivske N210)",
    "city": "DarnytskyiDistrict",
    "url": "https://www.instagram.com/explore/locations/644265809350770/azsn2kharkivske-n210/"
  },
  {
    "id": "1025089187",
    "name": "Бульвар Верховного Совета 21Б",
    "city": "DarnytskyiDistrict",
    "url": "https://www.instagram.com/explore/locations/1025089187/21/"
  },
  {
    "id": "1025204903",
    "name": "Art-club Olymp / Арт-клуб Олимп",
    "city": "DarnytskyiDistrict",
    "url": "https://www.instagram.com/explore/locations/1025204903/art-club-olymp-/"
  },
  {
    "id": "257014151678403",
    "name": "вербицького 36 б",
    "city": "DarnytskyiDistrict",
    "url": "https://www.instagram.com/explore/locations/257014151678403/36/"
  },
  {
    "id": "299674290724073",
    "name": "Dental Art",
    "city": "DarnytskyiDistrict",
    "url": "https://www.instagram.com/explore/locations/299674290724073/dental-art/"
  },
  {
    "id": "1014258178",
    "name": "Al Noti 89283",
    "city": "DarnytskyiDistrict",
    "url": "https://www.instagram.com/explore/locations/1014258178/al-noti-89283/"
  },
  {
    "id": "1497472853702905",
    "name": "Donna Dea",
    "city": "DarnytskyiDistrict",
    "url": "https://www.instagram.com/explore/locations/1497472853702905/donna-dea/"
  },
  {
    "id": "118595098199351",
    "name": "Boryspilska (metro de kiev)",
    "city": "DarnytskyiDistrict",
    "url": "https://www.instagram.com/explore/locations/118595098199351/boryspilska-metro-de-kiev/"
  },
  {
    "id": "1629075600701872",
    "name": "Proliskî, raionul Borîspil, regiunea Kiev",
    "city": "DarnytskyiDistrict",
    "url": "https://www.instagram.com/explore/locations/1629075600701872/proliski-raionul-borispil-regiunea-kiev/"
  },
  {
    "id": "196170167548909",
    "name": "The Wings - Пригон растаможка авто из Европы, Грузии, США, Японии",
    "city": "DarnytskyiDistrict",
    "url": "https://www.instagram.com/explore/locations/196170167548909/the-wings-/"
  },
  {
    "id": "1019341843",
    "name": "Ukraina, Kiev, hotel V.S.APART",
    "city": "DarnytskyiDistrict",
    "url": "https://www.instagram.com/explore/locations/1019341843/ukraina-kiev-hotel-vsapart/"
  },
  {
    "id": "108501327526653",
    "name": "Manipulation as part of our life",
    "city": "DarnytskyiDistrict",
    "url": "https://www.instagram.com/explore/locations/108501327526653/manipulation-as-part-of-our-life/"
  },
  {
    "id": "912309975515183",
    "name": "Boryspilśka (stacja metra)",
    "city": "DarnytskyiDistrict",
    "url": "https://www.instagram.com/explore/locations/912309975515183/boryspilska-stacja-metra/"
  },
  {
    "id": "1025998132",
    "name": "УаЗ-центер",
    "city": "DarnytskyiDistrict",
    "url": "https://www.instagram.com/explore/locations/1025998132/-/"
  },
  {
    "id": "339539630099498",
    "name": "Respawn Spot",
    "city": "DarnytskyiDistrict",
    "url": "https://www.instagram.com/explore/locations/339539630099498/respawn-spot/"
  },
  {
    "id": "110527753638079",
    "name": "Соевый изолят - протеин",
    "city": "DarnytskyiDistrict",
    "url": "https://www.instagram.com/explore/locations/110527753638079/-/"
  },
  {
    "id": "1022783259",
    "name": "Profiteh Kiev",
    "city": "DarnytskyiDistrict",
    "url": "https://www.instagram.com/explore/locations/1022783259/profiteh-kiev/"
  },
  {
    "id": "104694912695029",
    "name": "Драйв-центр \"Мрія напрокат\"",
    "city": "DarnytskyiDistrict",
    "url": "https://www.instagram.com/explore/locations/104694912695029/-/"
  },
  {
    "id": "279957889102740",
    "name": "TechnoCar - помощь при покупке автомобиля",
    "city": "DarnytskyiDistrict",
    "url": "https://www.instagram.com/explore/locations/279957889102740/technocar-/"
  },
  {
    "id": "108254894241780",
    "name": "Сочный тренд 2020",
    "city": "DarnytskyiDistrict",
    "url": "https://www.instagram.com/explore/locations/108254894241780/2020/"
  },
  {
    "id": "2141023162832223",
    "name": "Спортренд Бортничи- Sportrend",
    "city": "DarnytskyiDistrict",
    "url": "https://www.instagram.com/explore/locations/2141023162832223/-sportrend/"
  },
  {
    "id": "2116311315067463",
    "name": "Toyota Авто Самит",
    "city": "DarnytskyiDistrict",
    "url": "https://www.instagram.com/explore/locations/2116311315067463/toyota/"
  },
  {
    "id": "2410621958951883",
    "name": "Mtp Group Fulfilment",
    "city": "DarnytskyiDistrict",
    "url": "https://www.instagram.com/explore/locations/2410621958951883/mtp-group-fulfilment/"
  },
  {
    "id": "170512503606446",
    "name": "Ligros",
    "city": "DarnytskyiDistrict",
    "url": "https://www.instagram.com/explore/locations/170512503606446/ligros/"
  },
  {
    "id": "611083708989463",
    "name": "IRFA",
    "city": "DarnytskyiDistrict",
    "url": "https://www.instagram.com/explore/locations/611083708989463/irfa/"
  },
  {
    "id": "2319669874927330",
    "name": "SAEK company / ТОВ НВП САЕК \"",
    "city": "DarnytskyiDistrict",
    "url": "https://www.instagram.com/explore/locations/2319669874927330/saek-company/"
  },
  {
    "id": "772718473079607",
    "name": "Prolisky",
    "city": "DarnytskyiDistrict",
    "url": "https://www.instagram.com/explore/locations/772718473079607/prolisky/"
  },
  {
    "id": "107039924671570",
    "name": "Abdul Khader Abdulkhader",
    "city": "DarnytskyiDistrict",
    "url": "https://www.instagram.com/explore/locations/107039924671570/abdul-khader-abdulkhader/"
  },
  {
    "id": "101388297927075",
    "name": "Sparkle Production",
    "city": "DarnytskyiDistrict",
    "url": "https://www.instagram.com/explore/locations/101388297927075/sparkle-production/"
  },
  {
    "id": "100770259191032",
    "name": "When the remaining cards are",
    "city": "DarnytskyiDistrict",
    "url": "https://www.instagram.com/explore/locations/100770259191032/when-the-remaining-cards-are/"
  },
  {
    "id": "410622986424338",
    "name": "Modna Casta",
    "city": "DarnytskyiDistrict",
    "url": "https://www.instagram.com/explore/locations/410622986424338/modna-casta/"
  },
  {
    "id": "106296208477455",
    "name": "Кафе-бар Пинта",
    "city": "DarnytskyiDistrict",
    "url": "https://www.instagram.com/explore/locations/106296208477455/-/"
  },
  {
    "id": "987745427979340",
    "name": "G.G.Wear",
    "city": "DarnytskyiDistrict",
    "url": "https://www.instagram.com/explore/locations/987745427979340/ggwear/"
  },
  {
    "id": "296287777982827",
    "name": "English_Bortnichi",
    "city": "DarnytskyiDistrict",
    "url": "https://www.instagram.com/explore/locations/296287777982827/english_bortnichi/"
  },
  {
    "id": "1334659080043180",
    "name": "Секрет рыбака-миллионера",
    "city": "DarnytskyiDistrict",
    "url": "https://www.instagram.com/explore/locations/1334659080043180/-/"
  },
  {
    "id": "102240631710273",
    "name": "Летающий спинер FlyMe",
    "city": "DarnytskyiDistrict",
    "url": "https://www.instagram.com/explore/locations/102240631710273/flyme/"
  },
  {
    "id": "1773817899334815",
    "name": "Am.Bar",
    "city": "DarnytskyiDistrict",
    "url": "https://www.instagram.com/explore/locations/1773817899334815/ambar/"
  },
  {
    "id": "952705058",
    "name": "Brown-Forman Ukraine",
    "city": "DarnytskyiDistrict",
    "url": "https://www.instagram.com/explore/locations/952705058/brown-forman-ukraine/"
  },
  {
    "id": "784210555",
    "name": "Bassano",
    "city": "DarnytskyiDistrict",
    "url": "https://www.instagram.com/explore/locations/784210555/bassano/"
  },
  {
    "id": "279999256239598",
    "name": "Автомаз-Україна",
    "city": "DarnytskyiDistrict",
    "url": "https://www.instagram.com/explore/locations/279999256239598/-/"
  },
  {
    "id": "336546263",
    "name": "Коллекторная 42А",
    "city": "DarnytskyiDistrict",
    "url": "https://www.instagram.com/explore/locations/336546263/42/"
  },
  {
    "id": "120560102922907",
    "name": "Liberty School",
    "city": "DarnytskyiDistrict",
    "url": "https://www.instagram.com/explore/locations/120560102922907/liberty-school/"
  },
  {
    "id": "1738591979769725",
    "name": "Home",
    "city": "DarnytskyiDistrict",
    "url": "https://www.instagram.com/explore/locations/1738591979769725/home/"
  },
  {
    "id": "132340571662032",
    "name": "Love life",
    "city": "DarnytskyiDistrict",
    "url": "https://www.instagram.com/explore/locations/132340571662032/love-life/"
  },
  {
    "id": "107095197327724",
    "name": "Mmm",
    "city": "DarnytskyiDistrict",
    "url": "https://www.instagram.com/explore/locations/107095197327724/mmm/"
  },
  {
    "id": "229620750862670",
    "name": "Denta.ua",
    "city": "DarnytskyiDistrict",
    "url": "https://www.instagram.com/explore/locations/229620750862670/dentaua/"
  },
  {
    "id": "1017017071",
    "name": "BIELITA-ВІТЭКС-Україна",
    "city": "DarnytskyiDistrict",
    "url": "https://www.instagram.com/explore/locations/1017017071/bielita-/"
  },
  {
    "id": "869030833",
    "name": "ITMI",
    "city": "DarnytskyiDistrict",
    "url": "https://www.instagram.com/explore/locations/869030833/itmi/"
  },
  {
    "id": "1979689965624108",
    "name": "Ampri Украина",
    "city": "DarnytskyiDistrict",
    "url": "https://www.instagram.com/explore/locations/1979689965624108/ampri/"
  },
  {
    "id": "739715899",
    "name": "Borispol Airport Terminal D",
    "city": "DarnytskyiDistrict",
    "url": "https://www.instagram.com/explore/locations/739715899/borispol-airport-terminal-d/"
  },
  {
    "id": "281580776",
    "name": "Школа #305",
    "city": "DarnytskyiDistrict",
    "url": "https://www.instagram.com/explore/locations/281580776/305/"
  },
  {
    "id": "100367442772130",
    "name": "Rogasa",
    "city": "DarnytskyiDistrict",
    "url": "https://www.instagram.com/explore/locations/100367442772130/rogasa/"
  },
  {
    "id": "632321963640687",
    "name": "Frankie Morello Milan - Kiev",
    "city": "DarnytskyiDistrict",
    "url": "https://www.instagram.com/explore/locations/632321963640687/frankie-morello-milan-kiev/"
  },
  {
    "id": "111165074738622",
    "name": "Jinto",
    "city": "DarnytskyiDistrict",
    "url": "https://www.instagram.com/explore/locations/111165074738622/jinto/"
  },
  {
    "id": "1069812893099080",
    "name": "Maximum",
    "city": "DarnytskyiDistrict",
    "url": "https://www.instagram.com/explore/locations/1069812893099080/maximum/"
  },
  {
    "id": "1027522468",
    "name": "Паспортно-Визовый Партнер",
    "city": "DarnytskyiDistrict",
    "url": "https://www.instagram.com/explore/locations/1027522468/-/"
  },
  {
    "id": "104909991635423",
    "name": "Fashion inspiration",
    "city": "DarnytskyiDistrict",
    "url": "https://www.instagram.com/explore/locations/104909991635423/fashion-inspiration/"
  },
  {
    "id": "102301182461749",
    "name": "Dursleys",
    "city": "DarnytskyiDistrict",
    "url": "https://www.instagram.com/explore/locations/102301182461749/dursleys/"
  },
  {
    "id": "104391184278290",
    "name": "Vedstar",
    "city": "DarnytskyiDistrict",
    "url": "https://www.instagram.com/explore/locations/104391184278290/vedstar/"
  },
  {
    "id": "1223859137761985",
    "name": "GreLive",
    "city": "DarnytskyiDistrict",
    "url": "https://www.instagram.com/explore/locations/1223859137761985/grelive/"
  },
  {
    "id": "662912307088134",
    "name": "Borispyl",
    "city": "DarnytskyiDistrict",
    "url": "https://www.instagram.com/explore/locations/662912307088134/borispyl/"
  },
  {
    "id": "116151416498007",
    "name": "big_pizza_donatello",
    "city": "DarnytskyiDistrict",
    "url": "https://www.instagram.com/explore/locations/116151416498007/big_pizza_donatello/"
  },
  {
    "id": "339153220122488",
    "name": "Solo Apartment Virmenska",
    "city": "DarnytskyiDistrict",
    "url": "https://www.instagram.com/explore/locations/339153220122488/solo-apartment-virmenska/"
  },
  {
    "id": "324987388006287",
    "name": "Lonely sausage",
    "city": "DarnytskyiDistrict",
    "url": "https://www.instagram.com/explore/locations/324987388006287/lonely-sausage/"
  },
  {
    "id": "108591988184197",
    "name": "Mizol - Build it",
    "city": "DarnytskyiDistrict",
    "url": "https://www.instagram.com/explore/locations/108591988184197/mizol-build-it/"
  },
  {
    "id": "333338814088720",
    "name": "Ленина 59",
    "city": "DarnytskyiDistrict",
    "url": "https://www.instagram.com/explore/locations/333338814088720/59/"
  },
  {
    "id": "313270799462496",
    "name": "Замок Shato Mistique",
    "city": "DarnytskyiDistrict",
    "url": "https://www.instagram.com/explore/locations/313270799462496/shato-mistique/"
  },
  {
    "id": "1774914642781810",
    "name": "Ray Paradise",
    "city": "DarnytskyiDistrict",
    "url": "https://www.instagram.com/explore/locations/1774914642781810/ray-paradise/"
  },
  {
    "id": "915600168551602",
    "name": "Flower Box",
    "city": "DarnytskyiDistrict",
    "url": "https://www.instagram.com/explore/locations/915600168551602/flower-box/"
  },
  {
    "id": "148113338380063",
    "name": "Dr.Terentieva",
    "city": "DarnytskyiDistrict",
    "url": "https://www.instagram.com/explore/locations/148113338380063/drterentieva/"
  },
  {
    "id": "1136502283178381",
    "name": "Nature miracle",
    "city": "DarnytskyiDistrict",
    "url": "https://www.instagram.com/explore/locations/1136502283178381/nature-miracle/"
  },
  {
    "id": "2769148129779442",
    "name": "Onovo",
    "city": "DarnytskyiDistrict",
    "url": "https://www.instagram.com/explore/locations/2769148129779442/onovo/"
  },
  {
    "id": "1860195907399077",
    "name": "Навчально-виробнича лабораторія кафедри конярства",
    "city": "DarnytskyiDistrict",
    "url": "https://www.instagram.com/explore/locations/1860195907399077/-/"
  },
  {
    "id": "584515515045846",
    "name": "Амальтея - пожежне, тактичне та рятувальне обладнання",
    "city": "DarnytskyiDistrict",
    "url": "https://www.instagram.com/explore/locations/584515515045846/-/"
  },
  {
    "id": "1029920922",
    "name": "PolskaMova",
    "city": "DarnytskyiDistrict",
    "url": "https://www.instagram.com/explore/locations/1029920922/polskamova/"
  },
  {
    "id": "101109508582038",
    "name": "Beanie",
    "city": "DarnytskyiDistrict",
    "url": "https://www.instagram.com/explore/locations/101109508582038/beanie/"
  },
  {
    "id": "411820312497875",
    "name": "Ovalbed",
    "city": "DarnytskyiDistrict",
    "url": "https://www.instagram.com/explore/locations/411820312497875/ovalbed/"
  },
  {
    "id": "105145552093357",
    "name": "Illusion of reality",
    "city": "DarnytskyiDistrict",
    "url": "https://www.instagram.com/explore/locations/105145552093357/illusion-of-reality/"
  },
  {
    "id": "510040522793641",
    "name": "DesignStudio",
    "city": "DarnytskyiDistrict",
    "url": "https://www.instagram.com/explore/locations/510040522793641/designstudio/"
  },
  {
    "id": "103496907986373",
    "name": "AnticovidHub",
    "city": "DarnytskyiDistrict",
    "url": "https://www.instagram.com/explore/locations/103496907986373/anticovidhub/"
  },
  {
    "id": "382860002048676",
    "name": "Fishbo",
    "city": "DarnytskyiDistrict",
    "url": "https://www.instagram.com/explore/locations/382860002048676/fishbo/"
  },
  {
    "id": "384756842",
    "name": "Sportup.com.ua",
    "city": "DarnytskyiDistrict",
    "url": "https://www.instagram.com/explore/locations/384756842/sportupcomua/"
  }
]