[
  {
    "id": "235015630",
    "name": "Sumy",
    "city": "Sumy",
    "url": "https://www.instagram.com/explore/locations/235015630/sumy/"
  },
  {
    "id": "2063992927244327",
    "name": "Суми • Sumy • Сумы • Ukraine",
    "city": "Sumy",
    "url": "https://www.instagram.com/explore/locations/2063992927244327/sumy-ukraine/"
  },
  {
    "id": "1621800024631060",
    "name": "Sumy, Sumy Oblast, Ukraine",
    "city": "Sumy",
    "url": "https://www.instagram.com/explore/locations/1621800024631060/sumy-sumy-oblast-ukraine/"
  },
  {
    "id": "861125120887420",
    "name": "Sumy, Sums'ka Oblast', Ukraine",
    "city": "Sumy",
    "url": "https://www.instagram.com/explore/locations/861125120887420/sumy-sumska-oblast-ukraine/"
  },
  {
    "id": "277401954",
    "name": "Ukraine _ Sumy",
    "city": "Sumy",
    "url": "https://www.instagram.com/explore/locations/277401954/ukraine-_-sumy/"
  },
  {
    "id": "227813050",
    "name": "Sumy National Agrarian University",
    "city": "Sumy",
    "url": "https://www.instagram.com/explore/locations/227813050/sumy-national-agrarian-university/"
  },
  {
    "id": "111789397151275",
    "name": "Foodie",
    "city": "Sumy",
    "url": "https://www.instagram.com/explore/locations/111789397151275/foodie/"
  },
  {
    "id": "818416978260060",
    "name": "San-Remo page",
    "city": "Sumy",
    "url": "https://www.instagram.com/explore/locations/818416978260060/san-remo-page/"
  },
  {
    "id": "102487721213501",
    "name": "Neul",
    "city": "Sumy",
    "url": "https://www.instagram.com/explore/locations/102487721213501/neul/"
  },
  {
    "id": "553729024999966",
    "name": "Be Happy",
    "city": "Sumy",
    "url": "https://www.instagram.com/explore/locations/553729024999966/be-happy/"
  },
  {
    "id": "517108708773769",
    "name": "Italiamo",
    "city": "Sumy",
    "url": "https://www.instagram.com/explore/locations/517108708773769/italiamo/"
  },
  {
    "id": "102415814458853",
    "name": "Vertel LoungeBar",
    "city": "Sumy",
    "url": "https://www.instagram.com/explore/locations/102415814458853/vertel-loungebar/"
  },
  {
    "id": "170282960366166",
    "name": "Verde By La Spezia",
    "city": "Sumy",
    "url": "https://www.instagram.com/explore/locations/170282960366166/verde-by-la-spezia/"
  },
  {
    "id": "132831027371789",
    "name": "Radmir Main Place",
    "city": "Sumy",
    "url": "https://www.instagram.com/explore/locations/132831027371789/radmir-main-place/"
  },
  {
    "id": "512682796",
    "name": "Loft Restaraunt & Shisha bar",
    "city": "Sumy",
    "url": "https://www.instagram.com/explore/locations/512682796/loft-restaraunt-shisha-bar/"
  },
  {
    "id": "1245766238903271",
    "name": "Vivlive Trattoria",
    "city": "Sumy",
    "url": "https://www.instagram.com/explore/locations/1245766238903271/vivlive-trattoria/"
  },
  {
    "id": "1912638919043571",
    "name": "Tribuna Park",
    "city": "Sumy",
    "url": "https://www.instagram.com/explore/locations/1912638919043571/tribuna-park/"
  },
  {
    "id": "263572757671331",
    "name": "Puri Marili",
    "city": "Sumy",
    "url": "https://www.instagram.com/explore/locations/263572757671331/puri-marili/"
  },
  {
    "id": "319568445317467",
    "name": "EASY Smoky Bar",
    "city": "Sumy",
    "url": "https://www.instagram.com/explore/locations/319568445317467/easy-smoky-bar/"
  },
  {
    "id": "602461826593464",
    "name": "Mr.Gold/Veranda",
    "city": "Sumy",
    "url": "https://www.instagram.com/explore/locations/602461826593464/mrgoldveranda/"
  },
  {
    "id": "2046267495694511",
    "name": "La Fit Bakery",
    "city": "Sumy",
    "url": "https://www.instagram.com/explore/locations/2046267495694511/la-fit-bakery/"
  },
  {
    "id": "1257228177644959",
    "name": "Конгрес-центр СумДУ",
    "city": "Sumy",
    "url": "https://www.instagram.com/explore/locations/1257228177644959/-/"
  },
  {
    "id": "236547359",
    "name": "Mc Donalds Sumy",
    "city": "Sumy",
    "url": "https://www.instagram.com/explore/locations/236547359/mc-donalds-sumy/"
  },
  {
    "id": "124241556504910",
    "name": "Apetitto - shop & bar",
    "city": "Sumy",
    "url": "https://www.instagram.com/explore/locations/124241556504910/apetitto-shop-bar/"
  },
  {
    "id": "510912255760646",
    "name": "UART",
    "city": "Sumy",
    "url": "https://www.instagram.com/explore/locations/510912255760646/uart/"
  },
  {
    "id": "445267632560762",
    "name": "Vin&Gret",
    "city": "Sumy",
    "url": "https://www.instagram.com/explore/locations/445267632560762/vingret/"
  },
  {
    "id": "1035608032",
    "name": "Friends Smoke BarВыдыхай",
    "city": "Sumy",
    "url": "https://www.instagram.com/explore/locations/1035608032/friends-smoke-bar/"
  },
  {
    "id": "607490090",
    "name": "Viva Oliva Restaurant",
    "city": "Sumy",
    "url": "https://www.instagram.com/explore/locations/607490090/viva-oliva-restaurant/"
  },
  {
    "id": "147212215991970",
    "name": "Elcraft Studio - студія колористики Суми",
    "city": "Sumy",
    "url": "https://www.instagram.com/explore/locations/147212215991970/elcraft-studio-/"
  },
  {
    "id": "1052530928258041",
    "name": "G.Bar Сумы",
    "city": "Sumy",
    "url": "https://www.instagram.com/explore/locations/1052530928258041/gbar/"
  },
  {
    "id": "343694889006358",
    "name": "Ukrainian Academy of Banking of the National Bank of Ukraine",
    "city": "Sumy",
    "url": "https://www.instagram.com/explore/locations/343694889006358/ukrainian-academy-of-banking-of-the-national-bank-of-ukraine/"
  },
  {
    "id": "943775361",
    "name": "Кафе \"SafariСуми",
    "city": "Sumy",
    "url": "https://www.instagram.com/explore/locations/943775361/safari/"
  },
  {
    "id": "753696681483232",
    "name": "Евробазар-2",
    "city": "Sumy",
    "url": "https://www.instagram.com/explore/locations/753696681483232/-2/"
  },
  {
    "id": "275855466",
    "name": "Manufactura",
    "city": "Sumy",
    "url": "https://www.instagram.com/explore/locations/275855466/manufactura/"
  },
  {
    "id": "689179384587951",
    "name": "Спортивный клуб STAL",
    "city": "Sumy",
    "url": "https://www.instagram.com/explore/locations/689179384587951/stal/"
  },
  {
    "id": "461672417541176",
    "name": "Стумарі - кафе грузинської кухні",
    "city": "Sumy",
    "url": "https://www.instagram.com/explore/locations/461672417541176/-/"
  },
  {
    "id": "236916959",
    "name": "Zima style",
    "city": "Sumy",
    "url": "https://www.instagram.com/explore/locations/236916959/zima-style/"
  },
  {
    "id": "1014768910",
    "name": "Sumy",
    "city": "Sumy",
    "url": "https://www.instagram.com/explore/locations/1014768910/sumy/"
  },
  {
    "id": "146542589629934",
    "name": "Karaoke Club Modjo",
    "city": "Sumy",
    "url": "https://www.instagram.com/explore/locations/146542589629934/karaoke-club-modjo/"
  },
  {
    "id": "201800113685246",
    "name": "Салон краси Relax Суми",
    "city": "Sumy",
    "url": "https://www.instagram.com/explore/locations/201800113685246/relax/"
  },
  {
    "id": "110952624060924",
    "name": "Sumy",
    "city": "Sumy",
    "url": "https://www.instagram.com/explore/locations/110952624060924/sumy/"
  },
  {
    "id": "589014914",
    "name": "NY Pizza",
    "city": "Sumy",
    "url": "https://www.instagram.com/explore/locations/589014914/ny-pizza/"
  },
  {
    "id": "317685232381437",
    "name": "WorlD",
    "city": "Sumy",
    "url": "https://www.instagram.com/explore/locations/317685232381437/world/"
  },
  {
    "id": "591481424550289",
    "name": "Sudakoff - магазин рыболовных товаров",
    "city": "Sumy",
    "url": "https://www.instagram.com/explore/locations/591481424550289/sudakoff-/"
  },
  {
    "id": "257917105",
    "name": "Yuvileiny Stadium",
    "city": "Sumy",
    "url": "https://www.instagram.com/explore/locations/257917105/yuvileiny-stadium/"
  },
  {
    "id": "1329159697182626",
    "name": "KEY ROOM Квест-комната г. Сумы",
    "city": "Sumy",
    "url": "https://www.instagram.com/explore/locations/1329159697182626/key-room-/"
  },
  {
    "id": "579108127",
    "name": "Mr.Gold Lounge Cafe",
    "city": "Sumy",
    "url": "https://www.instagram.com/explore/locations/579108127/mrgold-lounge-cafe/"
  },
  {
    "id": "1918679655059466",
    "name": "Fika Sumy",
    "city": "Sumy",
    "url": "https://www.instagram.com/explore/locations/1918679655059466/fika-sumy/"
  },
  {
    "id": "1015136364",
    "name": "Komondo Merdiveni",
    "city": "Sumy",
    "url": "https://www.instagram.com/explore/locations/1015136364/komondo-merdiveni/"
  },
  {
    "id": "102365314604424",
    "name": "Fotofakturasumy",
    "city": "Sumy",
    "url": "https://www.instagram.com/explore/locations/102365314604424/fotofakturasumy/"
  },
  {
    "id": "1746531092272731",
    "name": "Irish-Pub O'grady's",
    "city": "Sumy",
    "url": "https://www.instagram.com/explore/locations/1746531092272731/irish-pub-ogradys/"
  },
  {
    "id": "275595254",
    "name": "Ukrayna",
    "city": "Sumy",
    "url": "https://www.instagram.com/explore/locations/275595254/ukrayna/"
  },
  {
    "id": "926729399",
    "name": "Спа-центр Велюр",
    "city": "Sumy",
    "url": "https://www.instagram.com/explore/locations/926729399/-/"
  },
  {
    "id": "11734624",
    "name": "Vin&Gret",
    "city": "Sumy",
    "url": "https://www.instagram.com/explore/locations/11734624/vingret/"
  },
  {
    "id": "570826373445280",
    "name": "Lounge bar Mr. Smoke",
    "city": "Sumy",
    "url": "https://www.instagram.com/explore/locations/570826373445280/lounge-bar-mr-smoke/"
  },
  {
    "id": "1502788336452521",
    "name": "MONTI fashion club",
    "city": "Sumy",
    "url": "https://www.instagram.com/explore/locations/1502788336452521/monti-fashion-club/"
  },
  {
    "id": "107730657314116",
    "name": "Espresso Room",
    "city": "Sumy",
    "url": "https://www.instagram.com/explore/locations/107730657314116/espresso-room/"
  },
  {
    "id": "395034951263027",
    "name": "SHOKK Project",
    "city": "Sumy",
    "url": "https://www.instagram.com/explore/locations/395034951263027/shokk-project/"
  },
  {
    "id": "246921776079903",
    "name": "McWaffle",
    "city": "Sumy",
    "url": "https://www.instagram.com/explore/locations/246921776079903/mcwaffle/"
  },
  {
    "id": "1322611624515383",
    "name": "Bottle&Cup",
    "city": "Sumy",
    "url": "https://www.instagram.com/explore/locations/1322611624515383/bottlecup/"
  },
  {
    "id": "496643534153728",
    "name": "Old Pub Sumy",
    "city": "Sumy",
    "url": "https://www.instagram.com/explore/locations/496643534153728/old-pub-sumy/"
  },
  {
    "id": "556291417889799",
    "name": "Astoria nightclub",
    "city": "Sumy",
    "url": "https://www.instagram.com/explore/locations/556291417889799/astoria-nightclub/"
  },
  {
    "id": "1418850151567052",
    "name": "New York Street Pizza Суми",
    "city": "Sumy",
    "url": "https://www.instagram.com/explore/locations/1418850151567052/new-york-street-pizza/"
  },
  {
    "id": "106862988887123",
    "name": "Vecera",
    "city": "Sumy",
    "url": "https://www.instagram.com/explore/locations/106862988887123/vecera/"
  },
  {
    "id": "102928084672065",
    "name": "Білий Налив -Суми Соборна 48",
    "city": "Sumy",
    "url": "https://www.instagram.com/explore/locations/102928084672065/-48/"
  },
  {
    "id": "1117641788379704",
    "name": "levelsumy",
    "city": "Sumy",
    "url": "https://www.instagram.com/explore/locations/1117641788379704/levelsumy/"
  },
  {
    "id": "452086705",
    "name": "Imax Кино Мануфактура",
    "city": "Sumy",
    "url": "https://www.instagram.com/explore/locations/452086705/imax/"
  },
  {
    "id": "1794432164214724",
    "name": "Lviv Croissants",
    "city": "Sumy",
    "url": "https://www.instagram.com/explore/locations/1794432164214724/lviv-croissants/"
  },
  {
    "id": "275858450",
    "name": "Planeta Kino, Sumy",
    "city": "Sumy",
    "url": "https://www.instagram.com/explore/locations/275858450/planeta-kino-sumy/"
  },
  {
    "id": "1129509137221614",
    "name": "Сумы , Харьковская,1",
    "city": "Sumy",
    "url": "https://www.instagram.com/explore/locations/1129509137221614/1/"
  },
  {
    "id": "105878798665154",
    "name": "Ябкупил - Магазин&Сервисный центр",
    "city": "Sumy",
    "url": "https://www.instagram.com/explore/locations/105878798665154/-/"
  },
  {
    "id": "1901949513420304",
    "name": "Харьковская 3. Эстетико - Подолгический Центр Suda",
    "city": "Sumy",
    "url": "https://www.instagram.com/explore/locations/1901949513420304/3-suda/"
  },
  {
    "id": "106518460703808",
    "name": "Baraboss",
    "city": "Sumy",
    "url": "https://www.instagram.com/explore/locations/106518460703808/baraboss/"
  },
  {
    "id": "187737062104905",
    "name": "Фитнес Студия #forma",
    "city": "Sumy",
    "url": "https://www.instagram.com/explore/locations/187737062104905/forma/"
  },
  {
    "id": "1031411482",
    "name": "Гастрономічний бар Gusto",
    "city": "Sumy",
    "url": "https://www.instagram.com/explore/locations/1031411482/gusto/"
  },
  {
    "id": "1551344841836796",
    "name": "Мастерская Колористики #workshopofcolor",
    "city": "Sumy",
    "url": "https://www.instagram.com/explore/locations/1551344841836796/workshopofcolor/"
  },
  {
    "id": "636697461",
    "name": "Feeria Night Bar",
    "city": "Sumy",
    "url": "https://www.instagram.com/explore/locations/636697461/feeria-night-bar/"
  },
  {
    "id": "109879023800215",
    "name": "MOco bakery",
    "city": "Sumy",
    "url": "https://www.instagram.com/explore/locations/109879023800215/moco-bakery/"
  },
  {
    "id": "606472706",
    "name": "Сумы Воскресенская 9, Р-Н \"мимино\"",
    "city": "Sumy",
    "url": "https://www.instagram.com/explore/locations/606472706/9-/"
  },
  {
    "id": "1921937251416586",
    "name": "Red Night Bar",
    "city": "Sumy",
    "url": "https://www.instagram.com/explore/locations/1921937251416586/red-night-bar/"
  },
  {
    "id": "102140498250186",
    "name": "Bitter34",
    "city": "Sumy",
    "url": "https://www.instagram.com/explore/locations/102140498250186/bitter34/"
  },
  {
    "id": "1955085824779383",
    "name": "Салон-Магазин Красотуля",
    "city": "Sumy",
    "url": "https://www.instagram.com/explore/locations/1955085824779383/-/"
  },
  {
    "id": "2106473749681368",
    "name": "Роддом 3",
    "city": "Sumy",
    "url": "https://www.instagram.com/explore/locations/2106473749681368/3/"
  },
  {
    "id": "138507859346662",
    "name": "Amici Felici by La Spezia",
    "city": "Sumy",
    "url": "https://www.instagram.com/explore/locations/138507859346662/amici-felici-by-la-spezia/"
  },
  {
    "id": "544928475882574",
    "name": "СумДПУiм.А.С.Макаренка",
    "city": "Sumy",
    "url": "https://www.instagram.com/explore/locations/544928475882574/i/"
  },
  {
    "id": "144646432379606",
    "name": "SumCom",
    "city": "Sumy",
    "url": "https://www.instagram.com/explore/locations/144646432379606/sumcom/"
  },
  {
    "id": "263692338",
    "name": "Навчально-науковий інститут бізнес-технологій \"УАБС\"",
    "city": "Sumy",
    "url": "https://www.instagram.com/explore/locations/263692338/-/"
  },
  {
    "id": "101706027904678",
    "name": "BLACK Coffee / Воскресенська 9",
    "city": "Sumy",
    "url": "https://www.instagram.com/explore/locations/101706027904678/black-coffee-9/"
  },
  {
    "id": "104017131385896",
    "name": "I love Ukraine",
    "city": "Sumy",
    "url": "https://www.instagram.com/explore/locations/104017131385896/i-love-ukraine/"
  },
  {
    "id": "157175464780538",
    "name": "Студия танца и фитнесаPole Dance Studio Sumy",
    "city": "Sumy",
    "url": "https://www.instagram.com/explore/locations/157175464780538/pole-dance-studio-sumy/"
  },
  {
    "id": "570853001",
    "name": "Sport Club Maxima",
    "city": "Sumy",
    "url": "https://www.instagram.com/explore/locations/570853001/sport-club-maxima/"
  },
  {
    "id": "100580238168430",
    "name": "VEAN Tattoo Сумы",
    "city": "Sumy",
    "url": "https://www.instagram.com/explore/locations/100580238168430/vean-tattoo/"
  },
  {
    "id": "240987995",
    "name": "Astoria, Sumy",
    "city": "Sumy",
    "url": "https://www.instagram.com/explore/locations/240987995/astoria-sumy/"
  },
  {
    "id": "101647264720702",
    "name": "SVS Beauty Space",
    "city": "Sumy",
    "url": "https://www.instagram.com/explore/locations/101647264720702/svs-beauty-space/"
  },
  {
    "id": "225686194241740",
    "name": "Tiramisu brand dresses",
    "city": "Sumy",
    "url": "https://www.instagram.com/explore/locations/225686194241740/tiramisu-brand-dresses/"
  },
  {
    "id": "395254934276225",
    "name": "Estet-Hall_Sumy",
    "city": "Sumy",
    "url": "https://www.instagram.com/explore/locations/395254934276225/estet-hall_sumy/"
  },
  {
    "id": "293678484311219",
    "name": "Studio Skyfeel",
    "city": "Sumy",
    "url": "https://www.instagram.com/explore/locations/293678484311219/studio-skyfeel/"
  },
  {
    "id": "620808139",
    "name": "Сумы, Ул. Харьковская 2/1",
    "city": "Sumy",
    "url": "https://www.instagram.com/explore/locations/620808139/21/"
  },
  {
    "id": "1995334507363598",
    "name": "Barbershop Mr.Blade Sumy",
    "city": "Sumy",
    "url": "https://www.instagram.com/explore/locations/1995334507363598/barbershop-mrblade-sumy/"
  },
  {
    "id": "1024627444339983",
    "name": "Yana Graf",
    "city": "Sumy",
    "url": "https://www.instagram.com/explore/locations/1024627444339983/yana-graf/"
  },
  {
    "id": "341236266274382",
    "name": "Joinup to travel Sumy",
    "city": "Sumy",
    "url": "https://www.instagram.com/explore/locations/341236266274382/joinup-to-travel-sumy/"
  },
  {
    "id": "109696790425313",
    "name": "Art House State Road",
    "city": "Sumy",
    "url": "https://www.instagram.com/explore/locations/109696790425313/art-house-state-road/"
  },
  {
    "id": "1027506738",
    "name": "Beatriche",
    "city": "Sumy",
    "url": "https://www.instagram.com/explore/locations/1027506738/beatriche/"
  },
  {
    "id": "581332102297592",
    "name": "Aroma Kava",
    "city": "Sumy",
    "url": "https://www.instagram.com/explore/locations/581332102297592/aroma-kava/"
  },
  {
    "id": "2075485082691173",
    "name": "HavinFunk dance school",
    "city": "Sumy",
    "url": "https://www.instagram.com/explore/locations/2075485082691173/havinfunk-dance-school/"
  },
  {
    "id": "622310818139616",
    "name": "BureauArt",
    "city": "Sumy",
    "url": "https://www.instagram.com/explore/locations/622310818139616/bureauart/"
  },
  {
    "id": "1591487651152157",
    "name": "IF Italian Fashion Store",
    "city": "Sumy",
    "url": "https://www.instagram.com/explore/locations/1591487651152157/if-italian-fashion-store/"
  },
  {
    "id": "1699936356890478",
    "name": "Выдыхай Friends smoke bar",
    "city": "Sumy",
    "url": "https://www.instagram.com/explore/locations/1699936356890478/friends-smoke-bar/"
  },
  {
    "id": "261423394",
    "name": "Свято-Воскресенський Кафедральний Собор",
    "city": "Sumy",
    "url": "https://www.instagram.com/explore/locations/261423394/-/"
  },
  {
    "id": "482045961819376",
    "name": "Сумская гимназия №1",
    "city": "Sumy",
    "url": "https://www.instagram.com/explore/locations/482045961819376/no1/"
  },
  {
    "id": "257785660",
    "name": "Сумы,Ул .Соборная 48",
    "city": "Sumy",
    "url": "https://www.instagram.com/explore/locations/257785660/48/"
  },
  {
    "id": "100647658120841",
    "name": "KFC",
    "city": "Sumy",
    "url": "https://www.instagram.com/explore/locations/100647658120841/kfc/"
  },
  {
    "id": "1878238275777643",
    "name": "Kidium: Академія сучасних дітей та батьків",
    "city": "Sumy",
    "url": "https://www.instagram.com/explore/locations/1878238275777643/kidium/"
  },
  {
    "id": "512518679117187",
    "name": "Winarium",
    "city": "Sumy",
    "url": "https://www.instagram.com/explore/locations/512518679117187/winarium/"
  },
  {
    "id": "100964667949370",
    "name": "Салон Красоты LIDIA",
    "city": "Sumy",
    "url": "https://www.instagram.com/explore/locations/100964667949370/lidia/"
  },
  {
    "id": "100573868052813",
    "name": "Kislorod Sumy",
    "city": "Sumy",
    "url": "https://www.instagram.com/explore/locations/100573868052813/kislorod-sumy/"
  },
  {
    "id": "234379927",
    "name": "Dubai Cafe",
    "city": "Sumy",
    "url": "https://www.instagram.com/explore/locations/234379927/dubai-cafe/"
  },
  {
    "id": "265272921",
    "name": "Reikartz",
    "city": "Sumy",
    "url": "https://www.instagram.com/explore/locations/265272921/reikartz/"
  },
  {
    "id": "378354547",
    "name": "Loft",
    "city": "Sumy",
    "url": "https://www.instagram.com/explore/locations/378354547/loft/"
  },
  {
    "id": "101695331298116",
    "name": "Петропавловская 66",
    "city": "Sumy",
    "url": "https://www.instagram.com/explore/locations/101695331298116/66/"
  },
  {
    "id": "1015104420",
    "name": "Сумська Торгово-Промислова Палата",
    "city": "Sumy",
    "url": "https://www.instagram.com/explore/locations/1015104420/-/"
  },
  {
    "id": "246038969411902",
    "name": "Засумская, 1",
    "city": "Sumy",
    "url": "https://www.instagram.com/explore/locations/246038969411902/1/"
  },
  {
    "id": "103765924855419",
    "name": "Суші 3303 Суми",
    "city": "Sumy",
    "url": "https://www.instagram.com/explore/locations/103765924855419/3303/"
  },
  {
    "id": "316573112571217",
    "name": "Garderob дисконт",
    "city": "Sumy",
    "url": "https://www.instagram.com/explore/locations/316573112571217/garderob/"
  },
  {
    "id": "158393091662295",
    "name": "ART LAB - творча майстерня",
    "city": "Sumy",
    "url": "https://www.instagram.com/explore/locations/158393091662295/art-lab-/"
  },
  {
    "id": "868357056648831",
    "name": "Турагентство TraveLove Sumy",
    "city": "Sumy",
    "url": "https://www.instagram.com/explore/locations/868357056648831/travelove-sumy/"
  },
  {
    "id": "358434759",
    "name": "Суши-ресторан ЯПИ",
    "city": "Sumy",
    "url": "https://www.instagram.com/explore/locations/358434759/-/"
  },
  {
    "id": "475143079576725",
    "name": "Суми, Веретеновка, Конно-Спортивная Школа",
    "city": "Sumy",
    "url": "https://www.instagram.com/explore/locations/475143079576725/-/"
  },
  {
    "id": "391611271345419",
    "name": "Mcwaffle",
    "city": "Sumy",
    "url": "https://www.instagram.com/explore/locations/391611271345419/mcwaffle/"
  },
  {
    "id": "198491760701275",
    "name": "Flat White",
    "city": "Sumy",
    "url": "https://www.instagram.com/explore/locations/198491760701275/flat-white/"
  },
  {
    "id": "331513713848709",
    "name": "АвтоДвіж Суми Роменська 2",
    "city": "Sumy",
    "url": "https://www.instagram.com/explore/locations/331513713848709/2/"
  },
  {
    "id": "320107235092083",
    "name": "Oblaka- имидж студия",
    "city": "Sumy",
    "url": "https://www.instagram.com/explore/locations/320107235092083/oblaka-/"
  },
  {
    "id": "108383713971411",
    "name": "SuperMario",
    "city": "Sumy",
    "url": "https://www.instagram.com/explore/locations/108383713971411/supermario/"
  },
  {
    "id": "116944448315612",
    "name": "Школа №6 г.Сумы",
    "city": "Sumy",
    "url": "https://www.instagram.com/explore/locations/116944448315612/no6/"
  },
  {
    "id": "1368067303270155",
    "name": "Kvitkovyi.Dim Sumy 0994373939",
    "city": "Sumy",
    "url": "https://www.instagram.com/explore/locations/1368067303270155/kvitkovyidim-sumy-0994373939/"
  },
  {
    "id": "245230399251030",
    "name": "Totem Hookah",
    "city": "Sumy",
    "url": "https://www.instagram.com/explore/locations/245230399251030/totem-hookah/"
  },
  {
    "id": "1023394201",
    "name": "Petro Soroka",
    "city": "Sumy",
    "url": "https://www.instagram.com/explore/locations/1023394201/petro-soroka/"
  },
  {
    "id": "2212885692328828",
    "name": "Салон красоты Elite Season",
    "city": "Sumy",
    "url": "https://www.instagram.com/explore/locations/2212885692328828/elite-season/"
  },
  {
    "id": "1781163685479251",
    "name": "Навчально-науковий інститут права СумДУ",
    "city": "Sumy",
    "url": "https://www.instagram.com/explore/locations/1781163685479251/-/"
  },
  {
    "id": "1695553730674742",
    "name": "Спасо-Преображенский собор (Сумы)",
    "city": "Sumy",
    "url": "https://www.instagram.com/explore/locations/1695553730674742/-/"
  },
  {
    "id": "112664510873479",
    "name": "Kakadu",
    "city": "Sumy",
    "url": "https://www.instagram.com/explore/locations/112664510873479/kakadu/"
  },
  {
    "id": "2060970304222999",
    "name": "Mangotour",
    "city": "Sumy",
    "url": "https://www.instagram.com/explore/locations/2060970304222999/mangotour/"
  },
  {
    "id": "345962192425454",
    "name": "SMART школа-студия Татьяны Мартынюк",
    "city": "Sumy",
    "url": "https://www.instagram.com/explore/locations/345962192425454/smart-/"
  },
  {
    "id": "100101665641096",
    "name": "Арт-простір на Театральній",
    "city": "Sumy",
    "url": "https://www.instagram.com/explore/locations/100101665641096/-/"
  },
  {
    "id": "829108251",
    "name": "White Dental - стоматологічна клініка",
    "city": "Sumy",
    "url": "https://www.instagram.com/explore/locations/829108251/white-dental-/"
  },
  {
    "id": "105812109452786",
    "name": "Sumy",
    "city": "Sumy",
    "url": "https://www.instagram.com/explore/locations/105812109452786/sumy/"
  },
  {
    "id": "131092707631015",
    "name": "1я Набережная Р.стрелки Г.сумы",
    "city": "Sumy",
    "url": "https://www.instagram.com/explore/locations/131092707631015/1/"
  },
  {
    "id": "348708418964159",
    "name": "Герасима Кондратьева, 25",
    "city": "Sumy",
    "url": "https://www.instagram.com/explore/locations/348708418964159/25/"
  },
  {
    "id": "103375331109164",
    "name": "reikartzsumy",
    "city": "Sumy",
    "url": "https://www.instagram.com/explore/locations/103375331109164/reikartzsumy/"
  },
  {
    "id": "106705639184793",
    "name": "Papa GYM",
    "city": "Sumy",
    "url": "https://www.instagram.com/explore/locations/106705639184793/papa-gym/"
  },
  {
    "id": "246638079",
    "name": "O'gradys Irish Pub",
    "city": "Sumy",
    "url": "https://www.instagram.com/explore/locations/246638079/ogradys-irish-pub/"
  },
  {
    "id": "1019248988",
    "name": "Polyglot - Центр іноземних мов",
    "city": "Sumy",
    "url": "https://www.instagram.com/explore/locations/1019248988/polyglot-/"
  },
  {
    "id": "1024339901",
    "name": "Пекарня-кав'ярня \"Strudel\"",
    "city": "Sumy",
    "url": "https://www.instagram.com/explore/locations/1024339901/-strudel/"
  },
  {
    "id": "168631323700603",
    "name": "Reikartz",
    "city": "Sumy",
    "url": "https://www.instagram.com/explore/locations/168631323700603/reikartz/"
  },
  {
    "id": "104962077610263",
    "name": "НикОль BeautySalon Сумы",
    "city": "Sumy",
    "url": "https://www.instagram.com/explore/locations/104962077610263/beautysalon/"
  },
  {
    "id": "258841731151932",
    "name": "POINT #eduspace",
    "city": "Sumy",
    "url": "https://www.instagram.com/explore/locations/258841731151932/point-eduspace/"
  },
  {
    "id": "671333483283789",
    "name": "Эспланада, Пр. М. Лушпы, 5",
    "city": "Sumy",
    "url": "https://www.instagram.com/explore/locations/671333483283789/5/"
  },
  {
    "id": "311827639309346",
    "name": "Фотостудия FOCUS",
    "city": "Sumy",
    "url": "https://www.instagram.com/explore/locations/311827639309346/focus/"
  },
  {
    "id": "511801105847865",
    "name": "Brooklyn Bobik",
    "city": "Sumy",
    "url": "https://www.instagram.com/explore/locations/511801105847865/brooklyn-bobik/"
  },
  {
    "id": "501648519",
    "name": "Dialog Night Club",
    "city": "Sumy",
    "url": "https://www.instagram.com/explore/locations/501648519/dialog-night-club/"
  },
  {
    "id": "1324613017664345",
    "name": "STAG barbershop",
    "city": "Sumy",
    "url": "https://www.instagram.com/explore/locations/1324613017664345/stag-barbershop/"
  },
  {
    "id": "1954866434832374",
    "name": "Gymnasticke produkty",
    "city": "Sumy",
    "url": "https://www.instagram.com/explore/locations/1954866434832374/gymnasticke-produkty/"
  },
  {
    "id": "105160557627072",
    "name": "Food_stop_sumy",
    "city": "Sumy",
    "url": "https://www.instagram.com/explore/locations/105160557627072/food_stop_sumy/"
  },
  {
    "id": "441999442986700",
    "name": "Tamerlane",
    "city": "Sumy",
    "url": "https://www.instagram.com/explore/locations/441999442986700/tamerlane/"
  },
  {
    "id": "235659600719663",
    "name": "Краснопільський р-н с. Угроїди",
    "city": "Sumy",
    "url": "https://www.instagram.com/explore/locations/235659600719663/-/"
  },
  {
    "id": "333428013524413",
    "name": "LOLA BRA",
    "city": "Sumy",
    "url": "https://www.instagram.com/explore/locations/333428013524413/lola-bra/"
  },
  {
    "id": "1048554908507415",
    "name": "Prosperitas",
    "city": "Sumy",
    "url": "https://www.instagram.com/explore/locations/1048554908507415/prosperitas/"
  },
  {
    "id": "111293470253145",
    "name": "Арт-Платформа \"трибуна\"",
    "city": "Sumy",
    "url": "https://www.instagram.com/explore/locations/111293470253145/-/"
  },
  {
    "id": "636442960047731",
    "name": "Спорт-Всем",
    "city": "Sumy",
    "url": "https://www.instagram.com/explore/locations/636442960047731/-/"
  },
  {
    "id": "107302344318967",
    "name": "M. Service",
    "city": "Sumy",
    "url": "https://www.instagram.com/explore/locations/107302344318967/m-service/"
  },
  {
    "id": "370365300147986",
    "name": "ТЦ Viva",
    "city": "Sumy",
    "url": "https://www.instagram.com/explore/locations/370365300147986/viva/"
  },
  {
    "id": "1821618828092997",
    "name": "Нью-Йорк -Пицца,сумы,ул.кооперативная",
    "city": "Sumy",
    "url": "https://www.instagram.com/explore/locations/1821618828092997/-/"
  },
  {
    "id": "2064648427100740",
    "name": "PLAZA Sumy",
    "city": "Sumy",
    "url": "https://www.instagram.com/explore/locations/2064648427100740/plaza-sumy/"
  },
  {
    "id": "405035920052473",
    "name": "Stumari",
    "city": "Sumy",
    "url": "https://www.instagram.com/explore/locations/405035920052473/stumari/"
  },
  {
    "id": "366045704133598",
    "name": "Мастер-класс по объятиям",
    "city": "Sumy",
    "url": "https://www.instagram.com/explore/locations/366045704133598/-/"
  },
  {
    "id": "937539589723841",
    "name": "Smart Visa Travel - Туристическое агентство",
    "city": "Sumy",
    "url": "https://www.instagram.com/explore/locations/937539589723841/smart-visa-travel-/"
  },
  {
    "id": "223610021411946",
    "name": "STREKOZA детский комиссионный магазин",
    "city": "Sumy",
    "url": "https://www.instagram.com/explore/locations/223610021411946/strekoza/"
  },
  {
    "id": "1024067488",
    "name": "JustKava",
    "city": "Sumy",
    "url": "https://www.instagram.com/explore/locations/1024067488/justkava/"
  },
  {
    "id": "1504043126556120",
    "name": "Sunrise.sumy",
    "city": "Sumy",
    "url": "https://www.instagram.com/explore/locations/1504043126556120/sunrisesumy/"
  },
  {
    "id": "289180268424180",
    "name": "Katowice. Ukraińcy w Katowicach/Українці в Катовіце",
    "city": "Sumy",
    "url": "https://www.instagram.com/explore/locations/289180268424180/katowice-ukraincy-w-katowicach/"
  },
  {
    "id": "671274576646900",
    "name": "Школа 2",
    "city": "Sumy",
    "url": "https://www.instagram.com/explore/locations/671274576646900/2/"
  },
  {
    "id": "1667020906950018",
    "name": "Travel Professional Group",
    "city": "Sumy",
    "url": "https://www.instagram.com/explore/locations/1667020906950018/travel-professional-group/"
  },
  {
    "id": "1890611387628611",
    "name": "BLACK Coffee / Іллінська 12/2",
    "city": "Sumy",
    "url": "https://www.instagram.com/explore/locations/1890611387628611/black-coffee-122/"
  },
  {
    "id": "487342225347979",
    "name": "Beauty Studio Liliya Shkarupa",
    "city": "Sumy",
    "url": "https://www.instagram.com/explore/locations/487342225347979/beauty-studio-liliya-shkarupa/"
  },
  {
    "id": "105641004561364",
    "name": "ArtFaktura",
    "city": "Sumy",
    "url": "https://www.instagram.com/explore/locations/105641004561364/artfaktura/"
  },
  {
    "id": "108747824213561",
    "name": "TK.promo31",
    "city": "Sumy",
    "url": "https://www.instagram.com/explore/locations/108747824213561/tkpromo31/"
  },
  {
    "id": "157891984615237",
    "name": "Ул. Кооперативная 4",
    "city": "Sumy",
    "url": "https://www.instagram.com/explore/locations/157891984615237/4/"
  },
  {
    "id": "842916996",
    "name": "ЖК Зарічний СBS Суми",
    "city": "Sumy",
    "url": "https://www.instagram.com/explore/locations/842916996/bs/"
  },
  {
    "id": "247325362387509",
    "name": "Школа 25, Сумы",
    "city": "Sumy",
    "url": "https://www.instagram.com/explore/locations/247325362387509/25/"
  },
  {
    "id": "1014167603",
    "name": "SumyRest",
    "city": "Sumy",
    "url": "https://www.instagram.com/explore/locations/1014167603/sumyrest/"
  },
  {
    "id": "332078337245024",
    "name": "10Dance",
    "city": "Sumy",
    "url": "https://www.instagram.com/explore/locations/332078337245024/10dance/"
  },
  {
    "id": "967198466822384",
    "name": "Школа 10",
    "city": "Sumy",
    "url": "https://www.instagram.com/explore/locations/967198466822384/10/"
  },
  {
    "id": "1060673134053323",
    "name": "Челентано Ristorante Sumy",
    "city": "Sumy",
    "url": "https://www.instagram.com/explore/locations/1060673134053323/ristorante-sumy/"
  },
  {
    "id": "107814741707498",
    "name": "Biopharma Plasma",
    "city": "Sumy",
    "url": "https://www.instagram.com/explore/locations/107814741707498/biopharma-plasma/"
  },
  {
    "id": "1590213651268535",
    "name": "TRIUMF-международное агентство",
    "city": "Sumy",
    "url": "https://www.instagram.com/explore/locations/1590213651268535/triumf-/"
  },
  {
    "id": "1006496019",
    "name": "Керамфорт - партнер у будівництві #1",
    "city": "Sumy",
    "url": "https://www.instagram.com/explore/locations/1006496019/-1/"
  },
  {
    "id": "112664525413365",
    "name": "Soumy",
    "city": "Sumy",
    "url": "https://www.instagram.com/explore/locations/112664525413365/soumy/"
  },
  {
    "id": "1391631257802357",
    "name": "LoveForeversumy",
    "city": "Sumy",
    "url": "https://www.instagram.com/explore/locations/1391631257802357/loveforeversumy/"
  },
  {
    "id": "107416670878819",
    "name": "Guru Coffee",
    "city": "Sumy",
    "url": "https://www.instagram.com/explore/locations/107416670878819/guru-coffee/"
  },
  {
    "id": "418150505410941",
    "name": "Спеціалізована школа 1 Ім. В. Стрельченка",
    "city": "Sumy",
    "url": "https://www.instagram.com/explore/locations/418150505410941/1/"
  },
  {
    "id": "1692900310836528",
    "name": "Motologovo",
    "city": "Sumy",
    "url": "https://www.instagram.com/explore/locations/1692900310836528/motologovo/"
  },
  {
    "id": "1545387778852191",
    "name": "House of Buryachkova Design",
    "city": "Sumy",
    "url": "https://www.instagram.com/explore/locations/1545387778852191/house-of-buryachkova-design/"
  },
  {
    "id": "473529167",
    "name": "Велюр Spa-Centre",
    "city": "Sumy",
    "url": "https://www.instagram.com/explore/locations/473529167/spa-centre/"
  },
  {
    "id": "103566738516155",
    "name": "Pinsa Romana",
    "city": "Sumy",
    "url": "https://www.instagram.com/explore/locations/103566738516155/pinsa-romana/"
  },
  {
    "id": "1589101218061027",
    "name": "Travel Professional Group",
    "city": "Sumy",
    "url": "https://www.instagram.com/explore/locations/1589101218061027/travel-professional-group/"
  },
  {
    "id": "745903932201296",
    "name": "Суми школа 9",
    "city": "Sumy",
    "url": "https://www.instagram.com/explore/locations/745903932201296/9/"
  },
  {
    "id": "423052754735012",
    "name": "Mobymaster",
    "city": "Sumy",
    "url": "https://www.instagram.com/explore/locations/423052754735012/mobymaster/"
  },
  {
    "id": "361627271188021",
    "name": "tpg.agency.sumy",
    "city": "Sumy",
    "url": "https://www.instagram.com/explore/locations/361627271188021/tpgagencysumy/"
  },
  {
    "id": "102082054684596",
    "name": "Sushi_pizza by.laspezia",
    "city": "Sumy",
    "url": "https://www.instagram.com/explore/locations/102082054684596/sushi_pizza-bylaspezia/"
  },
  {
    "id": "1382619935104480",
    "name": "Нейл-студия Оксаны Малеваной",
    "city": "Sumy",
    "url": "https://www.instagram.com/explore/locations/1382619935104480/-/"
  },
  {
    "id": "481465558530366",
    "name": "Ukrayna",
    "city": "Sumy",
    "url": "https://www.instagram.com/explore/locations/481465558530366/ukrayna/"
  },
  {
    "id": "108901920712715",
    "name": "Медичний центр \"Медея- магнітно-резонансна томографія МРТ",
    "city": "Sumy",
    "url": "https://www.instagram.com/explore/locations/108901920712715/-/"
  },
  {
    "id": "1034446976",
    "name": "3S Style Studio Store",
    "city": "Sumy",
    "url": "https://www.instagram.com/explore/locations/1034446976/3s-style-studio-store/"
  },
  {
    "id": "806112026196173",
    "name": "FC SUMY",
    "city": "Sumy",
    "url": "https://www.instagram.com/explore/locations/806112026196173/fc-sumy/"
  },
  {
    "id": "112984572709468",
    "name": "Роменская 90 Наш Маркет",
    "city": "Sumy",
    "url": "https://www.instagram.com/explore/locations/112984572709468/90/"
  },
  {
    "id": "237094802",
    "name": "Agrarni Üniversitesi",
    "city": "Sumy",
    "url": "https://www.instagram.com/explore/locations/237094802/agrarni-universitesi/"
  },
  {
    "id": "1030952750423448",
    "name": "Aist Bar",
    "city": "Sumy",
    "url": "https://www.instagram.com/explore/locations/1030952750423448/aist-bar/"
  },
  {
    "id": "1032210155",
    "name": "Поїхали з нами,вул.Воскресенська,2",
    "city": "Sumy",
    "url": "https://www.instagram.com/explore/locations/1032210155/2/"
  },
  {
    "id": "107094547388464",
    "name": "meha.ua",
    "city": "Sumy",
    "url": "https://www.instagram.com/explore/locations/107094547388464/mehaua/"
  },
  {
    "id": "2000617960025983",
    "name": "Mr.VR",
    "city": "Sumy",
    "url": "https://www.instagram.com/explore/locations/2000617960025983/mrvr/"
  },
  {
    "id": "107781784110386",
    "name": "Vertel",
    "city": "Sumy",
    "url": "https://www.instagram.com/explore/locations/107781784110386/vertel/"
  },
  {
    "id": "170658415057601",
    "name": "girona.bar",
    "city": "Sumy",
    "url": "https://www.instagram.com/explore/locations/170658415057601/gironabar/"
  },
  {
    "id": "189665394894098",
    "name": "Ресторан Сан-Ремо",
    "city": "Sumy",
    "url": "https://www.instagram.com/explore/locations/189665394894098/-/"
  },
  {
    "id": "259866966",
    "name": "Челентано-Celentano/ Картоплаяна ХАТА",
    "city": "Sumy",
    "url": "https://www.instagram.com/explore/locations/259866966/-celentano/"
  },
  {
    "id": "824030534401203",
    "name": "Улица Интернационалистов 5, Сумы",
    "city": "Sumy",
    "url": "https://www.instagram.com/explore/locations/824030534401203/5/"
  },
  {
    "id": "372005716620090",
    "name": "Lounge Barbara",
    "city": "Sumy",
    "url": "https://www.instagram.com/explore/locations/372005716620090/lounge-barbara/"
  },
  {
    "id": "1024757667",
    "name": "Brow & Beauty Bar",
    "city": "Sumy",
    "url": "https://www.instagram.com/explore/locations/1024757667/brow-beauty-bar/"
  },
  {
    "id": "1345103108840478",
    "name": "Оптика 1.0",
    "city": "Sumy",
    "url": "https://www.instagram.com/explore/locations/1345103108840478/10/"
  },
  {
    "id": "162226357739732",
    "name": "Be Happy",
    "city": "Sumy",
    "url": "https://www.instagram.com/explore/locations/162226357739732/be-happy/"
  },
  {
    "id": "462627427473266",
    "name": "FitCurves Sumy Teatralny",
    "city": "Sumy",
    "url": "https://www.instagram.com/explore/locations/462627427473266/fitcurves-sumy-teatralny/"
  },
  {
    "id": "1366167063508025",
    "name": "Dance Centre Artes",
    "city": "Sumy",
    "url": "https://www.instagram.com/explore/locations/1366167063508025/dance-centre-artes/"
  },
  {
    "id": "1760840350825042",
    "name": "15-я школа, Сумы",
    "city": "Sumy",
    "url": "https://www.instagram.com/explore/locations/1760840350825042/15-/"
  },
  {
    "id": "26406762",
    "name": "Mr. Gold",
    "city": "Sumy",
    "url": "https://www.instagram.com/explore/locations/26406762/mr-gold/"
  },
  {
    "id": "391140231254795",
    "name": "Beauty Room By Inna Tahtay",
    "city": "Sumy",
    "url": "https://www.instagram.com/explore/locations/391140231254795/beauty-room-by-inna-tahtay/"
  },
  {
    "id": "111416717242394",
    "name": "How beautiful",
    "city": "Sumy",
    "url": "https://www.instagram.com/explore/locations/111416717242394/how-beautiful/"
  },
  {
    "id": "253650171838351",
    "name": "Спасо-Преображенський кафедральний собор м. Суми",
    "city": "Sumy",
    "url": "https://www.instagram.com/explore/locations/253650171838351/-/"
  },
  {
    "id": "2173249166321217",
    "name": "Сахар Арт-Кондитерская",
    "city": "Sumy",
    "url": "https://www.instagram.com/explore/locations/2173249166321217/-/"
  },
  {
    "id": "178543295979015",
    "name": "Aistbar",
    "city": "Sumy",
    "url": "https://www.instagram.com/explore/locations/178543295979015/aistbar/"
  },
  {
    "id": "110722877189948",
    "name": "Women Secrets",
    "city": "Sumy",
    "url": "https://www.instagram.com/explore/locations/110722877189948/women-secrets/"
  },
  {
    "id": "613074440",
    "name": "Сумы Пролетарская 69",
    "city": "Sumy",
    "url": "https://www.instagram.com/explore/locations/613074440/69/"
  },
  {
    "id": "109614442534391",
    "name": "Modjo",
    "city": "Sumy",
    "url": "https://www.instagram.com/explore/locations/109614442534391/modjo/"
  },
  {
    "id": "1521287781254473",
    "name": "Салон красоты Riche Mari",
    "city": "Sumy",
    "url": "https://www.instagram.com/explore/locations/1521287781254473/riche-mari/"
  },
  {
    "id": "326958144583269",
    "name": "Soul",
    "city": "Sumy",
    "url": "https://www.instagram.com/explore/locations/326958144583269/soul/"
  },
  {
    "id": "337875447104263",
    "name": "AMG Сумы",
    "city": "Sumy",
    "url": "https://www.instagram.com/explore/locations/337875447104263/amg/"
  },
  {
    "id": "2331848750190134",
    "name": "IKrasavchik",
    "city": "Sumy",
    "url": "https://www.instagram.com/explore/locations/2331848750190134/ikrasavchik/"
  },
  {
    "id": "2006774132974389",
    "name": "DanceLife Studio",
    "city": "Sumy",
    "url": "https://www.instagram.com/explore/locations/2006774132974389/dancelife-studio/"
  },
  {
    "id": "388406872",
    "name": "Г. Сумы Школа 17",
    "city": "Sumy",
    "url": "https://www.instagram.com/explore/locations/388406872/17/"
  },
  {
    "id": "2006918459567475",
    "name": "Фотостудия Сreative город Сумы",
    "city": "Sumy",
    "url": "https://www.instagram.com/explore/locations/2006918459567475/reative/"
  },
  {
    "id": "1035959933207535",
    "name": "FitCurves Sumy",
    "city": "Sumy",
    "url": "https://www.instagram.com/explore/locations/1035959933207535/fitcurves-sumy/"
  },
  {
    "id": "577253059133714",
    "name": "Beautybarchic_sheludiak",
    "city": "Sumy",
    "url": "https://www.instagram.com/explore/locations/577253059133714/beautybarchic_sheludiak/"
  },
  {
    "id": "901354010018400",
    "name": "Магазин Supera",
    "city": "Sumy",
    "url": "https://www.instagram.com/explore/locations/901354010018400/supera/"
  },
  {
    "id": "1031811899",
    "name": "Lviv Croissants",
    "city": "Sumy",
    "url": "https://www.instagram.com/explore/locations/1031811899/lviv-croissants/"
  },
  {
    "id": "101704885643603",
    "name": "Ай-Кью Клінік Суми",
    "city": "Sumy",
    "url": "https://www.instagram.com/explore/locations/101704885643603/-/"
  },
  {
    "id": "352428852282951",
    "name": "Barmaley",
    "city": "Sumy",
    "url": "https://www.instagram.com/explore/locations/352428852282951/barmaley/"
  },
  {
    "id": "1928723527219583",
    "name": "Sumy Pro Electro",
    "city": "Sumy",
    "url": "https://www.instagram.com/explore/locations/1928723527219583/sumy-pro-electro/"
  },
  {
    "id": "531087479",
    "name": "Modjo",
    "city": "Sumy",
    "url": "https://www.instagram.com/explore/locations/531087479/modjo/"
  },
  {
    "id": "223722930833129",
    "name": "Sporthub Sumy",
    "city": "Sumy",
    "url": "https://www.instagram.com/explore/locations/223722930833129/sporthub-sumy/"
  },
  {
    "id": "112800206908982",
    "name": "Анна Лубинец • Brow Master •",
    "city": "Sumy",
    "url": "https://www.instagram.com/explore/locations/112800206908982/brow-master/"
  },
  {
    "id": "319143388428490",
    "name": "Образовательное Пространство Point #eduspace",
    "city": "Sumy",
    "url": "https://www.instagram.com/explore/locations/319143388428490/point-eduspace/"
  },
  {
    "id": "13784626",
    "name": "Fonconi",
    "city": "Sumy",
    "url": "https://www.instagram.com/explore/locations/13784626/fonconi/"
  },
  {
    "id": "1019021298",
    "name": "Bruderschaft",
    "city": "Sumy",
    "url": "https://www.instagram.com/explore/locations/1019021298/bruderschaft/"
  },
  {
    "id": "447196685",
    "name": "Пр-т Шевченко",
    "city": "Sumy",
    "url": "https://www.instagram.com/explore/locations/447196685/-/"
  },
  {
    "id": "103312758547920",
    "name": "Sumy, Ukraine",
    "city": "Sumy",
    "url": "https://www.instagram.com/explore/locations/103312758547920/sumy-ukraine/"
  },
  {
    "id": "466698163713400",
    "name": "Dope Coffee Company",
    "city": "Sumy",
    "url": "https://www.instagram.com/explore/locations/466698163713400/dope-coffee-company/"
  },
  {
    "id": "183745675891732",
    "name": "VivaOlive",
    "city": "Sumy",
    "url": "https://www.instagram.com/explore/locations/183745675891732/vivaolive/"
  },
  {
    "id": "523386487996224",
    "name": "Сумська гімназія №1 (середня школа №12)",
    "city": "Sumy",
    "url": "https://www.instagram.com/explore/locations/523386487996224/no1-no12/"
  },
  {
    "id": "2214750108595041",
    "name": "Институт бизнес-технологийУАБССумГУ",
    "city": "Sumy",
    "url": "https://www.instagram.com/explore/locations/2214750108595041/-/"
  },
  {
    "id": "954072038270504",
    "name": "Piccolino Coffee",
    "city": "Sumy",
    "url": "https://www.instagram.com/explore/locations/954072038270504/piccolino-coffee/"
  },
  {
    "id": "2694322960792933",
    "name": "Mr. Gold",
    "city": "Sumy",
    "url": "https://www.instagram.com/explore/locations/2694322960792933/mr-gold/"
  },
  {
    "id": "174702319615414",
    "name": "АвтоСпонж - все для миття авто",
    "city": "Sumy",
    "url": "https://www.instagram.com/explore/locations/174702319615414/-/"
  },
  {
    "id": "110558083723184",
    "name": "Freever_sport",
    "city": "Sumy",
    "url": "https://www.instagram.com/explore/locations/110558083723184/freever_sport/"
  },
  {
    "id": "1032517360220293",
    "name": "Medallion Sumy",
    "city": "Sumy",
    "url": "https://www.instagram.com/explore/locations/1032517360220293/medallion-sumy/"
  },
  {
    "id": "102753759284451",
    "name": "Sushiok.sumy",
    "city": "Sumy",
    "url": "https://www.instagram.com/explore/locations/102753759284451/sushioksumy/"
  },
  {
    "id": "1757000731248191",
    "name": "SmokyHouse.com.ua кальянный магазин",
    "city": "Sumy",
    "url": "https://www.instagram.com/explore/locations/1757000731248191/smokyhousecomua/"
  },
  {
    "id": "1490996777696710",
    "name": "VIP Туризм",
    "city": "Sumy",
    "url": "https://www.instagram.com/explore/locations/1490996777696710/vip/"
  },
  {
    "id": "1899666720137365",
    "name": "Gnezdo Цветочная Мастерская",
    "city": "Sumy",
    "url": "https://www.instagram.com/explore/locations/1899666720137365/gnezdo/"
  },
  {
    "id": "1182765208507184",
    "name": "Damask",
    "city": "Sumy",
    "url": "https://www.instagram.com/explore/locations/1182765208507184/damask/"
  },
  {
    "id": "547193719027138",
    "name": "Modern",
    "city": "Sumy",
    "url": "https://www.instagram.com/explore/locations/547193719027138/modern/"
  },
  {
    "id": "2286235428281947",
    "name": "Viva",
    "city": "Sumy",
    "url": "https://www.instagram.com/explore/locations/2286235428281947/viva/"
  },
  {
    "id": "102224691563057",
    "name": "Кооперативная, 1",
    "city": "Sumy",
    "url": "https://www.instagram.com/explore/locations/102224691563057/1/"
  },
  {
    "id": "3230075567017919",
    "name": "Grand Victoriya",
    "city": "Sumy",
    "url": "https://www.instagram.com/explore/locations/3230075567017919/grand-victoriya/"
  },
  {
    "id": "106978050794892",
    "name": "Сумы, Пушкина 22, vist",
    "city": "Sumy",
    "url": "https://www.instagram.com/explore/locations/106978050794892/22-vist/"
  },
  {
    "id": "252213457",
    "name": "Enclave Sumy",
    "city": "Sumy",
    "url": "https://www.instagram.com/explore/locations/252213457/enclave-sumy/"
  },
  {
    "id": "1583114845344426",
    "name": "Villa D'este Sumy",
    "city": "Sumy",
    "url": "https://www.instagram.com/explore/locations/1583114845344426/villa-deste-sumy/"
  },
  {
    "id": "1033239077",
    "name": "Albion,сумы",
    "city": "Sumy",
    "url": "https://www.instagram.com/explore/locations/1033239077/albion/"
  },
  {
    "id": "332309966",
    "name": "Роменская96,наш зал единоборств",
    "city": "Sumy",
    "url": "https://www.instagram.com/explore/locations/332309966/96/"
  },
  {
    "id": "1020260790",
    "name": "Benvenuto",
    "city": "Sumy",
    "url": "https://www.instagram.com/explore/locations/1020260790/benvenuto/"
  },
  {
    "id": "336917306164612",
    "name": "Virtus тільки дівчатам",
    "city": "Sumy",
    "url": "https://www.instagram.com/explore/locations/336917306164612/virtus/"
  },
  {
    "id": "1028486651",
    "name": "Мастерская Колористики #workshopofcolor",
    "city": "Sumy",
    "url": "https://www.instagram.com/explore/locations/1028486651/workshopofcolor/"
  },
  {
    "id": "90856288",
    "name": "Main Street",
    "city": "Sumy",
    "url": "https://www.instagram.com/explore/locations/90856288/main-street/"
  },
  {
    "id": "104126124274564",
    "name": "K1berschool Sumy",
    "city": "Sumy",
    "url": "https://www.instagram.com/explore/locations/104126124274564/k1berschool-sumy/"
  },
  {
    "id": "150917028994351",
    "name": "Beauty is your duty",
    "city": "Sumy",
    "url": "https://www.instagram.com/explore/locations/150917028994351/beauty-is-your-duty/"
  },
  {
    "id": "262515328",
    "name": "Safari Pizzia",
    "city": "Sumy",
    "url": "https://www.instagram.com/explore/locations/262515328/safari-pizzia/"
  },
  {
    "id": "1694927023912474",
    "name": "21 Платье, сумской сервис аренды",
    "city": "Sumy",
    "url": "https://www.instagram.com/explore/locations/1694927023912474/21/"
  },
  {
    "id": "2076069755976611",
    "name": "Want Bottle",
    "city": "Sumy",
    "url": "https://www.instagram.com/explore/locations/2076069755976611/want-bottle/"
  },
  {
    "id": "634182203402475",
    "name": "Sumy Municipal Gallery",
    "city": "Sumy",
    "url": "https://www.instagram.com/explore/locations/634182203402475/sumy-municipal-gallery/"
  },
  {
    "id": "254688671660995",
    "name": "Kvitka Beauty Space",
    "city": "Sumy",
    "url": "https://www.instagram.com/explore/locations/254688671660995/kvitka-beauty-space/"
  },
  {
    "id": "102870671534698",
    "name": "World is Mine",
    "city": "Sumy",
    "url": "https://www.instagram.com/explore/locations/102870671534698/world-is-mine/"
  },
  {
    "id": "136161239749275",
    "name": "Nikanor Onatsky Regional Art Museum in Sumy",
    "city": "Sumy",
    "url": "https://www.instagram.com/explore/locations/136161239749275/nikanor-onatsky-regional-art-museum-in-sumy/"
  },
  {
    "id": "532240903793834",
    "name": "Movida Lounge bar",
    "city": "Sumy",
    "url": "https://www.instagram.com/explore/locations/532240903793834/movida-lounge-bar/"
  },
  {
    "id": "105309884179069",
    "name": "Newschoolenko_tattoo_team",
    "city": "Sumy",
    "url": "https://www.instagram.com/explore/locations/105309884179069/newschoolenko_tattoo_team/"
  },
  {
    "id": "103035047960767",
    "name": "Sushi Pizza LaSpezia",
    "city": "Sumy",
    "url": "https://www.instagram.com/explore/locations/103035047960767/sushi-pizza-laspezia/"
  },
  {
    "id": "1016462898",
    "name": "Магазин Чай-Кава",
    "city": "Sumy",
    "url": "https://www.instagram.com/explore/locations/1016462898/-/"
  },
  {
    "id": "1022607533",
    "name": "Мовна школа Green Apple",
    "city": "Sumy",
    "url": "https://www.instagram.com/explore/locations/1022607533/green-apple/"
  },
  {
    "id": "2272752632945998",
    "name": "Парикмахерская Ajour",
    "city": "Sumy",
    "url": "https://www.instagram.com/explore/locations/2272752632945998/ajour/"
  },
  {
    "id": "2828099533897552",
    "name": "Panovy",
    "city": "Sumy",
    "url": "https://www.instagram.com/explore/locations/2828099533897552/panovy/"
  },
  {
    "id": "102302137933393",
    "name": "Rock Cave",
    "city": "Sumy",
    "url": "https://www.instagram.com/explore/locations/102302137933393/rock-cave/"
  },
  {
    "id": "1019268150",
    "name": "Япі Суші-М'ясо",
    "city": "Sumy",
    "url": "https://www.instagram.com/explore/locations/1019268150/-/"
  },
  {
    "id": "357393068347831",
    "name": "Ул. Соборная, 36",
    "city": "Sumy",
    "url": "https://www.instagram.com/explore/locations/357393068347831/36/"
  },
  {
    "id": "379704749",
    "name": "Viva Olive",
    "city": "Sumy",
    "url": "https://www.instagram.com/explore/locations/379704749/viva-olive/"
  },
  {
    "id": "1031148211",
    "name": "Tattoo salon Margos",
    "city": "Sumy",
    "url": "https://www.instagram.com/explore/locations/1031148211/tattoo-salon-margos/"
  },
  {
    "id": "363246490903107",
    "name": "Кафе-бар Потроха Сумы",
    "city": "Sumy",
    "url": "https://www.instagram.com/explore/locations/363246490903107/-/"
  },
  {
    "id": "229842474181668",
    "name": "Dr. Mova",
    "city": "Sumy",
    "url": "https://www.instagram.com/explore/locations/229842474181668/dr-mova/"
  },
  {
    "id": "2259697950754001",
    "name": "Monami",
    "city": "Sumy",
    "url": "https://www.instagram.com/explore/locations/2259697950754001/monami/"
  },
  {
    "id": "106271334698568",
    "name": "Sumy",
    "city": "Sumy",
    "url": "https://www.instagram.com/explore/locations/106271334698568/sumy/"
  },
  {
    "id": "241429689540847",
    "name": "Feel Fine",
    "city": "Sumy",
    "url": "https://www.instagram.com/explore/locations/241429689540847/feel-fine/"
  },
  {
    "id": "1610897992554600",
    "name": "Школа 13, Сумы",
    "city": "Sumy",
    "url": "https://www.instagram.com/explore/locations/1610897992554600/13/"
  },
  {
    "id": "114088730277245",
    "name": "BLACK STAG barbershop",
    "city": "Sumy",
    "url": "https://www.instagram.com/explore/locations/114088730277245/black-stag-barbershop/"
  },
  {
    "id": "101516558949325",
    "name": "Bb.massage",
    "city": "Sumy",
    "url": "https://www.instagram.com/explore/locations/101516558949325/bbmassage/"
  },
  {
    "id": "114064790327037",
    "name": "Kharkov",
    "city": "Sumy",
    "url": "https://www.instagram.com/explore/locations/114064790327037/kharkov/"
  },
  {
    "id": "1947022542228326",
    "name": "Фаберлик Чумель +380992075177",
    "city": "Sumy",
    "url": "https://www.instagram.com/explore/locations/1947022542228326/380992075177/"
  },
  {
    "id": "112397680495547",
    "name": "EWL Суммы",
    "city": "Sumy",
    "url": "https://www.instagram.com/explore/locations/112397680495547/ewl/"
  },
  {
    "id": "104860434318023",
    "name": "Astra Приватна стоматологія",
    "city": "Sumy",
    "url": "https://www.instagram.com/explore/locations/104860434318023/astra/"
  },
  {
    "id": "104693571277742",
    "name": "Foodie - Eat. Play. Love",
    "city": "Sumy",
    "url": "https://www.instagram.com/explore/locations/104693571277742/foodie-eat-play-love/"
  },
  {
    "id": "365834913779514",
    "name": "Суми, Цум, Магазин Supera",
    "city": "Sumy",
    "url": "https://www.instagram.com/explore/locations/365834913779514/supera/"
  },
  {
    "id": "625534707609541",
    "name": "Сумы Ул.горького, 25",
    "city": "Sumy",
    "url": "https://www.instagram.com/explore/locations/625534707609541/25/"
  },
  {
    "id": "122097799634010026",
    "name": "Pogrib",
    "city": "Sumy",
    "url": "https://www.instagram.com/explore/locations/122097799634010026/pogrib/"
  },
  {
    "id": "2149078338436586",
    "name": "Г.Сумы, Ул.20 Лет Победы, 7",
    "city": "Sumy",
    "url": "https://www.instagram.com/explore/locations/2149078338436586/20-7/"
  },
  {
    "id": "416786915523219",
    "name": "Fit Curves Сумы-3 ТЦ Березка",
    "city": "Sumy",
    "url": "https://www.instagram.com/explore/locations/416786915523219/fit-curves-3/"
  },
  {
    "id": "181001051947312",
    "name": "Sumi",
    "city": "Sumy",
    "url": "https://www.instagram.com/explore/locations/181001051947312/sumi/"
  },
  {
    "id": "838041463038111",
    "name": "JustHappy",
    "city": "Sumy",
    "url": "https://www.instagram.com/explore/locations/838041463038111/justhappy/"
  },
  {
    "id": "171134296759430",
    "name": "The Scarlet Flowers",
    "city": "Sumy",
    "url": "https://www.instagram.com/explore/locations/171134296759430/the-scarlet-flowers/"
  },
  {
    "id": "109102714255895",
    "name": "Англійська мова для дітей Present Simple в Сумах",
    "city": "Sumy",
    "url": "https://www.instagram.com/explore/locations/109102714255895/present-simple/"
  },
  {
    "id": "610764438959473",
    "name": "Artel Myth",
    "city": "Sumy",
    "url": "https://www.instagram.com/explore/locations/610764438959473/artel-myth/"
  },
  {
    "id": "1034878686",
    "name": "Кирова,19",
    "city": "Sumy",
    "url": "https://www.instagram.com/explore/locations/1034878686/19/"
  },
  {
    "id": "151932632103588",
    "name": "NK TOURAVIA VIZA",
    "city": "Sumy",
    "url": "https://www.instagram.com/explore/locations/151932632103588/nk-touravia-viza/"
  },
  {
    "id": "112890586939774",
    "name": "Майстерня belle.bride",
    "city": "Sumy",
    "url": "https://www.instagram.com/explore/locations/112890586939774/bellebride/"
  },
  {
    "id": "102231371191572",
    "name": "Dnipro-M",
    "city": "Sumy",
    "url": "https://www.instagram.com/explore/locations/102231371191572/dnipro-m/"
  },
  {
    "id": "454558694963240",
    "name": "Zauber dance studio",
    "city": "Sumy",
    "url": "https://www.instagram.com/explore/locations/454558694963240/zauber-dance-studio/"
  },
  {
    "id": "433753926",
    "name": "Пиццерия \"simbiosi\"",
    "city": "Sumy",
    "url": "https://www.instagram.com/explore/locations/433753926/simbiosi/"
  },
  {
    "id": "951118074",
    "name": "Sumi",
    "city": "Sumy",
    "url": "https://www.instagram.com/explore/locations/951118074/sumi/"
  },
  {
    "id": "286676808478047",
    "name": "Мальва Хенд-Мейд",
    "city": "Sumy",
    "url": "https://www.instagram.com/explore/locations/286676808478047/-/"
  },
  {
    "id": "142404876428374",
    "name": "Football-profi",
    "city": "Sumy",
    "url": "https://www.instagram.com/explore/locations/142404876428374/football-profi/"
  },
  {
    "id": "1034286108",
    "name": "Sumy Laser Clinic",
    "city": "Sumy",
    "url": "https://www.instagram.com/explore/locations/1034286108/sumy-laser-clinic/"
  },
  {
    "id": "106419174041617",
    "name": "Pizza&Grill",
    "city": "Sumy",
    "url": "https://www.instagram.com/explore/locations/106419174041617/pizzagrill/"
  },
  {
    "id": "103357524368066",
    "name": "D3 сімейна стоматологія",
    "city": "Sumy",
    "url": "https://www.instagram.com/explore/locations/103357524368066/d3/"
  },
  {
    "id": "193589111242754",
    "name": "UABS FAMILY",
    "city": "Sumy",
    "url": "https://www.instagram.com/explore/locations/193589111242754/uabs-family/"
  },
  {
    "id": "102311271574057",
    "name": "На Игле Тату-Студия",
    "city": "Sumy",
    "url": "https://www.instagram.com/explore/locations/102311271574057/-/"
  },
  {
    "id": "1813687135514165",
    "name": "WadeX Company",
    "city": "Sumy",
    "url": "https://www.instagram.com/explore/locations/1813687135514165/wadex-company/"
  },
  {
    "id": "486398041884910",
    "name": "Yellow&Blue",
    "city": "Sumy",
    "url": "https://www.instagram.com/explore/locations/486398041884910/yellowblue/"
  },
  {
    "id": "699429790221369",
    "name": "Студія 18",
    "city": "Sumy",
    "url": "https://www.instagram.com/explore/locations/699429790221369/18/"
  },
  {
    "id": "248141025578194",
    "name": "Freshline",
    "city": "Sumy",
    "url": "https://www.instagram.com/explore/locations/248141025578194/freshline/"
  },
  {
    "id": "1016334403",
    "name": "Рекламное агентство \"RG Region\"",
    "city": "Sumy",
    "url": "https://www.instagram.com/explore/locations/1016334403/rg-region/"
  },
  {
    "id": "602108687083045",
    "name": "Ruthenia / Рутения",
    "city": "Sumy",
    "url": "https://www.instagram.com/explore/locations/602108687083045/ruthenia/"
  },
  {
    "id": "684837588394103",
    "name": "Арт-дворик на Соборній 36",
    "city": "Sumy",
    "url": "https://www.instagram.com/explore/locations/684837588394103/-36/"
  },
  {
    "id": "228759359",
    "name": "Simbiosi",
    "city": "Sumy",
    "url": "https://www.instagram.com/explore/locations/228759359/simbiosi/"
  },
  {
    "id": "468338547059937",
    "name": "Sumy",
    "city": "Sumy",
    "url": "https://www.instagram.com/explore/locations/468338547059937/sumy/"
  },
  {
    "id": "1454138484610842",
    "name": "SALAR & РЕАЛ Агентство Недвижимости",
    "city": "Sumy",
    "url": "https://www.instagram.com/explore/locations/1454138484610842/salar/"
  },
  {
    "id": "488580258348098",
    "name": "Велопрокат TRUMP Active SPORT",
    "city": "Sumy",
    "url": "https://www.instagram.com/explore/locations/488580258348098/trump-active-sport/"
  },
  {
    "id": "883307088467304",
    "name": "Кафе Дамас Сумы.кооперативная 7",
    "city": "Sumy",
    "url": "https://www.instagram.com/explore/locations/883307088467304/7/"
  },
  {
    "id": "109561170438234",
    "name": "SVS Студия Красоты",
    "city": "Sumy",
    "url": "https://www.instagram.com/explore/locations/109561170438234/svs/"
  },
  {
    "id": "152255355491397",
    "name": "Салон красоты Bomond Sumy",
    "city": "Sumy",
    "url": "https://www.instagram.com/explore/locations/152255355491397/bomond-sumy/"
  },
  {
    "id": "287856085009158",
    "name": "LAKI Beauty Bar сеть экспресс-центров красоты",
    "city": "Sumy",
    "url": "https://www.instagram.com/explore/locations/287856085009158/laki-beauty-bar-/"
  },
  {
    "id": "312141955897711",
    "name": "Teacherry cafe",
    "city": "Sumy",
    "url": "https://www.instagram.com/explore/locations/312141955897711/teacherry-cafe/"
  },
  {
    "id": "363224631074526",
    "name": "Шоуroom18",
    "city": "Sumy",
    "url": "https://www.instagram.com/explore/locations/363224631074526/room18/"
  },
  {
    "id": "104289471026588",
    "name": "Luxury - Студия красоты",
    "city": "Sumy",
    "url": "https://www.instagram.com/explore/locations/104289471026588/luxury-/"
  },
  {
    "id": "104379687666236",
    "name": "Ковпака, 59",
    "city": "Sumy",
    "url": "https://www.instagram.com/explore/locations/104379687666236/59/"
  },
  {
    "id": "343806059824028",
    "name": "Турагенція \"TRUE Travel\"",
    "city": "Sumy",
    "url": "https://www.instagram.com/explore/locations/343806059824028/true-travel/"
  },
  {
    "id": "100563885171255",
    "name": "Сумы Ул. Засумская, 1 Салон Красоты \"ajoure\"",
    "city": "Sumy",
    "url": "https://www.instagram.com/explore/locations/100563885171255/1-ajoure/"
  },
  {
    "id": "14216046",
    "name": "Спасо-Преображенский Собор",
    "city": "Sumy",
    "url": "https://www.instagram.com/explore/locations/14216046/-/"
  },
  {
    "id": "859644530802759",
    "name": "Point#eduspace",
    "city": "Sumy",
    "url": "https://www.instagram.com/explore/locations/859644530802759/pointeduspace/"
  },
  {
    "id": "159479004492025",
    "name": "BertschiCafe",
    "city": "Sumy",
    "url": "https://www.instagram.com/explore/locations/159479004492025/bertschicafe/"
  },
  {
    "id": "109190127173271",
    "name": "Travel Check-in Sumy",
    "city": "Sumy",
    "url": "https://www.instagram.com/explore/locations/109190127173271/travel-check-in-sumy/"
  },
  {
    "id": "469831735",
    "name": "J'adore cafe",
    "city": "Sumy",
    "url": "https://www.instagram.com/explore/locations/469831735/jadore-cafe/"
  },
  {
    "id": "363412030784892",
    "name": "NataliTravel",
    "city": "Sumy",
    "url": "https://www.instagram.com/explore/locations/363412030784892/natalitravel/"
  },
  {
    "id": "367457793681928",
    "name": "Grill Pub Sumy",
    "city": "Sumy",
    "url": "https://www.instagram.com/explore/locations/367457793681928/grill-pub-sumy/"
  },
  {
    "id": "106869961131417",
    "name": "Brandshop Kartell",
    "city": "Sumy",
    "url": "https://www.instagram.com/explore/locations/106869961131417/brandshop-kartell/"
  },
  {
    "id": "2200615626916672",
    "name": "Lviv Handmade Chocolate",
    "city": "Sumy",
    "url": "https://www.instagram.com/explore/locations/2200615626916672/lviv-handmade-chocolate/"
  },
  {
    "id": "1226330037480294",
    "name": "Lingville",
    "city": "Sumy",
    "url": "https://www.instagram.com/explore/locations/1226330037480294/lingville/"
  },
  {
    "id": "312756819538338",
    "name": "Дитячий ОДЯГ - ШВЕЯ - ЛюдаТВ",
    "city": "Sumy",
    "url": "https://www.instagram.com/explore/locations/312756819538338/-/"
  },
  {
    "id": "322705521656969",
    "name": "Progress hall - Stretching, Aerostretching",
    "city": "Sumy",
    "url": "https://www.instagram.com/explore/locations/322705521656969/progress-hall-stretching-aerostretching/"
  },
  {
    "id": "108832271643320",
    "name": "Blackdog",
    "city": "Sumy",
    "url": "https://www.instagram.com/explore/locations/108832271643320/blackdog/"
  },
  {
    "id": "1028005087",
    "name": "STAG Barbershop",
    "city": "Sumy",
    "url": "https://www.instagram.com/explore/locations/1028005087/stag-barbershop/"
  },
  {
    "id": "300663487425645",
    "name": "Dubai Cafe",
    "city": "Sumy",
    "url": "https://www.instagram.com/explore/locations/300663487425645/dubai-cafe/"
  },
  {
    "id": "1480767672035016",
    "name": "Studio Dr. Aleksandrov",
    "city": "Sumy",
    "url": "https://www.instagram.com/explore/locations/1480767672035016/studio-dr-aleksandrov/"
  },
  {
    "id": "2069375906462930",
    "name": "Reflection.Sumy",
    "city": "Sumy",
    "url": "https://www.instagram.com/explore/locations/2069375906462930/reflectionsumy/"
  },
  {
    "id": "105474898609899",
    "name": "FitCat",
    "city": "Sumy",
    "url": "https://www.instagram.com/explore/locations/105474898609899/fitcat/"
  },
  {
    "id": "123604884884954",
    "name": "Формула сну-меблі для всієї родини",
    "city": "Sumy",
    "url": "https://www.instagram.com/explore/locations/123604884884954/-/"
  },
  {
    "id": "1155290497912469",
    "name": "Flat White Sumy",
    "city": "Sumy",
    "url": "https://www.instagram.com/explore/locations/1155290497912469/flat-white-sumy/"
  },
  {
    "id": "220241615185394",
    "name": "Воскресенская 15 Г.сумы",
    "city": "Sumy",
    "url": "https://www.instagram.com/explore/locations/220241615185394/15/"
  },
  {
    "id": "1697976460232855",
    "name": "улица Харьковская 3/1",
    "city": "Sumy",
    "url": "https://www.instagram.com/explore/locations/1697976460232855/31/"
  },
  {
    "id": "694915360895068",
    "name": "Бизнес-центрЭнергия , г.Сумы",
    "city": "Sumy",
    "url": "https://www.instagram.com/explore/locations/694915360895068/-/"
  },
  {
    "id": "452715608402537",
    "name": "Beauty Academy Annushka Moroz",
    "city": "Sumy",
    "url": "https://www.instagram.com/explore/locations/452715608402537/beauty-academy-annushka-moroz/"
  },
  {
    "id": "210854612880100",
    "name": "Скандинавське кафе Fika",
    "city": "Sumy",
    "url": "https://www.instagram.com/explore/locations/210854612880100/fika/"
  },
  {
    "id": "308428689989485",
    "name": "Bomond Beauty Salon",
    "city": "Sumy",
    "url": "https://www.instagram.com/explore/locations/308428689989485/bomond-beauty-salon/"
  },
  {
    "id": "766609380182424",
    "name": "Туристическое Агенство Join Up Sumy",
    "city": "Sumy",
    "url": "https://www.instagram.com/explore/locations/766609380182424/join-up-sumy/"
  },
  {
    "id": "64423898",
    "name": "Гимназия 1",
    "city": "Sumy",
    "url": "https://www.instagram.com/explore/locations/64423898/1/"
  },
  {
    "id": "329595560",
    "name": "Profit",
    "city": "Sumy",
    "url": "https://www.instagram.com/explore/locations/329595560/profit/"
  },
  {
    "id": "565186300240274",
    "name": "Spro",
    "city": "Sumy",
    "url": "https://www.instagram.com/explore/locations/565186300240274/spro/"
  },
  {
    "id": "107310421451456",
    "name": "Кооперативная 7",
    "city": "Sumy",
    "url": "https://www.instagram.com/explore/locations/107310421451456/7/"
  },
  {
    "id": "1286461864827616",
    "name": "Мир косметики - Сумы",
    "city": "Sumy",
    "url": "https://www.instagram.com/explore/locations/1286461864827616/-/"
  },
  {
    "id": "859701094422239",
    "name": "Glamour",
    "city": "Sumy",
    "url": "https://www.instagram.com/explore/locations/859701094422239/glamour/"
  },
  {
    "id": "345176839715841",
    "name": "JYSK Ukraine",
    "city": "Sumy",
    "url": "https://www.instagram.com/explore/locations/345176839715841/jysk-ukraine/"
  },
  {
    "id": "105260327632219",
    "name": "NOCompany",
    "city": "Sumy",
    "url": "https://www.instagram.com/explore/locations/105260327632219/nocompany/"
  },
  {
    "id": "715951412095408",
    "name": "Empaer Motors",
    "city": "Sumy",
    "url": "https://www.instagram.com/explore/locations/715951412095408/empaer-motors/"
  },
  {
    "id": "1731084320322536",
    "name": "Салон Красоты Instyle",
    "city": "Sumy",
    "url": "https://www.instagram.com/explore/locations/1731084320322536/instyle/"
  },
  {
    "id": "100413095509370",
    "name": "Велосалон - Велосипеды Сервис Сумы",
    "city": "Sumy",
    "url": "https://www.instagram.com/explore/locations/100413095509370/-/"
  },
  {
    "id": "2228212607205546",
    "name": "Sumy «Алеша»",
    "city": "Sumy",
    "url": "https://www.instagram.com/explore/locations/2228212607205546/sumy/"
  },
  {
    "id": "375809709933866",
    "name": "Студия Мебели Mr. Meblev",
    "city": "Sumy",
    "url": "https://www.instagram.com/explore/locations/375809709933866/mr-meblev/"
  },
  {
    "id": "210942009103837",
    "name": "True Parts Сумы Запчасти РемонтАвто из США",
    "city": "Sumy",
    "url": "https://www.instagram.com/explore/locations/210942009103837/true-parts/"
  },
  {
    "id": "32231242",
    "name": "McFoxy",
    "city": "Sumy",
    "url": "https://www.instagram.com/explore/locations/32231242/mcfoxy/"
  },
  {
    "id": "1777333002485758",
    "name": "Г.сумы Ул.кооперативная 9а",
    "city": "Sumy",
    "url": "https://www.instagram.com/explore/locations/1777333002485758/9/"
  },
  {
    "id": "1895824663969924",
    "name": "Сумы, Засумская 2, Тц Евробазар, Кафе Grusha",
    "city": "Sumy",
    "url": "https://www.instagram.com/explore/locations/1895824663969924/2-grusha/"
  },
  {
    "id": "294873981168313",
    "name": "Гагарина 20 сумы",
    "city": "Sumy",
    "url": "https://www.instagram.com/explore/locations/294873981168313/20/"
  },
  {
    "id": "637454846453962",
    "name": "Digital POINT",
    "city": "Sumy",
    "url": "https://www.instagram.com/explore/locations/637454846453962/digital-point/"
  },
  {
    "id": "108497644909622",
    "name": "Мастерская Колористики Workshop Of Color",
    "city": "Sumy",
    "url": "https://www.instagram.com/explore/locations/108497644909622/workshop-of-color/"
  },
  {
    "id": "104186921130661",
    "name": "Gentleman barbershop",
    "city": "Sumy",
    "url": "https://www.instagram.com/explore/locations/104186921130661/gentleman-barbershop/"
  },
  {
    "id": "2201860636722741",
    "name": "Mr VR",
    "city": "Sumy",
    "url": "https://www.instagram.com/explore/locations/2201860636722741/mr-vr/"
  },
  {
    "id": "1937567253231965",
    "name": "«DTDThree Brothers Pab»",
    "city": "Sumy",
    "url": "https://www.instagram.com/explore/locations/1937567253231965/dtdthree-brothers-pab/"
  },
  {
    "id": "681512528943651",
    "name": "Сумы Ул. Харьковская 5/1 Выставочный Центр, 2 Этаж Маг. Белья \"спокуса\"",
    "city": "Sumy",
    "url": "https://www.instagram.com/explore/locations/681512528943651/51-2/"
  },
  {
    "id": "249827481",
    "name": "Sumy Aerobic Gymnastics",
    "city": "Sumy",
    "url": "https://www.instagram.com/explore/locations/249827481/sumy-aerobic-gymnastics/"
  },
  {
    "id": "112913547003827",
    "name": "The_svoe",
    "city": "Sumy",
    "url": "https://www.instagram.com/explore/locations/112913547003827/the_svoe/"
  },
  {
    "id": "2098972480155468",
    "name": "Чертовое-мля-колесо",
    "city": "Sumy",
    "url": "https://www.instagram.com/explore/locations/2098972480155468/-/"
  },
  {
    "id": "100166161580724",
    "name": "Lavender Paradise in Ukraine",
    "city": "Sumy",
    "url": "https://www.instagram.com/explore/locations/100166161580724/lavender-paradise-in-ukraine/"
  },
  {
    "id": "113448100986660",
    "name": "Pioner art hotel",
    "city": "Sumy",
    "url": "https://www.instagram.com/explore/locations/113448100986660/pioner-art-hotel/"
  },
  {
    "id": "100242392306771",
    "name": "Dah.sumy",
    "city": "Sumy",
    "url": "https://www.instagram.com/explore/locations/100242392306771/dahsumy/"
  },
  {
    "id": "423730378020676",
    "name": "Сумы, Ул. Харьковская 5",
    "city": "Sumy",
    "url": "https://www.instagram.com/explore/locations/423730378020676/5/"
  },
  {
    "id": "514317725422993",
    "name": "Студия Красоты Pretty Women",
    "city": "Sumy",
    "url": "https://www.instagram.com/explore/locations/514317725422993/pretty-women/"
  },
  {
    "id": "311369479218929",
    "name": "Сумы, Ул. Петропавловская 61",
    "city": "Sumy",
    "url": "https://www.instagram.com/explore/locations/311369479218929/61/"
  },
  {
    "id": "348489239834233",
    "name": "Сумы, Горького, 34 \"konfetti\"",
    "city": "Sumy",
    "url": "https://www.instagram.com/explore/locations/348489239834233/34-konfetti/"
  },
  {
    "id": "1437534256308174",
    "name": "For Women",
    "city": "Sumy",
    "url": "https://www.instagram.com/explore/locations/1437534256308174/for-women/"
  },
  {
    "id": "113051484357450",
    "name": "LaVanda Студія Краси",
    "city": "Sumy",
    "url": "https://www.instagram.com/explore/locations/113051484357450/lavanda/"
  },
  {
    "id": "1879054582390869",
    "name": "The Varenik - handmade cafe",
    "city": "Sumy",
    "url": "https://www.instagram.com/explore/locations/1879054582390869/the-varenik-handmade-cafe/"
  },
  {
    "id": "116684043582832",
    "name": "Fresh Cars",
    "city": "Sumy",
    "url": "https://www.instagram.com/explore/locations/116684043582832/fresh-cars/"
  },
  {
    "id": "114518756871197",
    "name": "Сумы, Ул.роменская, 88 Зоомагазин Кормушка",
    "city": "Sumy",
    "url": "https://www.instagram.com/explore/locations/114518756871197/88/"
  },
  {
    "id": "221828412008307",
    "name": "Сумская Недвижимость 1 комнатные квартиры",
    "city": "Sumy",
    "url": "https://www.instagram.com/explore/locations/221828412008307/1/"
  },
  {
    "id": "399918694",
    "name": "NcPautina",
    "city": "Sumy",
    "url": "https://www.instagram.com/explore/locations/399918694/ncpautina/"
  },
  {
    "id": "890350097829678",
    "name": "Vincenzo",
    "city": "Sumy",
    "url": "https://www.instagram.com/explore/locations/890350097829678/vincenzo/"
  },
  {
    "id": "1020533377",
    "name": "Sumî, Sumî",
    "city": "Sumy",
    "url": "https://www.instagram.com/explore/locations/1020533377/sumi-sumi/"
  },
  {
    "id": "670481320",
    "name": "Federation Ukraine Wado-Kai",
    "city": "Sumy",
    "url": "https://www.instagram.com/explore/locations/670481320/federation-ukraine-wado-kai/"
  },
  {
    "id": "1980646435486168",
    "name": "Verde_by_la_spezia",
    "city": "Sumy",
    "url": "https://www.instagram.com/explore/locations/1980646435486168/verde_by_la_spezia/"
  },
  {
    "id": "264673459",
    "name": "Underground Art-Pizzeria",
    "city": "Sumy",
    "url": "https://www.instagram.com/explore/locations/264673459/underground-art-pizzeria/"
  },
  {
    "id": "1019505512",
    "name": "Горького,23/1 Студия Дизайна Ногтей Оксаны Малеваной",
    "city": "Sumy",
    "url": "https://www.instagram.com/explore/locations/1019505512/231/"
  },
  {
    "id": "266473440458027",
    "name": "Квест-комната Сумы \"60 Минут\"",
    "city": "Sumy",
    "url": "https://www.instagram.com/explore/locations/266473440458027/-60/"
  },
  {
    "id": "521237157892467",
    "name": "Promotion Agency Sumy",
    "city": "Sumy",
    "url": "https://www.instagram.com/explore/locations/521237157892467/promotion-agency-sumy/"
  },
  {
    "id": "2246762352064895",
    "name": "Elite Coffe",
    "city": "Sumy",
    "url": "https://www.instagram.com/explore/locations/2246762352064895/elite-coffe/"
  },
  {
    "id": "106947404063540",
    "name": "Huge Dick",
    "city": "Sumy",
    "url": "https://www.instagram.com/explore/locations/106947404063540/huge-dick/"
  },
  {
    "id": "512440592621292",
    "name": "Дитячий Садок 1 Ромашка",
    "city": "Sumy",
    "url": "https://www.instagram.com/explore/locations/512440592621292/1/"
  },
  {
    "id": "128284234523996",
    "name": "Race Project",
    "city": "Sumy",
    "url": "https://www.instagram.com/explore/locations/128284234523996/race-project/"
  },
  {
    "id": "310216683",
    "name": "Кирова 22",
    "city": "Sumy",
    "url": "https://www.instagram.com/explore/locations/310216683/22/"
  },
  {
    "id": "106843817495562",
    "name": "Lifeislife",
    "city": "Sumy",
    "url": "https://www.instagram.com/explore/locations/106843817495562/lifeislife/"
  },
  {
    "id": "20453638",
    "name": "Reikartz Сумы",
    "city": "Sumy",
    "url": "https://www.instagram.com/explore/locations/20453638/reikartz/"
  },
  {
    "id": "108464815393673",
    "name": "East West",
    "city": "Sumy",
    "url": "https://www.instagram.com/explore/locations/108464815393673/east-west/"
  },
  {
    "id": "102888078756287",
    "name": "𝐓𝐈𝐑𝐀𝐌𝐈𝐒𝐔 𝐄𝐕𝐄𝐍𝐈𝐍𝐆 𝐃𝐑𝐄𝐒𝐒 /𝐒𝐔𝐌𝐘",
    "city": "Sumy",
    "url": "https://www.instagram.com/explore/locations/102888078756287/tiramisu-evening-dress-sumy/"
  },
  {
    "id": "166741267349168",
    "name": "Ресторан Сумы Family",
    "city": "Sumy",
    "url": "https://www.instagram.com/explore/locations/166741267349168/family/"
  },
  {
    "id": "112045441268185",
    "name": "Sarafan_epilstudio",
    "city": "Sumy",
    "url": "https://www.instagram.com/explore/locations/112045441268185/sarafan_epilstudio/"
  },
  {
    "id": "1384709148247499",
    "name": "JOY in Travel",
    "city": "Sumy",
    "url": "https://www.instagram.com/explore/locations/1384709148247499/joy-in-travel/"
  },
  {
    "id": "101102058922870",
    "name": "Спорт Клуб BALU",
    "city": "Sumy",
    "url": "https://www.instagram.com/explore/locations/101102058922870/balu/"
  },
  {
    "id": "105923188051673",
    "name": "MONO. Студия флористики и декора",
    "city": "Sumy",
    "url": "https://www.instagram.com/explore/locations/105923188051673/mono/"
  },
  {
    "id": "110491674076292",
    "name": "Sound City Music Academy",
    "city": "Sumy",
    "url": "https://www.instagram.com/explore/locations/110491674076292/sound-city-music-academy/"
  },
  {
    "id": "1177405972311434",
    "name": "Visa Doc",
    "city": "Sumy",
    "url": "https://www.instagram.com/explore/locations/1177405972311434/visa-doc/"
  },
  {
    "id": "1014722515",
    "name": "Коллаж-Принт",
    "city": "Sumy",
    "url": "https://www.instagram.com/explore/locations/1014722515/-/"
  },
  {
    "id": "152536432356955",
    "name": "McDonald's",
    "city": "Sumy",
    "url": "https://www.instagram.com/explore/locations/152536432356955/mcdonalds/"
  },
  {
    "id": "2753061384710387",
    "name": "Best Coffee",
    "city": "Sumy",
    "url": "https://www.instagram.com/explore/locations/2753061384710387/best-coffee/"
  },
  {
    "id": "429028834144755",
    "name": "European recruitment agency",
    "city": "Sumy",
    "url": "https://www.instagram.com/explore/locations/429028834144755/european-recruitment-agency/"
  },
  {
    "id": "2283081571717496",
    "name": "Sushi Master Суми",
    "city": "Sumy",
    "url": "https://www.instagram.com/explore/locations/2283081571717496/sushi-master/"
  },
  {
    "id": "418579631855734",
    "name": "Магазин Креатив, Кооперативная 9а",
    "city": "Sumy",
    "url": "https://www.instagram.com/explore/locations/418579631855734/9/"
  },
  {
    "id": "2477867398893626",
    "name": "Сушия / Sushiya",
    "city": "Sumy",
    "url": "https://www.instagram.com/explore/locations/2477867398893626/sushiya/"
  },
  {
    "id": "2347127958897805",
    "name": "Simbiosi",
    "city": "Sumy",
    "url": "https://www.instagram.com/explore/locations/2347127958897805/simbiosi/"
  },
  {
    "id": "108168421039944",
    "name": "Центр гепатології та інфектології / Hepatology and Infectiology Center SSU",
    "city": "Sumy",
    "url": "https://www.instagram.com/explore/locations/108168421039944/hepatology-and-infectiology-center-ssu/"
  },
  {
    "id": "1035604619",
    "name": "Tiramisu Wedding Studio",
    "city": "Sumy",
    "url": "https://www.instagram.com/explore/locations/1035604619/tiramisu-wedding-studio/"
  },
  {
    "id": "138001226800042",
    "name": "Школа восточного танца \"Sahara\"",
    "city": "Sumy",
    "url": "https://www.instagram.com/explore/locations/138001226800042/sahara/"
  },
  {
    "id": "2145380939026455",
    "name": "Сумська сироварня O'bereg",
    "city": "Sumy",
    "url": "https://www.instagram.com/explore/locations/2145380939026455/obereg/"
  },
  {
    "id": "602476503551101",
    "name": "Guru Coffee",
    "city": "Sumy",
    "url": "https://www.instagram.com/explore/locations/602476503551101/guru-coffee/"
  },
  {
    "id": "112941070054787",
    "name": "Комп‘ютерна Академія IT Step",
    "city": "Sumy",
    "url": "https://www.instagram.com/explore/locations/112941070054787/it-step/"
  },
  {
    "id": "1439894432996336",
    "name": "Поїхали з нами м.Суми, вул.Британська,5-а",
    "city": "Sumy",
    "url": "https://www.instagram.com/explore/locations/1439894432996336/5-/"
  },
  {
    "id": "111090651481098",
    "name": "BAZA GYM",
    "city": "Sumy",
    "url": "https://www.instagram.com/explore/locations/111090651481098/baza-gym/"
  },
  {
    "id": "306829993",
    "name": "Ukraine,Sumy(Sushi)",
    "city": "Sumy",
    "url": "https://www.instagram.com/explore/locations/306829993/ukrainesumysushi/"
  },
  {
    "id": "111873540169122",
    "name": "E.benya Sumy",
    "city": "Sumy",
    "url": "https://www.instagram.com/explore/locations/111873540169122/ebenya-sumy/"
  },
  {
    "id": "580953815911445",
    "name": "Sumy",
    "city": "Sumy",
    "url": "https://www.instagram.com/explore/locations/580953815911445/sumy/"
  },
  {
    "id": "1028813326",
    "name": "AvtoTravel on Ukraine",
    "city": "Sumy",
    "url": "https://www.instagram.com/explore/locations/1028813326/avtotravel-on-ukraine/"
  },
  {
    "id": "25339817",
    "name": "New York Street Pizza",
    "city": "Sumy",
    "url": "https://www.instagram.com/explore/locations/25339817/new-york-street-pizza/"
  },
  {
    "id": "2232559486983719",
    "name": "Дитяча Музична Школа 4",
    "city": "Sumy",
    "url": "https://www.instagram.com/explore/locations/2232559486983719/4/"
  },
  {
    "id": "108168884398201",
    "name": "Sarafan Studio",
    "city": "Sumy",
    "url": "https://www.instagram.com/explore/locations/108168884398201/sarafan-studio/"
  },
  {
    "id": "1896570150559434",
    "name": "Магазин \"Пряжа- Вишивання та Товари для Рукоділля гуртом та в роздріб",
    "city": "Sumy",
    "url": "https://www.instagram.com/explore/locations/1896570150559434/-/"
  },
  {
    "id": "756254804582556",
    "name": "TildaTravel",
    "city": "Sumy",
    "url": "https://www.instagram.com/explore/locations/756254804582556/tildatravel/"
  },
  {
    "id": "128355273",
    "name": "Safari Cafe",
    "city": "Sumy",
    "url": "https://www.instagram.com/explore/locations/128355273/safari-cafe/"
  },
  {
    "id": "253200878710459",
    "name": "Hat Club",
    "city": "Sumy",
    "url": "https://www.instagram.com/explore/locations/253200878710459/hat-club/"
  },
  {
    "id": "1649615195134060",
    "name": "Sumy Rock Fest",
    "city": "Sumy",
    "url": "https://www.instagram.com/explore/locations/1649615195134060/sumy-rock-fest/"
  },
  {
    "id": "123763562828255",
    "name": "Kraber",
    "city": "Sumy",
    "url": "https://www.instagram.com/explore/locations/123763562828255/kraber/"
  },
  {
    "id": "231948806661879",
    "name": "Flowers.studio96",
    "city": "Sumy",
    "url": "https://www.instagram.com/explore/locations/231948806661879/flowersstudio96/"
  }
]