[
  {
    "id": "212898659",
    "name": "Kyiv, Ukraine",
    "city": "Kyiv",
    "url": "https://www.instagram.com/explore/locations/212898659/kyiv-ukraine/"
  },
  {
    "id": "13640165",
    "name": "Kiev",
    "city": "Kyiv",
    "url": "https://www.instagram.com/explore/locations/13640165/kiev/"
  },
  {
    "id": "1446487605601123",
    "name": "Ukraine Україна",
    "city": "Kyiv",
    "url": "https://www.instagram.com/explore/locations/1446487605601123/ukraine/"
  },
  {
    "id": "217778017",
    "name": "ЦУМ Київ / TSUM Kyiv Department Store",
    "city": "Kyiv",
    "url": "https://www.instagram.com/explore/locations/217778017/tsum-kyiv-department-store/"
  },
  {
    "id": "339616700",
    "name": "Киев мой любимый - Kiev, Ukraine",
    "city": "Kyiv",
    "url": "https://www.instagram.com/explore/locations/339616700/-kiev-ukraine/"
  },
  {
    "id": "213130700",
    "name": "Maidan Nezalezhnosti",
    "city": "Kyiv",
    "url": "https://www.instagram.com/explore/locations/213130700/maidan-nezalezhnosti/"
  },
  {
    "id": "213070434",
    "name": "Khreshchatyk",
    "city": "Kyiv",
    "url": "https://www.instagram.com/explore/locations/213070434/khreshchatyk/"
  },
  {
    "id": "213816772",
    "name": "ТРЦ Gulliver",
    "city": "Kyiv",
    "url": "https://www.instagram.com/explore/locations/213816772/gulliver/"
  },
  {
    "id": "101245611635945",
    "name": "Ukraine Is My Home",
    "city": "Kyiv",
    "url": "https://www.instagram.com/explore/locations/101245611635945/ukraine-is-my-home/"
  },
  {
    "id": "281799905990057",
    "name": "Kiev, Ukraine",
    "city": "Kyiv",
    "url": "https://www.instagram.com/explore/locations/281799905990057/kiev-ukraine/"
  },
  {
    "id": "236173543",
    "name": "Olympic NSC",
    "city": "Kyiv",
    "url": "https://www.instagram.com/explore/locations/236173543/olympic-nsc/"
  },
  {
    "id": "221980791",
    "name": "Milk Bar",
    "city": "Kyiv",
    "url": "https://www.instagram.com/explore/locations/221980791/milk-bar/"
  },
  {
    "id": "106462050989491",
    "name": "Kyiv, Ukraine",
    "city": "Kyiv",
    "url": "https://www.instagram.com/explore/locations/106462050989491/kyiv-ukraine/"
  },
  {
    "id": "502742296748211",
    "name": "Sofiivska Square, Kiyv, Ukraine",
    "city": "Kyiv",
    "url": "https://www.instagram.com/explore/locations/502742296748211/sofiivska-square-kiyv-ukraine/"
  },
  {
    "id": "2150296995015735",
    "name": "Київ • Kyiv • Киев • Ukraine",
    "city": "Kyiv",
    "url": "https://www.instagram.com/explore/locations/2150296995015735/kyiv-ukraine/"
  },
  {
    "id": "395500603",
    "name": "PinchukArtCentre",
    "city": "Kyiv",
    "url": "https://www.instagram.com/explore/locations/395500603/pinchukartcentre/"
  },
  {
    "id": "235421414",
    "name": "Gulliver",
    "city": "Kyiv",
    "url": "https://www.instagram.com/explore/locations/235421414/gulliver/"
  },
  {
    "id": "311947899518702",
    "name": "Пішохідно-Велосипедний Міст",
    "city": "Kyiv",
    "url": "https://www.instagram.com/explore/locations/311947899518702/-/"
  },
  {
    "id": "497671433",
    "name": "Golden Gate, Kiev",
    "city": "Kyiv",
    "url": "https://www.instagram.com/explore/locations/497671433/golden-gate-kiev/"
  },
  {
    "id": "108175017755835",
    "name": "Kyiv",
    "city": "Kyiv",
    "url": "https://www.instagram.com/explore/locations/108175017755835/kyiv/"
  },
  {
    "id": "633402280639550",
    "name": "Milk Bar Tsum",
    "city": "Kyiv",
    "url": "https://www.instagram.com/explore/locations/633402280639550/milk-bar-tsum/"
  },
  {
    "id": "469265733",
    "name": "The Cake",
    "city": "Kyiv",
    "url": "https://www.instagram.com/explore/locations/469265733/the-cake/"
  },
  {
    "id": "292417595",
    "name": "Ploshcha Lva Tolstoho",
    "city": "Kyiv",
    "url": "https://www.instagram.com/explore/locations/292417595/ploshcha-lva-tolstoho/"
  },
  {
    "id": "218700498",
    "name": "Saint Sophia's Cathedral, Kiev",
    "city": "Kyiv",
    "url": "https://www.instagram.com/explore/locations/218700498/saint-sophias-cathedral-kiev/"
  },
  {
    "id": "217048513",
    "name": "Palace of Sports, Kiev",
    "city": "Kyiv",
    "url": "https://www.instagram.com/explore/locations/217048513/palace-of-sports-kiev/"
  },
  {
    "id": "105361067833732",
    "name": "Kharkov, Ukraine",
    "city": "Kyiv",
    "url": "https://www.instagram.com/explore/locations/105361067833732/kharkov-ukraine/"
  },
  {
    "id": "247583605760738",
    "name": "Boho. Restaurant, Karaoke, Patio",
    "city": "Kyiv",
    "url": "https://www.instagram.com/explore/locations/247583605760738/boho-restaurant-karaoke-patio/"
  },
  {
    "id": "227945212",
    "name": "goodwine",
    "city": "Kyiv",
    "url": "https://www.instagram.com/explore/locations/227945212/goodwine/"
  },
  {
    "id": "408413926393864",
    "name": "Good Girl",
    "city": "Kyiv",
    "url": "https://www.instagram.com/explore/locations/408413926393864/good-girl/"
  },
  {
    "id": "241066635",
    "name": "PinchukArtCentre",
    "city": "Kyiv",
    "url": "https://www.instagram.com/explore/locations/241066635/pinchukartcentre/"
  },
  {
    "id": "1358412954217727",
    "name": "Майдан Незалежности Вул. Хрещатик 7/11",
    "city": "Kyiv",
    "url": "https://www.instagram.com/explore/locations/1358412954217727/711/"
  },
  {
    "id": "1803518479944008",
    "name": "Sparks Kyiv",
    "city": "Kyiv",
    "url": "https://www.instagram.com/explore/locations/1803518479944008/sparks-kyiv/"
  },
  {
    "id": "314058888",
    "name": "Majdan Nesaleschnosti - Майдан Незалежності",
    "city": "Kyiv",
    "url": "https://www.instagram.com/explore/locations/314058888/majdan-nesaleschnosti-/"
  },
  {
    "id": "214675844",
    "name": "SkyBar",
    "city": "Kyiv",
    "url": "https://www.instagram.com/explore/locations/214675844/skybar/"
  },
  {
    "id": "1372332629489199",
    "name": "Mimosa Brooklyn Pizza",
    "city": "Kyiv",
    "url": "https://www.instagram.com/explore/locations/1372332629489199/mimosa-brooklyn-pizza/"
  },
  {
    "id": "293742515",
    "name": "St. Nicholas Roman Catholic Cathedral, Kiev",
    "city": "Kyiv",
    "url": "https://www.instagram.com/explore/locations/293742515/st-nicholas-roman-catholic-cathedral-kiev/"
  },
  {
    "id": "553979971362756",
    "name": "ЖК Тетрис Холл - Tetris HALL",
    "city": "Kyiv",
    "url": "https://www.instagram.com/explore/locations/553979971362756/-tetris-hall/"
  },
  {
    "id": "851888",
    "name": "InterContinental Kyiv",
    "city": "Kyiv",
    "url": "https://www.instagram.com/explore/locations/851888/intercontinental-kyiv/"
  },
  {
    "id": "243843693",
    "name": "ТЦ GLOBUS",
    "city": "Kyiv",
    "url": "https://www.instagram.com/explore/locations/243843693/globus/"
  },
  {
    "id": "498974526",
    "name": "Kiev Passage",
    "city": "Kyiv",
    "url": "https://www.instagram.com/explore/locations/498974526/kiev-passage/"
  },
  {
    "id": "260819229",
    "name": "St. Michael's Golden-Domed Monastery",
    "city": "Kyiv",
    "url": "https://www.instagram.com/explore/locations/260819229/st-michaels-golden-domed-monastery/"
  },
  {
    "id": "1021558975",
    "name": "BAO • Modern Chinese Cuisine",
    "city": "Kyiv",
    "url": "https://www.instagram.com/explore/locations/1021558975/bao-modern-chinese-cuisine/"
  },
  {
    "id": "733721954",
    "name": "Kiev, Ukraine",
    "city": "Kyiv",
    "url": "https://www.instagram.com/explore/locations/733721954/kiev-ukraine/"
  },
  {
    "id": "492943298",
    "name": "Kyiv city, Ukrayna",
    "city": "Kyiv",
    "url": "https://www.instagram.com/explore/locations/492943298/kyiv-city-ukrayna/"
  },
  {
    "id": "106481825167306",
    "name": "Kiev, Ukraine",
    "city": "Kyiv",
    "url": "https://www.instagram.com/explore/locations/106481825167306/kiev-ukraine/"
  },
  {
    "id": "235072764",
    "name": "Палац «Україна» / Palats \"Ukraina\"",
    "city": "Kyiv",
    "url": "https://www.instagram.com/explore/locations/235072764/palats-ukraina/"
  },
  {
    "id": "102345478236490",
    "name": "OCTO Tower",
    "city": "Kyiv",
    "url": "https://www.instagram.com/explore/locations/102345478236490/octo-tower/"
  },
  {
    "id": "219591959345822",
    "name": "Kyiv",
    "city": "Kyiv",
    "url": "https://www.instagram.com/explore/locations/219591959345822/kyiv/"
  },
  {
    "id": "114255321168440",
    "name": "Kyiv, Ukraine",
    "city": "Kyiv",
    "url": "https://www.instagram.com/explore/locations/114255321168440/kyiv-ukraine/"
  },
  {
    "id": "334247410069822",
    "name": "Kyiv City",
    "city": "Kyiv",
    "url": "https://www.instagram.com/explore/locations/334247410069822/kyiv-city/"
  },
  {
    "id": "985437441601863",
    "name": "Hangover",
    "city": "Kyiv",
    "url": "https://www.instagram.com/explore/locations/985437441601863/hangover/"
  },
  {
    "id": "2714013005291085",
    "name": "Holy Burger",
    "city": "Kyiv",
    "url": "https://www.instagram.com/explore/locations/2714013005291085/holy-burger/"
  },
  {
    "id": "804257079623152",
    "name": "Національна оперета України / National Operetta of Ukraine",
    "city": "Kyiv",
    "url": "https://www.instagram.com/explore/locations/804257079623152/national-operetta-of-ukraine/"
  },
  {
    "id": "2142608596000202",
    "name": "ЦУМ Київ / TSUM Kyiv Department Store",
    "city": "Kyiv",
    "url": "https://www.instagram.com/explore/locations/2142608596000202/tsum-kyiv-department-store/"
  },
  {
    "id": "490400094625919",
    "name": "NĂM • Modern Vietnamese Cuisine",
    "city": "Kyiv",
    "url": "https://www.instagram.com/explore/locations/490400094625919/nam-modern-vietnamese-cuisine/"
  },
  {
    "id": "234784448",
    "name": "Hyatt Regency Kyiv",
    "city": "Kyiv",
    "url": "https://www.instagram.com/explore/locations/234784448/hyatt-regency-kyiv/"
  },
  {
    "id": "1135652049934041",
    "name": "Not Only Fish",
    "city": "Kyiv",
    "url": "https://www.instagram.com/explore/locations/1135652049934041/not-only-fish/"
  },
  {
    "id": "859469405",
    "name": "Bogomolets National Medical University",
    "city": "Kyiv",
    "url": "https://www.instagram.com/explore/locations/859469405/bogomolets-national-medical-university/"
  },
  {
    "id": "214328556",
    "name": "The Burger",
    "city": "Kyiv",
    "url": "https://www.instagram.com/explore/locations/214328556/the-burger/"
  },
  {
    "id": "382647038820870",
    "name": "Evropa Kiev",
    "city": "Kyiv",
    "url": "https://www.instagram.com/explore/locations/382647038820870/evropa-kiev/"
  },
  {
    "id": "268825531",
    "name": "Palats \"Ukrayina\"",
    "city": "Kyiv",
    "url": "https://www.instagram.com/explore/locations/268825531/palats-ukrayina/"
  },
  {
    "id": "673521039506337",
    "name": "My Kyiv City",
    "city": "Kyiv",
    "url": "https://www.instagram.com/explore/locations/673521039506337/my-kyiv-city/"
  },
  {
    "id": "1020408431",
    "name": "Par Bar",
    "city": "Kyiv",
    "url": "https://www.instagram.com/explore/locations/1020408431/par-bar/"
  },
  {
    "id": "824235756",
    "name": "Bassano Ristorante",
    "city": "Kyiv",
    "url": "https://www.instagram.com/explore/locations/824235756/bassano-ristorante/"
  },
  {
    "id": "279096786",
    "name": "ONE LOVE coffee",
    "city": "Kyiv",
    "url": "https://www.instagram.com/explore/locations/279096786/one-love-coffee/"
  },
  {
    "id": "101675565027914",
    "name": "044Cafe",
    "city": "Kyiv",
    "url": "https://www.instagram.com/explore/locations/101675565027914/044cafe/"
  },
  {
    "id": "280855828",
    "name": "Halkidiki, Greece",
    "city": "Kyiv",
    "url": "https://www.instagram.com/explore/locations/280855828/halkidiki-greece/"
  },
  {
    "id": "989383897916313",
    "name": "Fish&Pussycat Sushi Bar",
    "city": "Kyiv",
    "url": "https://www.instagram.com/explore/locations/989383897916313/fishpussycat-sushi-bar/"
  },
  {
    "id": "1032217992",
    "name": "ЖК \"София-Резиденсот Мартынова",
    "city": "Kyiv",
    "url": "https://www.instagram.com/explore/locations/1032217992/-/"
  },
  {
    "id": "254800601",
    "name": "Kreshatik Kyiv Center",
    "city": "Kyiv",
    "url": "https://www.instagram.com/explore/locations/254800601/kreshatik-kyiv-center/"
  },
  {
    "id": "626549180",
    "name": "Dogs & Tails",
    "city": "Kyiv",
    "url": "https://www.instagram.com/explore/locations/626549180/dogs-tails/"
  },
  {
    "id": "237157390",
    "name": "SENTRUM",
    "city": "Kyiv",
    "url": "https://www.instagram.com/explore/locations/237157390/sentrum/"
  },
  {
    "id": "1412160255597434",
    "name": "Blur Coffee",
    "city": "Kyiv",
    "url": "https://www.instagram.com/explore/locations/1412160255597434/blur-coffee/"
  },
  {
    "id": "645548678950588",
    "name": "Balmelli Casual Cafe",
    "city": "Kyiv",
    "url": "https://www.instagram.com/explore/locations/645548678950588/balmelli-casual-cafe/"
  },
  {
    "id": "1924630464289329",
    "name": "Золоті ворота / Golden Gate",
    "city": "Kyiv",
    "url": "https://www.instagram.com/explore/locations/1924630464289329/golden-gate/"
  },
  {
    "id": "500784786",
    "name": "Bessarabska Square",
    "city": "Kyiv",
    "url": "https://www.instagram.com/explore/locations/500784786/bessarabska-square/"
  },
  {
    "id": "1013978586",
    "name": "BEEF meat & wine",
    "city": "Kyiv",
    "url": "https://www.instagram.com/explore/locations/1013978586/beef-meat-wine/"
  },
  {
    "id": "381220079168228",
    "name": "Idealist Coffee",
    "city": "Kyiv",
    "url": "https://www.instagram.com/explore/locations/381220079168228/idealist-coffee/"
  },
  {
    "id": "449314858",
    "name": "Mandarin Plaza",
    "city": "Kyiv",
    "url": "https://www.instagram.com/explore/locations/449314858/mandarin-plaza/"
  },
  {
    "id": "1512975235693699",
    "name": "Ukraine is Freedom",
    "city": "Kyiv",
    "url": "https://www.instagram.com/explore/locations/1512975235693699/ukraine-is-freedom/"
  },
  {
    "id": "100618138090077",
    "name": "Like Time",
    "city": "Kyiv",
    "url": "https://www.instagram.com/explore/locations/100618138090077/like-time/"
  },
  {
    "id": "183918115737714",
    "name": "Origin Stage",
    "city": "Kyiv",
    "url": "https://www.instagram.com/explore/locations/183918115737714/origin-stage/"
  },
  {
    "id": "135237317187497",
    "name": "Normal Art Restaurant",
    "city": "Kyiv",
    "url": "https://www.instagram.com/explore/locations/135237317187497/normal-art-restaurant/"
  },
  {
    "id": "2220821768194721",
    "name": "Kiev Oblast",
    "city": "Kyiv",
    "url": "https://www.instagram.com/explore/locations/2220821768194721/kiev-oblast/"
  },
  {
    "id": "1988565314535309",
    "name": "100 років тому вперед",
    "city": "Kyiv",
    "url": "https://www.instagram.com/explore/locations/1988565314535309/100/"
  },
  {
    "id": "484750745239093",
    "name": "Olimpiyskiy Stadium",
    "city": "Kyiv",
    "url": "https://www.instagram.com/explore/locations/484750745239093/olimpiyskiy-stadium/"
  },
  {
    "id": "328084651250117",
    "name": "FIFTY CLUB",
    "city": "Kyiv",
    "url": "https://www.instagram.com/explore/locations/328084651250117/fifty-club/"
  },
  {
    "id": "254623510",
    "name": "Zoloti Vorota (Kiev Metro)",
    "city": "Kyiv",
    "url": "https://www.instagram.com/explore/locations/254623510/zoloti-vorota-kiev-metro/"
  },
  {
    "id": "614537535658181",
    "name": "Ukraine, Europe",
    "city": "Kyiv",
    "url": "https://www.instagram.com/explore/locations/614537535658181/ukraine-europe/"
  },
  {
    "id": "646714572173794",
    "name": "RockFellow 210 / TRAVA",
    "city": "Kyiv",
    "url": "https://www.instagram.com/explore/locations/646714572173794/rockfellow-210-trava/"
  },
  {
    "id": "334004600",
    "name": "Guliver Business Centre",
    "city": "Kyiv",
    "url": "https://www.instagram.com/explore/locations/334004600/guliver-business-centre/"
  },
  {
    "id": "250115664",
    "name": "President Hotel",
    "city": "Kyiv",
    "url": "https://www.instagram.com/explore/locations/250115664/president-hotel/"
  },
  {
    "id": "1016431009",
    "name": "Practice",
    "city": "Kyiv",
    "url": "https://www.instagram.com/explore/locations/1016431009/practice/"
  },
  {
    "id": "131217240804516",
    "name": "Lavina Mall",
    "city": "Kyiv",
    "url": "https://www.instagram.com/explore/locations/131217240804516/lavina-mall/"
  },
  {
    "id": "249760214",
    "name": "Maidan Nezalezhnosti (Kiev Metro)",
    "city": "Kyiv",
    "url": "https://www.instagram.com/explore/locations/249760214/maidan-nezalezhnosti-kiev-metro/"
  },
  {
    "id": "311515533",
    "name": "Famous",
    "city": "Kyiv",
    "url": "https://www.instagram.com/explore/locations/311515533/famous/"
  },
  {
    "id": "698102630",
    "name": "Buddha-bar Kyiv",
    "city": "Kyiv",
    "url": "https://www.instagram.com/explore/locations/698102630/buddha-bar-kyiv/"
  },
  {
    "id": "213991382",
    "name": "Serebro Restaurant And Music Bar",
    "city": "Kyiv",
    "url": "https://www.instagram.com/explore/locations/213991382/serebro-restaurant-and-music-bar/"
  },
  {
    "id": "1014136691",
    "name": "Музей Києва. Museum of Kyiv",
    "city": "Kyiv",
    "url": "https://www.instagram.com/explore/locations/1014136691/museum-of-kyiv/"
  },
  {
    "id": "110031437275403",
    "name": "Gulliver",
    "city": "Kyiv",
    "url": "https://www.instagram.com/explore/locations/110031437275403/gulliver/"
  },
  {
    "id": "1622460211187305",
    "name": "Passenger",
    "city": "Kyiv",
    "url": "https://www.instagram.com/explore/locations/1622460211187305/passenger/"
  },
  {
    "id": "1032829380",
    "name": "Loggerhead",
    "city": "Kyiv",
    "url": "https://www.instagram.com/explore/locations/1032829380/loggerhead/"
  },
  {
    "id": "484140414",
    "name": "The Bar",
    "city": "Kyiv",
    "url": "https://www.instagram.com/explore/locations/484140414/the-bar/"
  },
  {
    "id": "457122872",
    "name": "Premier Hotel Rus",
    "city": "Kyiv",
    "url": "https://www.instagram.com/explore/locations/457122872/premier-hotel-rus/"
  },
  {
    "id": "1157062387733966",
    "name": "Toronto-Kyiv",
    "city": "Kyiv",
    "url": "https://www.instagram.com/explore/locations/1157062387733966/toronto-kyiv/"
  },
  {
    "id": "232706007192904",
    "name": "Satori restaurant & bar",
    "city": "Kyiv",
    "url": "https://www.instagram.com/explore/locations/232706007192904/satori-restaurant-bar/"
  },
  {
    "id": "1873786532888577",
    "name": "Mur Mur",
    "city": "Kyiv",
    "url": "https://www.instagram.com/explore/locations/1873786532888577/mur-mur/"
  },
  {
    "id": "833622221",
    "name": "Alchemist Bar - Kyiv",
    "city": "Kyiv",
    "url": "https://www.instagram.com/explore/locations/833622221/alchemist-bar-kyiv/"
  },
  {
    "id": "113380870414432",
    "name": "Французский Квартал 2",
    "city": "Kyiv",
    "url": "https://www.instagram.com/explore/locations/113380870414432/2/"
  },
  {
    "id": "242495896",
    "name": "NO NAME",
    "city": "Kyiv",
    "url": "https://www.instagram.com/explore/locations/242495896/no-name/"
  },
  {
    "id": "234321204",
    "name": "M17 Contemporary Art Center",
    "city": "Kyiv",
    "url": "https://www.instagram.com/explore/locations/234321204/m17-contemporary-art-center/"
  },
  {
    "id": "110705881263161",
    "name": "Бути Sofie",
    "city": "Kyiv",
    "url": "https://www.instagram.com/explore/locations/110705881263161/sofie/"
  },
  {
    "id": "283605490",
    "name": "Arch of Diversity",
    "city": "Kyiv",
    "url": "https://www.instagram.com/explore/locations/283605490/arch-of-diversity/"
  },
  {
    "id": "143489332934274",
    "name": "Киев, Теремки 2",
    "city": "Kyiv",
    "url": "https://www.instagram.com/explore/locations/143489332934274/2/"
  },
  {
    "id": "1196199820461854",
    "name": "Зигзаг - Zigzag",
    "city": "Kyiv",
    "url": "https://www.instagram.com/explore/locations/1196199820461854/-zigzag/"
  },
  {
    "id": "111642633547774",
    "name": "Wine Love",
    "city": "Kyiv",
    "url": "https://www.instagram.com/explore/locations/111642633547774/wine-love/"
  },
  {
    "id": "1019125759",
    "name": "Under Wonder",
    "city": "Kyiv",
    "url": "https://www.instagram.com/explore/locations/1019125759/under-wonder/"
  },
  {
    "id": "1034287452",
    "name": "BARVY",
    "city": "Kyiv",
    "url": "https://www.instagram.com/explore/locations/1034287452/barvy/"
  },
  {
    "id": "235832523",
    "name": "MOCCO boutique restaurant",
    "city": "Kyiv",
    "url": "https://www.instagram.com/explore/locations/235832523/mocco-boutique-restaurant/"
  },
  {
    "id": "237879447",
    "name": "National Art Museum of Ukraine",
    "city": "Kyiv",
    "url": "https://www.instagram.com/explore/locations/237879447/national-art-museum-of-ukraine/"
  },
  {
    "id": "457093265019850",
    "name": "Mushlya Bar",
    "city": "Kyiv",
    "url": "https://www.instagram.com/explore/locations/457093265019850/mushlya-bar/"
  },
  {
    "id": "91756967",
    "name": "Роддом #7",
    "city": "Kyiv",
    "url": "https://www.instagram.com/explore/locations/91756967/7/"
  },
  {
    "id": "851534449",
    "name": "Squat 17b",
    "city": "Kyiv",
    "url": "https://www.instagram.com/explore/locations/851534449/squat-17b/"
  },
  {
    "id": "1031120858",
    "name": "JACK HOUSE",
    "city": "Kyiv",
    "url": "https://www.instagram.com/explore/locations/1031120858/jack-house/"
  },
  {
    "id": "1936893533261967",
    "name": "Kachorovska на Льва",
    "city": "Kyiv",
    "url": "https://www.instagram.com/explore/locations/1936893533261967/kachorovska/"
  },
  {
    "id": "1022229824",
    "name": "Royal Tower",
    "city": "Kyiv",
    "url": "https://www.instagram.com/explore/locations/1022229824/royal-tower/"
  },
  {
    "id": "312050157",
    "name": "Mr. ZUMA",
    "city": "Kyiv",
    "url": "https://www.instagram.com/explore/locations/312050157/mr-zuma/"
  },
  {
    "id": "1740900189455093",
    "name": "ZMIST",
    "city": "Kyiv",
    "url": "https://www.instagram.com/explore/locations/1740900189455093/zmist/"
  },
  {
    "id": "524678017",
    "name": "Новорiчна Ялинка",
    "city": "Kyiv",
    "url": "https://www.instagram.com/explore/locations/524678017/i/"
  },
  {
    "id": "865497903793244",
    "name": "Street-Style",
    "city": "Kyiv",
    "url": "https://www.instagram.com/explore/locations/865497903793244/street-style/"
  },
  {
    "id": "276240896224731",
    "name": "Musafir",
    "city": "Kyiv",
    "url": "https://www.instagram.com/explore/locations/276240896224731/musafir/"
  },
  {
    "id": "3098500",
    "name": "Touch cafe",
    "city": "Kyiv",
    "url": "https://www.instagram.com/explore/locations/3098500/touch-cafe/"
  },
  {
    "id": "1026205975",
    "name": "MOZGI Bar&Shop",
    "city": "Kyiv",
    "url": "https://www.instagram.com/explore/locations/1026205975/mozgi-barshop/"
  },
  {
    "id": "115128650616751",
    "name": "Kyiv City",
    "city": "Kyiv",
    "url": "https://www.instagram.com/explore/locations/115128650616751/kyiv-city/"
  },
  {
    "id": "436971670190385",
    "name": "Где-То В Бесконечности",
    "city": "Kyiv",
    "url": "https://www.instagram.com/explore/locations/436971670190385/-/"
  },
  {
    "id": "234781597",
    "name": "Olimpiyskiy Stadium, Kyiv",
    "city": "Kyiv",
    "url": "https://www.instagram.com/explore/locations/234781597/olimpiyskiy-stadium-kyiv/"
  },
  {
    "id": "105433007981819",
    "name": "Kyiv",
    "city": "Kyiv",
    "url": "https://www.instagram.com/explore/locations/105433007981819/kyiv/"
  },
  {
    "id": "343170822861853",
    "name": "Киев Тц Океан Плаза Антоновича 15",
    "city": "Kyiv",
    "url": "https://www.instagram.com/explore/locations/343170822861853/15/"
  },
  {
    "id": "503524917",
    "name": "October Palace",
    "city": "Kyiv",
    "url": "https://www.instagram.com/explore/locations/503524917/october-palace/"
  },
  {
    "id": "197807747482752",
    "name": "Dnipro River",
    "city": "Kyiv",
    "url": "https://www.instagram.com/explore/locations/197807747482752/dnipro-river/"
  },
  {
    "id": "393704314748679",
    "name": "Україна - наш дім.",
    "city": "Kyiv",
    "url": "https://www.instagram.com/explore/locations/393704314748679/-/"
  },
  {
    "id": "228751983",
    "name": "Олимпийский / Olimpiysky",
    "city": "Kyiv",
    "url": "https://www.instagram.com/explore/locations/228751983/olimpiysky/"
  },
  {
    "id": "839010822936523",
    "name": "Godz",
    "city": "Kyiv",
    "url": "https://www.instagram.com/explore/locations/839010822936523/godz/"
  },
  {
    "id": "245807795",
    "name": "Parovoz Speak Easy",
    "city": "Kyiv",
    "url": "https://www.instagram.com/explore/locations/245807795/parovoz-speak-easy/"
  },
  {
    "id": "230250358",
    "name": "Kiev - Center",
    "city": "Kyiv",
    "url": "https://www.instagram.com/explore/locations/230250358/kiev-center/"
  },
  {
    "id": "1032625593",
    "name": "ROJO OJO",
    "city": "Kyiv",
    "url": "https://www.instagram.com/explore/locations/1032625593/rojo-ojo/"
  },
  {
    "id": "213224039",
    "name": "Lesya Ukrainka National Academic Theater of Russian Drama",
    "city": "Kyiv",
    "url": "https://www.instagram.com/explore/locations/213224039/lesya-ukrainka-national-academic-theater-of-russian-drama/"
  },
  {
    "id": "110121027512890",
    "name": "Kim Kimchi Korean BBQ",
    "city": "Kyiv",
    "url": "https://www.instagram.com/explore/locations/110121027512890/kim-kimchi-korean-bbq/"
  },
  {
    "id": "223057898",
    "name": "LIFT",
    "city": "Kyiv",
    "url": "https://www.instagram.com/explore/locations/223057898/lift/"
  },
  {
    "id": "234413190",
    "name": "Leo: Cocktails&Tales",
    "city": "Kyiv",
    "url": "https://www.instagram.com/explore/locations/234413190/leo-cocktailstales/"
  },
  {
    "id": "1246303212158303",
    "name": "Kiev, Ukraine",
    "city": "Kyiv",
    "url": "https://www.instagram.com/explore/locations/1246303212158303/kiev-ukraine/"
  },
  {
    "id": "173413499520881",
    "name": "Національний науково-природничий музей НАН України",
    "city": "Kyiv",
    "url": "https://www.instagram.com/explore/locations/173413499520881/-/"
  },
  {
    "id": "1943721859230955",
    "name": "D Fleur Night Club",
    "city": "Kyiv",
    "url": "https://www.instagram.com/explore/locations/1943721859230955/d-fleur-night-club/"
  },
  {
    "id": "886429691479993",
    "name": "Музей Ханенкiв",
    "city": "Kyiv",
    "url": "https://www.instagram.com/explore/locations/886429691479993/i/"
  },
  {
    "id": "1038455342901085",
    "name": "MANDARIN MAISON",
    "city": "Kyiv",
    "url": "https://www.instagram.com/explore/locations/1038455342901085/mandarin-maison/"
  },
  {
    "id": "330377154476593",
    "name": "Где-То на Планете Земля",
    "city": "Kyiv",
    "url": "https://www.instagram.com/explore/locations/330377154476593/-/"
  },
  {
    "id": "100531161527840",
    "name": "Arena City Kyiv",
    "city": "Kyiv",
    "url": "https://www.instagram.com/explore/locations/100531161527840/arena-city-kyiv/"
  },
  {
    "id": "213010584",
    "name": "OK Bar",
    "city": "Kyiv",
    "url": "https://www.instagram.com/explore/locations/213010584/ok-bar/"
  },
  {
    "id": "224559207929666",
    "name": "Альтруіст #Alltrueeast",
    "city": "Kyiv",
    "url": "https://www.instagram.com/explore/locations/224559207929666/alltrueeast/"
  },
  {
    "id": "487442581781940",
    "name": "Позняки District",
    "city": "Kyiv",
    "url": "https://www.instagram.com/explore/locations/487442581781940/district/"
  },
  {
    "id": "1019319500",
    "name": "Где-То в пути",
    "city": "Kyiv",
    "url": "https://www.instagram.com/explore/locations/1019319500/-/"
  },
  {
    "id": "1020046254",
    "name": "Lucky Restaurant Vinoteque",
    "city": "Kyiv",
    "url": "https://www.instagram.com/explore/locations/1020046254/lucky-restaurant-vinoteque/"
  },
  {
    "id": "595865057506226",
    "name": "ZMIST Klovska",
    "city": "Kyiv",
    "url": "https://www.instagram.com/explore/locations/595865057506226/zmist-klovska/"
  },
  {
    "id": "475475193220355",
    "name": "Где-То Во Вселенной",
    "city": "Kyiv",
    "url": "https://www.instagram.com/explore/locations/475475193220355/-/"
  },
  {
    "id": "169506527307369",
    "name": "Театр ім. Івана Франка / Ivan Franko Theater",
    "city": "Kyiv",
    "url": "https://www.instagram.com/explore/locations/169506527307369/ivan-franko-theater/"
  },
  {
    "id": "279769142",
    "name": "Ресторан SANPAOLO",
    "city": "Kyiv",
    "url": "https://www.instagram.com/explore/locations/279769142/sanpaolo/"
  },
  {
    "id": "611784185",
    "name": "National Opera Of Ukraine - Smiley Kyiv",
    "city": "Kyiv",
    "url": "https://www.instagram.com/explore/locations/611784185/national-opera-of-ukraine-smiley-kyiv/"
  },
  {
    "id": "426645163",
    "name": "SANAHUNT",
    "city": "Kyiv",
    "url": "https://www.instagram.com/explore/locations/426645163/sanahunt/"
  },
  {
    "id": "403375830396402",
    "name": "Spicy NoSpicy",
    "city": "Kyiv",
    "url": "https://www.instagram.com/explore/locations/403375830396402/spicy-nospicy/"
  },
  {
    "id": "327161364675197",
    "name": "Как-то так",
    "city": "Kyiv",
    "url": "https://www.instagram.com/explore/locations/327161364675197/-/"
  },
  {
    "id": "274713485",
    "name": "National Philharmonic of Ukraine",
    "city": "Kyiv",
    "url": "https://www.instagram.com/explore/locations/274713485/national-philharmonic-of-ukraine/"
  },
  {
    "id": "241416244",
    "name": "Parus Business Centre",
    "city": "Kyiv",
    "url": "https://www.instagram.com/explore/locations/241416244/parus-business-centre/"
  },
  {
    "id": "215996606",
    "name": "BODYART FITNESS",
    "city": "Kyiv",
    "url": "https://www.instagram.com/explore/locations/215996606/bodyart-fitness/"
  },
  {
    "id": "104520068127268",
    "name": "Autumn mood",
    "city": "Kyiv",
    "url": "https://www.instagram.com/explore/locations/104520068127268/autumn-mood/"
  },
  {
    "id": "262311433",
    "name": "Olimpiiska",
    "city": "Kyiv",
    "url": "https://www.instagram.com/explore/locations/262311433/olimpiiska/"
  },
  {
    "id": "793710484",
    "name": "Зоопарк \"12 Месяцев\"",
    "city": "Kyiv",
    "url": "https://www.instagram.com/explore/locations/793710484/12/"
  },
  {
    "id": "525551440980065",
    "name": "Кафе Fandom",
    "city": "Kyiv",
    "url": "https://www.instagram.com/explore/locations/525551440980065/fandom/"
  },
  {
    "id": "516555725192918",
    "name": "Saperavi",
    "city": "Kyiv",
    "url": "https://www.instagram.com/explore/locations/516555725192918/saperavi/"
  },
  {
    "id": "712429695547137",
    "name": "Київська міська державна адміністрація - КМДА",
    "city": "Kyiv",
    "url": "https://www.instagram.com/explore/locations/712429695547137/-/"
  },
  {
    "id": "1606729596137152",
    "name": "НСК «Олімпійський» / Olimpiyskiy Stadium",
    "city": "Kyiv",
    "url": "https://www.instagram.com/explore/locations/1606729596137152/olimpiyskiy-stadium/"
  },
  {
    "id": "109807640847964",
    "name": "Follower Kyiv",
    "city": "Kyiv",
    "url": "https://www.instagram.com/explore/locations/109807640847964/follower-kyiv/"
  },
  {
    "id": "1807247129514478",
    "name": "Madame Josy",
    "city": "Kyiv",
    "url": "https://www.instagram.com/explore/locations/1807247129514478/madame-josy/"
  },
  {
    "id": "134096993310300",
    "name": "Ukrainian Fashion Week",
    "city": "Kyiv",
    "url": "https://www.instagram.com/explore/locations/134096993310300/ukrainian-fashion-week/"
  },
  {
    "id": "136355516",
    "name": "La Veranda Kyiv",
    "city": "Kyiv",
    "url": "https://www.instagram.com/explore/locations/136355516/la-veranda-kyiv/"
  },
  {
    "id": "214936070",
    "name": "Heaven club",
    "city": "Kyiv",
    "url": "https://www.instagram.com/explore/locations/214936070/heaven-club/"
  },
  {
    "id": "290006959",
    "name": "Irpen, Kiev",
    "city": "Kyiv",
    "url": "https://www.instagram.com/explore/locations/290006959/irpen-kiev/"
  },
  {
    "id": "1736334763314592",
    "name": "Tolstiy&Tonkiy / Толстый и Тонкий",
    "city": "Kyiv",
    "url": "https://www.instagram.com/explore/locations/1736334763314592/tolstiytonkiy/"
  },
  {
    "id": "1568379576526417",
    "name": "Brave! Factory Festival",
    "city": "Kyiv",
    "url": "https://www.instagram.com/explore/locations/1568379576526417/brave-factory-festival/"
  },
  {
    "id": "112821861838811",
    "name": "Readeat",
    "city": "Kyiv",
    "url": "https://www.instagram.com/explore/locations/112821861838811/readeat/"
  },
  {
    "id": "230182584",
    "name": "Мвц - Броварской Проспект",
    "city": "Kyiv",
    "url": "https://www.instagram.com/explore/locations/230182584/-/"
  },
  {
    "id": "247643845",
    "name": "Одесса Ibiza",
    "city": "Kyiv",
    "url": "https://www.instagram.com/explore/locations/247643845/ibiza/"
  },
  {
    "id": "328721957",
    "name": "Карпати відпочинок, Карпаты отдых, Karpatian relax",
    "city": "Kyiv",
    "url": "https://www.instagram.com/explore/locations/328721957/karpatian-relax/"
  },
  {
    "id": "250443775625704",
    "name": "Artarea",
    "city": "Kyiv",
    "url": "https://www.instagram.com/explore/locations/250443775625704/artarea/"
  },
  {
    "id": "101558628172068",
    "name": "Odessa",
    "city": "Kyiv",
    "url": "https://www.instagram.com/explore/locations/101558628172068/odessa/"
  },
  {
    "id": "1028344488",
    "name": "Kiyv",
    "city": "Kyiv",
    "url": "https://www.instagram.com/explore/locations/1028344488/kiyv/"
  },
  {
    "id": "1014301557",
    "name": "Buena Vista Social Bar",
    "city": "Kyiv",
    "url": "https://www.instagram.com/explore/locations/1014301557/buena-vista-social-bar/"
  },
  {
    "id": "348412382",
    "name": "Батьківщина-Мати, Kiev",
    "city": "Kyiv",
    "url": "https://www.instagram.com/explore/locations/348412382/-kiev/"
  },
  {
    "id": "244808636215683",
    "name": "Где-То На Краю Света",
    "city": "Kyiv",
    "url": "https://www.instagram.com/explore/locations/244808636215683/-/"
  },
  {
    "id": "105557587720009",
    "name": "Fairytale",
    "city": "Kyiv",
    "url": "https://www.instagram.com/explore/locations/105557587720009/fairytale/"
  },
  {
    "id": "267505466977758",
    "name": "Бьюти-коворкинг Y O U R S P A C E",
    "city": "Kyiv",
    "url": "https://www.instagram.com/explore/locations/267505466977758/-y-o-u-r-s-p-a-c-e/"
  },
  {
    "id": "1014465183",
    "name": "Très Français-дуже по-французьки",
    "city": "Kyiv",
    "url": "https://www.instagram.com/explore/locations/1014465183/tres-francais-/"
  },
  {
    "id": "100773055105779",
    "name": "Sky Loft Hotel Kyiv by Rixwell International",
    "city": "Kyiv",
    "url": "https://www.instagram.com/explore/locations/100773055105779/sky-loft-hotel-kyiv-by-rixwell-international/"
  },
  {
    "id": "234850038",
    "name": "Valeriy Lobanovskyi Dynamo Stadium",
    "city": "Kyiv",
    "url": "https://www.instagram.com/explore/locations/234850038/valeriy-lobanovskyi-dynamo-stadium/"
  },
  {
    "id": "923960193",
    "name": "KO&KO bar",
    "city": "Kyiv",
    "url": "https://www.instagram.com/explore/locations/923960193/koko-bar/"
  },
  {
    "id": "645701221",
    "name": "Eclair Little Artwork",
    "city": "Kyiv",
    "url": "https://www.instagram.com/explore/locations/645701221/eclair-little-artwork/"
  },
  {
    "id": "2307172765994215",
    "name": "Adelle",
    "city": "Kyiv",
    "url": "https://www.instagram.com/explore/locations/2307172765994215/adelle/"
  },
  {
    "id": "2367226010267335",
    "name": "Harvest",
    "city": "Kyiv",
    "url": "https://www.instagram.com/explore/locations/2367226010267335/harvest/"
  },
  {
    "id": "264846670534934",
    "name": "Mama Manana",
    "city": "Kyiv",
    "url": "https://www.instagram.com/explore/locations/264846670534934/mama-manana/"
  },
  {
    "id": "144392959568441",
    "name": "Kyiv Taras Schevchenko Park",
    "city": "Kyiv",
    "url": "https://www.instagram.com/explore/locations/144392959568441/kyiv-taras-schevchenko-park/"
  },
  {
    "id": "1017808641",
    "name": "Grand Hall Khreschatyk",
    "city": "Kyiv",
    "url": "https://www.instagram.com/explore/locations/1017808641/grand-hall-khreschatyk/"
  },
  {
    "id": "426616304561573",
    "name": "Пешеходный Мост Владимирская горка - Крещатый парк",
    "city": "Kyiv",
    "url": "https://www.instagram.com/explore/locations/426616304561573/-/"
  },
  {
    "id": "100117468905236",
    "name": "Kyiv",
    "city": "Kyiv",
    "url": "https://www.instagram.com/explore/locations/100117468905236/kyiv/"
  },
  {
    "id": "103548832393243",
    "name": "GNRTR Coworking",
    "city": "Kyiv",
    "url": "https://www.instagram.com/explore/locations/103548832393243/gnrtr-coworking/"
  },
  {
    "id": "519341510",
    "name": "Petro Tchaikovsky National Music Academy of Ukraine",
    "city": "Kyiv",
    "url": "https://www.instagram.com/explore/locations/519341510/petro-tchaikovsky-national-music-academy-of-ukraine/"
  },
  {
    "id": "1925125244444444",
    "name": "Бізнес-центр «Торонто»",
    "city": "Kyiv",
    "url": "https://www.instagram.com/explore/locations/1925125244444444/-/"
  },
  {
    "id": "270726159",
    "name": "Kiev Khreshatik Maydan",
    "city": "Kyiv",
    "url": "https://www.instagram.com/explore/locations/270726159/kiev-khreshatik-maydan/"
  },
  {
    "id": "274400658",
    "name": "National Opera of Ukraine",
    "city": "Kyiv",
    "url": "https://www.instagram.com/explore/locations/274400658/national-opera-of-ukraine/"
  },
  {
    "id": "222763121",
    "name": "Нацiональний музей «Київська картинна галерея»",
    "city": "Kyiv",
    "url": "https://www.instagram.com/explore/locations/222763121/i/"
  },
  {
    "id": "153931055261927",
    "name": "ONE LOVE coffee",
    "city": "Kyiv",
    "url": "https://www.instagram.com/explore/locations/153931055261927/one-love-coffee/"
  },
  {
    "id": "1276012919172729",
    "name": "Конча-Заспа",
    "city": "Kyiv",
    "url": "https://www.instagram.com/explore/locations/1276012919172729/-/"
  },
  {
    "id": "215826880",
    "name": "Mercato Italiano",
    "city": "Kyiv",
    "url": "https://www.instagram.com/explore/locations/215826880/mercato-italiano/"
  },
  {
    "id": "420395805",
    "name": "The Blue Cup coffee shop",
    "city": "Kyiv",
    "url": "https://www.instagram.com/explore/locations/420395805/the-blue-cup-coffee-shop/"
  },
  {
    "id": "498975822",
    "name": "Ресторан WHISKY CORNER",
    "city": "Kyiv",
    "url": "https://www.instagram.com/explore/locations/498975822/whisky-corner/"
  },
  {
    "id": "360117017832702",
    "name": "16.coffee",
    "city": "Kyiv",
    "url": "https://www.instagram.com/explore/locations/360117017832702/16coffee/"
  },
  {
    "id": "3567840",
    "name": "Arka Kyiv",
    "city": "Kyiv",
    "url": "https://www.instagram.com/explore/locations/3567840/arka-kyiv/"
  },
  {
    "id": "741111633",
    "name": "Ukrayna Kiew",
    "city": "Kyiv",
    "url": "https://www.instagram.com/explore/locations/741111633/ukrayna-kiew/"
  },
  {
    "id": "512206509",
    "name": "Шри-Ланка, Хикадува",
    "city": "Kyiv",
    "url": "https://www.instagram.com/explore/locations/512206509/-/"
  },
  {
    "id": "297060784369626",
    "name": "Dnepr",
    "city": "Kyiv",
    "url": "https://www.instagram.com/explore/locations/297060784369626/dnepr/"
  },
  {
    "id": "111708164306323",
    "name": "КИЇВ - ЦЕ МИ",
    "city": "Kyiv",
    "url": "https://www.instagram.com/explore/locations/111708164306323/-/"
  },
  {
    "id": "100882711489403",
    "name": "PMHUB",
    "city": "Kyiv",
    "url": "https://www.instagram.com/explore/locations/100882711489403/pmhub/"
  },
  {
    "id": "301716067383201",
    "name": "Hayat Regency",
    "city": "Kyiv",
    "url": "https://www.instagram.com/explore/locations/301716067383201/hayat-regency/"
  },
  {
    "id": "267268210068118",
    "name": "HAIRHOUSE",
    "city": "Kyiv",
    "url": "https://www.instagram.com/explore/locations/267268210068118/hairhouse/"
  },
  {
    "id": "1024925756",
    "name": "Zara",
    "city": "Kyiv",
    "url": "https://www.instagram.com/explore/locations/1024925756/zara/"
  },
  {
    "id": "541579833036793",
    "name": "Sobiclub",
    "city": "Kyiv",
    "url": "https://www.instagram.com/explore/locations/541579833036793/sobiclub/"
  },
  {
    "id": "277979743",
    "name": "Kiev Academic Puppet Theatre",
    "city": "Kyiv",
    "url": "https://www.instagram.com/explore/locations/277979743/kiev-academic-puppet-theatre/"
  },
  {
    "id": "100519408436450",
    "name": "St. Sophia Cathedral Kyiv",
    "city": "Kyiv",
    "url": "https://www.instagram.com/explore/locations/100519408436450/st-sophia-cathedral-kyiv/"
  },
  {
    "id": "1849968115274696",
    "name": "Urban Space 500",
    "city": "Kyiv",
    "url": "https://www.instagram.com/explore/locations/1849968115274696/urban-space-500/"
  },
  {
    "id": "113153763474995",
    "name": "Mushlya Cafe",
    "city": "Kyiv",
    "url": "https://www.instagram.com/explore/locations/113153763474995/mushlya-cafe/"
  },
  {
    "id": "320863663",
    "name": "BIMBO кава & more",
    "city": "Kyiv",
    "url": "https://www.instagram.com/explore/locations/320863663/bimbo-more/"
  },
  {
    "id": "101583871548531",
    "name": "Takava Coffee-Buffet",
    "city": "Kyiv",
    "url": "https://www.instagram.com/explore/locations/101583871548531/takava-coffee-buffet/"
  },
  {
    "id": "423637168047151",
    "name": "BKS.kyiv",
    "city": "Kyiv",
    "url": "https://www.instagram.com/explore/locations/423637168047151/bkskyiv/"
  },
  {
    "id": "326370401031977",
    "name": "Suluguni",
    "city": "Kyiv",
    "url": "https://www.instagram.com/explore/locations/326370401031977/suluguni/"
  },
  {
    "id": "2200455596849662",
    "name": "Nakshathra's Diary",
    "city": "Kyiv",
    "url": "https://www.instagram.com/explore/locations/2200455596849662/nakshathras-diary/"
  },
  {
    "id": "424485494580429",
    "name": "Very well cafe kyiv Gorodetskaja str",
    "city": "Kyiv",
    "url": "https://www.instagram.com/explore/locations/424485494580429/very-well-cafe-kyiv-gorodetskaja-str/"
  },
  {
    "id": "2073907839315017",
    "name": "Софійський собор / Saint Sophia Cathedral",
    "city": "Kyiv",
    "url": "https://www.instagram.com/explore/locations/2073907839315017/saint-sophia-cathedral/"
  },
  {
    "id": "241351680",
    "name": "Mercedes-Benz FashionWeek Kiev",
    "city": "Kyiv",
    "url": "https://www.instagram.com/explore/locations/241351680/mercedes-benz-fashionweek-kiev/"
  },
  {
    "id": "3114442",
    "name": "\"Палац спорту(Sport palace)",
    "city": "Kyiv",
    "url": "https://www.instagram.com/explore/locations/3114442/sport-palace/"
  },
  {
    "id": "240491384",
    "name": "Leonardo Business Center",
    "city": "Kyiv",
    "url": "https://www.instagram.com/explore/locations/240491384/leonardo-business-center/"
  },
  {
    "id": "434827389",
    "name": "Skyline",
    "city": "Kyiv",
    "url": "https://www.instagram.com/explore/locations/434827389/skyline/"
  },
  {
    "id": "2150641885017840",
    "name": "Не там где Хотелось-Бы",
    "city": "Kyiv",
    "url": "https://www.instagram.com/explore/locations/2150641885017840/-/"
  },
  {
    "id": "471136443673324",
    "name": "FORMA 2",
    "city": "Kyiv",
    "url": "https://www.instagram.com/explore/locations/471136443673324/forma-2/"
  },
  {
    "id": "108141410562096",
    "name": "Taras Shevchenko National University of Kyiv",
    "city": "Kyiv",
    "url": "https://www.instagram.com/explore/locations/108141410562096/taras-shevchenko-national-university-of-kyiv/"
  },
  {
    "id": "102778448868594",
    "name": "Milk Bar",
    "city": "Kyiv",
    "url": "https://www.instagram.com/explore/locations/102778448868594/milk-bar/"
  },
  {
    "id": "101407598244829",
    "name": "Kyiv, Ukraine",
    "city": "Kyiv",
    "url": "https://www.instagram.com/explore/locations/101407598244829/kyiv-ukraine/"
  },
  {
    "id": "111035434079204",
    "name": "Musafir",
    "city": "Kyiv",
    "url": "https://www.instagram.com/explore/locations/111035434079204/musafir/"
  },
  {
    "id": "1022526261",
    "name": "L sektor TRX training club",
    "city": "Kyiv",
    "url": "https://www.instagram.com/explore/locations/1022526261/l-sektor-trx-training-club/"
  },
  {
    "id": "501925179",
    "name": "National University of Physical Education and Sport of Ukraine",
    "city": "Kyiv",
    "url": "https://www.instagram.com/explore/locations/501925179/national-university-of-physical-education-and-sport-of-ukraine/"
  },
  {
    "id": "504238236",
    "name": "Sofiyivska Square, Kyiv",
    "city": "Kyiv",
    "url": "https://www.instagram.com/explore/locations/504238236/sofiyivska-square-kyiv/"
  },
  {
    "id": "337392065",
    "name": "Jaguar Lounge",
    "city": "Kyiv",
    "url": "https://www.instagram.com/explore/locations/337392065/jaguar-lounge/"
  },
  {
    "id": "266234305",
    "name": "Khreshchatyk (Kiev Metro)",
    "city": "Kyiv",
    "url": "https://www.instagram.com/explore/locations/266234305/khreshchatyk-kiev-metro/"
  },
  {
    "id": "227892478",
    "name": "Guliver",
    "city": "Kyiv",
    "url": "https://www.instagram.com/explore/locations/227892478/guliver/"
  },
  {
    "id": "1003651240",
    "name": "Hotel Khreschatyk",
    "city": "Kyiv",
    "url": "https://www.instagram.com/explore/locations/1003651240/hotel-khreschatyk/"
  },
  {
    "id": "439363816440720",
    "name": "Турагентство \"Tour My Dream\"",
    "city": "Kyiv",
    "url": "https://www.instagram.com/explore/locations/439363816440720/tour-my-dream/"
  },
  {
    "id": "286881185324177",
    "name": "Ukraїne",
    "city": "Kyiv",
    "url": "https://www.instagram.com/explore/locations/286881185324177/ukrane/"
  },
  {
    "id": "110620734103862",
    "name": "Food Couture",
    "city": "Kyiv",
    "url": "https://www.instagram.com/explore/locations/110620734103862/food-couture/"
  },
  {
    "id": "235481193",
    "name": "Kiev Planetarium",
    "city": "Kyiv",
    "url": "https://www.instagram.com/explore/locations/235481193/kiev-planetarium/"
  },
  {
    "id": "344510614161",
    "name": "Музей Ханенків. The Khanenko Museum",
    "city": "Kyiv",
    "url": "https://www.instagram.com/explore/locations/344510614161/the-khanenko-museum/"
  },
  {
    "id": "443954069361335",
    "name": "NSC Olympiyski",
    "city": "Kyiv",
    "url": "https://www.instagram.com/explore/locations/443954069361335/nsc-olympiyski/"
  },
  {
    "id": "338591975",
    "name": "PESTO CAFE",
    "city": "Kyiv",
    "url": "https://www.instagram.com/explore/locations/338591975/pesto-cafe/"
  },
  {
    "id": "385868646",
    "name": "Olimpiyskiy National Sports Complex",
    "city": "Kyiv",
    "url": "https://www.instagram.com/explore/locations/385868646/olimpiyskiy-national-sports-complex/"
  },
  {
    "id": "119889882733995",
    "name": "Full Bar",
    "city": "Kyiv",
    "url": "https://www.instagram.com/explore/locations/119889882733995/full-bar/"
  },
  {
    "id": "101696011240537",
    "name": "GOLDA music/bistro",
    "city": "Kyiv",
    "url": "https://www.instagram.com/explore/locations/101696011240537/golda-musicbistro/"
  },
  {
    "id": "2065002170233276",
    "name": "Georgia Джорджия - Киев",
    "city": "Kyiv",
    "url": "https://www.instagram.com/explore/locations/2065002170233276/georgia-/"
  },
  {
    "id": "111761584288874",
    "name": "Sport Club DOG - Печерськ",
    "city": "Kyiv",
    "url": "https://www.instagram.com/explore/locations/111761584288874/sport-club-dog-/"
  },
  {
    "id": "251516116",
    "name": "Ай-Петри",
    "city": "Kyiv",
    "url": "https://www.instagram.com/explore/locations/251516116/-/"
  },
  {
    "id": "100119298488916",
    "name": "INVERIA event space",
    "city": "Kyiv",
    "url": "https://www.instagram.com/explore/locations/100119298488916/inveria-event-space/"
  },
  {
    "id": "245172112544788",
    "name": "Траса Київ-Одеса",
    "city": "Kyiv",
    "url": "https://www.instagram.com/explore/locations/245172112544788/-/"
  },
  {
    "id": "2222042481370865",
    "name": "Пасаж / Passage",
    "city": "Kyiv",
    "url": "https://www.instagram.com/explore/locations/2222042481370865/passage/"
  },
  {
    "id": "417150408860859",
    "name": "Takava Coffee-Buffet",
    "city": "Kyiv",
    "url": "https://www.instagram.com/explore/locations/417150408860859/takava-coffee-buffet/"
  },
  {
    "id": "1244222052347681",
    "name": "Ukrania",
    "city": "Kyiv",
    "url": "https://www.instagram.com/explore/locations/1244222052347681/ukrania/"
  },
  {
    "id": "420387950",
    "name": "Vapiano Kyiv",
    "city": "Kyiv",
    "url": "https://www.instagram.com/explore/locations/420387950/vapiano-kyiv/"
  },
  {
    "id": "341240033349793",
    "name": "The Journalist",
    "city": "Kyiv",
    "url": "https://www.instagram.com/explore/locations/341240033349793/the-journalist/"
  },
  {
    "id": "370282154",
    "name": "Hotel Ukraine",
    "city": "Kyiv",
    "url": "https://www.instagram.com/explore/locations/370282154/hotel-ukraine/"
  },
  {
    "id": "111092931756977",
    "name": "ZMIST Palace Ukraine",
    "city": "Kyiv",
    "url": "https://www.instagram.com/explore/locations/111092931756977/zmist-palace-ukraine/"
  },
  {
    "id": "111257858690302",
    "name": "HRAM",
    "city": "Kyiv",
    "url": "https://www.instagram.com/explore/locations/111257858690302/hram/"
  },
  {
    "id": "100116971722650",
    "name": "Kiev",
    "city": "Kyiv",
    "url": "https://www.instagram.com/explore/locations/100116971722650/kiev/"
  },
  {
    "id": "377947245600003",
    "name": "Atmosfera Restaurant",
    "city": "Kyiv",
    "url": "https://www.instagram.com/explore/locations/377947245600003/atmosfera-restaurant/"
  },
  {
    "id": "234756772",
    "name": "Teatralna",
    "city": "Kyiv",
    "url": "https://www.instagram.com/explore/locations/234756772/teatralna/"
  },
  {
    "id": "264767513",
    "name": "Palats Sportu (Kiev Metro)",
    "city": "Kyiv",
    "url": "https://www.instagram.com/explore/locations/264767513/palats-sportu-kiev-metro/"
  },
  {
    "id": "388191291",
    "name": "Bankova Street",
    "city": "Kyiv",
    "url": "https://www.instagram.com/explore/locations/388191291/bankova-street/"
  },
  {
    "id": "732063274175441",
    "name": "Apollo Next",
    "city": "Kyiv",
    "url": "https://www.instagram.com/explore/locations/732063274175441/apollo-next/"
  },
  {
    "id": "1028234697",
    "name": "Black Market Restaurant",
    "city": "Kyiv",
    "url": "https://www.instagram.com/explore/locations/1028234697/black-market-restaurant/"
  },
  {
    "id": "215678140",
    "name": "Alfavito Hotel Kyiv",
    "city": "Kyiv",
    "url": "https://www.instagram.com/explore/locations/215678140/alfavito-hotel-kyiv/"
  },
  {
    "id": "137231329694916",
    "name": "Бочка PUB",
    "city": "Kyiv",
    "url": "https://www.instagram.com/explore/locations/137231329694916/pub/"
  },
  {
    "id": "1029594009",
    "name": "GRASS",
    "city": "Kyiv",
    "url": "https://www.instagram.com/explore/locations/1029594009/grass/"
  },
  {
    "id": "158749281468194",
    "name": "Kyiv Oblast",
    "city": "Kyiv",
    "url": "https://www.instagram.com/explore/locations/158749281468194/kyiv-oblast/"
  },
  {
    "id": "1015583793",
    "name": "O. Gorod. Ресторан твоего города",
    "city": "Kyiv",
    "url": "https://www.instagram.com/explore/locations/1015583793/o-gorod/"
  },
  {
    "id": "105349718908022",
    "name": "PAUL Ukraine official",
    "city": "Kyiv",
    "url": "https://www.instagram.com/explore/locations/105349718908022/paul-ukraine-official/"
  },
  {
    "id": "423187842",
    "name": "Kiev Academic Youth Theatre",
    "city": "Kyiv",
    "url": "https://www.instagram.com/explore/locations/423187842/kiev-academic-youth-theatre/"
  },
  {
    "id": "1028786263",
    "name": "N::B Cocktails Bar",
    "city": "Kyiv",
    "url": "https://www.instagram.com/explore/locations/1028786263/nb-cocktails-bar/"
  },
  {
    "id": "111972836178270",
    "name": "Home",
    "city": "Kyiv",
    "url": "https://www.instagram.com/explore/locations/111972836178270/home/"
  },
  {
    "id": "994732024",
    "name": "MAFIA Україна",
    "city": "Kyiv",
    "url": "https://www.instagram.com/explore/locations/994732024/mafia/"
  },
  {
    "id": "382859952359391",
    "name": "Kiev, Ukraine",
    "city": "Kyiv",
    "url": "https://www.instagram.com/explore/locations/382859952359391/kiev-ukraine/"
  },
  {
    "id": "242421826",
    "name": "Nsk Olimpiyskiy - Kiev",
    "city": "Kyiv",
    "url": "https://www.instagram.com/explore/locations/242421826/nsk-olimpiyskiy-kiev/"
  },
  {
    "id": "1260717783946819",
    "name": "KebabDash-КебабДаш",
    "city": "Kyiv",
    "url": "https://www.instagram.com/explore/locations/1260717783946819/kebabdash-/"
  },
  {
    "id": "157714941566934",
    "name": "Arthouse Kiev",
    "city": "Kyiv",
    "url": "https://www.instagram.com/explore/locations/157714941566934/arthouse-kiev/"
  },
  {
    "id": "107312113960169",
    "name": "Бизнес-центр «Олимпийский»",
    "city": "Kyiv",
    "url": "https://www.instagram.com/explore/locations/107312113960169/-/"
  },
  {
    "id": "505069437",
    "name": "European Square",
    "city": "Kyiv",
    "url": "https://www.instagram.com/explore/locations/505069437/european-square/"
  },
  {
    "id": "136220903657791",
    "name": "Le Silpo",
    "city": "Kyiv",
    "url": "https://www.instagram.com/explore/locations/136220903657791/le-silpo/"
  },
  {
    "id": "370094123833392",
    "name": "Odessa Restaurant",
    "city": "Kyiv",
    "url": "https://www.instagram.com/explore/locations/370094123833392/odessa-restaurant/"
  },
  {
    "id": "227258190",
    "name": "b-hush lounge bar",
    "city": "Kyiv",
    "url": "https://www.instagram.com/explore/locations/227258190/b-hush-lounge-bar/"
  },
  {
    "id": "104695761311399",
    "name": "Авто-цон",
    "city": "Kyiv",
    "url": "https://www.instagram.com/explore/locations/104695761311399/-/"
  },
  {
    "id": "1572956236326477",
    "name": "Mister Cat Pizza",
    "city": "Kyiv",
    "url": "https://www.instagram.com/explore/locations/1572956236326477/mister-cat-pizza/"
  },
  {
    "id": "452762875143658",
    "name": "Kiev Pechersk Lavra, Unesco World Heritage Site",
    "city": "Kyiv",
    "url": "https://www.instagram.com/explore/locations/452762875143658/kiev-pechersk-lavra-unesco-world-heritage-site/"
  },
  {
    "id": "107423831424595",
    "name": "GHOST",
    "city": "Kyiv",
    "url": "https://www.instagram.com/explore/locations/107423831424595/ghost/"
  },
  {
    "id": "252260368980150",
    "name": "Arena Entertainment / Arena City",
    "city": "Kyiv",
    "url": "https://www.instagram.com/explore/locations/252260368980150/arena-entertainment-arena-city/"
  },
  {
    "id": "1023619662",
    "name": "G.BAR mini",
    "city": "Kyiv",
    "url": "https://www.instagram.com/explore/locations/1023619662/gbar-mini/"
  },
  {
    "id": "1265483253627266",
    "name": "Independence Square Kiev",
    "city": "Kyiv",
    "url": "https://www.instagram.com/explore/locations/1265483253627266/independence-square-kiev/"
  },
  {
    "id": "213151972",
    "name": "PinchukArtCentre",
    "city": "Kyiv",
    "url": "https://www.instagram.com/explore/locations/213151972/pinchukartcentre/"
  },
  {
    "id": "136493076908410",
    "name": "Stoner Bar",
    "city": "Kyiv",
    "url": "https://www.instagram.com/explore/locations/136493076908410/stoner-bar/"
  },
  {
    "id": "271411997",
    "name": "Himalaya Restaurant / Ресторан \"Гімалаї\"",
    "city": "Kyiv",
    "url": "https://www.instagram.com/explore/locations/271411997/himalaya-restaurant/"
  },
  {
    "id": "294574134351215",
    "name": "Пинчук Арт-Центр",
    "city": "Kyiv",
    "url": "https://www.instagram.com/explore/locations/294574134351215/-/"
  },
  {
    "id": "644846569462987",
    "name": "Khmel",
    "city": "Kyiv",
    "url": "https://www.instagram.com/explore/locations/644846569462987/khmel/"
  },
  {
    "id": "273961725",
    "name": "Кафе Даш - Cafe Dash",
    "city": "Kyiv",
    "url": "https://www.instagram.com/explore/locations/273961725/-cafe-dash/"
  },
  {
    "id": "673860703",
    "name": "Klitschko Expo",
    "city": "Kyiv",
    "url": "https://www.instagram.com/explore/locations/673860703/klitschko-expo/"
  },
  {
    "id": "219117201",
    "name": "Kiev, Obolon District by the Dnepr",
    "city": "Kyiv",
    "url": "https://www.instagram.com/explore/locations/219117201/kiev-obolon-district-by-the-dnepr/"
  },
  {
    "id": "103840802021668",
    "name": "Winter Gardens Dance Academy",
    "city": "Kyiv",
    "url": "https://www.instagram.com/explore/locations/103840802021668/winter-gardens-dance-academy/"
  },
  {
    "id": "9854161",
    "name": "Louis Vuitton",
    "city": "Kyiv",
    "url": "https://www.instagram.com/explore/locations/9854161/louis-vuitton/"
  },
  {
    "id": "303694363323135",
    "name": "Dr.Antonenko Beauty&Clinic",
    "city": "Kyiv",
    "url": "https://www.instagram.com/explore/locations/303694363323135/drantonenko-beautyclinic/"
  },
  {
    "id": "676114176",
    "name": "Apelsin magic cafe",
    "city": "Kyiv",
    "url": "https://www.instagram.com/explore/locations/676114176/apelsin-magic-cafe/"
  },
  {
    "id": "232079603838877",
    "name": "Амстер Дамстер - Amster Damster",
    "city": "Kyiv",
    "url": "https://www.instagram.com/explore/locations/232079603838877/-amster-damster/"
  },
  {
    "id": "105596237958597",
    "name": "П’яна Вишня / Drunk Cherry",
    "city": "Kyiv",
    "url": "https://www.instagram.com/explore/locations/105596237958597/drunk-cherry/"
  },
  {
    "id": "213269869",
    "name": "Aroma Espresso Bar UA",
    "city": "Kyiv",
    "url": "https://www.instagram.com/explore/locations/213269869/aroma-espresso-bar-ua/"
  },
  {
    "id": "124658288178470",
    "name": "Arena City",
    "city": "Kyiv",
    "url": "https://www.instagram.com/explore/locations/124658288178470/arena-city/"
  },
  {
    "id": "1327703823959783",
    "name": "Київ.торгово-Розважальний центр Гулівер.",
    "city": "Kyiv",
    "url": "https://www.instagram.com/explore/locations/1327703823959783/-/"
  },
  {
    "id": "2023594601213148",
    "name": "WhaiThai",
    "city": "Kyiv",
    "url": "https://www.instagram.com/explore/locations/2023594601213148/whaithai/"
  },
  {
    "id": "236084091",
    "name": "Академия Парикмахерского Искусства ERTEQOOB",
    "city": "Kyiv",
    "url": "https://www.instagram.com/explore/locations/236084091/erteqoob/"
  },
  {
    "id": "223564979",
    "name": "Star Burger",
    "city": "Kyiv",
    "url": "https://www.instagram.com/explore/locations/223564979/star-burger/"
  },
  {
    "id": "344098895",
    "name": "Ibiza Club, Odessa",
    "city": "Kyiv",
    "url": "https://www.instagram.com/explore/locations/344098895/ibiza-club-odessa/"
  },
  {
    "id": "424209655078826",
    "name": "Жк Нью-Йорк Консепт Хаус",
    "city": "Kyiv",
    "url": "https://www.instagram.com/explore/locations/424209655078826/-/"
  },
  {
    "id": "100181465291635",
    "name": "Державний університет “Київський авіаційний інститут” - КАІ",
    "city": "Kyiv",
    "url": "https://www.instagram.com/explore/locations/100181465291635/-/"
  },
  {
    "id": "267817770062625",
    "name": "Universe Space Tech",
    "city": "Kyiv",
    "url": "https://www.instagram.com/explore/locations/267817770062625/universe-space-tech/"
  },
  {
    "id": "111868513802344",
    "name": "Roshen Winter Village",
    "city": "Kyiv",
    "url": "https://www.instagram.com/explore/locations/111868513802344/roshen-winter-village/"
  },
  {
    "id": "468793197",
    "name": "Makoto Dojo",
    "city": "Kyiv",
    "url": "https://www.instagram.com/explore/locations/468793197/makoto-dojo/"
  },
  {
    "id": "31304974",
    "name": "Roshen",
    "city": "Kyiv",
    "url": "https://www.instagram.com/explore/locations/31304974/roshen/"
  },
  {
    "id": "936194462",
    "name": "Ruaha National Park",
    "city": "Kyiv",
    "url": "https://www.instagram.com/explore/locations/936194462/ruaha-national-park/"
  },
  {
    "id": "362070551296698",
    "name": "Корсунь-Шевченківський",
    "city": "Kyiv",
    "url": "https://www.instagram.com/explore/locations/362070551296698/-/"
  },
  {
    "id": "113662637635958",
    "name": "DOT",
    "city": "Kyiv",
    "url": "https://www.instagram.com/explore/locations/113662637635958/dot/"
  },
  {
    "id": "2593293",
    "name": "Buddha Bar",
    "city": "Kyiv",
    "url": "https://www.instagram.com/explore/locations/2593293/buddha-bar/"
  },
  {
    "id": "107071717329512",
    "name": "Milano Torino Vermuteria",
    "city": "Kyiv",
    "url": "https://www.instagram.com/explore/locations/107071717329512/milano-torino-vermuteria/"
  },
  {
    "id": "340794646359556",
    "name": "Loona",
    "city": "Kyiv",
    "url": "https://www.instagram.com/explore/locations/340794646359556/loona/"
  },
  {
    "id": "528427051",
    "name": "TRÈs french gastrobar",
    "city": "Kyiv",
    "url": "https://www.instagram.com/explore/locations/528427051/tres-french-gastrobar/"
  },
  {
    "id": "1523546950990355",
    "name": "Park Inn by Radisson Kyiv Troyitska",
    "city": "Kyiv",
    "url": "https://www.instagram.com/explore/locations/1523546950990355/park-inn-by-radisson-kyiv-troyitska/"
  },
  {
    "id": "1154582874587803",
    "name": "Lavlis Beauty",
    "city": "Kyiv",
    "url": "https://www.instagram.com/explore/locations/1154582874587803/lavlis-beauty/"
  },
  {
    "id": "244077009369703",
    "name": "Beatnik bar",
    "city": "Kyiv",
    "url": "https://www.instagram.com/explore/locations/244077009369703/beatnik-bar/"
  },
  {
    "id": "106242924266235",
    "name": "Mimosa Brooklyn Burger",
    "city": "Kyiv",
    "url": "https://www.instagram.com/explore/locations/106242924266235/mimosa-brooklyn-burger/"
  },
  {
    "id": "121107245149972",
    "name": "Barman Dictat",
    "city": "Kyiv",
    "url": "https://www.instagram.com/explore/locations/121107245149972/barman-dictat/"
  },
  {
    "id": "116459939997423",
    "name": "Kiev",
    "city": "Kyiv",
    "url": "https://www.instagram.com/explore/locations/116459939997423/kiev/"
  },
  {
    "id": "280010058",
    "name": "Mafia",
    "city": "Kyiv",
    "url": "https://www.instagram.com/explore/locations/280010058/mafia/"
  },
  {
    "id": "2175324359174702",
    "name": "Всі. Свої Хрещатик, 34",
    "city": "Kyiv",
    "url": "https://www.instagram.com/explore/locations/2175324359174702/34/"
  },
  {
    "id": "751676701",
    "name": "Dnipro",
    "city": "Kyiv",
    "url": "https://www.instagram.com/explore/locations/751676701/dnipro/"
  },
  {
    "id": "2831004686917025",
    "name": "ЖК София Residence",
    "city": "Kyiv",
    "url": "https://www.instagram.com/explore/locations/2831004686917025/residence/"
  },
  {
    "id": "375982090",
    "name": "G-Bard",
    "city": "Kyiv",
    "url": "https://www.instagram.com/explore/locations/375982090/g-bard/"
  },
  {
    "id": "284745764",
    "name": "Dolceteka by Bassano",
    "city": "Kyiv",
    "url": "https://www.instagram.com/explore/locations/284745764/dolceteka-by-bassano/"
  },
  {
    "id": "449894428687699",
    "name": "Koya Kiev",
    "city": "Kyiv",
    "url": "https://www.instagram.com/explore/locations/449894428687699/koya-kiev/"
  },
  {
    "id": "1025397526",
    "name": "Inverium platform",
    "city": "Kyiv",
    "url": "https://www.instagram.com/explore/locations/1025397526/inverium-platform/"
  },
  {
    "id": "1020740728",
    "name": "White World",
    "city": "Kyiv",
    "url": "https://www.instagram.com/explore/locations/1020740728/white-world/"
  },
  {
    "id": "105302768289280",
    "name": "BIMBO2 KAVA X MORE",
    "city": "Kyiv",
    "url": "https://www.instagram.com/explore/locations/105302768289280/bimbo2-kava-x-more/"
  },
  {
    "id": "299976637128946",
    "name": "Paliturka - Coffee & Books",
    "city": "Kyiv",
    "url": "https://www.instagram.com/explore/locations/299976637128946/paliturka-coffee-books/"
  },
  {
    "id": "720378534732091",
    "name": "Tao Oysters Dance Bar",
    "city": "Kyiv",
    "url": "https://www.instagram.com/explore/locations/720378534732091/tao-oysters-dance-bar/"
  },
  {
    "id": "436809465",
    "name": "Dr.Radkevych",
    "city": "Kyiv",
    "url": "https://www.instagram.com/explore/locations/436809465/drradkevych/"
  },
  {
    "id": "219996942",
    "name": "Ukrainian House",
    "city": "Kyiv",
    "url": "https://www.instagram.com/explore/locations/219996942/ukrainian-house/"
  },
  {
    "id": "102886784439761",
    "name": "Чайхона Gold - middle eastern cuisine",
    "city": "Kyiv",
    "url": "https://www.instagram.com/explore/locations/102886784439761/gold-middle-eastern-cuisine/"
  },
  {
    "id": "240729323",
    "name": "Kovalskyi's Optical Space",
    "city": "Kyiv",
    "url": "https://www.instagram.com/explore/locations/240729323/kovalskyis-optical-space/"
  },
  {
    "id": "107915720992954",
    "name": "Kyiv, Ukraine",
    "city": "Kyiv",
    "url": "https://www.instagram.com/explore/locations/107915720992954/kyiv-ukraine/"
  },
  {
    "id": "221720915",
    "name": "Palace \"Ukraine\"",
    "city": "Kyiv",
    "url": "https://www.instagram.com/explore/locations/221720915/palace-ukraine/"
  },
  {
    "id": "463177207044815",
    "name": "Kiev Olympic Stadium",
    "city": "Kyiv",
    "url": "https://www.instagram.com/explore/locations/463177207044815/kiev-olympic-stadium/"
  },
  {
    "id": "766772100025913",
    "name": "Руккола ул. Крещатик, 24",
    "city": "Kyiv",
    "url": "https://www.instagram.com/explore/locations/766772100025913/24/"
  },
  {
    "id": "1019373688",
    "name": "Дебет-Кредит",
    "city": "Kyiv",
    "url": "https://www.instagram.com/explore/locations/1019373688/-/"
  },
  {
    "id": "108033231010084",
    "name": "Мысли - в буквы",
    "city": "Kyiv",
    "url": "https://www.instagram.com/explore/locations/108033231010084/-/"
  },
  {
    "id": "343352484",
    "name": "Khreshatyk",
    "city": "Kyiv",
    "url": "https://www.instagram.com/explore/locations/343352484/khreshatyk/"
  },
  {
    "id": "241980704",
    "name": "Modern Art Research Institute of the National Academy of Arts of Ukraine",
    "city": "Kyiv",
    "url": "https://www.instagram.com/explore/locations/241980704/modern-art-research-institute-of-the-national-academy-of-arts-of-ukraine/"
  },
  {
    "id": "105049398793548",
    "name": "Ukraine strong always",
    "city": "Kyiv",
    "url": "https://www.instagram.com/explore/locations/105049398793548/ukraine-strong-always/"
  },
  {
    "id": "237578500213279",
    "name": "Где-То на Районе",
    "city": "Kyiv",
    "url": "https://www.instagram.com/explore/locations/237578500213279/-/"
  },
  {
    "id": "1126213054254129",
    "name": "X-Park",
    "city": "Kyiv",
    "url": "https://www.instagram.com/explore/locations/1126213054254129/x-park/"
  },
  {
    "id": "373861967",
    "name": "ProRock Pub - ПроРок",
    "city": "Kyiv",
    "url": "https://www.instagram.com/explore/locations/373861967/prorock-pub-/"
  },
  {
    "id": "1032640670",
    "name": "Bo. Pastry",
    "city": "Kyiv",
    "url": "https://www.instagram.com/explore/locations/1032640670/bo-pastry/"
  },
  {
    "id": "306018223667607",
    "name": "Gymmax",
    "city": "Kyiv",
    "url": "https://www.instagram.com/explore/locations/306018223667607/gymmax/"
  },
  {
    "id": "183566659252273",
    "name": "Національний художній музей України / National Art Museum of Ukraine",
    "city": "Kyiv",
    "url": "https://www.instagram.com/explore/locations/183566659252273/national-art-museum-of-ukraine/"
  },
  {
    "id": "113140163807081",
    "name": "Good Vibes Production",
    "city": "Kyiv",
    "url": "https://www.instagram.com/explore/locations/113140163807081/good-vibes-production/"
  },
  {
    "id": "279113063",
    "name": "InterContinental Kyiv",
    "city": "Kyiv",
    "url": "https://www.instagram.com/explore/locations/279113063/intercontinental-kyiv/"
  },
  {
    "id": "1524368517581695",
    "name": "Mr.Grill Hotdogs&Burgers",
    "city": "Kyiv",
    "url": "https://www.instagram.com/explore/locations/1524368517581695/mrgrill-hotdogsburgers/"
  },
  {
    "id": "656412592",
    "name": "Kreschatyk",
    "city": "Kyiv",
    "url": "https://www.instagram.com/explore/locations/656412592/kreschatyk/"
  },
  {
    "id": "264785944",
    "name": "Kyiv City Marathon",
    "city": "Kyiv",
    "url": "https://www.instagram.com/explore/locations/264785944/kyiv-city-marathon/"
  },
  {
    "id": "835443470",
    "name": "3B Cafe",
    "city": "Kyiv",
    "url": "https://www.instagram.com/explore/locations/835443470/3b-cafe/"
  },
  {
    "id": "103615641005219",
    "name": "Spaces Ukraine",
    "city": "Kyiv",
    "url": "https://www.instagram.com/explore/locations/103615641005219/spaces-ukraine/"
  },
  {
    "id": "269308620431112",
    "name": "Multiplex",
    "city": "Kyiv",
    "url": "https://www.instagram.com/explore/locations/269308620431112/multiplex/"
  },
  {
    "id": "239551717",
    "name": "Gulliver Кинотеатр Оскар",
    "city": "Kyiv",
    "url": "https://www.instagram.com/explore/locations/239551717/gulliver/"
  },
  {
    "id": "290828302",
    "name": "Panoramic From People's Friendship Arch - Smiley Kyiv",
    "city": "Kyiv",
    "url": "https://www.instagram.com/explore/locations/290828302/panoramic-from-peoples-friendship-arch-smiley-kyiv/"
  },
  {
    "id": "815322238",
    "name": "One Love Coffee",
    "city": "Kyiv",
    "url": "https://www.instagram.com/explore/locations/815322238/one-love-coffee/"
  },
  {
    "id": "1669173",
    "name": "McDonald's",
    "city": "Kyiv",
    "url": "https://www.instagram.com/explore/locations/1669173/mcdonalds/"
  },
  {
    "id": "249704917",
    "name": "Okno vo Dvor",
    "city": "Kyiv",
    "url": "https://www.instagram.com/explore/locations/249704917/okno-vo-dvor/"
  },
  {
    "id": "391036583",
    "name": "Holiday Inn Kyiv",
    "city": "Kyiv",
    "url": "https://www.instagram.com/explore/locations/391036583/holiday-inn-kyiv/"
  },
  {
    "id": "243267296140372",
    "name": "ЖК Alter Ego",
    "city": "Kyiv",
    "url": "https://www.instagram.com/explore/locations/243267296140372/alter-ego/"
  },
  {
    "id": "424208107",
    "name": "Khreshchatyk",
    "city": "Kyiv",
    "url": "https://www.instagram.com/explore/locations/424208107/khreshchatyk/"
  },
  {
    "id": "103124858112788",
    "name": "Magical forest",
    "city": "Kyiv",
    "url": "https://www.instagram.com/explore/locations/103124858112788/magical-forest/"
  },
  {
    "id": "497185885",
    "name": "Músse Confectionery",
    "city": "Kyiv",
    "url": "https://www.instagram.com/explore/locations/497185885/musse-confectionery/"
  },
  {
    "id": "247148918",
    "name": "Shevchenko Park",
    "city": "Kyiv",
    "url": "https://www.instagram.com/explore/locations/247148918/shevchenko-park/"
  },
  {
    "id": "105442121538045",
    "name": "Workshop fitness club",
    "city": "Kyiv",
    "url": "https://www.instagram.com/explore/locations/105442121538045/workshop-fitness-club/"
  },
  {
    "id": "1003813218",
    "name": "REEF Sea.Food.Community",
    "city": "Kyiv",
    "url": "https://www.instagram.com/explore/locations/1003813218/reef-seafoodcommunity/"
  },
  {
    "id": "628230230717549",
    "name": "Телеканал Київ24",
    "city": "Kyiv",
    "url": "https://www.instagram.com/explore/locations/628230230717549/24/"
  },
  {
    "id": "1653021501598616",
    "name": "FC Dynamo Kyiv",
    "city": "Kyiv",
    "url": "https://www.instagram.com/explore/locations/1653021501598616/fc-dynamo-kyiv/"
  },
  {
    "id": "1946569772227369",
    "name": "TST тату студия",
    "city": "Kyiv",
    "url": "https://www.instagram.com/explore/locations/1946569772227369/tst/"
  },
  {
    "id": "223633508229982",
    "name": "Gogi_Kievresturant",
    "city": "Kyiv",
    "url": "https://www.instagram.com/explore/locations/223633508229982/gogi_kievresturant/"
  },
  {
    "id": "737360538",
    "name": "Keiv",
    "city": "Kyiv",
    "url": "https://www.instagram.com/explore/locations/737360538/keiv/"
  },
  {
    "id": "229607732",
    "name": "Kyiv National Linguistic University",
    "city": "Kyiv",
    "url": "https://www.instagram.com/explore/locations/229607732/kyiv-national-linguistic-university/"
  },
  {
    "id": "436302830046399",
    "name": "Pizza Veterano",
    "city": "Kyiv",
    "url": "https://www.instagram.com/explore/locations/436302830046399/pizza-veterano/"
  },
  {
    "id": "259257781694564",
    "name": "STRONG BAR",
    "city": "Kyiv",
    "url": "https://www.instagram.com/explore/locations/259257781694564/strong-bar/"
  },
  {
    "id": "400769467",
    "name": "Home :)",
    "city": "Kyiv",
    "url": "https://www.instagram.com/explore/locations/400769467/home/"
  },
  {
    "id": "187986731614582",
    "name": "Где-То в Середине Лета",
    "city": "Kyiv",
    "url": "https://www.instagram.com/explore/locations/187986731614582/-/"
  },
  {
    "id": "776249383",
    "name": "GARA",
    "city": "Kyiv",
    "url": "https://www.instagram.com/explore/locations/776249383/gara/"
  },
  {
    "id": "227679270",
    "name": "112.ua",
    "city": "Kyiv",
    "url": "https://www.instagram.com/explore/locations/227679270/112ua/"
  },
  {
    "id": "407282076747848",
    "name": "Prestige Hall",
    "city": "Kyiv",
    "url": "https://www.instagram.com/explore/locations/407282076747848/prestige-hall/"
  },
  {
    "id": "104483803558187",
    "name": "DODO G.Bar",
    "city": "Kyiv",
    "url": "https://www.instagram.com/explore/locations/104483803558187/dodo-gbar/"
  },
  {
    "id": "100883334978152",
    "name": "Piana Vyshnia / П'яна Вишня",
    "city": "Kyiv",
    "url": "https://www.instagram.com/explore/locations/100883334978152/piana-vyshnia/"
  },
  {
    "id": "827678244",
    "name": "Караоке Ресторан Svoi",
    "city": "Kyiv",
    "url": "https://www.instagram.com/explore/locations/827678244/svoi/"
  },
  {
    "id": "252893425",
    "name": "Kiev Fortress",
    "city": "Kyiv",
    "url": "https://www.instagram.com/explore/locations/252893425/kiev-fortress/"
  },
  {
    "id": "819122",
    "name": "D Lux Night Club",
    "city": "Kyiv",
    "url": "https://www.instagram.com/explore/locations/819122/d-lux-night-club/"
  },
  {
    "id": "1017661479",
    "name": "NOSTALGIE",
    "city": "Kyiv",
    "url": "https://www.instagram.com/explore/locations/1017661479/nostalgie/"
  },
  {
    "id": "1016362239",
    "name": "Besarabsky Market",
    "city": "Kyiv",
    "url": "https://www.instagram.com/explore/locations/1016362239/besarabsky-market/"
  },
  {
    "id": "105622294480078",
    "name": "Телеканал Kyiv Live",
    "city": "Kyiv",
    "url": "https://www.instagram.com/explore/locations/105622294480078/kyiv-live/"
  },
  {
    "id": "112490333476642",
    "name": "We__are__nails",
    "city": "Kyiv",
    "url": "https://www.instagram.com/explore/locations/112490333476642/we__are__nails/"
  },
  {
    "id": "1447850632184834",
    "name": "Kyїv, Ukraїna",
    "city": "Kyiv",
    "url": "https://www.instagram.com/explore/locations/1447850632184834/kyv-ukrana/"
  },
  {
    "id": "317182083",
    "name": "St Sofia Square",
    "city": "Kyiv",
    "url": "https://www.instagram.com/explore/locations/317182083/st-sofia-square/"
  },
  {
    "id": "112857579200473",
    "name": "ONE LOVE, ЦУМ",
    "city": "Kyiv",
    "url": "https://www.instagram.com/explore/locations/112857579200473/one-love/"
  },
  {
    "id": "458526642",
    "name": "Bottega",
    "city": "Kyiv",
    "url": "https://www.instagram.com/explore/locations/458526642/bottega/"
  },
  {
    "id": "102529201968827",
    "name": "New York Concept House",
    "city": "Kyiv",
    "url": "https://www.instagram.com/explore/locations/102529201968827/new-york-concept-house/"
  },
  {
    "id": "103160068404489",
    "name": "Royal Donuts Ukraine",
    "city": "Kyiv",
    "url": "https://www.instagram.com/explore/locations/103160068404489/royal-donuts-ukraine/"
  },
  {
    "id": "230735753801667",
    "name": "The COAT by Katya Silchenko",
    "city": "Kyiv",
    "url": "https://www.instagram.com/explore/locations/230735753801667/the-coat-by-katya-silchenko/"
  },
  {
    "id": "4234089",
    "name": "Linass Cafe",
    "city": "Kyiv",
    "url": "https://www.instagram.com/explore/locations/4234089/linass-cafe/"
  },
  {
    "id": "1017722959",
    "name": "Boryspil International Airport , Kyiv - Europe",
    "city": "Kyiv",
    "url": "https://www.instagram.com/explore/locations/1017722959/boryspil-international-airport-kyiv-europe/"
  },
  {
    "id": "101274335029322",
    "name": "Dehli Dehli",
    "city": "Kyiv",
    "url": "https://www.instagram.com/explore/locations/101274335029322/dehli-dehli/"
  },
  {
    "id": "1019216585",
    "name": "ELMA OUTLET",
    "city": "Kyiv",
    "url": "https://www.instagram.com/explore/locations/1019216585/elma-outlet/"
  },
  {
    "id": "315213826",
    "name": "Mama Lama",
    "city": "Kyiv",
    "url": "https://www.instagram.com/explore/locations/315213826/mama-lama/"
  },
  {
    "id": "741500999",
    "name": "Художня галерея \"Митець\"/ Art gallery \"Mytets\"",
    "city": "Kyiv",
    "url": "https://www.instagram.com/explore/locations/741500999/art-gallery-mytets/"
  },
  {
    "id": "1035563989",
    "name": "Хачапури И Вино Ул.большая Васильковская 57/3",
    "city": "Kyiv",
    "url": "https://www.instagram.com/explore/locations/1035563989/573/"
  },
  {
    "id": "101672737895865",
    "name": "Wedding World",
    "city": "Kyiv",
    "url": "https://www.instagram.com/explore/locations/101672737895865/wedding-world/"
  },
  {
    "id": "237475539",
    "name": "Motherland Monument, Kiev Ukraine",
    "city": "Kyiv",
    "url": "https://www.instagram.com/explore/locations/237475539/motherland-monument-kiev-ukraine/"
  },
  {
    "id": "83201365",
    "name": "Melrose",
    "city": "Kyiv",
    "url": "https://www.instagram.com/explore/locations/83201365/melrose/"
  },
  {
    "id": "2099506",
    "name": "Skybar",
    "city": "Kyiv",
    "url": "https://www.instagram.com/explore/locations/2099506/skybar/"
  },
  {
    "id": "165436551074811",
    "name": "Kyivness",
    "city": "Kyiv",
    "url": "https://www.instagram.com/explore/locations/165436551074811/kyivness/"
  },
  {
    "id": "427804418",
    "name": "Dior",
    "city": "Kyiv",
    "url": "https://www.instagram.com/explore/locations/427804418/dior/"
  },
  {
    "id": "114731051919600",
    "name": "Media company FM-TV",
    "city": "Kyiv",
    "url": "https://www.instagram.com/explore/locations/114731051919600/media-company-fm-tv/"
  },
  {
    "id": "1014802093",
    "name": "ISIDA Печерск",
    "city": "Kyiv",
    "url": "https://www.instagram.com/explore/locations/1014802093/isida/"
  },
  {
    "id": "1018682854",
    "name": "Puncher Fight Club Kyiv",
    "city": "Kyiv",
    "url": "https://www.instagram.com/explore/locations/1018682854/puncher-fight-club-kyiv/"
  },
  {
    "id": "274864580132547",
    "name": "National Opera House Taras Shevchenko",
    "city": "Kyiv",
    "url": "https://www.instagram.com/explore/locations/274864580132547/national-opera-house-taras-shevchenko/"
  },
  {
    "id": "331552353",
    "name": "Beauty&People",
    "city": "Kyiv",
    "url": "https://www.instagram.com/explore/locations/331552353/beautypeople/"
  },
  {
    "id": "300632893646097",
    "name": "Київ-Пасажирський",
    "city": "Kyiv",
    "url": "https://www.instagram.com/explore/locations/300632893646097/-/"
  },
  {
    "id": "520320971671167",
    "name": "The Drinkery",
    "city": "Kyiv",
    "url": "https://www.instagram.com/explore/locations/520320971671167/the-drinkery/"
  },
  {
    "id": "1032000257",
    "name": "Barber Pet",
    "city": "Kyiv",
    "url": "https://www.instagram.com/explore/locations/1032000257/barber-pet/"
  },
  {
    "id": "257898464791716",
    "name": "REBER BAR - ресторан у центрі Києва",
    "city": "Kyiv",
    "url": "https://www.instagram.com/explore/locations/257898464791716/reber-bar-/"
  },
  {
    "id": "1012676783",
    "name": "Aromateque Concept Store",
    "city": "Kyiv",
    "url": "https://www.instagram.com/explore/locations/1012676783/aromateque-concept-store/"
  },
  {
    "id": "248426448",
    "name": "Khreschatyk Street",
    "city": "Kyiv",
    "url": "https://www.instagram.com/explore/locations/248426448/khreschatyk-street/"
  },
  {
    "id": "100780811390802",
    "name": "Пи-пи-мяу",
    "city": "Kyiv",
    "url": "https://www.instagram.com/explore/locations/100780811390802/-/"
  },
  {
    "id": "228235297239712",
    "name": "YUNA",
    "city": "Kyiv",
    "url": "https://www.instagram.com/explore/locations/228235297239712/yuna/"
  },
  {
    "id": "223219472",
    "name": "Майдан Незалежностi",
    "city": "Kyiv",
    "url": "https://www.instagram.com/explore/locations/223219472/i/"
  },
  {
    "id": "242706286189339",
    "name": "Lviv Croissants",
    "city": "Kyiv",
    "url": "https://www.instagram.com/explore/locations/242706286189339/lviv-croissants/"
  },
  {
    "id": "846830931",
    "name": "Medical Center «SoulSpa Anti-Age»",
    "city": "Kyiv",
    "url": "https://www.instagram.com/explore/locations/846830931/medical-center-soulspa-anti-age/"
  },
  {
    "id": "1739282809431493",
    "name": "ДЕПО конференц-хол",
    "city": "Kyiv",
    "url": "https://www.instagram.com/explore/locations/1739282809431493/-/"
  },
  {
    "id": "268766996937457",
    "name": "SO DODO",
    "city": "Kyiv",
    "url": "https://www.instagram.com/explore/locations/268766996937457/so-dodo/"
  },
  {
    "id": "919614228",
    "name": "MonteRay Live Stage",
    "city": "Kyiv",
    "url": "https://www.instagram.com/explore/locations/919614228/monteray-live-stage/"
  },
  {
    "id": "1013991927",
    "name": "Школа макияжаMakeupschool",
    "city": "Kyiv",
    "url": "https://www.instagram.com/explore/locations/1013991927/makeupschool/"
  },
  {
    "id": "108523151626421",
    "name": "Boho",
    "city": "Kyiv",
    "url": "https://www.instagram.com/explore/locations/108523151626421/boho/"
  },
  {
    "id": "2063203727292665",
    "name": "Paul",
    "city": "Kyiv",
    "url": "https://www.instagram.com/explore/locations/2063203727292665/paul/"
  }
]