[
  {
    "id": "239246958",
    "name": "Vyshneve",
    "city": "Vyshneve",
    "url": "https://www.instagram.com/explore/locations/239246958/vyshneve/"
  },
  {
    "id": "891417274298486",
    "name": "У - Квартал",
    "city": "Vyshneve",
    "url": "https://www.instagram.com/explore/locations/891417274298486/-/"
  },
  {
    "id": "696902288",
    "name": "Жилой Квартал \"Акварели-2\"",
    "city": "Vyshneve",
    "url": "https://www.instagram.com/explore/locations/696902288/-2/"
  },
  {
    "id": "890578962",
    "name": "Kriukivshchyna",
    "city": "Vyshneve",
    "url": "https://www.instagram.com/explore/locations/890578962/kriukivshchyna/"
  },
  {
    "id": "254072157",
    "name": "ЖК \"Dobre misto\"",
    "city": "Vyshneve",
    "url": "https://www.instagram.com/explore/locations/254072157/dobre-misto/"
  },
  {
    "id": "1979098138804758",
    "name": "Ресторан \"Garden\"",
    "city": "Vyshneve",
    "url": "https://www.instagram.com/explore/locations/1979098138804758/garden/"
  },
  {
    "id": "1028104456",
    "name": "ЖК София АН Miloneg",
    "city": "Vyshneve",
    "url": "https://www.instagram.com/explore/locations/1028104456/miloneg/"
  },
  {
    "id": "222821748",
    "name": "Vishnëvoye, Kyyivs'Ka Oblast', Ukraine",
    "city": "Vyshneve",
    "url": "https://www.instagram.com/explore/locations/222821748/vishnevoye-kyyivska-oblast-ukraine/"
  },
  {
    "id": "681425605372891",
    "name": "Sofia Residence",
    "city": "Vyshneve",
    "url": "https://www.instagram.com/explore/locations/681425605372891/sofia-residence/"
  },
  {
    "id": "469300451",
    "name": "Софія Sport",
    "city": "Vyshneve",
    "url": "https://www.instagram.com/explore/locations/469300451/sport/"
  },
  {
    "id": "318099385491747",
    "name": "Workshop fitness club",
    "city": "Vyshneve",
    "url": "https://www.instagram.com/explore/locations/318099385491747/workshop-fitness-club/"
  },
  {
    "id": "512615499176511",
    "name": "Paradise Avenue",
    "city": "Vyshneve",
    "url": "https://www.instagram.com/explore/locations/512615499176511/paradise-avenue/"
  },
  {
    "id": "1027193603",
    "name": "Be My Guest",
    "city": "Vyshneve",
    "url": "https://www.instagram.com/explore/locations/1027193603/be-my-guest/"
  },
  {
    "id": "1026803223",
    "name": "Paperlo",
    "city": "Vyshneve",
    "url": "https://www.instagram.com/explore/locations/1026803223/paperlo/"
  },
  {
    "id": "1015463263",
    "name": "Eurogym",
    "city": "Vyshneve",
    "url": "https://www.instagram.com/explore/locations/1015463263/eurogym/"
  },
  {
    "id": "472840843175344",
    "name": "ФИТНЕС КЛУБ GRAFITGYM ЖК София",
    "city": "Vyshneve",
    "url": "https://www.instagram.com/explore/locations/472840843175344/grafitgym/"
  },
  {
    "id": "242152806447016",
    "name": "Киево-Святошинский район",
    "city": "Vyshneve",
    "url": "https://www.instagram.com/explore/locations/242152806447016/-/"
  },
  {
    "id": "1102363333144710",
    "name": "English Club Мовне середовище у Вишневому",
    "city": "Vyshneve",
    "url": "https://www.instagram.com/explore/locations/1102363333144710/english-club/"
  },
  {
    "id": "1304379446381469",
    "name": "Euro Парк",
    "city": "Vyshneve",
    "url": "https://www.instagram.com/explore/locations/1304379446381469/euro/"
  },
  {
    "id": "522381224636327",
    "name": "Дитячий садок \"Hey FriendsСоф.Борщагівка",
    "city": "Vyshneve",
    "url": "https://www.instagram.com/explore/locations/522381224636327/hey-friends/"
  },
  {
    "id": "100330228714487",
    "name": "Sofia Mall",
    "city": "Vyshneve",
    "url": "https://www.instagram.com/explore/locations/100330228714487/sofia-mall/"
  },
  {
    "id": "443501366381125",
    "name": "HANAMI restaurant & bar в ТРЦ Европарк",
    "city": "Vyshneve",
    "url": "https://www.instagram.com/explore/locations/443501366381125/hanami-restaurant-bar/"
  },
  {
    "id": "104171117681254",
    "name": "Наше Nebo",
    "city": "Vyshneve",
    "url": "https://www.instagram.com/explore/locations/104171117681254/nebo/"
  },
  {
    "id": "115785006474720",
    "name": "Oysters&Wine Bar",
    "city": "Vyshneve",
    "url": "https://www.instagram.com/explore/locations/115785006474720/oysterswine-bar/"
  },
  {
    "id": "1021710014",
    "name": "VIDI",
    "city": "Vyshneve",
    "url": "https://www.instagram.com/explore/locations/1021710014/vidi/"
  },
  {
    "id": "261202107586886",
    "name": "Фітнес клуб Grafit Vyshneve",
    "city": "Vyshneve",
    "url": "https://www.instagram.com/explore/locations/261202107586886/grafit-vyshneve/"
  },
  {
    "id": "1281988675220015",
    "name": "Martinov's Coffee",
    "city": "Vyshneve",
    "url": "https://www.instagram.com/explore/locations/1281988675220015/martinovs-coffee/"
  },
  {
    "id": "2239447712970499",
    "name": "Paris / Париж",
    "city": "Vyshneve",
    "url": "https://www.instagram.com/explore/locations/2239447712970499/paris/"
  },
  {
    "id": "1787434648226632",
    "name": "Салон красоты и аппаратной косметологии \"larin\"",
    "city": "Vyshneve",
    "url": "https://www.instagram.com/explore/locations/1787434648226632/larin/"
  },
  {
    "id": "314492162607169",
    "name": "ParkSmall",
    "city": "Vyshneve",
    "url": "https://www.instagram.com/explore/locations/314492162607169/parksmall/"
  },
  {
    "id": "1803679446563398",
    "name": "ЖК Barcelona",
    "city": "Vyshneve",
    "url": "https://www.instagram.com/explore/locations/1803679446563398/barcelona/"
  },
  {
    "id": "106769327597067",
    "name": "Modas Модельная школа",
    "city": "Vyshneve",
    "url": "https://www.instagram.com/explore/locations/106769327597067/modas/"
  },
  {
    "id": "2409191442642791",
    "name": "KidsLand",
    "city": "Vyshneve",
    "url": "https://www.instagram.com/explore/locations/2409191442642791/kidsland/"
  },
  {
    "id": "130712524452142",
    "name": "Евразия - японська та європейська кухня",
    "city": "Vyshneve",
    "url": "https://www.instagram.com/explore/locations/130712524452142/-/"
  },
  {
    "id": "100840411806610",
    "name": "Selfie Beauty Space",
    "city": "Vyshneve",
    "url": "https://www.instagram.com/explore/locations/100840411806610/selfie-beauty-space/"
  },
  {
    "id": "279093909383218",
    "name": "GRAFIT GYM",
    "city": "Vyshneve",
    "url": "https://www.instagram.com/explore/locations/279093909383218/grafit-gym/"
  },
  {
    "id": "941535069296857",
    "name": "Flame family restaurant",
    "city": "Vyshneve",
    "url": "https://www.instagram.com/explore/locations/941535069296857/flame-family-restaurant/"
  },
  {
    "id": "1633210676992043",
    "name": "Akvareli Sport Club",
    "city": "Vyshneve",
    "url": "https://www.instagram.com/explore/locations/1633210676992043/akvareli-sport-club/"
  },
  {
    "id": "100903491290094",
    "name": "Фотостудія Le Studio",
    "city": "Vyshneve",
    "url": "https://www.instagram.com/explore/locations/100903491290094/le-studio/"
  },
  {
    "id": "101237038308788",
    "name": "Заміський готельно-ресторанний комплекс Moray Club",
    "city": "Vyshneve",
    "url": "https://www.instagram.com/explore/locations/101237038308788/-moray-club/"
  },
  {
    "id": "2148166832169033",
    "name": "FLAME family meat restaurant",
    "city": "Vyshneve",
    "url": "https://www.instagram.com/explore/locations/2148166832169033/flame-family-meat-restaurant/"
  },
  {
    "id": "1832169950128529",
    "name": "Gastro Bar \"Sosedi\"",
    "city": "Vyshneve",
    "url": "https://www.instagram.com/explore/locations/1832169950128529/gastro-bar-sosedi/"
  },
  {
    "id": "1095073960588172",
    "name": "Sviatopetrivske",
    "city": "Vyshneve",
    "url": "https://www.instagram.com/explore/locations/1095073960588172/sviatopetrivske/"
  },
  {
    "id": "105678221158070",
    "name": "Софія Sport beauty",
    "city": "Vyshneve",
    "url": "https://www.instagram.com/explore/locations/105678221158070/sport-beauty/"
  },
  {
    "id": "100551264703400",
    "name": "Европарк Ул.соборная 140а",
    "city": "Vyshneve",
    "url": "https://www.instagram.com/explore/locations/100551264703400/140/"
  },
  {
    "id": "103203655612277",
    "name": "Софія Sport на Абрикосовій",
    "city": "Vyshneve",
    "url": "https://www.instagram.com/explore/locations/103203655612277/sport/"
  },
  {
    "id": "550631868700297",
    "name": "Кофейня \"STAR KAVA\"",
    "city": "Vyshneve",
    "url": "https://www.instagram.com/explore/locations/550631868700297/star-kava/"
  },
  {
    "id": "110791230553978",
    "name": "Жк Петрівський Квартал Вул. Соборна 105/5",
    "city": "Vyshneve",
    "url": "https://www.instagram.com/explore/locations/110791230553978/1055/"
  },
  {
    "id": "299477177348142",
    "name": "Faktor Golodu",
    "city": "Vyshneve",
    "url": "https://www.instagram.com/explore/locations/299477177348142/faktor-golodu/"
  },
  {
    "id": "105769388454958",
    "name": "Akvareli 2",
    "city": "Vyshneve",
    "url": "https://www.instagram.com/explore/locations/105769388454958/akvareli-2/"
  },
  {
    "id": "108926807381234",
    "name": "DeMore",
    "city": "Vyshneve",
    "url": "https://www.instagram.com/explore/locations/108926807381234/demore/"
  },
  {
    "id": "110254030477305",
    "name": "Sport Life Вишневое Витянская",
    "city": "Vyshneve",
    "url": "https://www.instagram.com/explore/locations/110254030477305/sport-life/"
  },
  {
    "id": "283942195779540",
    "name": "HANAMI restaurant & bar",
    "city": "Vyshneve",
    "url": "https://www.instagram.com/explore/locations/283942195779540/hanami-restaurant-bar/"
  },
  {
    "id": "100127846356324",
    "name": "ФІТНЕС КЛУБ GRAFIT КРЮКІВЩИНА",
    "city": "Vyshneve",
    "url": "https://www.instagram.com/explore/locations/100127846356324/grafit/"
  },
  {
    "id": "179843099330650",
    "name": "Soundspace UA",
    "city": "Vyshneve",
    "url": "https://www.instagram.com/explore/locations/179843099330650/soundspace-ua/"
  },
  {
    "id": "235939960234960",
    "name": "Modastudio",
    "city": "Vyshneve",
    "url": "https://www.instagram.com/explore/locations/235939960234960/modastudio/"
  },
  {
    "id": "111405581696270",
    "name": "T11CF - більше, ніж фітнес",
    "city": "Vyshneve",
    "url": "https://www.instagram.com/explore/locations/111405581696270/t11cf-/"
  },
  {
    "id": "108516934217110",
    "name": "Floranna Flowers & Tsikava Sprava",
    "city": "Vyshneve",
    "url": "https://www.instagram.com/explore/locations/108516934217110/floranna-flowers-tsikava-sprava/"
  },
  {
    "id": "718647618488911",
    "name": "Дiд Мадрiд",
    "city": "Vyshneve",
    "url": "https://www.instagram.com/explore/locations/718647618488911/i-i/"
  },
  {
    "id": "178165303098111",
    "name": "ЖКСофія , вул. Лесі Українки, 20",
    "city": "Vyshneve",
    "url": "https://www.instagram.com/explore/locations/178165303098111/20/"
  },
  {
    "id": "2383890544959341",
    "name": "DRESS CUP",
    "city": "Vyshneve",
    "url": "https://www.instagram.com/explore/locations/2383890544959341/dress-cup/"
  },
  {
    "id": "1908149132541345",
    "name": "Helen Doron English Akvareli 2",
    "city": "Vyshneve",
    "url": "https://www.instagram.com/explore/locations/1908149132541345/helen-doron-english-akvareli-2/"
  },
  {
    "id": "1944312052541579",
    "name": "Sansara.cafe",
    "city": "Vyshneve",
    "url": "https://www.instagram.com/explore/locations/1944312052541579/sansaracafe/"
  },
  {
    "id": "529675170841528",
    "name": "Бизнес-центр \"Киевский\"",
    "city": "Vyshneve",
    "url": "https://www.instagram.com/explore/locations/529675170841528/-/"
  },
  {
    "id": "107734268688725",
    "name": "KOLIR beauty studio",
    "city": "Vyshneve",
    "url": "https://www.instagram.com/explore/locations/107734268688725/kolir-beauty-studio/"
  },
  {
    "id": "2138527329772491",
    "name": "Vishnevoe",
    "city": "Vyshneve",
    "url": "https://www.instagram.com/explore/locations/2138527329772491/vishnevoe/"
  },
  {
    "id": "1027376928",
    "name": "PROVINCE",
    "city": "Vyshneve",
    "url": "https://www.instagram.com/explore/locations/1027376928/province/"
  },
  {
    "id": "106556230832793",
    "name": "vsi_svoi_sofiya",
    "city": "Vyshneve",
    "url": "https://www.instagram.com/explore/locations/106556230832793/vsi_svoi_sofiya/"
  },
  {
    "id": "1638999229759817",
    "name": "PrimeDent - стоматологічна клініка",
    "city": "Vyshneve",
    "url": "https://www.instagram.com/explore/locations/1638999229759817/primedent-/"
  },
  {
    "id": "155868301175890",
    "name": "Volkswagen Порше Захід Київ",
    "city": "Vyshneve",
    "url": "https://www.instagram.com/explore/locations/155868301175890/volkswagen/"
  },
  {
    "id": "304677699629646",
    "name": "Lexus Лексус Київ Захід",
    "city": "Vyshneve",
    "url": "https://www.instagram.com/explore/locations/304677699629646/lexus/"
  },
  {
    "id": "1015368055",
    "name": "Дитячий Садочок Lady&Baby",
    "city": "Vyshneve",
    "url": "https://www.instagram.com/explore/locations/1015368055/ladybaby/"
  },
  {
    "id": "105757015545956",
    "name": "DreamBig Vyshneve",
    "city": "Vyshneve",
    "url": "https://www.instagram.com/explore/locations/105757015545956/dreambig-vyshneve/"
  },
  {
    "id": "105150534365629",
    "name": "Leodent",
    "city": "Vyshneve",
    "url": "https://www.instagram.com/explore/locations/105150534365629/leodent/"
  },
  {
    "id": "111145117423949",
    "name": "Моніка - Салон краси у ЖК Петрівський квартал",
    "city": "Vyshneve",
    "url": "https://www.instagram.com/explore/locations/111145117423949/-/"
  },
  {
    "id": "101039535949645",
    "name": "Фітнес клуб \"G R A F I T H U B\"",
    "city": "Vyshneve",
    "url": "https://www.instagram.com/explore/locations/101039535949645/g-r-a-f-i-t-h-u-b/"
  },
  {
    "id": "634563600502313",
    "name": "TsiKava Sprava",
    "city": "Vyshneve",
    "url": "https://www.instagram.com/explore/locations/634563600502313/tsikava-sprava/"
  },
  {
    "id": "1423383241053132",
    "name": "Faina House",
    "city": "Vyshneve",
    "url": "https://www.instagram.com/explore/locations/1423383241053132/faina-house/"
  },
  {
    "id": "355112528369126",
    "name": "White Nail Art",
    "city": "Vyshneve",
    "url": "https://www.instagram.com/explore/locations/355112528369126/white-nail-art/"
  },
  {
    "id": "701925850191142",
    "name": "Киев Гната Юры 7",
    "city": "Vyshneve",
    "url": "https://www.instagram.com/explore/locations/701925850191142/7/"
  },
  {
    "id": "156764088245423",
    "name": "Софія Sport На Братской",
    "city": "Vyshneve",
    "url": "https://www.instagram.com/explore/locations/156764088245423/sport/"
  },
  {
    "id": "280300262608538",
    "name": "Lakshmi_beautystudio",
    "city": "Vyshneve",
    "url": "https://www.instagram.com/explore/locations/280300262608538/lakshmi_beautystudio/"
  },
  {
    "id": "791904600912608",
    "name": "Helen Doron Vyshneve",
    "city": "Vyshneve",
    "url": "https://www.instagram.com/explore/locations/791904600912608/helen-doron-vyshneve/"
  },
  {
    "id": "621155078285964",
    "name": "ОЗО \"Софіївсько-Борщагівський ліцей\"",
    "city": "Vyshneve",
    "url": "https://www.instagram.com/explore/locations/621155078285964/-/"
  },
  {
    "id": "1034297267",
    "name": "Літл Піпл - мережа дитячих закладів",
    "city": "Vyshneve",
    "url": "https://www.instagram.com/explore/locations/1034297267/-/"
  },
  {
    "id": "108083393927540",
    "name": "Estelia Салон краси",
    "city": "Vyshneve",
    "url": "https://www.instagram.com/explore/locations/108083393927540/estelia/"
  },
  {
    "id": "1031501758",
    "name": "Xarizma beauty bar",
    "city": "Vyshneve",
    "url": "https://www.instagram.com/explore/locations/1031501758/xarizma-beauty-bar/"
  },
  {
    "id": "207885256428395",
    "name": "ManikCan Nail Studio",
    "city": "Vyshneve",
    "url": "https://www.instagram.com/explore/locations/207885256428395/manikcan-nail-studio/"
  },
  {
    "id": "1147432705426069",
    "name": "V Samomy Serці",
    "city": "Vyshneve",
    "url": "https://www.instagram.com/explore/locations/1147432705426069/v-samomy-ser/"
  },
  {
    "id": "2324807394427721",
    "name": "JUICE Market Bistro",
    "city": "Vyshneve",
    "url": "https://www.instagram.com/explore/locations/2324807394427721/juice-market-bistro/"
  },
  {
    "id": "1018859155",
    "name": "Volvo Car Київ Захід",
    "city": "Vyshneve",
    "url": "https://www.instagram.com/explore/locations/1018859155/volvo-car/"
  },
  {
    "id": "1990042377929284",
    "name": "K14 tattoo studio Kiev",
    "city": "Vyshneve",
    "url": "https://www.instagram.com/explore/locations/1990042377929284/k14-tattoo-studio-kiev/"
  },
  {
    "id": "1929626394026026",
    "name": "Dance center \"Pionerskiy\"",
    "city": "Vyshneve",
    "url": "https://www.instagram.com/explore/locations/1929626394026026/dance-center-pionerskiy/"
  },
  {
    "id": "104930284988270",
    "name": "Monica Cafè",
    "city": "Vyshneve",
    "url": "https://www.instagram.com/explore/locations/104930284988270/monica-cafe/"
  },
  {
    "id": "112933626828275",
    "name": "Beauty_studio_kodi",
    "city": "Vyshneve",
    "url": "https://www.instagram.com/explore/locations/112933626828275/beauty_studio_kodi/"
  },
  {
    "id": "100899625214732",
    "name": "Sport life",
    "city": "Vyshneve",
    "url": "https://www.instagram.com/explore/locations/100899625214732/sport-life/"
  },
  {
    "id": "1432285083486236",
    "name": "UGOL espresso bar",
    "city": "Vyshneve",
    "url": "https://www.instagram.com/explore/locations/1432285083486236/ugol-espresso-bar/"
  },
  {
    "id": "269128563446649",
    "name": "Natalia Serdyuk Nail Art Studio",
    "city": "Vyshneve",
    "url": "https://www.instagram.com/explore/locations/269128563446649/natalia-serdyuk-nail-art-studio/"
  },
  {
    "id": "596763917682392",
    "name": "Kudrik",
    "city": "Vyshneve",
    "url": "https://www.instagram.com/explore/locations/596763917682392/kudrik/"
  },
  {
    "id": "1585340765038756",
    "name": "iHome",
    "city": "Vyshneve",
    "url": "https://www.instagram.com/explore/locations/1585340765038756/ihome/"
  },
  {
    "id": "307173726904282",
    "name": "Lviv Croissants",
    "city": "Vyshneve",
    "url": "https://www.instagram.com/explore/locations/307173726904282/lviv-croissants/"
  },
  {
    "id": "1774595642782812",
    "name": "Bless You Body Studio",
    "city": "Vyshneve",
    "url": "https://www.instagram.com/explore/locations/1774595642782812/bless-you-body-studio/"
  },
  {
    "id": "164485070775508",
    "name": "Sally Kava",
    "city": "Vyshneve",
    "url": "https://www.instagram.com/explore/locations/164485070775508/sally-kava/"
  },
  {
    "id": "191542241647502",
    "name": "Dolce fiori",
    "city": "Vyshneve",
    "url": "https://www.instagram.com/explore/locations/191542241647502/dolce-fiori/"
  },
  {
    "id": "1019124021",
    "name": "Yamaha Київ",
    "city": "Vyshneve",
    "url": "https://www.instagram.com/explore/locations/1019124021/yamaha/"
  },
  {
    "id": "242040850050138",
    "name": "Вишнівський академічний ліцей 1",
    "city": "Vyshneve",
    "url": "https://www.instagram.com/explore/locations/242040850050138/1/"
  },
  {
    "id": "666716203519566",
    "name": "Street Fight",
    "city": "Vyshneve",
    "url": "https://www.instagram.com/explore/locations/666716203519566/street-fight/"
  },
  {
    "id": "145985582672677",
    "name": "Marina Vovk",
    "city": "Vyshneve",
    "url": "https://www.instagram.com/explore/locations/145985582672677/marina-vovk/"
  },
  {
    "id": "103470877679573",
    "name": "EiS beauty studio",
    "city": "Vyshneve",
    "url": "https://www.instagram.com/explore/locations/103470877679573/eis-beauty-studio/"
  },
  {
    "id": "320753331884339",
    "name": "Space Dance Studio",
    "city": "Vyshneve",
    "url": "https://www.instagram.com/explore/locations/320753331884339/space-dance-studio/"
  },
  {
    "id": "2085236228193060",
    "name": "NROPTRA _HALL",
    "city": "Vyshneve",
    "url": "https://www.instagram.com/explore/locations/2085236228193060/nroptra-_hall/"
  },
  {
    "id": "237860430489629",
    "name": "McDonald’s",
    "city": "Vyshneve",
    "url": "https://www.instagram.com/explore/locations/237860430489629/mcdonalds/"
  },
  {
    "id": "289189360924936",
    "name": "Барбершоп Лютий 5 ЖК Сади Вишневі",
    "city": "Vyshneve",
    "url": "https://www.instagram.com/explore/locations/289189360924936/5/"
  },
  {
    "id": "2114676448542920",
    "name": "Український тенісний центр - ФТУ",
    "city": "Vyshneve",
    "url": "https://www.instagram.com/explore/locations/2114676448542920/-/"
  },
  {
    "id": "1003699195",
    "name": "ЖК Bavaria City",
    "city": "Vyshneve",
    "url": "https://www.instagram.com/explore/locations/1003699195/bavaria-city/"
  },
  {
    "id": "1025203109",
    "name": "ЖК \"Черрі Таун- Вишневе місто",
    "city": "Vyshneve",
    "url": "https://www.instagram.com/explore/locations/1025203109/-/"
  },
  {
    "id": "100970252343094",
    "name": "SP Studio - Movie Space",
    "city": "Vyshneve",
    "url": "https://www.instagram.com/explore/locations/100970252343094/sp-studio-movie-space/"
  },
  {
    "id": "1435053003295662",
    "name": "Набережная Москвы-реки",
    "city": "Vyshneve",
    "url": "https://www.instagram.com/explore/locations/1435053003295662/-/"
  },
  {
    "id": "110000447081584",
    "name": "Східні танці в ЖК Софія, Вишневе. ССТ LARA Bellydance",
    "city": "Vyshneve",
    "url": "https://www.instagram.com/explore/locations/110000447081584/lara-bellydance/"
  },
  {
    "id": "1010310341",
    "name": "БорщBurger",
    "city": "Vyshneve",
    "url": "https://www.instagram.com/explore/locations/1010310341/burger/"
  },
  {
    "id": "466672437420887",
    "name": "Fox Event Company / Fox студія",
    "city": "Vyshneve",
    "url": "https://www.instagram.com/explore/locations/466672437420887/fox-event-company-fox/"
  },
  {
    "id": "879643104",
    "name": "Сімейна ресторація Terra Pizza",
    "city": "Vyshneve",
    "url": "https://www.instagram.com/explore/locations/879643104/terra-pizza/"
  },
  {
    "id": "1124016231047402",
    "name": "NoMotors.ua",
    "city": "Vyshneve",
    "url": "https://www.instagram.com/explore/locations/1124016231047402/nomotorsua/"
  },
  {
    "id": "101409378620802",
    "name": "Dom Jamon \"ЖК Софія\"",
    "city": "Vyshneve",
    "url": "https://www.instagram.com/explore/locations/101409378620802/dom-jamon/"
  },
  {
    "id": "101397148145589",
    "name": "Evromisto for you",
    "city": "Vyshneve",
    "url": "https://www.instagram.com/explore/locations/101397148145589/evromisto-for-you/"
  },
  {
    "id": "2030545073891569",
    "name": "Bobrytsia",
    "city": "Vyshneve",
    "url": "https://www.instagram.com/explore/locations/2030545073891569/bobrytsia/"
  },
  {
    "id": "113715083745008",
    "name": "Гімназія- Дитячий садочок \"Умка Smart \"",
    "city": "Vyshneve",
    "url": "https://www.instagram.com/explore/locations/113715083745008/-smart/"
  },
  {
    "id": "216418379089664",
    "name": "HOBBY HUB",
    "city": "Vyshneve",
    "url": "https://www.instagram.com/explore/locations/216418379089664/hobby-hub/"
  },
  {
    "id": "273598173393543",
    "name": "Olga Okolita . Designer/Stilist",
    "city": "Vyshneve",
    "url": "https://www.instagram.com/explore/locations/273598173393543/olga-okolita-designerstilist/"
  },
  {
    "id": "104458414659948",
    "name": "Pastateca",
    "city": "Vyshneve",
    "url": "https://www.instagram.com/explore/locations/104458414659948/pastateca/"
  },
  {
    "id": "2033851826671636",
    "name": "Japan Tobacco International",
    "city": "Vyshneve",
    "url": "https://www.instagram.com/explore/locations/2033851826671636/japan-tobacco-international/"
  },
  {
    "id": "108352290757347",
    "name": "ALYUR Service",
    "city": "Vyshneve",
    "url": "https://www.instagram.com/explore/locations/108352290757347/alyur-service/"
  },
  {
    "id": "1700963389976389",
    "name": "Du’Peri",
    "city": "Vyshneve",
    "url": "https://www.instagram.com/explore/locations/1700963389976389/duperi/"
  },
  {
    "id": "1814120925522012",
    "name": "Dog's - Sport&show",
    "city": "Vyshneve",
    "url": "https://www.instagram.com/explore/locations/1814120925522012/dogs-sportshow/"
  },
  {
    "id": "514184011986685",
    "name": "Edem Auto - офіційний дилер Hyundai у Києві",
    "city": "Vyshneve",
    "url": "https://www.instagram.com/explore/locations/514184011986685/edem-auto-hyundai/"
  },
  {
    "id": "103377181227532",
    "name": "Spartan Race Ukraine",
    "city": "Vyshneve",
    "url": "https://www.instagram.com/explore/locations/103377181227532/spartan-race-ukraine/"
  },
  {
    "id": "1892367567680701",
    "name": "Siesta hotel",
    "city": "Vyshneve",
    "url": "https://www.instagram.com/explore/locations/1892367567680701/siesta-hotel/"
  },
  {
    "id": "249228072",
    "name": "Sofievsky Posad",
    "city": "Vyshneve",
    "url": "https://www.instagram.com/explore/locations/249228072/sofievsky-posad/"
  },
  {
    "id": "1821387694819582",
    "name": "Dental Spa",
    "city": "Vyshneve",
    "url": "https://www.instagram.com/explore/locations/1821387694819582/dental-spa/"
  },
  {
    "id": "101075158042249",
    "name": "L'CarouseLВсе для дітей",
    "city": "Vyshneve",
    "url": "https://www.instagram.com/explore/locations/101075158042249/lcarousel/"
  },
  {
    "id": "102964424496279",
    "name": "Fishmag_Fishing_Shop",
    "city": "Vyshneve",
    "url": "https://www.instagram.com/explore/locations/102964424496279/fishmag_fishing_shop/"
  },
  {
    "id": "105959405729392",
    "name": "Сімейне кафе GRECO",
    "city": "Vyshneve",
    "url": "https://www.instagram.com/explore/locations/105959405729392/greco/"
  },
  {
    "id": "181391282000353",
    "name": "Lingerie shop \"Obrana.Ти\"",
    "city": "Vyshneve",
    "url": "https://www.instagram.com/explore/locations/181391282000353/lingerie-shop-obrana/"
  },
  {
    "id": "1030862650",
    "name": "Yellow Студія Краси",
    "city": "Vyshneve",
    "url": "https://www.instagram.com/explore/locations/1030862650/yellow/"
  },
  {
    "id": "168120920538373",
    "name": "Груминг салон \"Budka Spa\"",
    "city": "Vyshneve",
    "url": "https://www.instagram.com/explore/locations/168120920538373/budka-spa/"
  },
  {
    "id": "422065654815873",
    "name": "Kukulchuk Dental Studio",
    "city": "Vyshneve",
    "url": "https://www.instagram.com/explore/locations/422065654815873/kukulchuk-dental-studio/"
  },
  {
    "id": "1591296194509990",
    "name": "PASMA",
    "city": "Vyshneve",
    "url": "https://www.instagram.com/explore/locations/1591296194509990/pasma/"
  },
  {
    "id": "181829692261556",
    "name": "Buketshop.com.ua",
    "city": "Vyshneve",
    "url": "https://www.instagram.com/explore/locations/181829692261556/buketshopcomua/"
  },
  {
    "id": "101587297980807",
    "name": "ММА Бокс Борьба Карате Бойцовский Клуб VOLYA",
    "city": "Vyshneve",
    "url": "https://www.instagram.com/explore/locations/101587297980807/volya/"
  },
  {
    "id": "100183585039261",
    "name": "Lunga Team MMA Club",
    "city": "Vyshneve",
    "url": "https://www.instagram.com/explore/locations/100183585039261/lunga-team-mma-club/"
  },
  {
    "id": "100787402087270",
    "name": "Myfit",
    "city": "Vyshneve",
    "url": "https://www.instagram.com/explore/locations/100787402087270/myfit/"
  },
  {
    "id": "246741916316177",
    "name": "Asobi restaurant",
    "city": "Vyshneve",
    "url": "https://www.instagram.com/explore/locations/246741916316177/asobi-restaurant/"
  },
  {
    "id": "104545967594615",
    "name": "Парк Розваг Kinder Boom",
    "city": "Vyshneve",
    "url": "https://www.instagram.com/explore/locations/104545967594615/kinder-boom/"
  },
  {
    "id": "582876365454799",
    "name": "Garderob",
    "city": "Vyshneve",
    "url": "https://www.instagram.com/explore/locations/582876365454799/garderob/"
  },
  {
    "id": "100381652496770",
    "name": "Кав’ярня «Postcoffee»",
    "city": "Vyshneve",
    "url": "https://www.instagram.com/explore/locations/100381652496770/postcoffee/"
  },
  {
    "id": "106279914517948",
    "name": "КСК \"Skifos\"",
    "city": "Vyshneve",
    "url": "https://www.instagram.com/explore/locations/106279914517948/skifos/"
  },
  {
    "id": "218502698187783",
    "name": "FORD VIDI Край Моторз",
    "city": "Vyshneve",
    "url": "https://www.instagram.com/explore/locations/218502698187783/ford-vidi/"
  },
  {
    "id": "1016626479",
    "name": "Doppio UA Coffee Roasterу",
    "city": "Vyshneve",
    "url": "https://www.instagram.com/explore/locations/1016626479/doppio-ua-coffee-roaster/"
  },
  {
    "id": "1650074991741935",
    "name": "Парк-Ресторан STOP",
    "city": "Vyshneve",
    "url": "https://www.instagram.com/explore/locations/1650074991741935/-stop/"
  },
  {
    "id": "690877767",
    "name": "С. Крюкiвщина",
    "city": "Vyshneve",
    "url": "https://www.instagram.com/explore/locations/690877767/i/"
  },
  {
    "id": "369301306",
    "name": "Oleksandra 3D Interior Visualizer",
    "city": "Vyshneve",
    "url": "https://www.instagram.com/explore/locations/369301306/oleksandra-3d-interior-visualizer/"
  },
  {
    "id": "464040421001418",
    "name": "Unit B",
    "city": "Vyshneve",
    "url": "https://www.instagram.com/explore/locations/464040421001418/unit-b/"
  },
  {
    "id": "106667930796179",
    "name": "Bistro&Cafe",
    "city": "Vyshneve",
    "url": "https://www.instagram.com/explore/locations/106667930796179/bistrocafe/"
  },
  {
    "id": "247838239151465",
    "name": "Дизайн-готель ROAD",
    "city": "Vyshneve",
    "url": "https://www.instagram.com/explore/locations/247838239151465/-road/"
  },
  {
    "id": "1168181076570814",
    "name": "Zebra Bar",
    "city": "Vyshneve",
    "url": "https://www.instagram.com/explore/locations/1168181076570814/zebra-bar/"
  },
  {
    "id": "1162078723817269",
    "name": "Салон краси Marigold",
    "city": "Vyshneve",
    "url": "https://www.instagram.com/explore/locations/1162078723817269/marigold/"
  },
  {
    "id": "609584239250564",
    "name": "Edison HUB",
    "city": "Vyshneve",
    "url": "https://www.instagram.com/explore/locations/609584239250564/edison-hub/"
  },
  {
    "id": "252954238556616",
    "name": "OblackO",
    "city": "Vyshneve",
    "url": "https://www.instagram.com/explore/locations/252954238556616/oblacko/"
  },
  {
    "id": "282965028998663",
    "name": "BMW Zona",
    "city": "Vyshneve",
    "url": "https://www.instagram.com/explore/locations/282965028998663/bmw-zona/"
  },
  {
    "id": "189042381598450",
    "name": "Lala.bar",
    "city": "Vyshneve",
    "url": "https://www.instagram.com/explore/locations/189042381598450/lalabar/"
  },
  {
    "id": "112972264746059",
    "name": "One Love Sushi ЖК Софія",
    "city": "Vyshneve",
    "url": "https://www.instagram.com/explore/locations/112972264746059/one-love-sushi/"
  },
  {
    "id": "667706640087494",
    "name": "Салон Краси \"Хамелеон- Крюківщина",
    "city": "Vyshneve",
    "url": "https://www.instagram.com/explore/locations/667706640087494/-/"
  },
  {
    "id": "101520368510414",
    "name": "GLOW FLY DANCE",
    "city": "Vyshneve",
    "url": "https://www.instagram.com/explore/locations/101520368510414/glow-fly-dance/"
  },
  {
    "id": "1030365734",
    "name": "Студия Звукозаписи Sara Records",
    "city": "Vyshneve",
    "url": "https://www.instagram.com/explore/locations/1030365734/sara-records/"
  },
  {
    "id": "107260458697292",
    "name": "Шаурма 88 Cafe-bistro",
    "city": "Vyshneve",
    "url": "https://www.instagram.com/explore/locations/107260458697292/88-cafe-bistro/"
  },
  {
    "id": "105929104201351",
    "name": "almabar_sofia",
    "city": "Vyshneve",
    "url": "https://www.instagram.com/explore/locations/105929104201351/almabar_sofia/"
  },
  {
    "id": "103552775490859",
    "name": "Клуб спортивного - бального танцю \"Естет\"",
    "city": "Vyshneve",
    "url": "https://www.instagram.com/explore/locations/103552775490859/-/"
  },
  {
    "id": "104535252022390",
    "name": "Misto Cafe",
    "city": "Vyshneve",
    "url": "https://www.instagram.com/explore/locations/104535252022390/misto-cafe/"
  },
  {
    "id": "100823551267054",
    "name": "Ksenia Humeniuk beauty space",
    "city": "Vyshneve",
    "url": "https://www.instagram.com/explore/locations/100823551267054/ksenia-humeniuk-beauty-space/"
  },
  {
    "id": "205522416913515",
    "name": "ЖК София Боголюбова 18",
    "city": "Vyshneve",
    "url": "https://www.instagram.com/explore/locations/205522416913515/18/"
  },
  {
    "id": "1698773500174162",
    "name": "Lotto Sport",
    "city": "Vyshneve",
    "url": "https://www.instagram.com/explore/locations/1698773500174162/lotto-sport/"
  },
  {
    "id": "1794868180815417",
    "name": "LOOK La TOOK",
    "city": "Vyshneve",
    "url": "https://www.instagram.com/explore/locations/1794868180815417/look-la-took/"
  },
  {
    "id": "2163116590569975",
    "name": "FanPizza",
    "city": "Vyshneve",
    "url": "https://www.instagram.com/explore/locations/2163116590569975/fanpizza/"
  },
  {
    "id": "297226957788368",
    "name": "Martinov's Coffee",
    "city": "Vyshneve",
    "url": "https://www.instagram.com/explore/locations/297226957788368/martinovs-coffee/"
  },
  {
    "id": "104093565383114",
    "name": "Дитячий садок «Hey Friends» на Волошковій",
    "city": "Vyshneve",
    "url": "https://www.instagram.com/explore/locations/104093565383114/hey-friends/"
  },
  {
    "id": "100770884662905",
    "name": "Boudoir",
    "city": "Vyshneve",
    "url": "https://www.instagram.com/explore/locations/100770884662905/boudoir/"
  },
  {
    "id": "1664172713712063",
    "name": "Happy Nest",
    "city": "Vyshneve",
    "url": "https://www.instagram.com/explore/locations/1664172713712063/happy-nest/"
  },
  {
    "id": "1944126472480828",
    "name": "Щасливі діти - освітній центр",
    "city": "Vyshneve",
    "url": "https://www.instagram.com/explore/locations/1944126472480828/-/"
  },
  {
    "id": "104019014717165",
    "name": "Kids club Vyshneve",
    "city": "Vyshneve",
    "url": "https://www.instagram.com/explore/locations/104019014717165/kids-club-vyshneve/"
  },
  {
    "id": "100578438386428",
    "name": "Pastateca",
    "city": "Vyshneve",
    "url": "https://www.instagram.com/explore/locations/100578438386428/pastateca/"
  },
  {
    "id": "526898074440654",
    "name": "Planet Earth",
    "city": "Vyshneve",
    "url": "https://www.instagram.com/explore/locations/526898074440654/planet-earth/"
  },
  {
    "id": "696051100599288",
    "name": "#inmabed",
    "city": "Vyshneve",
    "url": "https://www.instagram.com/explore/locations/696051100599288/inmabed/"
  },
  {
    "id": "1023729388",
    "name": "Novus",
    "city": "Vyshneve",
    "url": "https://www.instagram.com/explore/locations/1023729388/novus/"
  },
  {
    "id": "439112193119741",
    "name": "Il Molino - Вишневе",
    "city": "Vyshneve",
    "url": "https://www.instagram.com/explore/locations/439112193119741/il-molino-/"
  },
  {
    "id": "101046215017270",
    "name": "Дитячий спортивний клуб Start Kids для діток від 2 до 9 років",
    "city": "Vyshneve",
    "url": "https://www.instagram.com/explore/locations/101046215017270/start-kids-2-9/"
  },
  {
    "id": "107754600600527",
    "name": "Трц Euroпарк",
    "city": "Vyshneve",
    "url": "https://www.instagram.com/explore/locations/107754600600527/euro/"
  },
  {
    "id": "185099585197816",
    "name": "Gearshop.com.ua",
    "city": "Vyshneve",
    "url": "https://www.instagram.com/explore/locations/185099585197816/gearshopcomua/"
  },
  {
    "id": "106282327728374",
    "name": "Риба I Лимон",
    "city": "Vyshneve",
    "url": "https://www.instagram.com/explore/locations/106282327728374/i/"
  },
  {
    "id": "117628470143328",
    "name": "KIVI",
    "city": "Vyshneve",
    "url": "https://www.instagram.com/explore/locations/117628470143328/kivi/"
  },
  {
    "id": "109727199539056",
    "name": "Lovemorecakes",
    "city": "Vyshneve",
    "url": "https://www.instagram.com/explore/locations/109727199539056/lovemorecakes/"
  },
  {
    "id": "103233887949585",
    "name": "Darina Ruta",
    "city": "Vyshneve",
    "url": "https://www.instagram.com/explore/locations/103233887949585/darina-ruta/"
  },
  {
    "id": "104605822282081",
    "name": "JoJo’s Bizarre Adventure",
    "city": "Vyshneve",
    "url": "https://www.instagram.com/explore/locations/104605822282081/jojos-bizarre-adventure/"
  },
  {
    "id": "357305915",
    "name": "Пара Ти - Para Ti",
    "city": "Vyshneve",
    "url": "https://www.instagram.com/explore/locations/357305915/-para-ti/"
  },
  {
    "id": "101301361680788",
    "name": "ALFA CLINIC",
    "city": "Vyshneve",
    "url": "https://www.instagram.com/explore/locations/101301361680788/alfa-clinic/"
  },
  {
    "id": "103833701162735",
    "name": "SPORT LIFE",
    "city": "Vyshneve",
    "url": "https://www.instagram.com/explore/locations/103833701162735/sport-life/"
  },
  {
    "id": "1505349969599068",
    "name": "Пульс - сімейна клініка",
    "city": "Vyshneve",
    "url": "https://www.instagram.com/explore/locations/1505349969599068/-/"
  },
  {
    "id": "327228244736230",
    "name": "Sportclubolimp",
    "city": "Vyshneve",
    "url": "https://www.instagram.com/explore/locations/327228244736230/sportclubolimp/"
  },
  {
    "id": "877603286",
    "name": "Sofijiwska Borschtschahiwka",
    "city": "Vyshneve",
    "url": "https://www.instagram.com/explore/locations/877603286/sofijiwska-borschtschahiwka/"
  },
  {
    "id": "106027310772694",
    "name": "NAZORI'",
    "city": "Vyshneve",
    "url": "https://www.instagram.com/explore/locations/106027310772694/nazori/"
  },
  {
    "id": "103648331384643",
    "name": "The Dent",
    "city": "Vyshneve",
    "url": "https://www.instagram.com/explore/locations/103648331384643/the-dent/"
  },
  {
    "id": "380598379219949",
    "name": "Боголюбова, 30",
    "city": "Vyshneve",
    "url": "https://www.instagram.com/explore/locations/380598379219949/30/"
  },
  {
    "id": "101999635074042",
    "name": "Level.sadok",
    "city": "Vyshneve",
    "url": "https://www.instagram.com/explore/locations/101999635074042/levelsadok/"
  },
  {
    "id": "930642317141420",
    "name": "Стоматология Dr Weber",
    "city": "Vyshneve",
    "url": "https://www.instagram.com/explore/locations/930642317141420/dr-weber/"
  },
  {
    "id": "120813605301772",
    "name": "Фітнес клуб \"KastaПетрівський квартал",
    "city": "Vyshneve",
    "url": "https://www.instagram.com/explore/locations/120813605301772/kasta/"
  },
  {
    "id": "1909323455948058",
    "name": "M·o·k·o",
    "city": "Vyshneve",
    "url": "https://www.instagram.com/explore/locations/1909323455948058/moko/"
  },
  {
    "id": "104377698977146",
    "name": "goldance_kiev",
    "city": "Vyshneve",
    "url": "https://www.instagram.com/explore/locations/104377698977146/goldance_kiev/"
  },
  {
    "id": "2369047896715570",
    "name": "Салон краси b-hub Софіївська Борщагівка",
    "city": "Vyshneve",
    "url": "https://www.instagram.com/explore/locations/2369047896715570/b-hub/"
  },
  {
    "id": "862576686",
    "name": "Салон красоты \"Larin\"",
    "city": "Vyshneve",
    "url": "https://www.instagram.com/explore/locations/862576686/larin/"
  },
  {
    "id": "109898331728781",
    "name": "BeerLoga Вишневе",
    "city": "Vyshneve",
    "url": "https://www.instagram.com/explore/locations/109898331728781/beerloga/"
  },
  {
    "id": "2190350734567267",
    "name": "Боголюбова 6",
    "city": "Vyshneve",
    "url": "https://www.instagram.com/explore/locations/2190350734567267/6/"
  },
  {
    "id": "929684663808163",
    "name": "Салон красоты GRAND SALON",
    "city": "Vyshneve",
    "url": "https://www.instagram.com/explore/locations/929684663808163/grand-salon/"
  },
  {
    "id": "110430038554234",
    "name": "i.d.kids",
    "city": "Vyshneve",
    "url": "https://www.instagram.com/explore/locations/110430038554234/idkids/"
  },
  {
    "id": "338508913404922",
    "name": "SportUnite",
    "city": "Vyshneve",
    "url": "https://www.instagram.com/explore/locations/338508913404922/sportunite/"
  },
  {
    "id": "1674893286057459",
    "name": "Вишневе Київська 6в",
    "city": "Vyshneve",
    "url": "https://www.instagram.com/explore/locations/1674893286057459/6/"
  },
  {
    "id": "1801487033484625",
    "name": "InBlumen flower school",
    "city": "Vyshneve",
    "url": "https://www.instagram.com/explore/locations/1801487033484625/inblumen-flower-school/"
  },
  {
    "id": "104857431049782",
    "name": "Leclub жк София",
    "city": "Vyshneve",
    "url": "https://www.instagram.com/explore/locations/104857431049782/leclub/"
  },
  {
    "id": "109503698238654",
    "name": "Beauty Bar Vyshnia",
    "city": "Vyshneve",
    "url": "https://www.instagram.com/explore/locations/109503698238654/beauty-bar-vyshnia/"
  },
  {
    "id": "1018884753",
    "name": "ЖК Акварели 2",
    "city": "Vyshneve",
    "url": "https://www.instagram.com/explore/locations/1018884753/2/"
  },
  {
    "id": "109844961406876",
    "name": "Hello Smart Cookies - білінгвальнийдитячий клуб",
    "city": "Vyshneve",
    "url": "https://www.instagram.com/explore/locations/109844961406876/hello-smart-cookies-/"
  },
  {
    "id": "487206014810661",
    "name": "PUFF smokeclub",
    "city": "Vyshneve",
    "url": "https://www.instagram.com/explore/locations/487206014810661/puff-smokeclub/"
  },
  {
    "id": "109588667253998",
    "name": "PRIDE dance&fitness",
    "city": "Vyshneve",
    "url": "https://www.instagram.com/explore/locations/109588667253998/pride-dancefitness/"
  },
  {
    "id": "335028940600438",
    "name": "МРЕВ Києво-Святошинського р-ну",
    "city": "Vyshneve",
    "url": "https://www.instagram.com/explore/locations/335028940600438/-/"
  },
  {
    "id": "108059684354420",
    "name": "Sam's Coffee",
    "city": "Vyshneve",
    "url": "https://www.instagram.com/explore/locations/108059684354420/sams-coffee/"
  },
  {
    "id": "105906944719011",
    "name": "Only You. Fitness center",
    "city": "Vyshneve",
    "url": "https://www.instagram.com/explore/locations/105906944719011/only-you-fitness-center/"
  },
  {
    "id": "222385218646118",
    "name": "Жк Софія, Вул Миру 50",
    "city": "Vyshneve",
    "url": "https://www.instagram.com/explore/locations/222385218646118/50/"
  },
  {
    "id": "115443783616439",
    "name": "XO SUSHI - Доставка суші/риби/ікри/морепродуктів",
    "city": "Vyshneve",
    "url": "https://www.instagram.com/explore/locations/115443783616439/xo-sushi-/"
  },
  {
    "id": "100943398007781",
    "name": "UNEX Ukraine",
    "city": "Vyshneve",
    "url": "https://www.instagram.com/explore/locations/100943398007781/unex-ukraine/"
  },
  {
    "id": "1131135753595546",
    "name": "Fol’ga lounge zone",
    "city": "Vyshneve",
    "url": "https://www.instagram.com/explore/locations/1131135753595546/folga-lounge-zone/"
  },
  {
    "id": "107285547637959",
    "name": "Kids Mafia",
    "city": "Vyshneve",
    "url": "https://www.instagram.com/explore/locations/107285547637959/kids-mafia/"
  },
  {
    "id": "1030738016",
    "name": "BONO Coffee&Cocktails",
    "city": "Vyshneve",
    "url": "https://www.instagram.com/explore/locations/1030738016/bono-coffeecocktails/"
  },
  {
    "id": "103048211074459",
    "name": "ЖК Wellspring",
    "city": "Vyshneve",
    "url": "https://www.instagram.com/explore/locations/103048211074459/wellspring/"
  },
  {
    "id": "100611188894928",
    "name": "Petrivsky Residence",
    "city": "Vyshneve",
    "url": "https://www.instagram.com/explore/locations/100611188894928/petrivsky-residence/"
  },
  {
    "id": "289766221508509",
    "name": "Софія Sport на Братській",
    "city": "Vyshneve",
    "url": "https://www.instagram.com/explore/locations/289766221508509/sport/"
  },
  {
    "id": "100426539220030",
    "name": "Mif Coffee Buffet",
    "city": "Vyshneve",
    "url": "https://www.instagram.com/explore/locations/100426539220030/mif-coffee-buffet/"
  },
  {
    "id": "1387207194661188",
    "name": "Okolo Stok. Тюнинг запчасти",
    "city": "Vyshneve",
    "url": "https://www.instagram.com/explore/locations/1387207194661188/okolo-stok/"
  },
  {
    "id": "2061073534212810",
    "name": "MamaYa - дитячий клуб та садочок",
    "city": "Vyshneve",
    "url": "https://www.instagram.com/explore/locations/2061073534212810/mamaya-/"
  },
  {
    "id": "1840943745996507",
    "name": "ПоТяГ Hookah Bar",
    "city": "Vyshneve",
    "url": "https://www.instagram.com/explore/locations/1840943745996507/hookah-bar/"
  },
  {
    "id": "296724647108309",
    "name": "Akvilon.ua",
    "city": "Vyshneve",
    "url": "https://www.instagram.com/explore/locations/296724647108309/akvilonua/"
  },
  {
    "id": "208985199600752",
    "name": "O'Nail студия маникюра",
    "city": "Vyshneve",
    "url": "https://www.instagram.com/explore/locations/208985199600752/onail/"
  },
  {
    "id": "107519691063377",
    "name": "PRO КАВА Територія смаку",
    "city": "Vyshneve",
    "url": "https://www.instagram.com/explore/locations/107519691063377/pro/"
  },
  {
    "id": "101301438959756",
    "name": "Good Hub Pro",
    "city": "Vyshneve",
    "url": "https://www.instagram.com/explore/locations/101301438959756/good-hub-pro/"
  },
  {
    "id": "1026965414",
    "name": "Happy Print",
    "city": "Vyshneve",
    "url": "https://www.instagram.com/explore/locations/1026965414/happy-print/"
  },
  {
    "id": "111563290378271",
    "name": "Софиевская Борщаговка , ул. Мира 40",
    "city": "Vyshneve",
    "url": "https://www.instagram.com/explore/locations/111563290378271/40/"
  },
  {
    "id": "304384736978603",
    "name": "Neo Life Dental Clinic",
    "city": "Vyshneve",
    "url": "https://www.instagram.com/explore/locations/304384736978603/neo-life-dental-clinic/"
  },
  {
    "id": "1973873465968712",
    "name": "Івана Франка, 6",
    "city": "Vyshneve",
    "url": "https://www.instagram.com/explore/locations/1973873465968712/6/"
  },
  {
    "id": "1018633519",
    "name": "Приватний дитсадок - центр розвитку дітей та батьків \"Зерняткоу Вишневому",
    "city": "Vyshneve",
    "url": "https://www.instagram.com/explore/locations/1018633519/-/"
  },
  {
    "id": "354120185223908",
    "name": "Medusa / Медуза",
    "city": "Vyshneve",
    "url": "https://www.instagram.com/explore/locations/354120185223908/medusa/"
  },
  {
    "id": "660940739",
    "name": "Завалье-1",
    "city": "Vyshneve",
    "url": "https://www.instagram.com/explore/locations/660940739/-1/"
  },
  {
    "id": "250497115327204",
    "name": "Tutto Bene",
    "city": "Vyshneve",
    "url": "https://www.instagram.com/explore/locations/250497115327204/tutto-bene/"
  },
  {
    "id": "185135561358371",
    "name": "Кавʼярня «Platform 9 3/4” ЖК Софія",
    "city": "Vyshneve",
    "url": "https://www.instagram.com/explore/locations/185135561358371/platform-9-34/"
  },
  {
    "id": "111401771413662",
    "name": "Салон краси JAM beauty bar c.Крюківщина/Вишневе",
    "city": "Vyshneve",
    "url": "https://www.instagram.com/explore/locations/111401771413662/jam-beauty-bar-c/"
  },
  {
    "id": "104736314832589",
    "name": "Yim Yim",
    "city": "Vyshneve",
    "url": "https://www.instagram.com/explore/locations/104736314832589/yim-yim/"
  },
  {
    "id": "472726523150834",
    "name": "Житловий комплекс \"One House\"",
    "city": "Vyshneve",
    "url": "https://www.instagram.com/explore/locations/472726523150834/one-house/"
  },
  {
    "id": "235099007050092",
    "name": "Киев, ул. Бальзака 55",
    "city": "Vyshneve",
    "url": "https://www.instagram.com/explore/locations/235099007050092/55/"
  },
  {
    "id": "147917192515986",
    "name": "Kasta Fitness Петровский Квартал",
    "city": "Vyshneve",
    "url": "https://www.instagram.com/explore/locations/147917192515986/kasta-fitness/"
  },
  {
    "id": "21272926",
    "name": "Shapkin's Sweet Home",
    "city": "Vyshneve",
    "url": "https://www.instagram.com/explore/locations/21272926/shapkins-sweet-home/"
  },
  {
    "id": "1011318486",
    "name": "Вишневская Общеобразовательная Школа 4,",
    "city": "Vyshneve",
    "url": "https://www.instagram.com/explore/locations/1011318486/4/"
  },
  {
    "id": "501891853476128",
    "name": "KavoVarka",
    "city": "Vyshneve",
    "url": "https://www.instagram.com/explore/locations/501891853476128/kavovarka/"
  },
  {
    "id": "336437306775043",
    "name": "Soborna_church",
    "city": "Vyshneve",
    "url": "https://www.instagram.com/explore/locations/336437306775043/soborna_church/"
  },
  {
    "id": "167044343896096",
    "name": "Light up Church",
    "city": "Vyshneve",
    "url": "https://www.instagram.com/explore/locations/167044343896096/light-up-church/"
  },
  {
    "id": "276743739562720",
    "name": "Mr.BREEGO",
    "city": "Vyshneve",
    "url": "https://www.instagram.com/explore/locations/276743739562720/mrbreego/"
  },
  {
    "id": "102959096117184",
    "name": "SPORT LIFE",
    "city": "Vyshneve",
    "url": "https://www.instagram.com/explore/locations/102959096117184/sport-life/"
  },
  {
    "id": "641019444",
    "name": "Лепсе 4",
    "city": "Vyshneve",
    "url": "https://www.instagram.com/explore/locations/641019444/4/"
  },
  {
    "id": "537779713280265",
    "name": "ITKids",
    "city": "Vyshneve",
    "url": "https://www.instagram.com/explore/locations/537779713280265/itkids/"
  },
  {
    "id": "111514633576962",
    "name": "Bookeria",
    "city": "Vyshneve",
    "url": "https://www.instagram.com/explore/locations/111514633576962/bookeria/"
  },
  {
    "id": "1027318980",
    "name": "Леон-Сервіс Плюс",
    "city": "Vyshneve",
    "url": "https://www.instagram.com/explore/locations/1027318980/-/"
  },
  {
    "id": "292081308139747",
    "name": "ST Massage ЖК Софія",
    "city": "Vyshneve",
    "url": "https://www.instagram.com/explore/locations/292081308139747/st-massage/"
  },
  {
    "id": "100169519533631",
    "name": "Enjoy beauty studio",
    "city": "Vyshneve",
    "url": "https://www.instagram.com/explore/locations/100169519533631/enjoy-beauty-studio/"
  },
  {
    "id": "554212634758428",
    "name": "Hesburger",
    "city": "Vyshneve",
    "url": "https://www.instagram.com/explore/locations/554212634758428/hesburger/"
  },
  {
    "id": "1217300631676875",
    "name": "ICON Pole",
    "city": "Vyshneve",
    "url": "https://www.instagram.com/explore/locations/1217300631676875/icon-pole/"
  },
  {
    "id": "107011409128875",
    "name": "Double Bubble Bar",
    "city": "Vyshneve",
    "url": "https://www.instagram.com/explore/locations/107011409128875/double-bubble-bar/"
  },
  {
    "id": "1024631569",
    "name": "Фитнес-центр \"Лидер\"",
    "city": "Vyshneve",
    "url": "https://www.instagram.com/explore/locations/1024631569/-/"
  },
  {
    "id": "416894235538869",
    "name": "Питомник биглей \"Gypsy House\"",
    "city": "Vyshneve",
    "url": "https://www.instagram.com/explore/locations/416894235538869/gypsy-house/"
  },
  {
    "id": "119688409431170",
    "name": "IPS Dance&Fitness Studio",
    "city": "Vyshneve",
    "url": "https://www.instagram.com/explore/locations/119688409431170/ips-dancefitness-studio/"
  },
  {
    "id": "114681853559620",
    "name": "PEREZAGRUZKA_coffee",
    "city": "Vyshneve",
    "url": "https://www.instagram.com/explore/locations/114681853559620/perezagruzka_coffee/"
  },
  {
    "id": "1690737491029653",
    "name": "Kovalenko Aesthetic Clinic",
    "city": "Vyshneve",
    "url": "https://www.instagram.com/explore/locations/1690737491029653/kovalenko-aesthetic-clinic/"
  },
  {
    "id": "204642473313400",
    "name": "Медичний центр кінезітерапії \"Health Life\"",
    "city": "Vyshneve",
    "url": "https://www.instagram.com/explore/locations/204642473313400/health-life/"
  },
  {
    "id": "1712552355649966",
    "name": "TUI Турагенція Софіївська Борщагівка",
    "city": "Vyshneve",
    "url": "https://www.instagram.com/explore/locations/1712552355649966/tui/"
  },
  {
    "id": "105358271845701",
    "name": "Universum HALL",
    "city": "Vyshneve",
    "url": "https://www.instagram.com/explore/locations/105358271845701/universum-hall/"
  },
  {
    "id": "2172259483007585",
    "name": "I.D.Clinic Arabic",
    "city": "Vyshneve",
    "url": "https://www.instagram.com/explore/locations/2172259483007585/idclinic-arabic/"
  },
  {
    "id": "105454420867544",
    "name": "VV Body Factory",
    "city": "Vyshneve",
    "url": "https://www.instagram.com/explore/locations/105454420867544/vv-body-factory/"
  },
  {
    "id": "110855810428933",
    "name": "Цифрова стоматологія QRD Dental - Київ, Борщагівка",
    "city": "Vyshneve",
    "url": "https://www.instagram.com/explore/locations/110855810428933/qrd-dental-/"
  },
  {
    "id": "116902649857645",
    "name": "Дитячий клуб Skills Крюківщина",
    "city": "Vyshneve",
    "url": "https://www.instagram.com/explore/locations/116902649857645/skills/"
  },
  {
    "id": "106597601296552",
    "name": "S&S Coffee",
    "city": "Vyshneve",
    "url": "https://www.instagram.com/explore/locations/106597601296552/ss-coffee/"
  },
  {
    "id": "106646708454046",
    "name": "ElephantToys.Kiev",
    "city": "Vyshneve",
    "url": "https://www.instagram.com/explore/locations/106646708454046/elephanttoyskiev/"
  },
  {
    "id": "284477058089286",
    "name": "Pan Cake Bar",
    "city": "Vyshneve",
    "url": "https://www.instagram.com/explore/locations/284477058089286/pan-cake-bar/"
  },
  {
    "id": "101534834758505",
    "name": "Banda Car Service",
    "city": "Vyshneve",
    "url": "https://www.instagram.com/explore/locations/101534834758505/banda-car-service/"
  },
  {
    "id": "1895196684067658",
    "name": "Мовний Центр Best",
    "city": "Vyshneve",
    "url": "https://www.instagram.com/explore/locations/1895196684067658/best/"
  },
  {
    "id": "1631002510262677",
    "name": "PepsiCo Ukraine",
    "city": "Vyshneve",
    "url": "https://www.instagram.com/explore/locations/1631002510262677/pepsico-ukraine/"
  },
  {
    "id": "229657030816496",
    "name": "Красноармейская 5",
    "city": "Vyshneve",
    "url": "https://www.instagram.com/explore/locations/229657030816496/5/"
  },
  {
    "id": "1027531441",
    "name": "Голосеевский Проспект, 122",
    "city": "Vyshneve",
    "url": "https://www.instagram.com/explore/locations/1027531441/122/"
  },
  {
    "id": "477612188",
    "name": "Ліко- Школа",
    "city": "Vyshneve",
    "url": "https://www.instagram.com/explore/locations/477612188/-/"
  },
  {
    "id": "937363232973841",
    "name": "Fashion Room",
    "city": "Vyshneve",
    "url": "https://www.instagram.com/explore/locations/937363232973841/fashion-room/"
  },
  {
    "id": "165387243960192",
    "name": "Мебель Rexwood",
    "city": "Vyshneve",
    "url": "https://www.instagram.com/explore/locations/165387243960192/rexwood/"
  },
  {
    "id": "226603431366727",
    "name": "Монарх - Бильярд, бар, Ресторан, Просмотр Спортивных Событий",
    "city": "Vyshneve",
    "url": "https://www.instagram.com/explore/locations/226603431366727/-/"
  },
  {
    "id": "109781868521113",
    "name": "«Beauty Hub» by Dr. Kupriichuk",
    "city": "Vyshneve",
    "url": "https://www.instagram.com/explore/locations/109781868521113/beauty-hub-by-dr-kupriichuk/"
  },
  {
    "id": "143489703178778",
    "name": "Diamond Salon",
    "city": "Vyshneve",
    "url": "https://www.instagram.com/explore/locations/143489703178778/diamond-salon/"
  },
  {
    "id": "127356621295427",
    "name": "Вишневое,ул Балукова 1",
    "city": "Vyshneve",
    "url": "https://www.instagram.com/explore/locations/127356621295427/1/"
  },
  {
    "id": "251426936",
    "name": "Sweet Home)))",
    "city": "Vyshneve",
    "url": "https://www.instagram.com/explore/locations/251426936/sweet-home/"
  },
  {
    "id": "385779955485962",
    "name": "Натяжні стелі від \"Абсолют-Монтаж\"",
    "city": "Vyshneve",
    "url": "https://www.instagram.com/explore/locations/385779955485962/-/"
  },
  {
    "id": "230915660739710",
    "name": "STEM-школа Inventor Вишневе",
    "city": "Vyshneve",
    "url": "https://www.instagram.com/explore/locations/230915660739710/stem-inventor/"
  },
  {
    "id": "2108156552804075",
    "name": "Fitbar",
    "city": "Vyshneve",
    "url": "https://www.instagram.com/explore/locations/2108156552804075/fitbar/"
  },
  {
    "id": "436983359983205",
    "name": "Вишнівська ЗОШ І-ІІІ ступенів №2",
    "city": "Vyshneve",
    "url": "https://www.instagram.com/explore/locations/436983359983205/-no2/"
  },
  {
    "id": "229789697797958",
    "name": "DST beautyПрофесійні товари по догляду за волоссям та нігтями",
    "city": "Vyshneve",
    "url": "https://www.instagram.com/explore/locations/229789697797958/dst-beauty/"
  },
  {
    "id": "1035386038",
    "name": "Sofiya Life",
    "city": "Vyshneve",
    "url": "https://www.instagram.com/explore/locations/1035386038/sofiya-life/"
  },
  {
    "id": "2224008894510581",
    "name": "МРЕО Киево-Святошинський Р-н",
    "city": "Vyshneve",
    "url": "https://www.instagram.com/explore/locations/2224008894510581/-/"
  },
  {
    "id": "109024143820163",
    "name": "Мережа автогазових СТО \"Профігаз- Вишневе",
    "city": "Vyshneve",
    "url": "https://www.instagram.com/explore/locations/109024143820163/-/"
  },
  {
    "id": "1007077917",
    "name": "Анкор-ик",
    "city": "Vyshneve",
    "url": "https://www.instagram.com/explore/locations/1007077917/-/"
  },
  {
    "id": "119774356096591",
    "name": "Intop School",
    "city": "Vyshneve",
    "url": "https://www.instagram.com/explore/locations/119774356096591/intop-school/"
  },
  {
    "id": "972329862871031",
    "name": "Family Look Gabi's boutique",
    "city": "Vyshneve",
    "url": "https://www.instagram.com/explore/locations/972329862871031/family-look-gabis-boutique/"
  },
  {
    "id": "1025996583",
    "name": "Msc@magnifica",
    "city": "Vyshneve",
    "url": "https://www.instagram.com/explore/locations/1025996583/mscmagnifica/"
  },
  {
    "id": "110914457409686",
    "name": "Injoy реальна віртуальність",
    "city": "Vyshneve",
    "url": "https://www.instagram.com/explore/locations/110914457409686/injoy/"
  },
  {
    "id": "421347601773138",
    "name": "Жк \"софияВул. Щаслива 20.",
    "city": "Vyshneve",
    "url": "https://www.instagram.com/explore/locations/421347601773138/20/"
  },
  {
    "id": "114388080207054",
    "name": "Дитячий магазин Panda",
    "city": "Vyshneve",
    "url": "https://www.instagram.com/explore/locations/114388080207054/panda/"
  },
  {
    "id": "899078800110326",
    "name": "AutoFura",
    "city": "Vyshneve",
    "url": "https://www.instagram.com/explore/locations/899078800110326/autofura/"
  },
  {
    "id": "1406866779441800",
    "name": "Студия Pastrycourse",
    "city": "Vyshneve",
    "url": "https://www.instagram.com/explore/locations/1406866779441800/pastrycourse/"
  },
  {
    "id": "108493500844977",
    "name": "Vidverta",
    "city": "Vyshneve",
    "url": "https://www.instagram.com/explore/locations/108493500844977/vidverta/"
  },
  {
    "id": "2199419110346498",
    "name": "Potyag Bar - Роскошный Лаунж-Бар в Вишневом",
    "city": "Vyshneve",
    "url": "https://www.instagram.com/explore/locations/2199419110346498/potyag-bar-/"
  },
  {
    "id": "505610415",
    "name": "Siesta Hotel, Kiev",
    "city": "Vyshneve",
    "url": "https://www.instagram.com/explore/locations/505610415/siesta-hotel-kiev/"
  },
  {
    "id": "184182718701104",
    "name": "Pizza Famiglia",
    "city": "Vyshneve",
    "url": "https://www.instagram.com/explore/locations/184182718701104/pizza-famiglia/"
  },
  {
    "id": "1707529172675596",
    "name": "Винница-Виндзор",
    "city": "Vyshneve",
    "url": "https://www.instagram.com/explore/locations/1707529172675596/-/"
  },
  {
    "id": "101356297944534",
    "name": "Соборная 107 Софиевская Борщаговка",
    "city": "Vyshneve",
    "url": "https://www.instagram.com/explore/locations/101356297944534/107/"
  },
  {
    "id": "1140919279345615",
    "name": "Bookwood",
    "city": "Vyshneve",
    "url": "https://www.instagram.com/explore/locations/1140919279345615/bookwood/"
  },
  {
    "id": "234691976904582",
    "name": "VilnoU",
    "city": "Vyshneve",
    "url": "https://www.instagram.com/explore/locations/234691976904582/vilnou/"
  },
  {
    "id": "1722409801367951",
    "name": "Боголюбова 4, ЖК Софіївська Слобідка.",
    "city": "Vyshneve",
    "url": "https://www.instagram.com/explore/locations/1722409801367951/4/"
  },
  {
    "id": "103644778457706",
    "name": "Соляна Кімната Salt Spa Planet Вишневе Вул. Ватутіна 29",
    "city": "Vyshneve",
    "url": "https://www.instagram.com/explore/locations/103644778457706/salt-spa-planet-29/"
  },
  {
    "id": "2424562174282179",
    "name": "Тепличная 38",
    "city": "Vyshneve",
    "url": "https://www.instagram.com/explore/locations/2424562174282179/38/"
  },
  {
    "id": "118304484564633",
    "name": "Детский садик Foxy_Sofia",
    "city": "Vyshneve",
    "url": "https://www.instagram.com/explore/locations/118304484564633/foxy_sofia/"
  },
  {
    "id": "156296218490147",
    "name": "Жк София, Мира 46",
    "city": "Vyshneve",
    "url": "https://www.instagram.com/explore/locations/156296218490147/46/"
  },
  {
    "id": "481100271762093",
    "name": "Obrana.ty",
    "city": "Vyshneve",
    "url": "https://www.instagram.com/explore/locations/481100271762093/obranaty/"
  },
  {
    "id": "825434487502685",
    "name": "Альма-Мебель",
    "city": "Vyshneve",
    "url": "https://www.instagram.com/explore/locations/825434487502685/-/"
  },
  {
    "id": "232356467233011",
    "name": "Sandragroom Жк\"софия\", Ул.мира,35",
    "city": "Vyshneve",
    "url": "https://www.instagram.com/explore/locations/232356467233011/sandragroom-35/"
  },
  {
    "id": "1778545105600571",
    "name": "Shkerebert",
    "city": "Vyshneve",
    "url": "https://www.instagram.com/explore/locations/1778545105600571/shkerebert/"
  },
  {
    "id": "106211734565336",
    "name": "raznocvetnaya.planeta",
    "city": "Vyshneve",
    "url": "https://www.instagram.com/explore/locations/106211734565336/raznocvetnayaplaneta/"
  },
  {
    "id": "107372007777137",
    "name": "Pina мийка самообслуговування",
    "city": "Vyshneve",
    "url": "https://www.instagram.com/explore/locations/107372007777137/pina/"
  },
  {
    "id": "901514206712679",
    "name": "Imperial Medica Медицинский Центр",
    "city": "Vyshneve",
    "url": "https://www.instagram.com/explore/locations/901514206712679/imperial-medica/"
  },
  {
    "id": "2133459930240247",
    "name": "Rivendell Beauty",
    "city": "Vyshneve",
    "url": "https://www.instagram.com/explore/locations/2133459930240247/rivendell-beauty/"
  },
  {
    "id": "346675035818664",
    "name": "Дитячий садок Smaylik",
    "city": "Vyshneve",
    "url": "https://www.instagram.com/explore/locations/346675035818664/smaylik/"
  },
  {
    "id": "1029045054",
    "name": "KOMPAS-group",
    "city": "Vyshneve",
    "url": "https://www.instagram.com/explore/locations/1029045054/kompas-group/"
  },
  {
    "id": "281858102748041",
    "name": "Pastateca",
    "city": "Vyshneve",
    "url": "https://www.instagram.com/explore/locations/281858102748041/pastateca/"
  },
  {
    "id": "2372589453009196",
    "name": "Ticket to Dream",
    "city": "Vyshneve",
    "url": "https://www.instagram.com/explore/locations/2372589453009196/ticket-to-dream/"
  },
  {
    "id": "338287149838003",
    "name": "Центр розвитку дитини і сім'їHappy Space",
    "city": "Vyshneve",
    "url": "https://www.instagram.com/explore/locations/338287149838003/happy-space/"
  },
  {
    "id": "322527895214176",
    "name": "Nissan Vidi Sunrise Motors",
    "city": "Vyshneve",
    "url": "https://www.instagram.com/explore/locations/322527895214176/nissan-vidi-sunrise-motors/"
  },
  {
    "id": "724991607857378",
    "name": "первомайская 10",
    "city": "Vyshneve",
    "url": "https://www.instagram.com/explore/locations/724991607857378/10/"
  },
  {
    "id": "909622429390921",
    "name": "Helen Doron English Petrivskyi Kvartal",
    "city": "Vyshneve",
    "url": "https://www.instagram.com/explore/locations/909622429390921/helen-doron-english-petrivskyi-kvartal/"
  },
  {
    "id": "976214292469745",
    "name": "Suzuki VIDI Гранд",
    "city": "Vyshneve",
    "url": "https://www.instagram.com/explore/locations/976214292469745/suzuki-vidi/"
  },
  {
    "id": "125618174721850",
    "name": "SALDI.kiev.ua Товари з Європи",
    "city": "Vyshneve",
    "url": "https://www.instagram.com/explore/locations/125618174721850/saldikievua/"
  },
  {
    "id": "591808747947201",
    "name": "Barbershop mr. Shelby",
    "city": "Vyshneve",
    "url": "https://www.instagram.com/explore/locations/591808747947201/barbershop-mr-shelby/"
  },
  {
    "id": "252315178708969",
    "name": "Kisa Salon",
    "city": "Vyshneve",
    "url": "https://www.instagram.com/explore/locations/252315178708969/kisa-salon/"
  },
  {
    "id": "102195634710082",
    "name": "Sport Worlds",
    "city": "Vyshneve",
    "url": "https://www.instagram.com/explore/locations/102195634710082/sport-worlds/"
  },
  {
    "id": "1072573609467464",
    "name": "Вишневое Ломоносова 3",
    "city": "Vyshneve",
    "url": "https://www.instagram.com/explore/locations/1072573609467464/3/"
  },
  {
    "id": "108659521396931",
    "name": "MUZA beauty",
    "city": "Vyshneve",
    "url": "https://www.instagram.com/explore/locations/108659521396931/muza-beauty/"
  },
  {
    "id": "2569988693034424",
    "name": "Студія масажу VIKI TOUCH",
    "city": "Vyshneve",
    "url": "https://www.instagram.com/explore/locations/2569988693034424/viki-touch/"
  },
  {
    "id": "103725079437312",
    "name": "Laser_bar_ua",
    "city": "Vyshneve",
    "url": "https://www.instagram.com/explore/locations/103725079437312/laser_bar_ua/"
  },
  {
    "id": "988861464652792",
    "name": "Дитячий Магазин «Karapuz»",
    "city": "Vyshneve",
    "url": "https://www.instagram.com/explore/locations/988861464652792/karapuz/"
  },
  {
    "id": "1843767919223843",
    "name": "Лютыйbarberhouse",
    "city": "Vyshneve",
    "url": "https://www.instagram.com/explore/locations/1843767919223843/barberhouse/"
  },
  {
    "id": "1759161207474550",
    "name": "Студия Танца и Фитнеса \"New.Me\"",
    "city": "Vyshneve",
    "url": "https://www.instagram.com/explore/locations/1759161207474550/newme/"
  },
  {
    "id": "235832470",
    "name": "Школа #4",
    "city": "Vyshneve",
    "url": "https://www.instagram.com/explore/locations/235832470/4/"
  },
  {
    "id": "556541414826655",
    "name": "Жк София Ул Леси Украинки 28",
    "city": "Vyshneve",
    "url": "https://www.instagram.com/explore/locations/556541414826655/28/"
  },
  {
    "id": "130303754303403",
    "name": "Seven Hotel Vyshneve",
    "city": "Vyshneve",
    "url": "https://www.instagram.com/explore/locations/130303754303403/seven-hotel-vyshneve/"
  },
  {
    "id": "176585425548030",
    "name": "BearBucks Coffee",
    "city": "Vyshneve",
    "url": "https://www.instagram.com/explore/locations/176585425548030/bearbucks-coffee/"
  },
  {
    "id": "935447133325673",
    "name": "No Taboo - бутик пикантных игрушек в ТЦ Европарк",
    "city": "Vyshneve",
    "url": "https://www.instagram.com/explore/locations/935447133325673/no-taboo-/"
  },
  {
    "id": "415569962329142",
    "name": "Hanami",
    "city": "Vyshneve",
    "url": "https://www.instagram.com/explore/locations/415569962329142/hanami/"
  },
  {
    "id": "903096353192534",
    "name": "Студия красоты \"WHY NOT\"",
    "city": "Vyshneve",
    "url": "https://www.instagram.com/explore/locations/903096353192534/why-not/"
  },
  {
    "id": "112937427099666",
    "name": "teplo-plus.net",
    "city": "Vyshneve",
    "url": "https://www.instagram.com/explore/locations/112937427099666/teplo-plusnet/"
  },
  {
    "id": "1035237795",
    "name": "Happy Time - Pre-school",
    "city": "Vyshneve",
    "url": "https://www.instagram.com/explore/locations/1035237795/happy-time-pre-school/"
  },
  {
    "id": "110526240279511",
    "name": "healthytime.ua",
    "city": "Vyshneve",
    "url": "https://www.instagram.com/explore/locations/110526240279511/healthytimeua/"
  },
  {
    "id": "368630030176045",
    "name": "Fomina Cake",
    "city": "Vyshneve",
    "url": "https://www.instagram.com/explore/locations/368630030176045/fomina-cake/"
  },
  {
    "id": "201118450473123",
    "name": "Beauty Studio Marafet",
    "city": "Vyshneve",
    "url": "https://www.instagram.com/explore/locations/201118450473123/beauty-studio-marafet/"
  },
  {
    "id": "103121937966867",
    "name": "Art of Cosmetology",
    "city": "Vyshneve",
    "url": "https://www.instagram.com/explore/locations/103121937966867/art-of-cosmetology/"
  },
  {
    "id": "106825318790322",
    "name": "Beauty parlour \"just u\"",
    "city": "Vyshneve",
    "url": "https://www.instagram.com/explore/locations/106825318790322/beauty-parlour-just-u/"
  },
  {
    "id": "1185793741624774",
    "name": "Sushi&Pizza v ХАТУ",
    "city": "Vyshneve",
    "url": "https://www.instagram.com/explore/locations/1185793741624774/sushipizza-v/"
  },
  {
    "id": "108625277271169",
    "name": "XO·XO beauty space",
    "city": "Vyshneve",
    "url": "https://www.instagram.com/explore/locations/108625277271169/xoxo-beauty-space/"
  },
  {
    "id": "427402809",
    "name": "SEAT. Порше Захід",
    "city": "Vyshneve",
    "url": "https://www.instagram.com/explore/locations/427402809/seat/"
  },
  {
    "id": "280659622782362",
    "name": "ЖКСОФИЕВСКАЯСЛОБОДКАул.Боголюбова 13",
    "city": "Vyshneve",
    "url": "https://www.instagram.com/explore/locations/280659622782362/13/"
  },
  {
    "id": "537035073390751",
    "name": "Fozzy / Фоззі",
    "city": "Vyshneve",
    "url": "https://www.instagram.com/explore/locations/537035073390751/fozzy/"
  },
  {
    "id": "273629126810541",
    "name": "TOTAL Combat Project",
    "city": "Vyshneve",
    "url": "https://www.instagram.com/explore/locations/273629126810541/total-combat-project/"
  },
  {
    "id": "106078328094142",
    "name": "Alta Stories Creative Studio",
    "city": "Vyshneve",
    "url": "https://www.instagram.com/explore/locations/106078328094142/alta-stories-creative-studio/"
  },
  {
    "id": "106438351770323",
    "name": "MG VIDI Край Моторз",
    "city": "Vyshneve",
    "url": "https://www.instagram.com/explore/locations/106438351770323/mg-vidi/"
  },
  {
    "id": "102222131271259",
    "name": "New York Street Pizza",
    "city": "Vyshneve",
    "url": "https://www.instagram.com/explore/locations/102222131271259/new-york-street-pizza/"
  },
  {
    "id": "383703612421652",
    "name": "Evrasia Vushneve",
    "city": "Vyshneve",
    "url": "https://www.instagram.com/explore/locations/383703612421652/evrasia-vushneve/"
  },
  {
    "id": "282952865204925",
    "name": "IQ Club Початкова Школа та Дитячий Садок",
    "city": "Vyshneve",
    "url": "https://www.instagram.com/explore/locations/282952865204925/iq-club/"
  },
  {
    "id": "151589188661924",
    "name": "Novus Акварели",
    "city": "Vyshneve",
    "url": "https://www.instagram.com/explore/locations/151589188661924/novus/"
  },
  {
    "id": "2146620765559190",
    "name": "LAZY /oyster bar/",
    "city": "Vyshneve",
    "url": "https://www.instagram.com/explore/locations/2146620765559190/lazy-oyster-bar/"
  },
  {
    "id": "1412448428890388",
    "name": "Stomax",
    "city": "Vyshneve",
    "url": "https://www.instagram.com/explore/locations/1412448428890388/stomax/"
  },
  {
    "id": "110806441272270",
    "name": "LaBella.bistro",
    "city": "Vyshneve",
    "url": "https://www.instagram.com/explore/locations/110806441272270/labellabistro/"
  },
  {
    "id": "337699409761416",
    "name": "Отчий Дім / Father's House",
    "city": "Vyshneve",
    "url": "https://www.instagram.com/explore/locations/337699409761416/fathers-house/"
  },
  {
    "id": "525618611302542",
    "name": "_phoenix_nails_bar",
    "city": "Vyshneve",
    "url": "https://www.instagram.com/explore/locations/525618611302542/_phoenix_nails_bar/"
  },
  {
    "id": "107293854914393",
    "name": "ITALCONCEPT",
    "city": "Vyshneve",
    "url": "https://www.instagram.com/explore/locations/107293854914393/italconcept/"
  },
  {
    "id": "1713036548992920",
    "name": "Shamira- Східні танці Вишневе, Крюковщина",
    "city": "Vyshneve",
    "url": "https://www.instagram.com/explore/locations/1713036548992920/shamira-/"
  },
  {
    "id": "1033407279",
    "name": "Farba Bar в ЖК Акварели",
    "city": "Vyshneve",
    "url": "https://www.instagram.com/explore/locations/1033407279/farba-bar/"
  },
  {
    "id": "364463017339702",
    "name": "Європейська 31а",
    "city": "Vyshneve",
    "url": "https://www.instagram.com/explore/locations/364463017339702/31/"
  },
  {
    "id": "113301781767227",
    "name": "Outman.ua",
    "city": "Vyshneve",
    "url": "https://www.instagram.com/explore/locations/113301781767227/outmanua/"
  },
  {
    "id": "836710119844528",
    "name": "Студія меблів \"Odisy\"",
    "city": "Vyshneve",
    "url": "https://www.instagram.com/explore/locations/836710119844528/odisy/"
  },
  {
    "id": "108174334269171",
    "name": "Tim's",
    "city": "Vyshneve",
    "url": "https://www.instagram.com/explore/locations/108174334269171/tims/"
  },
  {
    "id": "111317665259978",
    "name": "odyagayua",
    "city": "Vyshneve",
    "url": "https://www.instagram.com/explore/locations/111317665259978/odyagayua/"
  },
  {
    "id": "100565518055435",
    "name": "Модельная Школа Галины Бурнышевой New Mature Models",
    "city": "Vyshneve",
    "url": "https://www.instagram.com/explore/locations/100565518055435/new-mature-models/"
  },
  {
    "id": "105853617617318",
    "name": "Las'kava",
    "city": "Vyshneve",
    "url": "https://www.instagram.com/explore/locations/105853617617318/laskava/"
  },
  {
    "id": "1966779316873567",
    "name": "AmiClinic",
    "city": "Vyshneve",
    "url": "https://www.instagram.com/explore/locations/1966779316873567/amiclinic/"
  },
  {
    "id": "580558182",
    "name": "Nakama Суши. Бар",
    "city": "Vyshneve",
    "url": "https://www.instagram.com/explore/locations/580558182/nakama/"
  },
  {
    "id": "2066945213381357",
    "name": "Дід Madrid",
    "city": "Vyshneve",
    "url": "https://www.instagram.com/explore/locations/2066945213381357/madrid/"
  },
  {
    "id": "138997180034042",
    "name": "Rodyna Стоматологія для всієї сім‘ї",
    "city": "Vyshneve",
    "url": "https://www.instagram.com/explore/locations/138997180034042/rodyna/"
  },
  {
    "id": "267370790612641",
    "name": "Школа №3",
    "city": "Vyshneve",
    "url": "https://www.instagram.com/explore/locations/267370790612641/no3/"
  },
  {
    "id": "417145532025037",
    "name": "TopiLand-магазин дитячого взуття",
    "city": "Vyshneve",
    "url": "https://www.instagram.com/explore/locations/417145532025037/topiland-/"
  },
  {
    "id": "1107543392645311",
    "name": "Mamajuana, Hookah BaR",
    "city": "Vyshneve",
    "url": "https://www.instagram.com/explore/locations/1107543392645311/mamajuana-hookah-bar/"
  },
  {
    "id": "1620003848268386",
    "name": "JUNG Ukraine",
    "city": "Vyshneve",
    "url": "https://www.instagram.com/explore/locations/1620003848268386/jung-ukraine/"
  },
  {
    "id": "359491174455777",
    "name": "Altior - Натяжные потолки в Киеве",
    "city": "Vyshneve",
    "url": "https://www.instagram.com/explore/locations/359491174455777/altior-/"
  },
  {
    "id": "726086720",
    "name": "Vyshneve",
    "city": "Vyshneve",
    "url": "https://www.instagram.com/explore/locations/726086720/vyshneve/"
  },
  {
    "id": "1023116042",
    "name": "Medivet",
    "city": "Vyshneve",
    "url": "https://www.instagram.com/explore/locations/1023116042/medivet/"
  },
  {
    "id": "918966310",
    "name": "Be healthy",
    "city": "Vyshneve",
    "url": "https://www.instagram.com/explore/locations/918966310/be-healthy/"
  },
  {
    "id": "304358580152440",
    "name": "FreedomSchool",
    "city": "Vyshneve",
    "url": "https://www.instagram.com/explore/locations/304358580152440/freedomschool/"
  },
  {
    "id": "105564934139357",
    "name": "QiQ Academy",
    "city": "Vyshneve",
    "url": "https://www.instagram.com/explore/locations/105564934139357/qiq-academy/"
  },
  {
    "id": "850182261832130",
    "name": "Valerichi",
    "city": "Vyshneve",
    "url": "https://www.instagram.com/explore/locations/850182261832130/valerichi/"
  },
  {
    "id": "146340559297210",
    "name": "Esthetic room",
    "city": "Vyshneve",
    "url": "https://www.instagram.com/explore/locations/146340559297210/esthetic-room/"
  },
  {
    "id": "474366732952773",
    "name": "Oblacko - Coctail Hookah Bar",
    "city": "Vyshneve",
    "url": "https://www.instagram.com/explore/locations/474366732952773/oblacko-coctail-hookah-bar/"
  },
  {
    "id": "104465828004443",
    "name": "Wonderwork Beauty Salons",
    "city": "Vyshneve",
    "url": "https://www.instagram.com/explore/locations/104465828004443/wonderwork-beauty-salons/"
  },
  {
    "id": "347299358812303",
    "name": "Vîșneve, raionul Kîiiv-Sveatoșîn, regiunea Kiev",
    "city": "Vyshneve",
    "url": "https://www.instagram.com/explore/locations/347299358812303/visneve-raionul-kiiiv-sveatosin-regiunea-kiev/"
  },
  {
    "id": "1863941683883937",
    "name": "YE Studio Permanent Make Up",
    "city": "Vyshneve",
    "url": "https://www.instagram.com/explore/locations/1863941683883937/ye-studio-permanent-make-up/"
  },
  {
    "id": "806144646153482",
    "name": "Тото-Пицца Вишнёвое",
    "city": "Vyshneve",
    "url": "https://www.instagram.com/explore/locations/806144646153482/-/"
  },
  {
    "id": "381943312559627",
    "name": "Stroika",
    "city": "Vyshneve",
    "url": "https://www.instagram.com/explore/locations/381943312559627/stroika/"
  },
  {
    "id": "747050262076460",
    "name": "Vîșneve, Kîiiv",
    "city": "Vyshneve",
    "url": "https://www.instagram.com/explore/locations/747050262076460/visneve-kiiiv/"
  },
  {
    "id": "2149779115043322",
    "name": "Машиностроителей 15б",
    "city": "Vyshneve",
    "url": "https://www.instagram.com/explore/locations/2149779115043322/15/"
  },
  {
    "id": "290302441451065",
    "name": "ЖК ONE",
    "city": "Vyshneve",
    "url": "https://www.instagram.com/explore/locations/290302441451065/one/"
  },
  {
    "id": "1821821211178226",
    "name": "Smile Land Vyshneve",
    "city": "Vyshneve",
    "url": "https://www.instagram.com/explore/locations/1821821211178226/smile-land-vyshneve/"
  },
  {
    "id": "273742266393903",
    "name": "Nail Studio akvareli",
    "city": "Vyshneve",
    "url": "https://www.instagram.com/explore/locations/273742266393903/nail-studio-akvareli/"
  },
  {
    "id": "608672486299301",
    "name": "Вишневе школа 2",
    "city": "Vyshneve",
    "url": "https://www.instagram.com/explore/locations/608672486299301/2/"
  },
  {
    "id": "290157611",
    "name": "Будка Геры И L&M",
    "city": "Vyshneve",
    "url": "https://www.instagram.com/explore/locations/290157611/lm/"
  },
  {
    "id": "108204424812194",
    "name": "Китайський масаж Nataliia Pavalatii",
    "city": "Vyshneve",
    "url": "https://www.instagram.com/explore/locations/108204424812194/nataliia-pavalatii/"
  },
  {
    "id": "1007733289381635",
    "name": "Devi Yoga Studio. Йога.Крюковщина, Вишневое",
    "city": "Vyshneve",
    "url": "https://www.instagram.com/explore/locations/1007733289381635/devi-yoga-studio/"
  },
  {
    "id": "382079385729317",
    "name": "Салон красоты \"Natali\"",
    "city": "Vyshneve",
    "url": "https://www.instagram.com/explore/locations/382079385729317/natali/"
  },
  {
    "id": "695289745",
    "name": "Honda Ukraine",
    "city": "Vyshneve",
    "url": "https://www.instagram.com/explore/locations/695289745/honda-ukraine/"
  },
  {
    "id": "124339876143653",
    "name": "Сільпо Recycling",
    "city": "Vyshneve",
    "url": "https://www.instagram.com/explore/locations/124339876143653/recycling/"
  },
  {
    "id": "438455159832693",
    "name": "Волошкова 30 Софиевская Борщеговка",
    "city": "Vyshneve",
    "url": "https://www.instagram.com/explore/locations/438455159832693/30/"
  },
  {
    "id": "227275717479273",
    "name": "ILikeSushi",
    "city": "Vyshneve",
    "url": "https://www.instagram.com/explore/locations/227275717479273/ilikesushi/"
  },
  {
    "id": "1016615012",
    "name": "Moto911",
    "city": "Vyshneve",
    "url": "https://www.instagram.com/explore/locations/1016615012/moto911/"
  },
  {
    "id": "407215556331981",
    "name": "Зодчих 12",
    "city": "Vyshneve",
    "url": "https://www.instagram.com/explore/locations/407215556331981/12/"
  },
  {
    "id": "301186397401438",
    "name": "Atel’e#12",
    "city": "Vyshneve",
    "url": "https://www.instagram.com/explore/locations/301186397401438/atele12/"
  },
  {
    "id": "355829685023528",
    "name": "Салон “moulin Rouge” Жк Софія",
    "city": "Vyshneve",
    "url": "https://www.instagram.com/explore/locations/355829685023528/moulin-rouge/"
  },
  {
    "id": "274540389380883",
    "name": "Beauty Land by Olga Teplova",
    "city": "Vyshneve",
    "url": "https://www.instagram.com/explore/locations/274540389380883/beauty-land-by-olga-teplova/"
  },
  {
    "id": "345356759135904",
    "name": "Home",
    "city": "Vyshneve",
    "url": "https://www.instagram.com/explore/locations/345356759135904/home/"
  },
  {
    "id": "1029070778",
    "name": "Kyokushin Karate \"Mamuka Dojo\"",
    "city": "Vyshneve",
    "url": "https://www.instagram.com/explore/locations/1029070778/kyokushin-karate-mamuka-dojo/"
  },
  {
    "id": "104245644529649",
    "name": "School_ladies_gentlemens",
    "city": "Vyshneve",
    "url": "https://www.instagram.com/explore/locations/104245644529649/school_ladies_gentlemens/"
  },
  {
    "id": "165182370810549",
    "name": "JungleGolf Територія твого свята. Вишневе.",
    "city": "Vyshneve",
    "url": "https://www.instagram.com/explore/locations/165182370810549/junglegolf/"
  },
  {
    "id": "2101319356617561",
    "name": "BARNI PET SHOP",
    "city": "Vyshneve",
    "url": "https://www.instagram.com/explore/locations/2101319356617561/barni-pet-shop/"
  },
  {
    "id": "110525117007403",
    "name": "Вітянська 2 А",
    "city": "Vyshneve",
    "url": "https://www.instagram.com/explore/locations/110525117007403/2/"
  },
  {
    "id": "552762535191011",
    "name": "Elf chocolate",
    "city": "Vyshneve",
    "url": "https://www.instagram.com/explore/locations/552762535191011/elf-chocolate/"
  },
  {
    "id": "289047001863299",
    "name": "Софіївсько-Борщагівський НВК",
    "city": "Vyshneve",
    "url": "https://www.instagram.com/explore/locations/289047001863299/-/"
  },
  {
    "id": "104302314561413",
    "name": "Агентство Нерухомості Svitlana",
    "city": "Vyshneve",
    "url": "https://www.instagram.com/explore/locations/104302314561413/svitlana/"
  },
  {
    "id": "553745374987024",
    "name": "Kiev Rally Track",
    "city": "Vyshneve",
    "url": "https://www.instagram.com/explore/locations/553745374987024/kiev-rally-track/"
  },
  {
    "id": "221021701655447",
    "name": "Днз 419",
    "city": "Vyshneve",
    "url": "https://www.instagram.com/explore/locations/221021701655447/419/"
  },
  {
    "id": "505436057",
    "name": "LADA Sport WTCC",
    "city": "Vyshneve",
    "url": "https://www.instagram.com/explore/locations/505436057/lada-sport-wtcc/"
  },
  {
    "id": "1715282005355903",
    "name": "Akvareli Sport",
    "city": "Vyshneve",
    "url": "https://www.instagram.com/explore/locations/1715282005355903/akvareli-sport/"
  },
  {
    "id": "2383006888599640",
    "name": "Салон краси BONUM",
    "city": "Vyshneve",
    "url": "https://www.instagram.com/explore/locations/2383006888599640/bonum/"
  },
  {
    "id": "1221191007903184",
    "name": "Крюковщина, Балукова 2б.",
    "city": "Vyshneve",
    "url": "https://www.instagram.com/explore/locations/1221191007903184/2/"
  },
  {
    "id": "101662961906340",
    "name": "Floungeme",
    "city": "Vyshneve",
    "url": "https://www.instagram.com/explore/locations/101662961906340/floungeme/"
  },
  {
    "id": "1944857099151414",
    "name": "4rest",
    "city": "Vyshneve",
    "url": "https://www.instagram.com/explore/locations/1944857099151414/4rest/"
  },
  {
    "id": "103726165486350",
    "name": "vero.nikadent",
    "city": "Vyshneve",
    "url": "https://www.instagram.com/explore/locations/103726165486350/veronikadent/"
  },
  {
    "id": "1020646728",
    "name": "Db Schenker Kiev",
    "city": "Vyshneve",
    "url": "https://www.instagram.com/explore/locations/1020646728/db-schenker-kiev/"
  },
  {
    "id": "105156370991993",
    "name": "Автосервіс SofiAutomotive",
    "city": "Vyshneve",
    "url": "https://www.instagram.com/explore/locations/105156370991993/sofiautomotive/"
  },
  {
    "id": "731319613589149",
    "name": "Motherfarm Еко-ферма",
    "city": "Vyshneve",
    "url": "https://www.instagram.com/explore/locations/731319613589149/motherfarm-/"
  },
  {
    "id": "623620581431509",
    "name": "NOVUS",
    "city": "Vyshneve",
    "url": "https://www.instagram.com/explore/locations/623620581431509/novus/"
  },
  {
    "id": "105398317737056",
    "name": "Route 66",
    "city": "Vyshneve",
    "url": "https://www.instagram.com/explore/locations/105398317737056/route-66/"
  },
  {
    "id": "2148322595432034",
    "name": "ЖК Соіївська Борщагівка вул. Боголюбова 5",
    "city": "Vyshneve",
    "url": "https://www.instagram.com/explore/locations/2148322595432034/5/"
  },
  {
    "id": "147076227510742",
    "name": "Приватна школа Many Ways",
    "city": "Vyshneve",
    "url": "https://www.instagram.com/explore/locations/147076227510742/many-ways/"
  },
  {
    "id": "548643635486470",
    "name": "Felicita Cafe Kiev",
    "city": "Vyshneve",
    "url": "https://www.instagram.com/explore/locations/548643635486470/felicita-cafe-kiev/"
  },
  {
    "id": "180125895181264",
    "name": "Dobriy Brewery",
    "city": "Vyshneve",
    "url": "https://www.instagram.com/explore/locations/180125895181264/dobriy-brewery/"
  },
  {
    "id": "141355652403712",
    "name": "Frisor Barbershop VI Крюківщина",
    "city": "Vyshneve",
    "url": "https://www.instagram.com/explore/locations/141355652403712/frisor-barbershop-vi/"
  },
  {
    "id": "1484268165020552",
    "name": "Салон краси WAI MARIE",
    "city": "Vyshneve",
    "url": "https://www.instagram.com/explore/locations/1484268165020552/wai-marie/"
  },
  {
    "id": "112947560541186",
    "name": "BB studio",
    "city": "Vyshneve",
    "url": "https://www.instagram.com/explore/locations/112947560541186/bb-studio/"
  },
  {
    "id": "739454526",
    "name": "Середня загальноосвітня школа 60",
    "city": "Vyshneve",
    "url": "https://www.instagram.com/explore/locations/739454526/60/"
  },
  {
    "id": "1483398345059121",
    "name": "Центр офтальмології GlazGo",
    "city": "Vyshneve",
    "url": "https://www.instagram.com/explore/locations/1483398345059121/glazgo/"
  },
  {
    "id": "846517598891944",
    "name": "Forma Tista",
    "city": "Vyshneve",
    "url": "https://www.instagram.com/explore/locations/846517598891944/forma-tista/"
  },
  {
    "id": "1595457190769334",
    "name": "TalantVille",
    "city": "Vyshneve",
    "url": "https://www.instagram.com/explore/locations/1595457190769334/talantville/"
  },
  {
    "id": "107463578350577",
    "name": "Лада-Ладушка",
    "city": "Vyshneve",
    "url": "https://www.instagram.com/explore/locations/107463578350577/-/"
  },
  {
    "id": "100368932942908",
    "name": "Feel Free",
    "city": "Vyshneve",
    "url": "https://www.instagram.com/explore/locations/100368932942908/feel-free/"
  },
  {
    "id": "104156015827794",
    "name": "Студія танцю Joy Pole Dance",
    "city": "Vyshneve",
    "url": "https://www.instagram.com/explore/locations/104156015827794/joy-pole-dance/"
  },
  {
    "id": "2252810844963218",
    "name": "Frisor Barbershop Vyshneve",
    "city": "Vyshneve",
    "url": "https://www.instagram.com/explore/locations/2252810844963218/frisor-barbershop-vyshneve/"
  },
  {
    "id": "102830121583092",
    "name": "Autogasmotors/Встановлення ГБО/Сервіс ГБО",
    "city": "Vyshneve",
    "url": "https://www.instagram.com/explore/locations/102830121583092/autogasmotors/"
  },
  {
    "id": "101574082385105",
    "name": "Медичний центр \"ЮМД-Медікал\", Святопетрівське",
    "city": "Vyshneve",
    "url": "https://www.instagram.com/explore/locations/101574082385105/-/"
  },
  {
    "id": "112799208142163",
    "name": "Shashlikyan справжній шашлик",
    "city": "Vyshneve",
    "url": "https://www.instagram.com/explore/locations/112799208142163/shashlikyan/"
  },
  {
    "id": "908112649",
    "name": "Переулок Ярославский, 7/9",
    "city": "Vyshneve",
    "url": "https://www.instagram.com/explore/locations/908112649/79/"
  },
  {
    "id": "105846791870327",
    "name": "The ONE",
    "city": "Vyshneve",
    "url": "https://www.instagram.com/explore/locations/105846791870327/the-one/"
  },
  {
    "id": "1021974533",
    "name": "Салон красоты Just",
    "city": "Vyshneve",
    "url": "https://www.instagram.com/explore/locations/1021974533/just/"
  },
  {
    "id": "1812825565641718",
    "name": "Soul Travel",
    "city": "Vyshneve",
    "url": "https://www.instagram.com/explore/locations/1812825565641718/soul-travel/"
  },
  {
    "id": "1934489146799157",
    "name": "Психологічна студія «Life&Time» Марії Жолтикової",
    "city": "Vyshneve",
    "url": "https://www.instagram.com/explore/locations/1934489146799157/lifetime/"
  },
  {
    "id": "273453456901982",
    "name": "Lazy Mama : Takeaway bar",
    "city": "Vyshneve",
    "url": "https://www.instagram.com/explore/locations/273453456901982/lazy-mama-takeaway-bar/"
  },
  {
    "id": "279065318792818",
    "name": "Sofivska Boeshagovka",
    "city": "Vyshneve",
    "url": "https://www.instagram.com/explore/locations/279065318792818/sofivska-boeshagovka/"
  },
  {
    "id": "435885043497090",
    "name": "Приватний дитячий садок \"Family Spacekids club",
    "city": "Vyshneve",
    "url": "https://www.instagram.com/explore/locations/435885043497090/family-spacekids-club/"
  },
  {
    "id": "100968375435754",
    "name": "Zemits Laser",
    "city": "Vyshneve",
    "url": "https://www.instagram.com/explore/locations/100968375435754/zemits-laser/"
  },
  {
    "id": "2159154957688983",
    "name": "Sofi-Den Kids",
    "city": "Vyshneve",
    "url": "https://www.instagram.com/explore/locations/2159154957688983/sofi-den-kids/"
  },
  {
    "id": "1019798222",
    "name": "Olshevskaya beauty boutique",
    "city": "Vyshneve",
    "url": "https://www.instagram.com/explore/locations/1019798222/olshevskaya-beauty-boutique/"
  },
  {
    "id": "555651731607605",
    "name": "Potyaghookahbar",
    "city": "Vyshneve",
    "url": "https://www.instagram.com/explore/locations/555651731607605/potyaghookahbar/"
  },
  {
    "id": "1828415784059084",
    "name": "ТСЦ 3246 РСЦ МВС В Київській Області",
    "city": "Vyshneve",
    "url": "https://www.instagram.com/explore/locations/1828415784059084/3246/"
  },
  {
    "id": "872637670",
    "name": "Ecoclub.ua",
    "city": "Vyshneve",
    "url": "https://www.instagram.com/explore/locations/872637670/ecoclubua/"
  },
  {
    "id": "414804985910998",
    "name": "Kids Land",
    "city": "Vyshneve",
    "url": "https://www.instagram.com/explore/locations/414804985910998/kids-land/"
  },
  {
    "id": "371340773",
    "name": "Fozzi",
    "city": "Vyshneve",
    "url": "https://www.instagram.com/explore/locations/371340773/fozzi/"
  },
  {
    "id": "101125206108878",
    "name": "Milisa_beauty_bar",
    "city": "Vyshneve",
    "url": "https://www.instagram.com/explore/locations/101125206108878/milisa_beauty_bar/"
  },
  {
    "id": "173379106949336",
    "name": "AMIC-Украина",
    "city": "Vyshneve",
    "url": "https://www.instagram.com/explore/locations/173379106949336/amic-/"
  },
  {
    "id": "1705366949738736",
    "name": "Zephyros",
    "city": "Vyshneve",
    "url": "https://www.instagram.com/explore/locations/1705366949738736/zephyros/"
  },
  {
    "id": "323936274980802",
    "name": "EURO Парк",
    "city": "Vyshneve",
    "url": "https://www.instagram.com/explore/locations/323936274980802/euro/"
  },
  {
    "id": "184274378901383",
    "name": "Спортклуб \"GrafitЖК София",
    "city": "Vyshneve",
    "url": "https://www.instagram.com/explore/locations/184274378901383/grafit/"
  },
  {
    "id": "2022984127943728",
    "name": "«Арт-студія DALI»",
    "city": "Vyshneve",
    "url": "https://www.instagram.com/explore/locations/2022984127943728/-dali/"
  },
  {
    "id": "1734046743384665",
    "name": "Автосалон Volkswagen",
    "city": "Vyshneve",
    "url": "https://www.instagram.com/explore/locations/1734046743384665/volkswagen/"
  },
  {
    "id": "713839985481648",
    "name": "Магазин меблів та декору IntStyle",
    "city": "Vyshneve",
    "url": "https://www.instagram.com/explore/locations/713839985481648/intstyle/"
  },
  {
    "id": "101102468727797",
    "name": "Terra Pizza",
    "city": "Vyshneve",
    "url": "https://www.instagram.com/explore/locations/101102468727797/terra-pizza/"
  },
  {
    "id": "1075969345896628",
    "name": "UA.kids",
    "city": "Vyshneve",
    "url": "https://www.instagram.com/explore/locations/1075969345896628/uakids/"
  },
  {
    "id": "1003887651",
    "name": "Спасо-Преображенский собор",
    "city": "Vyshneve",
    "url": "https://www.instagram.com/explore/locations/1003887651/-/"
  },
  {
    "id": "665405900315149",
    "name": "FAMILY DAY",
    "city": "Vyshneve",
    "url": "https://www.instagram.com/explore/locations/665405900315149/family-day/"
  },
  {
    "id": "121916769211774",
    "name": "Piznay PIZZA",
    "city": "Vyshneve",
    "url": "https://www.instagram.com/explore/locations/121916769211774/piznay-pizza/"
  },
  {
    "id": "101585609243845",
    "name": "SPL Customs",
    "city": "Vyshneve",
    "url": "https://www.instagram.com/explore/locations/101585609243845/spl-customs/"
  },
  {
    "id": "553012711",
    "name": "Киев Госпитальная 18",
    "city": "Vyshneve",
    "url": "https://www.instagram.com/explore/locations/553012711/18/"
  },
  {
    "id": "274850476496269",
    "name": "Октябрьская 25",
    "city": "Vyshneve",
    "url": "https://www.instagram.com/explore/locations/274850476496269/25/"
  },
  {
    "id": "108305910673246",
    "name": "soprano_beautystudio",
    "city": "Vyshneve",
    "url": "https://www.instagram.com/explore/locations/108305910673246/soprano_beautystudio/"
  },
  {
    "id": "104651481587704",
    "name": "PoGrib•OK",
    "city": "Vyshneve",
    "url": "https://www.instagram.com/explore/locations/104651481587704/pogribok/"
  }
]