[
  {
    "id": "1033535494",
    "name": "Arcadia (Odessa)",
    "city": "MalyyFontan",
    "url": "https://www.instagram.com/explore/locations/1033535494/arcadia-odessa/"
  },
  {
    "id": "217677378252195",
    "name": "Ibiza Beach Club, Odesa",
    "city": "MalyyFontan",
    "url": "https://www.instagram.com/explore/locations/217677378252195/ibiza-beach-club-odesa/"
  },
  {
    "id": "217602947",
    "name": "Langeron Beach, Odessa",
    "city": "MalyyFontan",
    "url": "https://www.instagram.com/explore/locations/217602947/langeron-beach-odessa/"
  },
  {
    "id": "1034952378",
    "name": "PARK Residence",
    "city": "MalyyFontan",
    "url": "https://www.instagram.com/explore/locations/1034952378/park-residence/"
  },
  {
    "id": "223389156",
    "name": "Terrace. Sea view",
    "city": "MalyyFontan",
    "url": "https://www.instagram.com/explore/locations/223389156/terrace-sea-view/"
  },
  {
    "id": "242740915",
    "name": "СПА-отель НЕМО с дельфинами / Resort & SPA NEMO",
    "city": "MalyyFontan",
    "url": "https://www.instagram.com/explore/locations/242740915/-resort-spa-nemo/"
  },
  {
    "id": "1000048706",
    "name": "M1 Club Hotel",
    "city": "MalyyFontan",
    "url": "https://www.instagram.com/explore/locations/1000048706/m1-club-hotel/"
  },
  {
    "id": "150535898850675",
    "name": "Santorini",
    "city": "MalyyFontan",
    "url": "https://www.instagram.com/explore/locations/150535898850675/santorini/"
  },
  {
    "id": "215975454",
    "name": "Одеський дельфінарій NEMO",
    "city": "MalyyFontan",
    "url": "https://www.instagram.com/explore/locations/215975454/nemo/"
  },
  {
    "id": "1755274248084130",
    "name": "Kadorr City Mall",
    "city": "MalyyFontan",
    "url": "https://www.instagram.com/explore/locations/1755274248084130/kadorr-city-mall/"
  },
  {
    "id": "685373558",
    "name": "The Roastery by Odesa",
    "city": "MalyyFontan",
    "url": "https://www.instagram.com/explore/locations/685373558/the-roastery-by-odesa/"
  },
  {
    "id": "1176047912429344",
    "name": "MANTRA BEACH CLUB",
    "city": "MalyyFontan",
    "url": "https://www.instagram.com/explore/locations/1176047912429344/mantra-beach-club/"
  },
  {
    "id": "516120498897216",
    "name": "RED_Line",
    "city": "MalyyFontan",
    "url": "https://www.instagram.com/explore/locations/516120498897216/red_line/"
  },
  {
    "id": "417022571",
    "name": "True Man Club",
    "city": "MalyyFontan",
    "url": "https://www.instagram.com/explore/locations/417022571/true-man-club/"
  },
  {
    "id": "234470828",
    "name": "Itaka Beach Club, Итака",
    "city": "MalyyFontan",
    "url": "https://www.instagram.com/explore/locations/234470828/itaka-beach-club/"
  },
  {
    "id": "38823125",
    "name": "Arcadia Odessa",
    "city": "MalyyFontan",
    "url": "https://www.instagram.com/explore/locations/38823125/arcadia-odessa/"
  },
  {
    "id": "17762780",
    "name": "Івент-хол «Сади Перемоги»",
    "city": "MalyyFontan",
    "url": "https://www.instagram.com/explore/locations/17762780/-/"
  },
  {
    "id": "370006767",
    "name": "Nemo Beach Club",
    "city": "MalyyFontan",
    "url": "https://www.instagram.com/explore/locations/370006767/nemo-beach-club/"
  },
  {
    "id": "480650779371898",
    "name": "Сады Победы Luxury Gallery",
    "city": "MalyyFontan",
    "url": "https://www.instagram.com/explore/locations/480650779371898/luxury-gallery/"
  },
  {
    "id": "510042379328856",
    "name": "Odessa Black Sea",
    "city": "MalyyFontan",
    "url": "https://www.instagram.com/explore/locations/510042379328856/odessa-black-sea/"
  },
  {
    "id": "3380979",
    "name": "Portofino",
    "city": "MalyyFontan",
    "url": "https://www.instagram.com/explore/locations/3380979/portofino/"
  },
  {
    "id": "230252814019138",
    "name": "Bright on Beach Odessa",
    "city": "MalyyFontan",
    "url": "https://www.instagram.com/explore/locations/230252814019138/bright-on-beach-odessa/"
  },
  {
    "id": "100980555009490",
    "name": "ITAKA Beach Club, Итака",
    "city": "MalyyFontan",
    "url": "https://www.instagram.com/explore/locations/100980555009490/itaka-beach-club/"
  },
  {
    "id": "980638722",
    "name": "Аквапарк Hawaii. Аркадія",
    "city": "MalyyFontan",
    "url": "https://www.instagram.com/explore/locations/980638722/hawaii/"
  },
  {
    "id": "104918648552031",
    "name": "Synergy Fitness Odesa",
    "city": "MalyyFontan",
    "url": "https://www.instagram.com/explore/locations/104918648552031/synergy-fitness-odesa/"
  },
  {
    "id": "214566966653419",
    "name": "Beerteka",
    "city": "MalyyFontan",
    "url": "https://www.instagram.com/explore/locations/214566966653419/beerteka/"
  },
  {
    "id": "1377074809011695",
    "name": "Multiplex",
    "city": "MalyyFontan",
    "url": "https://www.instagram.com/explore/locations/1377074809011695/multiplex/"
  },
  {
    "id": "108131064714184",
    "name": "QUEEN Odesa",
    "city": "MalyyFontan",
    "url": "https://www.instagram.com/explore/locations/108131064714184/queen-odesa/"
  },
  {
    "id": "1005184052",
    "name": "P1 Prosecco Bar",
    "city": "MalyyFontan",
    "url": "https://www.instagram.com/explore/locations/1005184052/p1-prosecco-bar/"
  },
  {
    "id": "215002108",
    "name": "Ark SPA Palace",
    "city": "MalyyFontan",
    "url": "https://www.instagram.com/explore/locations/215002108/ark-spa-palace/"
  },
  {
    "id": "860249781",
    "name": "Arcadia Park, Odessa",
    "city": "MalyyFontan",
    "url": "https://www.instagram.com/explore/locations/860249781/arcadia-park-odessa/"
  },
  {
    "id": "218652136",
    "name": "Odessa City",
    "city": "MalyyFontan",
    "url": "https://www.instagram.com/explore/locations/218652136/odessa-city/"
  },
  {
    "id": "235579617",
    "name": "Arkadia -Аркадия",
    "city": "MalyyFontan",
    "url": "https://www.instagram.com/explore/locations/235579617/arkadia-/"
  },
  {
    "id": "374673014",
    "name": "Odessa National Law Academy",
    "city": "MalyyFontan",
    "url": "https://www.instagram.com/explore/locations/374673014/odessa-national-law-academy/"
  },
  {
    "id": "250872014",
    "name": "Azuma Restaurant Odessa",
    "city": "MalyyFontan",
    "url": "https://www.instagram.com/explore/locations/250872014/azuma-restaurant-odessa/"
  },
  {
    "id": "110510180685261",
    "name": "Buddha Beach",
    "city": "MalyyFontan",
    "url": "https://www.instagram.com/explore/locations/110510180685261/buddha-beach/"
  },
  {
    "id": "804924903",
    "name": "Mafia Rave Terrace",
    "city": "MalyyFontan",
    "url": "https://www.instagram.com/explore/locations/804924903/mafia-rave-terrace/"
  },
  {
    "id": "944454196",
    "name": "Panorama De Luxe",
    "city": "MalyyFontan",
    "url": "https://www.instagram.com/explore/locations/944454196/panorama-de-luxe/"
  },
  {
    "id": "1034870778",
    "name": "Solo Restaurant пл.10 Апреля",
    "city": "MalyyFontan",
    "url": "https://www.instagram.com/explore/locations/1034870778/solo-restaurant-10/"
  },
  {
    "id": "215162146",
    "name": "Причал 1 - ресторанчик для сім'ї та друзів",
    "city": "MalyyFontan",
    "url": "https://www.instagram.com/explore/locations/215162146/1-/"
  },
  {
    "id": "3090615",
    "name": "Park Residence",
    "city": "MalyyFontan",
    "url": "https://www.instagram.com/explore/locations/3090615/park-residence/"
  },
  {
    "id": "100273195007444",
    "name": "Underhill lounge&beach",
    "city": "MalyyFontan",
    "url": "https://www.instagram.com/explore/locations/100273195007444/underhill-loungebeach/"
  },
  {
    "id": "587097660",
    "name": "KADORR Hotel Resort & Spa",
    "city": "MalyyFontan",
    "url": "https://www.instagram.com/explore/locations/587097660/kadorr-hotel-resort-spa/"
  },
  {
    "id": "3055833",
    "name": "Ibiza Night Club",
    "city": "MalyyFontan",
    "url": "https://www.instagram.com/explore/locations/3055833/ibiza-night-club/"
  },
  {
    "id": "104948224563261",
    "name": "Premier Hotel Odesa",
    "city": "MalyyFontan",
    "url": "https://www.instagram.com/explore/locations/104948224563261/premier-hotel-odesa/"
  },
  {
    "id": "213105905",
    "name": "AtlanticGarden Resort• Hotel • Night Club • RestaurantOdessa",
    "city": "MalyyFontan",
    "url": "https://www.instagram.com/explore/locations/213105905/atlanticgarden-resort-hotel-night-club-restaurantodessa/"
  },
  {
    "id": "668138691",
    "name": "Gagarinn Hotel",
    "city": "MalyyFontan",
    "url": "https://www.instagram.com/explore/locations/668138691/gagarinn-hotel/"
  },
  {
    "id": "236276630",
    "name": "5-Й Роддом",
    "city": "MalyyFontan",
    "url": "https://www.instagram.com/explore/locations/236276630/5-/"
  },
  {
    "id": "101822891593654",
    "name": "Oh la la coffee & wine",
    "city": "MalyyFontan",
    "url": "https://www.instagram.com/explore/locations/101822891593654/oh-la-la-coffee-wine/"
  },
  {
    "id": "217902622",
    "name": "Odessa National Polytechnic University",
    "city": "MalyyFontan",
    "url": "https://www.instagram.com/explore/locations/217902622/odessa-national-polytechnic-university/"
  },
  {
    "id": "101486298293349",
    "name": "Laguna Beach Odessa",
    "city": "MalyyFontan",
    "url": "https://www.instagram.com/explore/locations/101486298293349/laguna-beach-odessa/"
  },
  {
    "id": "488404375",
    "name": "ОК Одеса / OK Odessa Hotel Complex",
    "city": "MalyyFontan",
    "url": "https://www.instagram.com/explore/locations/488404375/ok-odessa-hotel-complex/"
  },
  {
    "id": "107881934369249",
    "name": "Nemo / Hotel Resort & SPA / Дельфинарий / Океанариум",
    "city": "MalyyFontan",
    "url": "https://www.instagram.com/explore/locations/107881934369249/nemo-hotel-resort-spa/"
  },
  {
    "id": "1516883731958067",
    "name": "Smart bod",
    "city": "MalyyFontan",
    "url": "https://www.instagram.com/explore/locations/1516883731958067/smart-bod/"
  },
  {
    "id": "290847512",
    "name": "ITAKA Beach Club, Odessa",
    "city": "MalyyFontan",
    "url": "https://www.instagram.com/explore/locations/290847512/itaka-beach-club-odessa/"
  },
  {
    "id": "121717458541650",
    "name": "Спа-Отель НЕМО с Дельфинами / Resort & SPA NEMO",
    "city": "MalyyFontan",
    "url": "https://www.instagram.com/explore/locations/121717458541650/-resort-spa-nemo/"
  },
  {
    "id": "213740930",
    "name": "Аркадия / Arcadia",
    "city": "MalyyFontan",
    "url": "https://www.instagram.com/explore/locations/213740930/arcadia/"
  },
  {
    "id": "1425930497438930",
    "name": "MAMAN на море. Одесская кухня",
    "city": "MalyyFontan",
    "url": "https://www.instagram.com/explore/locations/1425930497438930/maman/"
  },
  {
    "id": "335482910179728",
    "name": "Pizza & Grill",
    "city": "MalyyFontan",
    "url": "https://www.instagram.com/explore/locations/335482910179728/pizza-grill/"
  },
  {
    "id": "137722530260162",
    "name": "6-я Станция Б.фонтана",
    "city": "MalyyFontan",
    "url": "https://www.instagram.com/explore/locations/137722530260162/6-/"
  },
  {
    "id": "23144085",
    "name": "True Man Hot Boat",
    "city": "MalyyFontan",
    "url": "https://www.instagram.com/explore/locations/23144085/true-man-hot-boat/"
  },
  {
    "id": "109593114862247",
    "name": "Gagarinn Plaza",
    "city": "MalyyFontan",
    "url": "https://www.instagram.com/explore/locations/109593114862247/gagarinn-plaza/"
  },
  {
    "id": "2319829281611172",
    "name": "Benedikt",
    "city": "MalyyFontan",
    "url": "https://www.instagram.com/explore/locations/2319829281611172/benedikt/"
  },
  {
    "id": "2221472164798702",
    "name": "Чорне море / Black Sea",
    "city": "MalyyFontan",
    "url": "https://www.instagram.com/explore/locations/2221472164798702/black-sea/"
  },
  {
    "id": "338414880055116",
    "name": "Пляж «Отрада» / Otrada beach",
    "city": "MalyyFontan",
    "url": "https://www.instagram.com/explore/locations/338414880055116/otrada-beach/"
  },
  {
    "id": "214916628",
    "name": "SportLife Odessa",
    "city": "MalyyFontan",
    "url": "https://www.instagram.com/explore/locations/214916628/sportlife-odessa/"
  },
  {
    "id": "1020958631",
    "name": "ЖК\"26 Жемчужина\"",
    "city": "MalyyFontan",
    "url": "https://www.instagram.com/explore/locations/1020958631/26/"
  },
  {
    "id": "144209362256624",
    "name": "Arcadia Beach",
    "city": "MalyyFontan",
    "url": "https://www.instagram.com/explore/locations/144209362256624/arcadia-beach/"
  },
  {
    "id": "331763821",
    "name": "Odessa, Derebasovskaja",
    "city": "MalyyFontan",
    "url": "https://www.instagram.com/explore/locations/331763821/odessa-derebasovskaja/"
  },
  {
    "id": "663197053842312",
    "name": "Tilly Willy детский городок",
    "city": "MalyyFontan",
    "url": "https://www.instagram.com/explore/locations/663197053842312/tilly-willy/"
  },
  {
    "id": "302232540644137",
    "name": "Make My Cake Cafe Odessa",
    "city": "MalyyFontan",
    "url": "https://www.instagram.com/explore/locations/302232540644137/make-my-cake-cafe-odessa/"
  },
  {
    "id": "3486176",
    "name": "Opera Prestige",
    "city": "MalyyFontan",
    "url": "https://www.instagram.com/explore/locations/3486176/opera-prestige/"
  },
  {
    "id": "3367422",
    "name": "Itaka",
    "city": "MalyyFontan",
    "url": "https://www.instagram.com/explore/locations/3367422/itaka/"
  },
  {
    "id": "1027271316",
    "name": "Отель Клуб-Атлантик",
    "city": "MalyyFontan",
    "url": "https://www.instagram.com/explore/locations/1027271316/-/"
  },
  {
    "id": "275588875641401",
    "name": "GRACE Restaurant",
    "city": "MalyyFontan",
    "url": "https://www.instagram.com/explore/locations/275588875641401/grace-restaurant/"
  },
  {
    "id": "2404327129890208",
    "name": "KidsWill",
    "city": "MalyyFontan",
    "url": "https://www.instagram.com/explore/locations/2404327129890208/kidswill/"
  },
  {
    "id": "241881069",
    "name": "5-я фонтана",
    "city": "MalyyFontan",
    "url": "https://www.instagram.com/explore/locations/241881069/5-/"
  },
  {
    "id": "2209091352685444",
    "name": "Violet Beach Club",
    "city": "MalyyFontan",
    "url": "https://www.instagram.com/explore/locations/2209091352685444/violet-beach-club/"
  },
  {
    "id": "1375302692581751",
    "name": "Radioactive Arcadia Одесса",
    "city": "MalyyFontan",
    "url": "https://www.instagram.com/explore/locations/1375302692581751/radioactive-arcadia/"
  },
  {
    "id": "1031739075",
    "name": "Fancy Room",
    "city": "MalyyFontan",
    "url": "https://www.instagram.com/explore/locations/1031739075/fancy-room/"
  },
  {
    "id": "365346812",
    "name": "İtaka Night Club Odessa",
    "city": "MalyyFontan",
    "url": "https://www.instagram.com/explore/locations/365346812/itaka-night-club-odessa/"
  },
  {
    "id": "877687312384409",
    "name": "Le Silpo",
    "city": "MalyyFontan",
    "url": "https://www.instagram.com/explore/locations/877687312384409/le-silpo/"
  },
  {
    "id": "251072605",
    "name": "La Gioconda Boutique Hotel",
    "city": "MalyyFontan",
    "url": "https://www.instagram.com/explore/locations/251072605/la-gioconda-boutique-hotel/"
  },
  {
    "id": "243224972",
    "name": "6 Ст Фонтана",
    "city": "MalyyFontan",
    "url": "https://www.instagram.com/explore/locations/243224972/6/"
  },
  {
    "id": "103392763",
    "name": "Kolyaski shop ua",
    "city": "MalyyFontan",
    "url": "https://www.instagram.com/explore/locations/103392763/kolyaski-shop-ua/"
  },
  {
    "id": "213755575",
    "name": "Black Sea, Odessa Ukraine",
    "city": "MalyyFontan",
    "url": "https://www.instagram.com/explore/locations/213755575/black-sea-odessa-ukraine/"
  },
  {
    "id": "248561260",
    "name": "Аркадия / Arcadia Hotel",
    "city": "MalyyFontan",
    "url": "https://www.instagram.com/explore/locations/248561260/arcadia-hotel/"
  },
  {
    "id": "1584270618563881",
    "name": "Valentina Lelyukh",
    "city": "MalyyFontan",
    "url": "https://www.instagram.com/explore/locations/1584270618563881/valentina-lelyukh/"
  },
  {
    "id": "775349629489103",
    "name": "Santorini Beach",
    "city": "MalyyFontan",
    "url": "https://www.instagram.com/explore/locations/775349629489103/santorini-beach/"
  },
  {
    "id": "153418328568918",
    "name": "Domus Solis",
    "city": "MalyyFontan",
    "url": "https://www.instagram.com/explore/locations/153418328568918/domus-solis/"
  },
  {
    "id": "867757518",
    "name": "Agharti",
    "city": "MalyyFontan",
    "url": "https://www.instagram.com/explore/locations/867757518/agharti/"
  },
  {
    "id": "41973510",
    "name": "Villa Otrada",
    "city": "MalyyFontan",
    "url": "https://www.instagram.com/explore/locations/41973510/villa-otrada/"
  },
  {
    "id": "291534935",
    "name": "Lanzheron, Odessa",
    "city": "MalyyFontan",
    "url": "https://www.instagram.com/explore/locations/291534935/lanzheron-odessa/"
  },
  {
    "id": "1014745470",
    "name": "Отель Аркадия Плаза / Arcadia Plaza Hotel",
    "city": "MalyyFontan",
    "url": "https://www.instagram.com/explore/locations/1014745470/arcadia-plaza-hotel/"
  },
  {
    "id": "332617318",
    "name": "Green Wood Odessa",
    "city": "MalyyFontan",
    "url": "https://www.instagram.com/explore/locations/332617318/green-wood-odessa/"
  },
  {
    "id": "176157769456345",
    "name": "Radioactive Bar",
    "city": "MalyyFontan",
    "url": "https://www.instagram.com/explore/locations/176157769456345/radioactive-bar/"
  },
  {
    "id": "202021010367559",
    "name": "International Humanitarian University, Odessa, Ukraine",
    "city": "MalyyFontan",
    "url": "https://www.instagram.com/explore/locations/202021010367559/international-humanitarian-university-odessa-ukraine/"
  },
  {
    "id": "101864739630363",
    "name": "Ikeda: Aqua Kitchen Studio",
    "city": "MalyyFontan",
    "url": "https://www.instagram.com/explore/locations/101864739630363/ikeda-aqua-kitchen-studio/"
  },
  {
    "id": "226971903",
    "name": "Odessa Black Sea",
    "city": "MalyyFontan",
    "url": "https://www.instagram.com/explore/locations/226971903/odessa-black-sea/"
  },
  {
    "id": "249582368925395",
    "name": "Santa Barbara beach",
    "city": "MalyyFontan",
    "url": "https://www.instagram.com/explore/locations/249582368925395/santa-barbara-beach/"
  },
  {
    "id": "169871410257751",
    "name": "Studio Elena Kanevskaya",
    "city": "MalyyFontan",
    "url": "https://www.instagram.com/explore/locations/169871410257751/studio-elena-kanevskaya/"
  },
  {
    "id": "1948282362150757",
    "name": "True Man Hot Boat",
    "city": "MalyyFontan",
    "url": "https://www.instagram.com/explore/locations/1948282362150757/true-man-hot-boat/"
  },
  {
    "id": "2301650073389288",
    "name": "Grand Otrada • Resort & Spa",
    "city": "MalyyFontan",
    "url": "https://www.instagram.com/explore/locations/2301650073389288/grand-otrada-resort-spa/"
  },
  {
    "id": "401604640183984",
    "name": "Body Factory Odessa",
    "city": "MalyyFontan",
    "url": "https://www.instagram.com/explore/locations/401604640183984/body-factory-odessa/"
  },
  {
    "id": "104852197951432",
    "name": "Семейный ресторан Tradicia",
    "city": "MalyyFontan",
    "url": "https://www.instagram.com/explore/locations/104852197951432/tradicia/"
  },
  {
    "id": "1106646162812569",
    "name": "Odessa Racing Yacht Club",
    "city": "MalyyFontan",
    "url": "https://www.instagram.com/explore/locations/1106646162812569/odessa-racing-yacht-club/"
  },
  {
    "id": "112330727168796",
    "name": "FIZZY BAR",
    "city": "MalyyFontan",
    "url": "https://www.instagram.com/explore/locations/112330727168796/fizzy-bar/"
  },
  {
    "id": "646941472113605",
    "name": "Mangal Meat House Arcadia",
    "city": "MalyyFontan",
    "url": "https://www.instagram.com/explore/locations/646941472113605/mangal-meat-house-arcadia/"
  },
  {
    "id": "409016689",
    "name": "Гешефт Garage Sale",
    "city": "MalyyFontan",
    "url": "https://www.instagram.com/explore/locations/409016689/garage-sale/"
  },
  {
    "id": "3362800",
    "name": "Palace Del Mare",
    "city": "MalyyFontan",
    "url": "https://www.instagram.com/explore/locations/3362800/palace-del-mare/"
  },
  {
    "id": "105795497573171",
    "name": "SlowPiggy",
    "city": "MalyyFontan",
    "url": "https://www.instagram.com/explore/locations/105795497573171/slowpiggy/"
  },
  {
    "id": "34689698",
    "name": "Itaka Beach",
    "city": "MalyyFontan",
    "url": "https://www.instagram.com/explore/locations/34689698/itaka-beach/"
  },
  {
    "id": "1825304051087938",
    "name": "Ботанічний сад ОНУ- Стара територія",
    "city": "MalyyFontan",
    "url": "https://www.instagram.com/explore/locations/1825304051087938/-/"
  },
  {
    "id": "828316444000622",
    "name": "KADORR Restaurant",
    "city": "MalyyFontan",
    "url": "https://www.instagram.com/explore/locations/828316444000622/kadorr-restaurant/"
  },
  {
    "id": "695213690",
    "name": "YogaDome",
    "city": "MalyyFontan",
    "url": "https://www.instagram.com/explore/locations/695213690/yogadome/"
  },
  {
    "id": "453744695",
    "name": "Skopeli",
    "city": "MalyyFontan",
    "url": "https://www.instagram.com/explore/locations/453744695/skopeli/"
  },
  {
    "id": "121839184922881",
    "name": "Кум та Кума - ресторан української кухні",
    "city": "MalyyFontan",
    "url": "https://www.instagram.com/explore/locations/121839184922881/-/"
  },
  {
    "id": "422624018282915",
    "name": "Noir Party Bar",
    "city": "MalyyFontan",
    "url": "https://www.instagram.com/explore/locations/422624018282915/noir-party-bar/"
  },
  {
    "id": "235818926",
    "name": "Ararat",
    "city": "MalyyFontan",
    "url": "https://www.instagram.com/explore/locations/235818926/ararat/"
  },
  {
    "id": "103110711994713",
    "name": "Telescope Cafe",
    "city": "MalyyFontan",
    "url": "https://www.instagram.com/explore/locations/103110711994713/telescope-cafe/"
  },
  {
    "id": "1026951432",
    "name": "27 Жемчужина",
    "city": "MalyyFontan",
    "url": "https://www.instagram.com/explore/locations/1026951432/27/"
  },
  {
    "id": "517919065409266",
    "name": "Odessa Delphinarium Nemo",
    "city": "MalyyFontan",
    "url": "https://www.instagram.com/explore/locations/517919065409266/odessa-delphinarium-nemo/"
  },
  {
    "id": "1027255185",
    "name": "Booblik кафе•пекарня",
    "city": "MalyyFontan",
    "url": "https://www.instagram.com/explore/locations/1027255185/booblik/"
  },
  {
    "id": "19341132",
    "name": "Portofino Beach Club",
    "city": "MalyyFontan",
    "url": "https://www.instagram.com/explore/locations/19341132/portofino-beach-club/"
  },
  {
    "id": "124369901473062",
    "name": "OPERA Odessa",
    "city": "MalyyFontan",
    "url": "https://www.instagram.com/explore/locations/124369901473062/opera-odessa/"
  },
  {
    "id": "172365383468076",
    "name": "Moondeer",
    "city": "MalyyFontan",
    "url": "https://www.instagram.com/explore/locations/172365383468076/moondeer/"
  },
  {
    "id": "1020322513",
    "name": "Beautylab",
    "city": "MalyyFontan",
    "url": "https://www.instagram.com/explore/locations/1020322513/beautylab/"
  },
  {
    "id": "401842389",
    "name": "Салон краси Delice",
    "city": "MalyyFontan",
    "url": "https://www.instagram.com/explore/locations/401842389/delice/"
  },
  {
    "id": "522825264847642",
    "name": "Дача / Dacha",
    "city": "MalyyFontan",
    "url": "https://www.instagram.com/explore/locations/522825264847642/dacha/"
  },
  {
    "id": "7438178",
    "name": "Arcadia Plaza, Odessa, Ukraine.",
    "city": "MalyyFontan",
    "url": "https://www.instagram.com/explore/locations/7438178/arcadia-plaza-odessa-ukraine/"
  },
  {
    "id": "101614741222779",
    "name": "Greenwich Odesa",
    "city": "MalyyFontan",
    "url": "https://www.instagram.com/explore/locations/101614741222779/greenwich-odesa/"
  },
  {
    "id": "175625466443222",
    "name": "Itaka Beach",
    "city": "MalyyFontan",
    "url": "https://www.instagram.com/explore/locations/175625466443222/itaka-beach/"
  },
  {
    "id": "106516507776309",
    "name": "Panorama & Piano Bar, NEMO Hotel",
    "city": "MalyyFontan",
    "url": "https://www.instagram.com/explore/locations/106516507776309/panorama-piano-bar-nemo-hotel/"
  },
  {
    "id": "774190088",
    "name": "Trassa Zdorovia",
    "city": "MalyyFontan",
    "url": "https://www.instagram.com/explore/locations/774190088/trassa-zdorovia/"
  },
  {
    "id": "580364399",
    "name": "6-й километр",
    "city": "MalyyFontan",
    "url": "https://www.instagram.com/explore/locations/580364399/6-/"
  },
  {
    "id": "101378865957324",
    "name": "Mozgieko",
    "city": "MalyyFontan",
    "url": "https://www.instagram.com/explore/locations/101378865957324/mozgieko/"
  },
  {
    "id": "403005406",
    "name": "Mechnikov University, Odessa, Ukraine",
    "city": "MalyyFontan",
    "url": "https://www.instagram.com/explore/locations/403005406/mechnikov-university-odessa-ukraine/"
  },
  {
    "id": "871454972",
    "name": "Grand Master Gallery",
    "city": "MalyyFontan",
    "url": "https://www.instagram.com/explore/locations/871454972/grand-master-gallery/"
  },
  {
    "id": "1030450688",
    "name": "Park Pobedi. Odessa",
    "city": "MalyyFontan",
    "url": "https://www.instagram.com/explore/locations/1030450688/park-pobedi-odessa/"
  },
  {
    "id": "373637374",
    "name": "Otrada Black Sea",
    "city": "MalyyFontan",
    "url": "https://www.instagram.com/explore/locations/373637374/otrada-black-sea/"
  },
  {
    "id": "442756923",
    "name": "SOVA fusion restaurant",
    "city": "MalyyFontan",
    "url": "https://www.instagram.com/explore/locations/442756923/sova-fusion-restaurant/"
  },
  {
    "id": "497695034",
    "name": "Veranda",
    "city": "MalyyFontan",
    "url": "https://www.instagram.com/explore/locations/497695034/veranda/"
  },
  {
    "id": "1058872220847533",
    "name": "HIGH FIVE Боулинг",
    "city": "MalyyFontan",
    "url": "https://www.instagram.com/explore/locations/1058872220847533/high-five/"
  },
  {
    "id": "102622944617375",
    "name": "Grafit Athletic Arcadia",
    "city": "MalyyFontan",
    "url": "https://www.instagram.com/explore/locations/102622944617375/grafit-athletic-arcadia/"
  },
  {
    "id": "110161173945700",
    "name": "That's Amore",
    "city": "MalyyFontan",
    "url": "https://www.instagram.com/explore/locations/110161173945700/thats-amore/"
  },
  {
    "id": "578112414",
    "name": "Площадь 10 Апреля",
    "city": "MalyyFontan",
    "url": "https://www.instagram.com/explore/locations/578112414/10/"
  },
  {
    "id": "424313137997184",
    "name": "Kayaking_odessa",
    "city": "MalyyFontan",
    "url": "https://www.instagram.com/explore/locations/424313137997184/kayaking_odessa/"
  },
  {
    "id": "1417406991836522",
    "name": "Площадь 10 Апреля",
    "city": "MalyyFontan",
    "url": "https://www.instagram.com/explore/locations/1417406991836522/10/"
  },
  {
    "id": "111605023585351",
    "name": "Kadorr Group",
    "city": "MalyyFontan",
    "url": "https://www.instagram.com/explore/locations/111605023585351/kadorr-group/"
  },
  {
    "id": "1467933736809463",
    "name": "7 канал",
    "city": "MalyyFontan",
    "url": "https://www.instagram.com/explore/locations/1467933736809463/7/"
  },
  {
    "id": "308827959526498",
    "name": "9 Жемчужина",
    "city": "MalyyFontan",
    "url": "https://www.instagram.com/explore/locations/308827959526498/9/"
  },
  {
    "id": "943694464",
    "name": "Delfinarya Nemo Hotel Odesa",
    "city": "MalyyFontan",
    "url": "https://www.instagram.com/explore/locations/943694464/delfinarya-nemo-hotel-odesa/"
  },
  {
    "id": "2187060708285365",
    "name": "ТЦ «5-й Элемент» / 5th Element mall",
    "city": "MalyyFontan",
    "url": "https://www.instagram.com/explore/locations/2187060708285365/5-5th-element-mall/"
  },
  {
    "id": "196340041259812",
    "name": "Аркадийский Дворец / Arcadia Palace",
    "city": "MalyyFontan",
    "url": "https://www.instagram.com/explore/locations/196340041259812/arcadia-palace/"
  },
  {
    "id": "126496553",
    "name": "Otrada Beach Club",
    "city": "MalyyFontan",
    "url": "https://www.instagram.com/explore/locations/126496553/otrada-beach-club/"
  },
  {
    "id": "202467460265307",
    "name": "Mare Mio",
    "city": "MalyyFontan",
    "url": "https://www.instagram.com/explore/locations/202467460265307/mare-mio/"
  },
  {
    "id": "260732845",
    "name": "Arcadia Beach",
    "city": "MalyyFontan",
    "url": "https://www.instagram.com/explore/locations/260732845/arcadia-beach/"
  },
  {
    "id": "243176833",
    "name": "5-я станция Большого Фантана",
    "city": "MalyyFontan",
    "url": "https://www.instagram.com/explore/locations/243176833/5-/"
  },
  {
    "id": "625069504329193",
    "name": "Solo restaurant & banquet hall",
    "city": "MalyyFontan",
    "url": "https://www.instagram.com/explore/locations/625069504329193/solo-restaurant-banquet-hall/"
  },
  {
    "id": "116718529724775",
    "name": "РесторанApsheron",
    "city": "MalyyFontan",
    "url": "https://www.instagram.com/explore/locations/116718529724775/apsheron/"
  },
  {
    "id": "1922248808079308",
    "name": "Аркадия Ibiza",
    "city": "MalyyFontan",
    "url": "https://www.instagram.com/explore/locations/1922248808079308/ibiza/"
  },
  {
    "id": "1382791618463481",
    "name": "М1 Club Marine",
    "city": "MalyyFontan",
    "url": "https://www.instagram.com/explore/locations/1382791618463481/1-club-marine/"
  },
  {
    "id": "239274137",
    "name": "4-Я Фонтана",
    "city": "MalyyFontan",
    "url": "https://www.instagram.com/explore/locations/239274137/4-/"
  },
  {
    "id": "245691452",
    "name": "L'AKMUS",
    "city": "MalyyFontan",
    "url": "https://www.instagram.com/explore/locations/245691452/lakmus/"
  },
  {
    "id": "1786671711565924",
    "name": "Дитячий садок \"Мрiяна Французькому бульварі",
    "city": "MalyyFontan",
    "url": "https://www.instagram.com/explore/locations/1786671711565924/i/"
  },
  {
    "id": "158158931027129",
    "name": "PEARLSTOM",
    "city": "MalyyFontan",
    "url": "https://www.instagram.com/explore/locations/158158931027129/pearlstom/"
  },
  {
    "id": "558206392",
    "name": "Кафе-Кондитерская Профитроли на Проспекте Шевченко Профитроли",
    "city": "MalyyFontan",
    "url": "https://www.instagram.com/explore/locations/558206392/-/"
  },
  {
    "id": "156044814991181",
    "name": "Макдональдс 5я Фонтана",
    "city": "MalyyFontan",
    "url": "https://www.instagram.com/explore/locations/156044814991181/5/"
  },
  {
    "id": "696466292",
    "name": "Five Station Fitness",
    "city": "MalyyFontan",
    "url": "https://www.instagram.com/explore/locations/696466292/five-station-fitness/"
  },
  {
    "id": "2035874556688834",
    "name": "Комнаты и Слухи: Rock Apartments Odessa",
    "city": "MalyyFontan",
    "url": "https://www.instagram.com/explore/locations/2035874556688834/rock-apartments-odessa/"
  },
  {
    "id": "1441557205999104",
    "name": "ФСТ \"ДинамоОдеса / FST \"DynamoOdesa",
    "city": "MalyyFontan",
    "url": "https://www.instagram.com/explore/locations/1441557205999104/fst-dynamoodesa/"
  },
  {
    "id": "1116286848531559",
    "name": "BOOM BAR Odessa",
    "city": "MalyyFontan",
    "url": "https://www.instagram.com/explore/locations/1116286848531559/boom-bar-odessa/"
  },
  {
    "id": "101277058317235",
    "name": "Prosecco Arcadia",
    "city": "MalyyFontan",
    "url": "https://www.instagram.com/explore/locations/101277058317235/prosecco-arcadia/"
  },
  {
    "id": "104233781431445",
    "name": "36 жемчужина",
    "city": "MalyyFontan",
    "url": "https://www.instagram.com/explore/locations/104233781431445/36/"
  },
  {
    "id": "102821731127065",
    "name": "Burdova Centr",
    "city": "MalyyFontan",
    "url": "https://www.instagram.com/explore/locations/102821731127065/burdova-centr/"
  },
  {
    "id": "288049212",
    "name": "Ark Palace Hotel",
    "city": "MalyyFontan",
    "url": "https://www.instagram.com/explore/locations/288049212/ark-palace-hotel/"
  },
  {
    "id": "341686812",
    "name": "Gagarinn Hotel",
    "city": "MalyyFontan",
    "url": "https://www.instagram.com/explore/locations/341686812/gagarinn-hotel/"
  },
  {
    "id": "429240881",
    "name": "Dacha Restaurant",
    "city": "MalyyFontan",
    "url": "https://www.instagram.com/explore/locations/429240881/dacha-restaurant/"
  },
  {
    "id": "423987651558304",
    "name": "Одесса пляж Dali",
    "city": "MalyyFontan",
    "url": "https://www.instagram.com/explore/locations/423987651558304/dali/"
  },
  {
    "id": "324526608213283",
    "name": "Nemo Resort&Spa",
    "city": "MalyyFontan",
    "url": "https://www.instagram.com/explore/locations/324526608213283/nemo-resortspa/"
  },
  {
    "id": "1171471996207853",
    "name": "У Самвела - cеть ресторанов и доставок",
    "city": "MalyyFontan",
    "url": "https://www.instagram.com/explore/locations/1171471996207853/-c/"
  },
  {
    "id": "117469703426954",
    "name": "ЖК «32-я Жемчужина»",
    "city": "MalyyFontan",
    "url": "https://www.instagram.com/explore/locations/117469703426954/32-/"
  },
  {
    "id": "1156640954417069",
    "name": "SayyaBeauty",
    "city": "MalyyFontan",
    "url": "https://www.instagram.com/explore/locations/1156640954417069/sayyabeauty/"
  },
  {
    "id": "510805432740864",
    "name": "The Blossom",
    "city": "MalyyFontan",
    "url": "https://www.instagram.com/explore/locations/510805432740864/the-blossom/"
  },
  {
    "id": "1619779011656318",
    "name": "Кафе-парк \"Цаца\"",
    "city": "MalyyFontan",
    "url": "https://www.instagram.com/explore/locations/1619779011656318/-/"
  },
  {
    "id": "1527448280896641",
    "name": "Lukas Beach",
    "city": "MalyyFontan",
    "url": "https://www.instagram.com/explore/locations/1527448280896641/lukas-beach/"
  },
  {
    "id": "833956814",
    "name": "Odessa Arkadia Western Club",
    "city": "MalyyFontan",
    "url": "https://www.instagram.com/explore/locations/833956814/odessa-arkadia-western-club/"
  },
  {
    "id": "395809454",
    "name": "Школа 56",
    "city": "MalyyFontan",
    "url": "https://www.instagram.com/explore/locations/395809454/56/"
  },
  {
    "id": "1765707673535852",
    "name": "ЖК «8-я Жемчужина»",
    "city": "MalyyFontan",
    "url": "https://www.instagram.com/explore/locations/1765707673535852/8-/"
  },
  {
    "id": "217493022",
    "name": "Ibiza Club Odessa",
    "city": "MalyyFontan",
    "url": "https://www.instagram.com/explore/locations/217493022/ibiza-club-odessa/"
  },
  {
    "id": "111585020240209",
    "name": "ЖК 44 Жемчужина",
    "city": "MalyyFontan",
    "url": "https://www.instagram.com/explore/locations/111585020240209/44/"
  },
  {
    "id": "235493809",
    "name": "Fusion - cалон красоты",
    "city": "MalyyFontan",
    "url": "https://www.instagram.com/explore/locations/235493809/fusion-c/"
  },
  {
    "id": "215272446",
    "name": "Mc Donalds Odessa",
    "city": "MalyyFontan",
    "url": "https://www.instagram.com/explore/locations/215272446/mc-donalds-odessa/"
  },
  {
    "id": "2292449780987219",
    "name": "Merry Berry",
    "city": "MalyyFontan",
    "url": "https://www.instagram.com/explore/locations/2292449780987219/merry-berry/"
  },
  {
    "id": "112287733875991",
    "name": "Viet Corner",
    "city": "MalyyFontan",
    "url": "https://www.instagram.com/explore/locations/112287733875991/viet-corner/"
  },
  {
    "id": "208275976593798",
    "name": "Французький Бульвар / French Boulevard",
    "city": "MalyyFontan",
    "url": "https://www.instagram.com/explore/locations/208275976593798/french-boulevard/"
  },
  {
    "id": "366485504",
    "name": "Bono Beach Club",
    "city": "MalyyFontan",
    "url": "https://www.instagram.com/explore/locations/366485504/bono-beach-club/"
  },
  {
    "id": "306717463265137",
    "name": "HAWAII",
    "city": "MalyyFontan",
    "url": "https://www.instagram.com/explore/locations/306717463265137/hawaii/"
  },
  {
    "id": "285352671565656",
    "name": "Школа 35",
    "city": "MalyyFontan",
    "url": "https://www.instagram.com/explore/locations/285352671565656/35/"
  },
  {
    "id": "2237478",
    "name": "ITIS Flowers Cafe",
    "city": "MalyyFontan",
    "url": "https://www.instagram.com/explore/locations/2237478/itis-flowers-cafe/"
  },
  {
    "id": "1021109615",
    "name": "Комплимент - клиника эстетической медицины",
    "city": "MalyyFontan",
    "url": "https://www.instagram.com/explore/locations/1021109615/-/"
  },
  {
    "id": "2786207084726012",
    "name": "Terassa Restoraunt",
    "city": "MalyyFontan",
    "url": "https://www.instagram.com/explore/locations/2786207084726012/terassa-restoraunt/"
  },
  {
    "id": "326834081",
    "name": "Panorama De Luxe",
    "city": "MalyyFontan",
    "url": "https://www.instagram.com/explore/locations/326834081/panorama-de-luxe/"
  },
  {
    "id": "1831143380437285",
    "name": "Airfit Studio",
    "city": "MalyyFontan",
    "url": "https://www.instagram.com/explore/locations/1831143380437285/airfit-studio/"
  },
  {
    "id": "1016463008",
    "name": "Frebule",
    "city": "MalyyFontan",
    "url": "https://www.instagram.com/explore/locations/1016463008/frebule/"
  },
  {
    "id": "697487363",
    "name": "САЛОН КРАСОТЫ & SPA LA BEAUTÉ",
    "city": "MalyyFontan",
    "url": "https://www.instagram.com/explore/locations/697487363/spa-la-beaute/"
  },
  {
    "id": "458065985",
    "name": "Atlantic - Club",
    "city": "MalyyFontan",
    "url": "https://www.instagram.com/explore/locations/458065985/atlantic-club/"
  },
  {
    "id": "250711301",
    "name": "Сады Победы Luxury Gallery",
    "city": "MalyyFontan",
    "url": "https://www.instagram.com/explore/locations/250711301/luxury-gallery/"
  },
  {
    "id": "947849407",
    "name": "Цветочный домик Floristella",
    "city": "MalyyFontan",
    "url": "https://www.instagram.com/explore/locations/947849407/floristella/"
  },
  {
    "id": "331017861",
    "name": "Deribasovskaya,Odessa,Ukraine...",
    "city": "MalyyFontan",
    "url": "https://www.instagram.com/explore/locations/331017861/deribasovskayaodessaukraine/"
  },
  {
    "id": "174939796217217",
    "name": "Клубный дом GRAF",
    "city": "MalyyFontan",
    "url": "https://www.instagram.com/explore/locations/174939796217217/graf/"
  },
  {
    "id": "494577187",
    "name": "7 Станция Большого Фонтана",
    "city": "MalyyFontan",
    "url": "https://www.instagram.com/explore/locations/494577187/7/"
  },
  {
    "id": "102662537924049",
    "name": "Пологовий будинок 5",
    "city": "MalyyFontan",
    "url": "https://www.instagram.com/explore/locations/102662537924049/5/"
  },
  {
    "id": "1771987823023954",
    "name": "BODY Target",
    "city": "MalyyFontan",
    "url": "https://www.instagram.com/explore/locations/1771987823023954/body-target/"
  },
  {
    "id": "107724197262697",
    "name": "Aston Hall",
    "city": "MalyyFontan",
    "url": "https://www.instagram.com/explore/locations/107724197262697/aston-hall/"
  },
  {
    "id": "112470414433055",
    "name": "SOUL Beauty Hall",
    "city": "MalyyFontan",
    "url": "https://www.instagram.com/explore/locations/112470414433055/soul-beauty-hall/"
  },
  {
    "id": "255682789",
    "name": "Inglot Odessa Т.7038222",
    "city": "MalyyFontan",
    "url": "https://www.instagram.com/explore/locations/255682789/inglot-odessa-7038222/"
  },
  {
    "id": "113649761723407",
    "name": "Broteria",
    "city": "MalyyFontan",
    "url": "https://www.instagram.com/explore/locations/113649761723407/broteria/"
  },
  {
    "id": "577037354",
    "name": "Отель Atlantic Garden Resort",
    "city": "MalyyFontan",
    "url": "https://www.instagram.com/explore/locations/577037354/atlantic-garden-resort/"
  },
  {
    "id": "354130108682264",
    "name": "Канатная дорога / Aerial lift",
    "city": "MalyyFontan",
    "url": "https://www.instagram.com/explore/locations/354130108682264/aerial-lift/"
  },
  {
    "id": "678328256",
    "name": "Генуэзская, 5",
    "city": "MalyyFontan",
    "url": "https://www.instagram.com/explore/locations/678328256/5/"
  },
  {
    "id": "214505861",
    "name": "Центр горячей йоги YogaHot в Одессе",
    "city": "MalyyFontan",
    "url": "https://www.instagram.com/explore/locations/214505861/yogahot/"
  },
  {
    "id": "106024508530043",
    "name": "Amador Kids",
    "city": "MalyyFontan",
    "url": "https://www.instagram.com/explore/locations/106024508530043/amador-kids/"
  },
  {
    "id": "108148114274316",
    "name": "Kupol.space",
    "city": "MalyyFontan",
    "url": "https://www.instagram.com/explore/locations/108148114274316/kupolspace/"
  },
  {
    "id": "274031623",
    "name": "Strong J",
    "city": "MalyyFontan",
    "url": "https://www.instagram.com/explore/locations/274031623/strong-j/"
  },
  {
    "id": "251430012023921",
    "name": "Love You baby",
    "city": "MalyyFontan",
    "url": "https://www.instagram.com/explore/locations/251430012023921/love-you-baby/"
  },
  {
    "id": "1694009614252824",
    "name": "Salon BeautyLab",
    "city": "MalyyFontan",
    "url": "https://www.instagram.com/explore/locations/1694009614252824/salon-beautylab/"
  },
  {
    "id": "443066106237847",
    "name": "Sababa",
    "city": "MalyyFontan",
    "url": "https://www.instagram.com/explore/locations/443066106237847/sababa/"
  },
  {
    "id": "332416780582404",
    "name": "DomStar",
    "city": "MalyyFontan",
    "url": "https://www.instagram.com/explore/locations/332416780582404/domstar/"
  },
  {
    "id": "1445608632222499",
    "name": "ITIS Flowers",
    "city": "MalyyFontan",
    "url": "https://www.instagram.com/explore/locations/1445608632222499/itis-flowers/"
  },
  {
    "id": "1624935114438242",
    "name": "Боксерский клуб \"12\"",
    "city": "MalyyFontan",
    "url": "https://www.instagram.com/explore/locations/1624935114438242/12/"
  },
  {
    "id": "413928495694333",
    "name": "Итальянский КварталУл. М.говорова 18",
    "city": "MalyyFontan",
    "url": "https://www.instagram.com/explore/locations/413928495694333/18/"
  },
  {
    "id": "490722064465849",
    "name": "Western Club",
    "city": "MalyyFontan",
    "url": "https://www.instagram.com/explore/locations/490722064465849/western-club/"
  },
  {
    "id": "718258906",
    "name": "Home Sweet Home",
    "city": "MalyyFontan",
    "url": "https://www.instagram.com/explore/locations/718258906/home-sweet-home/"
  },
  {
    "id": "1019943620",
    "name": "Фитнес-клуб Мистраль",
    "city": "MalyyFontan",
    "url": "https://www.instagram.com/explore/locations/1019943620/-/"
  },
  {
    "id": "107836055474685",
    "name": "Monte Restaurant & Bar",
    "city": "MalyyFontan",
    "url": "https://www.instagram.com/explore/locations/107836055474685/monte-restaurant-bar/"
  },
  {
    "id": "2008480759231331",
    "name": "ТархунХинкальная - Караоке",
    "city": "MalyyFontan",
    "url": "https://www.instagram.com/explore/locations/2008480759231331/-/"
  },
  {
    "id": "1551539971839662",
    "name": "Пляж-клуб Ривьера",
    "city": "MalyyFontan",
    "url": "https://www.instagram.com/explore/locations/1551539971839662/-/"
  },
  {
    "id": "2703602946320019",
    "name": "Salvador Dali",
    "city": "MalyyFontan",
    "url": "https://www.instagram.com/explore/locations/2703602946320019/salvador-dali/"
  },
  {
    "id": "564053093748487",
    "name": "Кадор, 7 жемчужина",
    "city": "MalyyFontan",
    "url": "https://www.instagram.com/explore/locations/564053093748487/7/"
  },
  {
    "id": "1022428919",
    "name": "Авантюра концептуальный салон La Biosthetique Elvira Privalova",
    "city": "MalyyFontan",
    "url": "https://www.instagram.com/explore/locations/1022428919/la-biosthetique-elvira-privalova/"
  },
  {
    "id": "384398135441949",
    "name": "Sunset Cinema",
    "city": "MalyyFontan",
    "url": "https://www.instagram.com/explore/locations/384398135441949/sunset-cinema/"
  },
  {
    "id": "494338800776109",
    "name": "Vip Pole Dance Studio Odessa",
    "city": "MalyyFontan",
    "url": "https://www.instagram.com/explore/locations/494338800776109/vip-pole-dance-studio-odessa/"
  },
  {
    "id": "102910908757274",
    "name": "First Odesa Casino",
    "city": "MalyyFontan",
    "url": "https://www.instagram.com/explore/locations/102910908757274/first-odesa-casino/"
  },
  {
    "id": "704460113262661",
    "name": "Gallery of Kamilia Lisowska",
    "city": "MalyyFontan",
    "url": "https://www.instagram.com/explore/locations/704460113262661/gallery-of-kamilia-lisowska/"
  },
  {
    "id": "100532835614756",
    "name": "MoonBeach",
    "city": "MalyyFontan",
    "url": "https://www.instagram.com/explore/locations/100532835614756/moonbeach/"
  },
  {
    "id": "363076210",
    "name": "Французкий Бульвар 33 Киностудия",
    "city": "MalyyFontan",
    "url": "https://www.instagram.com/explore/locations/363076210/33/"
  },
  {
    "id": "1019096176",
    "name": "Nemo Hotel Gym Fitness&spa",
    "city": "MalyyFontan",
    "url": "https://www.instagram.com/explore/locations/1019096176/nemo-hotel-gym-fitnessspa/"
  },
  {
    "id": "393229050541394",
    "name": "Under Air Fitness",
    "city": "MalyyFontan",
    "url": "https://www.instagram.com/explore/locations/393229050541394/under-air-fitness/"
  },
  {
    "id": "872948037",
    "name": "Клуб итака ITAKA Odessa",
    "city": "MalyyFontan",
    "url": "https://www.instagram.com/explore/locations/872948037/itaka-odessa/"
  },
  {
    "id": "1240762552615398",
    "name": "Be Free - Фотостудия",
    "city": "MalyyFontan",
    "url": "https://www.instagram.com/explore/locations/1240762552615398/be-free-/"
  },
  {
    "id": "625884596",
    "name": "NewTone",
    "city": "MalyyFontan",
    "url": "https://www.instagram.com/explore/locations/625884596/newtone/"
  },
  {
    "id": "490578151127540",
    "name": "Lawn Tennis Club",
    "city": "MalyyFontan",
    "url": "https://www.instagram.com/explore/locations/490578151127540/lawn-tennis-club/"
  },
  {
    "id": "526824127523450",
    "name": "Renessans-Medical",
    "city": "MalyyFontan",
    "url": "https://www.instagram.com/explore/locations/526824127523450/renessans-medical/"
  },
  {
    "id": "1902091190046031",
    "name": "Frisor Barbershop II Odessa",
    "city": "MalyyFontan",
    "url": "https://www.instagram.com/explore/locations/1902091190046031/frisor-barbershop-ii-odessa/"
  },
  {
    "id": "104383361898266",
    "name": "Hola Lola",
    "city": "MalyyFontan",
    "url": "https://www.instagram.com/explore/locations/104383361898266/hola-lola/"
  },
  {
    "id": "172365430108417",
    "name": "Svitanok of beauty",
    "city": "MalyyFontan",
    "url": "https://www.instagram.com/explore/locations/172365430108417/svitanok-of-beauty/"
  },
  {
    "id": "55358089",
    "name": "Бизнес-центр СОЛНЕЧНЫЙ",
    "city": "MalyyFontan",
    "url": "https://www.instagram.com/explore/locations/55358089/-/"
  },
  {
    "id": "1905078676409844",
    "name": "MriyaSchool",
    "city": "MalyyFontan",
    "url": "https://www.instagram.com/explore/locations/1905078676409844/mriyaschool/"
  },
  {
    "id": "283094770",
    "name": "Black Sea",
    "city": "MalyyFontan",
    "url": "https://www.instagram.com/explore/locations/283094770/black-sea/"
  },
  {
    "id": "481388872636788",
    "name": "Oxford Medical",
    "city": "MalyyFontan",
    "url": "https://www.instagram.com/explore/locations/481388872636788/oxford-medical/"
  },
  {
    "id": "322327274308321",
    "name": "Kotelok - Бар Мідій",
    "city": "MalyyFontan",
    "url": "https://www.instagram.com/explore/locations/322327274308321/kotelok-/"
  },
  {
    "id": "790383257791804",
    "name": "Папа Гиви - грузинский ресторанчик",
    "city": "MalyyFontan",
    "url": "https://www.instagram.com/explore/locations/790383257791804/-/"
  },
  {
    "id": "237050163",
    "name": "OK Odessa Hotel",
    "city": "MalyyFontan",
    "url": "https://www.instagram.com/explore/locations/237050163/ok-odessa-hotel/"
  },
  {
    "id": "1768780993339763",
    "name": "Трамвай N16",
    "city": "MalyyFontan",
    "url": "https://www.instagram.com/explore/locations/1768780993339763/n16/"
  },
  {
    "id": "1024062968",
    "name": "Фотостудия Poohgoodmood. Аренда.",
    "city": "MalyyFontan",
    "url": "https://www.instagram.com/explore/locations/1024062968/poohgoodmood/"
  },
  {
    "id": "280184179060125",
    "name": "Pole Dance Studio Butterfly",
    "city": "MalyyFontan",
    "url": "https://www.instagram.com/explore/locations/280184179060125/pole-dance-studio-butterfly/"
  },
  {
    "id": "517282231791297",
    "name": "Formentera",
    "city": "MalyyFontan",
    "url": "https://www.instagram.com/explore/locations/517282231791297/formentera/"
  },
  {
    "id": "243030272",
    "name": "Boutique Hotel Otrada",
    "city": "MalyyFontan",
    "url": "https://www.instagram.com/explore/locations/243030272/boutique-hotel-otrada/"
  },
  {
    "id": "550473825",
    "name": "Zoloti Terezu Z.T. Odessa",
    "city": "MalyyFontan",
    "url": "https://www.instagram.com/explore/locations/550473825/zoloti-terezu-zt-odessa/"
  },
  {
    "id": "241966054",
    "name": "Hotel Otrada Odesa",
    "city": "MalyyFontan",
    "url": "https://www.instagram.com/explore/locations/241966054/hotel-otrada-odesa/"
  },
  {
    "id": "4337097",
    "name": "Belleville cafe",
    "city": "MalyyFontan",
    "url": "https://www.instagram.com/explore/locations/4337097/belleville-cafe/"
  },
  {
    "id": "1416951128407948",
    "name": "Portofino Hotel Beach Resort",
    "city": "MalyyFontan",
    "url": "https://www.instagram.com/explore/locations/1416951128407948/portofino-hotel-beach-resort/"
  },
  {
    "id": "222013771468162",
    "name": "Headline",
    "city": "MalyyFontan",
    "url": "https://www.instagram.com/explore/locations/222013771468162/headline/"
  },
  {
    "id": "115044796541063",
    "name": "Виртус - Институт пластической хирургии",
    "city": "MalyyFontan",
    "url": "https://www.instagram.com/explore/locations/115044796541063/-/"
  },
  {
    "id": "105647791717964",
    "name": "Jäger Bar",
    "city": "MalyyFontan",
    "url": "https://www.instagram.com/explore/locations/105647791717964/jager-bar/"
  },
  {
    "id": "511852194",
    "name": "Одеський Окружний Адмiнiстративний Суд",
    "city": "MalyyFontan",
    "url": "https://www.instagram.com/explore/locations/511852194/ii/"
  },
  {
    "id": "1008919047",
    "name": "ArkadiaHills",
    "city": "MalyyFontan",
    "url": "https://www.instagram.com/explore/locations/1008919047/arkadiahills/"
  },
  {
    "id": "1607353736255363",
    "name": "Aqualina Odessa",
    "city": "MalyyFontan",
    "url": "https://www.instagram.com/explore/locations/1607353736255363/aqualina-odessa/"
  },
  {
    "id": "264899237657963",
    "name": "HGF Gold Broker Thailand",
    "city": "MalyyFontan",
    "url": "https://www.instagram.com/explore/locations/264899237657963/hgf-gold-broker-thailand/"
  },
  {
    "id": "260774417773483",
    "name": "Kandinsky Odesa Residence",
    "city": "MalyyFontan",
    "url": "https://www.instagram.com/explore/locations/260774417773483/kandinsky-odesa-residence/"
  },
  {
    "id": "366754671",
    "name": "Itaka Beach Club",
    "city": "MalyyFontan",
    "url": "https://www.instagram.com/explore/locations/366754671/itaka-beach-club/"
  },
  {
    "id": "142794592914779",
    "name": "B-Side",
    "city": "MalyyFontan",
    "url": "https://www.instagram.com/explore/locations/142794592914779/b-side/"
  },
  {
    "id": "107039124424519",
    "name": "Hero Park",
    "city": "MalyyFontan",
    "url": "https://www.instagram.com/explore/locations/107039124424519/hero-park/"
  },
  {
    "id": "1015666803",
    "name": "Деварана - Ресторан Тайской Кухни",
    "city": "MalyyFontan",
    "url": "https://www.instagram.com/explore/locations/1015666803/-/"
  },
  {
    "id": "215263300",
    "name": "Otrada",
    "city": "MalyyFontan",
    "url": "https://www.instagram.com/explore/locations/215263300/otrada/"
  },
  {
    "id": "114349916667912",
    "name": "New Age • Dance Union",
    "city": "MalyyFontan",
    "url": "https://www.instagram.com/explore/locations/114349916667912/new-age-dance-union/"
  },
  {
    "id": "407166130022328",
    "name": "ЖК 51 Жемчужина",
    "city": "MalyyFontan",
    "url": "https://www.instagram.com/explore/locations/407166130022328/51/"
  },
  {
    "id": "2259778627677987",
    "name": "Barbell Baza",
    "city": "MalyyFontan",
    "url": "https://www.instagram.com/explore/locations/2259778627677987/barbell-baza/"
  },
  {
    "id": "253638214",
    "name": "Одесса ул.Тенистая 9/12",
    "city": "MalyyFontan",
    "url": "https://www.instagram.com/explore/locations/253638214/912/"
  },
  {
    "id": "122303074995275",
    "name": "Kador \"8 Жемчужина\"",
    "city": "MalyyFontan",
    "url": "https://www.instagram.com/explore/locations/122303074995275/kador-8/"
  },
  {
    "id": "1090129874484807",
    "name": "Lviv Croissants Odesa - Victory park",
    "city": "MalyyFontan",
    "url": "https://www.instagram.com/explore/locations/1090129874484807/lviv-croissants-odesa-victory-park/"
  },
  {
    "id": "1898004560441869",
    "name": "Symbol of Beauty",
    "city": "MalyyFontan",
    "url": "https://www.instagram.com/explore/locations/1898004560441869/symbol-of-beauty/"
  },
  {
    "id": "746228492228595",
    "name": "Большой Фонтан - моя любовь",
    "city": "MalyyFontan",
    "url": "https://www.instagram.com/explore/locations/746228492228595/-/"
  },
  {
    "id": "1049151448541181",
    "name": "Под_облаками",
    "city": "MalyyFontan",
    "url": "https://www.instagram.com/explore/locations/1049151448541181/_/"
  },
  {
    "id": "109612797882765",
    "name": "Траса здоров'я - Одеса",
    "city": "MalyyFontan",
    "url": "https://www.instagram.com/explore/locations/109612797882765/-/"
  },
  {
    "id": "252595176",
    "name": "Villa Venezia и Villa Neapol Hotels",
    "city": "MalyyFontan",
    "url": "https://www.instagram.com/explore/locations/252595176/villa-venezia-villa-neapol-hotels/"
  },
  {
    "id": "647747055382012",
    "name": "Продюсерский центр Made in Odessa",
    "city": "MalyyFontan",
    "url": "https://www.instagram.com/explore/locations/647747055382012/made-in-odessa/"
  },
  {
    "id": "526980334314107",
    "name": "Spa Bali",
    "city": "MalyyFontan",
    "url": "https://www.instagram.com/explore/locations/526980334314107/spa-bali/"
  },
  {
    "id": "868842816624056",
    "name": "No Name Coffee Place",
    "city": "MalyyFontan",
    "url": "https://www.instagram.com/explore/locations/868842816624056/no-name-coffee-place/"
  },
  {
    "id": "107567615088853",
    "name": "V.angel.bysergienko",
    "city": "MalyyFontan",
    "url": "https://www.instagram.com/explore/locations/107567615088853/vangelbysergienko/"
  },
  {
    "id": "308401036285859",
    "name": "Radioactive Bar",
    "city": "MalyyFontan",
    "url": "https://www.instagram.com/explore/locations/308401036285859/radioactive-bar/"
  },
  {
    "id": "111450680232768",
    "name": "Green Health",
    "city": "MalyyFontan",
    "url": "https://www.instagram.com/explore/locations/111450680232768/green-health/"
  },
  {
    "id": "559825207830322",
    "name": "Стоматология SV Dental Care",
    "city": "MalyyFontan",
    "url": "https://www.instagram.com/explore/locations/559825207830322/sv-dental-care/"
  },
  {
    "id": "714301648613445",
    "name": "Інститут очних хвороб ім. ВП Філатова / The Filatov Institute",
    "city": "MalyyFontan",
    "url": "https://www.instagram.com/explore/locations/714301648613445/the-filatov-institute/"
  },
  {
    "id": "246808758516154",
    "name": "Probka.bar",
    "city": "MalyyFontan",
    "url": "https://www.instagram.com/explore/locations/246808758516154/probkabar/"
  },
  {
    "id": "239280810083557",
    "name": "Dedushkevich_Dance_Style",
    "city": "MalyyFontan",
    "url": "https://www.instagram.com/explore/locations/239280810083557/dedushkevich_dance_style/"
  },
  {
    "id": "427691664262537",
    "name": "Ribas Rooms Odesa",
    "city": "MalyyFontan",
    "url": "https://www.instagram.com/explore/locations/427691664262537/ribas-rooms-odesa/"
  },
  {
    "id": "278448916116824",
    "name": "Дядюшка ЧАО - паназіатський ресторанчик для сім'ї та друзів",
    "city": "MalyyFontan",
    "url": "https://www.instagram.com/explore/locations/278448916116824/-/"
  },
  {
    "id": "242934178911403",
    "name": "Suli- ресторан сучасної грузинської кухні",
    "city": "MalyyFontan",
    "url": "https://www.instagram.com/explore/locations/242934178911403/suli-/"
  },
  {
    "id": "254069613",
    "name": "Гастрономия \"Mozzarella fresca\"",
    "city": "MalyyFontan",
    "url": "https://www.instagram.com/explore/locations/254069613/mozzarella-fresca/"
  },
  {
    "id": "319844475",
    "name": "Ogonëk Shop",
    "city": "MalyyFontan",
    "url": "https://www.instagram.com/explore/locations/319844475/ogonek-shop/"
  },
  {
    "id": "111629050531683",
    "name": "Anastasia Horeshko Beauty Room",
    "city": "MalyyFontan",
    "url": "https://www.instagram.com/explore/locations/111629050531683/anastasia-horeshko-beauty-room/"
  },
  {
    "id": "110589257339201",
    "name": "Trendy.beautyclub",
    "city": "MalyyFontan",
    "url": "https://www.instagram.com/explore/locations/110589257339201/trendybeautyclub/"
  },
  {
    "id": "436074853651885",
    "name": "Benefis_cosmetology",
    "city": "MalyyFontan",
    "url": "https://www.instagram.com/explore/locations/436074853651885/benefis_cosmetology/"
  },
  {
    "id": "263696555",
    "name": "Південно-західний апеляційний господарський суд",
    "city": "MalyyFontan",
    "url": "https://www.instagram.com/explore/locations/263696555/-/"
  },
  {
    "id": "1753204018295045",
    "name": "Hotel Nemo, Langeron Beach Club , Odessa",
    "city": "MalyyFontan",
    "url": "https://www.instagram.com/explore/locations/1753204018295045/hotel-nemo-langeron-beach-club-odessa/"
  },
  {
    "id": "103366957",
    "name": "More",
    "city": "MalyyFontan",
    "url": "https://www.instagram.com/explore/locations/103366957/more/"
  },
  {
    "id": "612973585787845",
    "name": "Делікатес-маркет «Космос»",
    "city": "MalyyFontan",
    "url": "https://www.instagram.com/explore/locations/612973585787845/-/"
  },
  {
    "id": "934676126726087",
    "name": "A Milano - ресторан итальянской кухни",
    "city": "MalyyFontan",
    "url": "https://www.instagram.com/explore/locations/934676126726087/a-milano-/"
  },
  {
    "id": "179211908869253",
    "name": "Surflaguna",
    "city": "MalyyFontan",
    "url": "https://www.instagram.com/explore/locations/179211908869253/surflaguna/"
  },
  {
    "id": "147351659215757",
    "name": "MaslovClinic",
    "city": "MalyyFontan",
    "url": "https://www.instagram.com/explore/locations/147351659215757/maslovclinic/"
  },
  {
    "id": "2142632765986314",
    "name": "Derby Style House",
    "city": "MalyyFontan",
    "url": "https://www.instagram.com/explore/locations/2142632765986314/derby-style-house/"
  },
  {
    "id": "156830091924946",
    "name": "Музей кино Одессы / Odessa cinema museum",
    "city": "MalyyFontan",
    "url": "https://www.instagram.com/explore/locations/156830091924946/odessa-cinema-museum/"
  },
  {
    "id": "1817996961814034",
    "name": "Beautylab_odessa",
    "city": "MalyyFontan",
    "url": "https://www.instagram.com/explore/locations/1817996961814034/beautylab_odessa/"
  },
  {
    "id": "1241022142684014",
    "name": "Pizza & Grill Генуэйзская 3",
    "city": "MalyyFontan",
    "url": "https://www.instagram.com/explore/locations/1241022142684014/pizza-grill-3/"
  },
  {
    "id": "1872525",
    "name": "Black SeaOtrada / \"черное МореОтрада",
    "city": "MalyyFontan",
    "url": "https://www.instagram.com/explore/locations/1872525/black-seaotrada/"
  },
  {
    "id": "352217075403010",
    "name": "Black Caffe",
    "city": "MalyyFontan",
    "url": "https://www.instagram.com/explore/locations/352217075403010/black-caffe/"
  },
  {
    "id": "913643058772566",
    "name": "R1 Restaurant",
    "city": "MalyyFontan",
    "url": "https://www.instagram.com/explore/locations/913643058772566/r1-restaurant/"
  },
  {
    "id": "1028456899",
    "name": "Fancy Room",
    "city": "MalyyFontan",
    "url": "https://www.instagram.com/explore/locations/1028456899/fancy-room/"
  },
  {
    "id": "288882422",
    "name": "Terrace. Nemo Hotel",
    "city": "MalyyFontan",
    "url": "https://www.instagram.com/explore/locations/288882422/terrace-nemo-hotel/"
  },
  {
    "id": "16004759",
    "name": "Western",
    "city": "MalyyFontan",
    "url": "https://www.instagram.com/explore/locations/16004759/western/"
  },
  {
    "id": "102207685536103",
    "name": "Детское пространство Amador",
    "city": "MalyyFontan",
    "url": "https://www.instagram.com/explore/locations/102207685536103/amador/"
  },
  {
    "id": "128496984668752",
    "name": "Make My Cake, Одесса",
    "city": "MalyyFontan",
    "url": "https://www.instagram.com/explore/locations/128496984668752/make-my-cake/"
  },
  {
    "id": "32842232",
    "name": "Vinograd Restaurant",
    "city": "MalyyFontan",
    "url": "https://www.instagram.com/explore/locations/32842232/vinograd-restaurant/"
  },
  {
    "id": "205911646477008",
    "name": "Liberty of the Seas Restaurant",
    "city": "MalyyFontan",
    "url": "https://www.instagram.com/explore/locations/205911646477008/liberty-of-the-seas-restaurant/"
  },
  {
    "id": "348361879094983",
    "name": "Piccolo",
    "city": "MalyyFontan",
    "url": "https://www.instagram.com/explore/locations/348361879094983/piccolo/"
  },
  {
    "id": "915773198551072",
    "name": "Telnyashka Beach",
    "city": "MalyyFontan",
    "url": "https://www.instagram.com/explore/locations/915773198551072/telnyashka-beach/"
  },
  {
    "id": "117606448864417",
    "name": "Фітнес-клуб NEMO / Одеса",
    "city": "MalyyFontan",
    "url": "https://www.instagram.com/explore/locations/117606448864417/-nemo/"
  },
  {
    "id": "1344597605618807",
    "name": "Bergamot Cafe&bar",
    "city": "MalyyFontan",
    "url": "https://www.instagram.com/explore/locations/1344597605618807/bergamot-cafebar/"
  },
  {
    "id": "240575826276404",
    "name": "MYDECO",
    "city": "MalyyFontan",
    "url": "https://www.instagram.com/explore/locations/240575826276404/mydeco/"
  },
  {
    "id": "308198526662228",
    "name": "Veranda",
    "city": "MalyyFontan",
    "url": "https://www.instagram.com/explore/locations/308198526662228/veranda/"
  },
  {
    "id": "227950167",
    "name": "Granat",
    "city": "MalyyFontan",
    "url": "https://www.instagram.com/explore/locations/227950167/granat/"
  },
  {
    "id": "254272148288362",
    "name": "Одесса Маршала Говорова, 7",
    "city": "MalyyFontan",
    "url": "https://www.instagram.com/explore/locations/254272148288362/7/"
  },
  {
    "id": "2264002460498133",
    "name": "SOLO",
    "city": "MalyyFontan",
    "url": "https://www.instagram.com/explore/locations/2264002460498133/solo/"
  },
  {
    "id": "996907430",
    "name": "Odessa Botanical Garden",
    "city": "MalyyFontan",
    "url": "https://www.instagram.com/explore/locations/996907430/odessa-botanical-garden/"
  },
  {
    "id": "491690818014878",
    "name": "Synergy Eats",
    "city": "MalyyFontan",
    "url": "https://www.instagram.com/explore/locations/491690818014878/synergy-eats/"
  },
  {
    "id": "1409128985858754",
    "name": "BOOM BAR",
    "city": "MalyyFontan",
    "url": "https://www.instagram.com/explore/locations/1409128985858754/boom-bar/"
  },
  {
    "id": "764374547295559",
    "name": "Сегедская 21",
    "city": "MalyyFontan",
    "url": "https://www.instagram.com/explore/locations/764374547295559/21/"
  },
  {
    "id": "443108616050475",
    "name": "Салон Красоты Salon for You",
    "city": "MalyyFontan",
    "url": "https://www.instagram.com/explore/locations/443108616050475/salon-for-you/"
  },
  {
    "id": "968971373492035",
    "name": "Kadorr SPA & Fitness",
    "city": "MalyyFontan",
    "url": "https://www.instagram.com/explore/locations/968971373492035/kadorr-spa-fitness/"
  },
  {
    "id": "178670956010034",
    "name": "Lavanda - студия эстетической косметологии",
    "city": "MalyyFontan",
    "url": "https://www.instagram.com/explore/locations/178670956010034/lavanda-/"
  },
  {
    "id": "109158073829598",
    "name": "West Side Odessa",
    "city": "MalyyFontan",
    "url": "https://www.instagram.com/explore/locations/109158073829598/west-side-odessa/"
  },
  {
    "id": "16212784",
    "name": "Ibiza Beach",
    "city": "MalyyFontan",
    "url": "https://www.instagram.com/explore/locations/16212784/ibiza-beach/"
  },
  {
    "id": "389458478108119",
    "name": "Irina Blashkevich Studio",
    "city": "MalyyFontan",
    "url": "https://www.instagram.com/explore/locations/389458478108119/irina-blashkevich-studio/"
  },
  {
    "id": "328336850852347",
    "name": "Одесса, 7-я Фонтана",
    "city": "MalyyFontan",
    "url": "https://www.instagram.com/explore/locations/328336850852347/7-/"
  },
  {
    "id": "322285189",
    "name": "Odessa Itaka Club & Beach",
    "city": "MalyyFontan",
    "url": "https://www.instagram.com/explore/locations/322285189/odessa-itaka-club-beach/"
  },
  {
    "id": "227646154388764",
    "name": "Школа №62",
    "city": "MalyyFontan",
    "url": "https://www.instagram.com/explore/locations/227646154388764/no62/"
  },
  {
    "id": "103395418100610",
    "name": "Masseur Vi Volna",
    "city": "MalyyFontan",
    "url": "https://www.instagram.com/explore/locations/103395418100610/masseur-vi-volna/"
  },
  {
    "id": "2035955366691360",
    "name": "Artclinic Monaco",
    "city": "MalyyFontan",
    "url": "https://www.instagram.com/explore/locations/2035955366691360/artclinic-monaco/"
  },
  {
    "id": "877653985",
    "name": "Ресторан-Караоке Жара",
    "city": "MalyyFontan",
    "url": "https://www.instagram.com/explore/locations/877653985/-/"
  },
  {
    "id": "883042774",
    "name": "Тенистая, 8",
    "city": "MalyyFontan",
    "url": "https://www.instagram.com/explore/locations/883042774/8/"
  },
  {
    "id": "115119269886045",
    "name": "Game-Bar Plays",
    "city": "MalyyFontan",
    "url": "https://www.instagram.com/explore/locations/115119269886045/game-bar-plays/"
  },
  {
    "id": "697220270",
    "name": "Showroom Ferrara Jewels",
    "city": "MalyyFontan",
    "url": "https://www.instagram.com/explore/locations/697220270/showroom-ferrara-jewels/"
  },
  {
    "id": "111509387814495",
    "name": "First Casino Hotel Gagarinn",
    "city": "MalyyFontan",
    "url": "https://www.instagram.com/explore/locations/111509387814495/first-casino-hotel-gagarinn/"
  },
  {
    "id": "514882935338924",
    "name": "Odessa Coat Fashion Store \"Bella Bicchi\"",
    "city": "MalyyFontan",
    "url": "https://www.instagram.com/explore/locations/514882935338924/odessa-coat-fashion-store-bella-bicchi/"
  },
  {
    "id": "29404747",
    "name": "Surflaguna",
    "city": "MalyyFontan",
    "url": "https://www.instagram.com/explore/locations/29404747/surflaguna/"
  },
  {
    "id": "345436539",
    "name": "Itaka Beach Club Arcadia",
    "city": "MalyyFontan",
    "url": "https://www.instagram.com/explore/locations/345436539/itaka-beach-club-arcadia/"
  },
  {
    "id": "455116657",
    "name": "SunCity Apartments & Bali SPA",
    "city": "MalyyFontan",
    "url": "https://www.instagram.com/explore/locations/455116657/suncity-apartments-bali-spa/"
  },
  {
    "id": "292199147",
    "name": "Trueman Hot Boat",
    "city": "MalyyFontan",
    "url": "https://www.instagram.com/explore/locations/292199147/trueman-hot-boat/"
  },
  {
    "id": "167827523887955",
    "name": "Medical Beauty Lab",
    "city": "MalyyFontan",
    "url": "https://www.instagram.com/explore/locations/167827523887955/medical-beauty-lab/"
  },
  {
    "id": "105980384494777",
    "name": "ZEMBA",
    "city": "MalyyFontan",
    "url": "https://www.instagram.com/explore/locations/105980384494777/zemba/"
  },
  {
    "id": "579167958",
    "name": "Kadorr Restaurant",
    "city": "MalyyFontan",
    "url": "https://www.instagram.com/explore/locations/579167958/kadorr-restaurant/"
  },
  {
    "id": "339769116517876",
    "name": "Make My Cake Cafe, Одесса",
    "city": "MalyyFontan",
    "url": "https://www.instagram.com/explore/locations/339769116517876/make-my-cake-cafe/"
  },
  {
    "id": "577719198",
    "name": "Tref Cinema",
    "city": "MalyyFontan",
    "url": "https://www.instagram.com/explore/locations/577719198/tref-cinema/"
  },
  {
    "id": "2265851086828240",
    "name": "Arcadia Gold Apartments. Апартаменты Одесса Аркадия",
    "city": "MalyyFontan",
    "url": "https://www.instagram.com/explore/locations/2265851086828240/arcadia-gold-apartments/"
  },
  {
    "id": "287096001",
    "name": "Itaka Beach Club",
    "city": "MalyyFontan",
    "url": "https://www.instagram.com/explore/locations/287096001/itaka-beach-club/"
  },
  {
    "id": "104012621369459",
    "name": "ITAKA Beach Club, Итака",
    "city": "MalyyFontan",
    "url": "https://www.instagram.com/explore/locations/104012621369459/itaka-beach-club/"
  },
  {
    "id": "928613254193022",
    "name": "Центр Позвоночника Spine",
    "city": "MalyyFontan",
    "url": "https://www.instagram.com/explore/locations/928613254193022/spine/"
  },
  {
    "id": "217618911442536",
    "name": "Felice",
    "city": "MalyyFontan",
    "url": "https://www.instagram.com/explore/locations/217618911442536/felice/"
  },
  {
    "id": "7287311",
    "name": "Sportlife",
    "city": "MalyyFontan",
    "url": "https://www.instagram.com/explore/locations/7287311/sportlife/"
  },
  {
    "id": "301391280197362",
    "name": "Vintage hotel на Французском бульваре",
    "city": "MalyyFontan",
    "url": "https://www.instagram.com/explore/locations/301391280197362/vintage-hotel/"
  },
  {
    "id": "111075106953483",
    "name": "STAGE Development",
    "city": "MalyyFontan",
    "url": "https://www.instagram.com/explore/locations/111075106953483/stage-development/"
  },
  {
    "id": "110059657128428",
    "name": "ManiQr Коворкінг",
    "city": "MalyyFontan",
    "url": "https://www.instagram.com/explore/locations/110059657128428/maniqr/"
  },
  {
    "id": "1021507311",
    "name": "Merry Berry",
    "city": "MalyyFontan",
    "url": "https://www.instagram.com/explore/locations/1021507311/merry-berry/"
  },
  {
    "id": "6920408",
    "name": "Ark Spa",
    "city": "MalyyFontan",
    "url": "https://www.instagram.com/explore/locations/6920408/ark-spa/"
  },
  {
    "id": "361056334",
    "name": "Langeron Beach",
    "city": "MalyyFontan",
    "url": "https://www.instagram.com/explore/locations/361056334/langeron-beach/"
  },
  {
    "id": "734742361",
    "name": "Banquet Hall Odesa",
    "city": "MalyyFontan",
    "url": "https://www.instagram.com/explore/locations/734742361/banquet-hall-odesa/"
  },
  {
    "id": "458137164930680",
    "name": "Maman na More",
    "city": "MalyyFontan",
    "url": "https://www.instagram.com/explore/locations/458137164930680/maman-na-more/"
  },
  {
    "id": "1170191359772823",
    "name": "Fanconi / Фанкони",
    "city": "MalyyFontan",
    "url": "https://www.instagram.com/explore/locations/1170191359772823/fanconi/"
  },
  {
    "id": "648097925343294",
    "name": "Do it Studio",
    "city": "MalyyFontan",
    "url": "https://www.instagram.com/explore/locations/648097925343294/do-it-studio/"
  },
  {
    "id": "644070172431997",
    "name": "Сегедская 12",
    "city": "MalyyFontan",
    "url": "https://www.instagram.com/explore/locations/644070172431997/12/"
  },
  {
    "id": "2066102253616217",
    "name": "Barbell Gym",
    "city": "MalyyFontan",
    "url": "https://www.instagram.com/explore/locations/2066102253616217/barbell-gym/"
  },
  {
    "id": "130046934220016",
    "name": "Одеса Ресторан Pomodoro",
    "city": "MalyyFontan",
    "url": "https://www.instagram.com/explore/locations/130046934220016/pomodoro/"
  },
  {
    "id": "1733231440276985",
    "name": "Проспект Шевченко 11 А",
    "city": "MalyyFontan",
    "url": "https://www.instagram.com/explore/locations/1733231440276985/11/"
  },
  {
    "id": "343847949344932",
    "name": "SAHAR dance studio",
    "city": "MalyyFontan",
    "url": "https://www.instagram.com/explore/locations/343847949344932/sahar-dance-studio/"
  },
  {
    "id": "498999677249196",
    "name": "Sport Life",
    "city": "MalyyFontan",
    "url": "https://www.instagram.com/explore/locations/498999677249196/sport-life/"
  },
  {
    "id": "3222031",
    "name": "Ресторан Rokka",
    "city": "MalyyFontan",
    "url": "https://www.instagram.com/explore/locations/3222031/rokka/"
  },
  {
    "id": "796215507205314",
    "name": "Салон красоты “LaRosh”",
    "city": "MalyyFontan",
    "url": "https://www.instagram.com/explore/locations/796215507205314/larosh/"
  },
  {
    "id": "109375751400053",
    "name": "Fontan Beach",
    "city": "MalyyFontan",
    "url": "https://www.instagram.com/explore/locations/109375751400053/fontan-beach/"
  },
  {
    "id": "103370154412844",
    "name": "Rebels Studio",
    "city": "MalyyFontan",
    "url": "https://www.instagram.com/explore/locations/103370154412844/rebels-studio/"
  },
  {
    "id": "1406538259408710",
    "name": "Malina Pastry",
    "city": "MalyyFontan",
    "url": "https://www.instagram.com/explore/locations/1406538259408710/malina-pastry/"
  },
  {
    "id": "108588780546435",
    "name": "Kailash - частная клиника",
    "city": "MalyyFontan",
    "url": "https://www.instagram.com/explore/locations/108588780546435/kailash-/"
  },
  {
    "id": "1012664748",
    "name": "Студия Красоты Santorini",
    "city": "MalyyFontan",
    "url": "https://www.instagram.com/explore/locations/1012664748/santorini/"
  },
  {
    "id": "534007523678276",
    "name": "Причал №1",
    "city": "MalyyFontan",
    "url": "https://www.instagram.com/explore/locations/534007523678276/no1/"
  },
  {
    "id": "415442238",
    "name": "Жан Niche Concept",
    "city": "MalyyFontan",
    "url": "https://www.instagram.com/explore/locations/415442238/niche-concept/"
  },
  {
    "id": "316479978932598",
    "name": "Stark",
    "city": "MalyyFontan",
    "url": "https://www.instagram.com/explore/locations/316479978932598/stark/"
  },
  {
    "id": "284299818641135",
    "name": "Маршала Говорова 8",
    "city": "MalyyFontan",
    "url": "https://www.instagram.com/explore/locations/284299818641135/8/"
  },
  {
    "id": "308998312",
    "name": "Western Night Club",
    "city": "MalyyFontan",
    "url": "https://www.instagram.com/explore/locations/308998312/western-night-club/"
  },
  {
    "id": "162674700864187",
    "name": "Salon del Mar de Kozhukharenko",
    "city": "MalyyFontan",
    "url": "https://www.instagram.com/explore/locations/162674700864187/salon-del-mar-de-kozhukharenko/"
  },
  {
    "id": "110458794060409",
    "name": "Muar beauty salon",
    "city": "MalyyFontan",
    "url": "https://www.instagram.com/explore/locations/110458794060409/muar-beauty-salon/"
  },
  {
    "id": "199179953457831",
    "name": "Odessa Film StudioОдесская киностудия",
    "city": "MalyyFontan",
    "url": "https://www.instagram.com/explore/locations/199179953457831/odessa-film-studio/"
  },
  {
    "id": "214988711",
    "name": "Аrk Spa",
    "city": "MalyyFontan",
    "url": "https://www.instagram.com/explore/locations/214988711/rk-spa/"
  },
  {
    "id": "318922492108773",
    "name": "YogaRoom",
    "city": "MalyyFontan",
    "url": "https://www.instagram.com/explore/locations/318922492108773/yogaroom/"
  },
  {
    "id": "105992087693083",
    "name": "Агенція нерухомості СЛОН філія 9",
    "city": "MalyyFontan",
    "url": "https://www.instagram.com/explore/locations/105992087693083/9/"
  },
  {
    "id": "391990054",
    "name": "Booblik",
    "city": "MalyyFontan",
    "url": "https://www.instagram.com/explore/locations/391990054/booblik/"
  },
  {
    "id": "509901695882037",
    "name": "Сеть ресторанов \"GastroMania\"",
    "city": "MalyyFontan",
    "url": "https://www.instagram.com/explore/locations/509901695882037/gastromania/"
  },
  {
    "id": "536826913459797",
    "name": "Langeron Beach, Odessa",
    "city": "MalyyFontan",
    "url": "https://www.instagram.com/explore/locations/536826913459797/langeron-beach-odessa/"
  },
  {
    "id": "105166068863133",
    "name": "Кав'ярня Introvert",
    "city": "MalyyFontan",
    "url": "https://www.instagram.com/explore/locations/105166068863133/introvert/"
  },
  {
    "id": "107677731570355",
    "name": "Piana Vyshnia / П'яна Вишня",
    "city": "MalyyFontan",
    "url": "https://www.instagram.com/explore/locations/107677731570355/piana-vyshnia/"
  },
  {
    "id": "1002795327",
    "name": "ЧеховSky",
    "city": "MalyyFontan",
    "url": "https://www.instagram.com/explore/locations/1002795327/sky/"
  },
  {
    "id": "107070581636663",
    "name": "HOME",
    "city": "MalyyFontan",
    "url": "https://www.instagram.com/explore/locations/107070581636663/home/"
  },
  {
    "id": "237932278",
    "name": "True Man",
    "city": "MalyyFontan",
    "url": "https://www.instagram.com/explore/locations/237932278/true-man/"
  },
  {
    "id": "16398399",
    "name": "Армейская 11",
    "city": "MalyyFontan",
    "url": "https://www.instagram.com/explore/locations/16398399/11/"
  },
  {
    "id": "258628528187731",
    "name": "Дельфин / Dolphin",
    "city": "MalyyFontan",
    "url": "https://www.instagram.com/explore/locations/258628528187731/dolphin/"
  },
  {
    "id": "265618468",
    "name": "İbiza",
    "city": "MalyyFontan",
    "url": "https://www.instagram.com/explore/locations/265618468/ibiza/"
  },
  {
    "id": "100685449689091",
    "name": "Медичний дім ODESA",
    "city": "MalyyFontan",
    "url": "https://www.instagram.com/explore/locations/100685449689091/odesa/"
  },
  {
    "id": "276063252258853",
    "name": "Vilna Bakery",
    "city": "MalyyFontan",
    "url": "https://www.instagram.com/explore/locations/276063252258853/vilna-bakery/"
  },
  {
    "id": "1005569538",
    "name": "Mriiu Centre",
    "city": "MalyyFontan",
    "url": "https://www.instagram.com/explore/locations/1005569538/mriiu-centre/"
  },
  {
    "id": "2182685175111032",
    "name": "Mr Grey Boutique Hotel",
    "city": "MalyyFontan",
    "url": "https://www.instagram.com/explore/locations/2182685175111032/mr-grey-boutique-hotel/"
  },
  {
    "id": "629249497272561",
    "name": "O'blik",
    "city": "MalyyFontan",
    "url": "https://www.instagram.com/explore/locations/629249497272561/oblik/"
  },
  {
    "id": "103390047783879",
    "name": "Beauty room Mark Fashion",
    "city": "MalyyFontan",
    "url": "https://www.instagram.com/explore/locations/103390047783879/beauty-room-mark-fashion/"
  },
  {
    "id": "1033500424",
    "name": "Meduzza",
    "city": "MalyyFontan",
    "url": "https://www.instagram.com/explore/locations/1033500424/meduzza/"
  },
  {
    "id": "287005205250178",
    "name": "Ibiza Club",
    "city": "MalyyFontan",
    "url": "https://www.instagram.com/explore/locations/287005205250178/ibiza-club/"
  },
  {
    "id": "1733587570231165",
    "name": "7 Канал",
    "city": "MalyyFontan",
    "url": "https://www.instagram.com/explore/locations/1733587570231165/7/"
  },
  {
    "id": "1908662672725100",
    "name": "Kadorr Business Centre",
    "city": "MalyyFontan",
    "url": "https://www.instagram.com/explore/locations/1908662672725100/kadorr-business-centre/"
  },
  {
    "id": "1874803022641431",
    "name": "Немо FITNESS & SPA",
    "city": "MalyyFontan",
    "url": "https://www.instagram.com/explore/locations/1874803022641431/fitness-spa/"
  },
  {
    "id": "247461432602055",
    "name": "ул. Мачтовая, 17",
    "city": "MalyyFontan",
    "url": "https://www.instagram.com/explore/locations/247461432602055/17/"
  },
  {
    "id": "173515820225061",
    "name": "Площа 10-го Квітня",
    "city": "MalyyFontan",
    "url": "https://www.instagram.com/explore/locations/173515820225061/10-/"
  },
  {
    "id": "297004267581475",
    "name": "Oceanman Odesa Ukraine",
    "city": "MalyyFontan",
    "url": "https://www.instagram.com/explore/locations/297004267581475/oceanman-odesa-ukraine/"
  },
  {
    "id": "1328075993936283",
    "name": "Top Waffle",
    "city": "MalyyFontan",
    "url": "https://www.instagram.com/explore/locations/1328075993936283/top-waffle/"
  },
  {
    "id": "1690688701003758",
    "name": "Винний бутік Solo Vino",
    "city": "MalyyFontan",
    "url": "https://www.instagram.com/explore/locations/1690688701003758/solo-vino/"
  },
  {
    "id": "1732218730428893",
    "name": "Vive l'amour",
    "city": "MalyyFontan",
    "url": "https://www.instagram.com/explore/locations/1732218730428893/vive-lamour/"
  },
  {
    "id": "1029024021",
    "name": "Larkina Center",
    "city": "MalyyFontan",
    "url": "https://www.instagram.com/explore/locations/1029024021/larkina-center/"
  },
  {
    "id": "977395445742925",
    "name": "Sea&Sky apartments",
    "city": "MalyyFontan",
    "url": "https://www.instagram.com/explore/locations/977395445742925/seasky-apartments/"
  },
  {
    "id": "2060152787613650",
    "name": "Frisor Barbershop Odessa",
    "city": "MalyyFontan",
    "url": "https://www.instagram.com/explore/locations/2060152787613650/frisor-barbershop-odessa/"
  },
  {
    "id": "705705993124721",
    "name": "Пирс IBIZA",
    "city": "MalyyFontan",
    "url": "https://www.instagram.com/explore/locations/705705993124721/ibiza/"
  },
  {
    "id": "2212143115696848",
    "name": "Lviv Croissants",
    "city": "MalyyFontan",
    "url": "https://www.instagram.com/explore/locations/2212143115696848/lviv-croissants/"
  },
  {
    "id": "108725554136912",
    "name": "Факультет менеджменту, готельно-ресторанної справи та туризму",
    "city": "MalyyFontan",
    "url": "https://www.instagram.com/explore/locations/108725554136912/-/"
  },
  {
    "id": "102044598608331",
    "name": "Monstriki",
    "city": "MalyyFontan",
    "url": "https://www.instagram.com/explore/locations/102044598608331/monstriki/"
  },
  {
    "id": "396564487642275",
    "name": "Французский Бульвар 26 Корпус 1",
    "city": "MalyyFontan",
    "url": "https://www.instagram.com/explore/locations/396564487642275/26-1/"
  },
  {
    "id": "714452578",
    "name": "Manzoni DONNA boutique",
    "city": "MalyyFontan",
    "url": "https://www.instagram.com/explore/locations/714452578/manzoni-donna-boutique/"
  },
  {
    "id": "1022096015",
    "name": "Biella Cafe",
    "city": "MalyyFontan",
    "url": "https://www.instagram.com/explore/locations/1022096015/biella-cafe/"
  },
  {
    "id": "108972254310322",
    "name": "Apex Beauty Space",
    "city": "MalyyFontan",
    "url": "https://www.instagram.com/explore/locations/108972254310322/apex-beauty-space/"
  },
  {
    "id": "751441655197507",
    "name": "Палубная 9/4",
    "city": "MalyyFontan",
    "url": "https://www.instagram.com/explore/locations/751441655197507/94/"
  },
  {
    "id": "104431917957942",
    "name": "Port Royal",
    "city": "MalyyFontan",
    "url": "https://www.instagram.com/explore/locations/104431917957942/port-royal/"
  },
  {
    "id": "1877257962601519",
    "name": "TWO MOMS",
    "city": "MalyyFontan",
    "url": "https://www.instagram.com/explore/locations/1877257962601519/two-moms/"
  },
  {
    "id": "289001921581507",
    "name": "Новострой Одесса, Генуэзская, 36 Аркадия",
    "city": "MalyyFontan",
    "url": "https://www.instagram.com/explore/locations/289001921581507/36/"
  },
  {
    "id": "257196971",
    "name": "КафеПричал 1\"",
    "city": "MalyyFontan",
    "url": "https://www.instagram.com/explore/locations/257196971/1/"
  },
  {
    "id": "18141852",
    "name": "Aura Beach Club Odessa",
    "city": "MalyyFontan",
    "url": "https://www.instagram.com/explore/locations/18141852/aura-beach-club-odessa/"
  },
  {
    "id": "155486081282931",
    "name": "Yuzhny",
    "city": "MalyyFontan",
    "url": "https://www.instagram.com/explore/locations/155486081282931/yuzhny/"
  },
  {
    "id": "105813834846681",
    "name": "Synergy dental clinic",
    "city": "MalyyFontan",
    "url": "https://www.instagram.com/explore/locations/105813834846681/synergy-dental-clinic/"
  },
  {
    "id": "361715941086192",
    "name": "Sport Life",
    "city": "MalyyFontan",
    "url": "https://www.instagram.com/explore/locations/361715941086192/sport-life/"
  },
  {
    "id": "246837149491455",
    "name": "Extra Virgin",
    "city": "MalyyFontan",
    "url": "https://www.instagram.com/explore/locations/246837149491455/extra-virgin/"
  },
  {
    "id": "985850474959015",
    "name": "KTN",
    "city": "MalyyFontan",
    "url": "https://www.instagram.com/explore/locations/985850474959015/ktn/"
  },
  {
    "id": "1035233280",
    "name": "Винный Бутик \"Solo Vino\", Аркадия Центральная аллея, Одесса",
    "city": "MalyyFontan",
    "url": "https://www.instagram.com/explore/locations/1035233280/solo-vino/"
  },
  {
    "id": "2365714200169772",
    "name": "KseLena",
    "city": "MalyyFontan",
    "url": "https://www.instagram.com/explore/locations/2365714200169772/kselena/"
  },
  {
    "id": "213112024",
    "name": "Taboo Club",
    "city": "MalyyFontan",
    "url": "https://www.instagram.com/explore/locations/213112024/taboo-club/"
  },
  {
    "id": "585080638615879",
    "name": "6 Этаж Мрака",
    "city": "MalyyFontan",
    "url": "https://www.instagram.com/explore/locations/585080638615879/6/"
  },
  {
    "id": "113893250311552",
    "name": "Трембіта Music Pub",
    "city": "MalyyFontan",
    "url": "https://www.instagram.com/explore/locations/113893250311552/music-pub/"
  },
  {
    "id": "243615902",
    "name": "Одесса Детская обувь опт и розн.7й км Овидиопольской дороги ул.Голубая 1061",
    "city": "MalyyFontan",
    "url": "https://www.instagram.com/explore/locations/243615902/7-1061/"
  },
  {
    "id": "153869215418263",
    "name": "Частный детский сад \"Orange\"",
    "city": "MalyyFontan",
    "url": "https://www.instagram.com/explore/locations/153869215418263/orange/"
  },
  {
    "id": "1029353035",
    "name": "Botanic_butique",
    "city": "MalyyFontan",
    "url": "https://www.instagram.com/explore/locations/1029353035/botanic_butique/"
  },
  {
    "id": "256777549",
    "name": "Sadi Pobedi Concert Hall",
    "city": "MalyyFontan",
    "url": "https://www.instagram.com/explore/locations/256777549/sadi-pobedi-concert-hall/"
  },
  {
    "id": "262340819",
    "name": "Сады Победы Terrassa",
    "city": "MalyyFontan",
    "url": "https://www.instagram.com/explore/locations/262340819/terrassa/"
  },
  {
    "id": "157540385200026",
    "name": "Meduzza",
    "city": "MalyyFontan",
    "url": "https://www.instagram.com/explore/locations/157540385200026/meduzza/"
  },
  {
    "id": "402165179",
    "name": "Город Одесса, Проспект Шевченка, 7",
    "city": "MalyyFontan",
    "url": "https://www.instagram.com/explore/locations/402165179/7/"
  },
  {
    "id": "545139308990672",
    "name": "Solo",
    "city": "MalyyFontan",
    "url": "https://www.instagram.com/explore/locations/545139308990672/solo/"
  },
  {
    "id": "108359508914094",
    "name": "Tikity Cалон Красоты - Одесса, Аркадия",
    "city": "MalyyFontan",
    "url": "https://www.instagram.com/explore/locations/108359508914094/tikity-c-/"
  },
  {
    "id": "221324472",
    "name": "Azuma",
    "city": "MalyyFontan",
    "url": "https://www.instagram.com/explore/locations/221324472/azuma/"
  },
  {
    "id": "401620547040086",
    "name": "Twinsy",
    "city": "MalyyFontan",
    "url": "https://www.instagram.com/explore/locations/401620547040086/twinsy/"
  },
  {
    "id": "18334595",
    "name": "!Ё Moscow beach club",
    "city": "MalyyFontan",
    "url": "https://www.instagram.com/explore/locations/18334595/moscow-beach-club/"
  },
  {
    "id": "477667868",
    "name": "Atlantic Garden Resort",
    "city": "MalyyFontan",
    "url": "https://www.instagram.com/explore/locations/477667868/atlantic-garden-resort/"
  },
  {
    "id": "211323459251559",
    "name": "Салон красоты \"Denis Style\"",
    "city": "MalyyFontan",
    "url": "https://www.instagram.com/explore/locations/211323459251559/denis-style/"
  },
  {
    "id": "2046061252307958",
    "name": "Easy Quizzy",
    "city": "MalyyFontan",
    "url": "https://www.instagram.com/explore/locations/2046061252307958/easy-quizzy/"
  },
  {
    "id": "180767755889443",
    "name": "Art_Cafe_KIHO",
    "city": "MalyyFontan",
    "url": "https://www.instagram.com/explore/locations/180767755889443/art_cafe_kiho/"
  },
  {
    "id": "285786292039662",
    "name": "Booze Bar",
    "city": "MalyyFontan",
    "url": "https://www.instagram.com/explore/locations/285786292039662/booze-bar/"
  },
  {
    "id": "535684013",
    "name": "Армейская 8 Г",
    "city": "MalyyFontan",
    "url": "https://www.instagram.com/explore/locations/535684013/8/"
  },
  {
    "id": "236144948",
    "name": "Аркадия - Geneva Resort Hotel",
    "city": "MalyyFontan",
    "url": "https://www.instagram.com/explore/locations/236144948/-geneva-resort-hotel/"
  },
  {
    "id": "662403307430809",
    "name": "Azuma Odessa",
    "city": "MalyyFontan",
    "url": "https://www.instagram.com/explore/locations/662403307430809/azuma-odessa/"
  },
  {
    "id": "234759973898109",
    "name": "Kaba Hype&Coffee",
    "city": "MalyyFontan",
    "url": "https://www.instagram.com/explore/locations/234759973898109/kaba-hypecoffee/"
  },
  {
    "id": "694510590564566",
    "name": "Elvira Privalova Hairschool Odessa",
    "city": "MalyyFontan",
    "url": "https://www.instagram.com/explore/locations/694510590564566/elvira-privalova-hairschool-odessa/"
  },
  {
    "id": "217491378",
    "name": "Площадь 10 Апреля",
    "city": "MalyyFontan",
    "url": "https://www.instagram.com/explore/locations/217491378/10/"
  },
  {
    "id": "1021266355",
    "name": "Профспілка робітників морського транспорту України - ПРМТУ",
    "city": "MalyyFontan",
    "url": "https://www.instagram.com/explore/locations/1021266355/-/"
  },
  {
    "id": "247233134",
    "name": "Проспект Шевченко 12/1",
    "city": "MalyyFontan",
    "url": "https://www.instagram.com/explore/locations/247233134/121/"
  },
  {
    "id": "340488186525538",
    "name": "ЕБШ TRX Box Bar",
    "city": "MalyyFontan",
    "url": "https://www.instagram.com/explore/locations/340488186525538/trx-box-bar/"
  },
  {
    "id": "190425200968510",
    "name": "Verafilmschool",
    "city": "MalyyFontan",
    "url": "https://www.instagram.com/explore/locations/190425200968510/verafilmschool/"
  },
  {
    "id": "306394286818813",
    "name": "ЖК «2-я Жемчужина»",
    "city": "MalyyFontan",
    "url": "https://www.instagram.com/explore/locations/306394286818813/2-/"
  },
  {
    "id": "1445477298836606",
    "name": "Pizza & Grill",
    "city": "MalyyFontan",
    "url": "https://www.instagram.com/explore/locations/1445477298836606/pizza-grill/"
  },
  {
    "id": "1015896637",
    "name": "Med SPA Shampanskiy",
    "city": "MalyyFontan",
    "url": "https://www.instagram.com/explore/locations/1015896637/med-spa-shampanskiy/"
  },
  {
    "id": "861390537563228",
    "name": "_fplace_",
    "city": "MalyyFontan",
    "url": "https://www.instagram.com/explore/locations/861390537563228/_fplace_/"
  },
  {
    "id": "108742950769355",
    "name": "Гостинний зоомагазин Torzoo",
    "city": "MalyyFontan",
    "url": "https://www.instagram.com/explore/locations/108742950769355/torzoo/"
  },
  {
    "id": "257003755",
    "name": "Plaza Beach Odessa- Terrassa Restaraunt",
    "city": "MalyyFontan",
    "url": "https://www.instagram.com/explore/locations/257003755/plaza-beach-odessa-terrassa-restaraunt/"
  },
  {
    "id": "106065588017359",
    "name": "Лікариум - клініка відновлення здоров'я",
    "city": "MalyyFontan",
    "url": "https://www.instagram.com/explore/locations/106065588017359/-/"
  },
  {
    "id": "417264432366814",
    "name": "Rem House",
    "city": "MalyyFontan",
    "url": "https://www.instagram.com/explore/locations/417264432366814/rem-house/"
  }
]