[
  {
    "id": "217645842",
    "name": "Kirovohrad",
    "city": "Kropyvnytskyi",
    "url": "https://www.instagram.com/explore/locations/217645842/kirovohrad/"
  },
  {
    "id": "1062188920531944",
    "name": "Kropyvnytskyi",
    "city": "Kropyvnytskyi",
    "url": "https://www.instagram.com/explore/locations/1062188920531944/kropyvnytskyi/"
  },
  {
    "id": "320506671673162",
    "name": "ТРЦ Depo't center Кропивницький",
    "city": "Kropyvnytskyi",
    "url": "https://www.instagram.com/explore/locations/320506671673162/depot-center/"
  },
  {
    "id": "1024061147",
    "name": "Kex Bar",
    "city": "Kropyvnytskyi",
    "url": "https://www.instagram.com/explore/locations/1024061147/kex-bar/"
  },
  {
    "id": "1814956975383037",
    "name": "Ne Speshi Bar",
    "city": "Kropyvnytskyi",
    "url": "https://www.instagram.com/explore/locations/1814956975383037/ne-speshi-bar/"
  },
  {
    "id": "231639360738138",
    "name": "Europe, Ukraine",
    "city": "Kropyvnytskyi",
    "url": "https://www.instagram.com/explore/locations/231639360738138/europe-ukraine/"
  },
  {
    "id": "376271632",
    "name": "Кіровоградська Обласна Філармонія/Kirovograd Regional Philharmonik",
    "city": "Kropyvnytskyi",
    "url": "https://www.instagram.com/explore/locations/376271632/kirovograd-regional-philharmonik/"
  },
  {
    "id": "254902740",
    "name": "Flight Academy Of Ukraine",
    "city": "Kropyvnytskyi",
    "url": "https://www.instagram.com/explore/locations/254902740/flight-academy-of-ukraine/"
  },
  {
    "id": "128886824189197",
    "name": "SHO bar",
    "city": "Kropyvnytskyi",
    "url": "https://www.instagram.com/explore/locations/128886824189197/sho-bar/"
  },
  {
    "id": "278509275",
    "name": "Kirovograd City",
    "city": "Kropyvnytskyi",
    "url": "https://www.instagram.com/explore/locations/278509275/kirovograd-city/"
  },
  {
    "id": "111217446998437",
    "name": "Restoratsiia Kropyvnytskykh",
    "city": "Kropyvnytskyi",
    "url": "https://www.instagram.com/explore/locations/111217446998437/restoratsiia-kropyvnytskykh/"
  },
  {
    "id": "1019791046",
    "name": "Melange",
    "city": "Kropyvnytskyi",
    "url": "https://www.instagram.com/explore/locations/1019791046/melange/"
  },
  {
    "id": "1907125709541643",
    "name": "Drova Restaurant",
    "city": "Kropyvnytskyi",
    "url": "https://www.instagram.com/explore/locations/1907125709541643/drova-restaurant/"
  },
  {
    "id": "235722622",
    "name": "Zirka Stadium",
    "city": "Kropyvnytskyi",
    "url": "https://www.instagram.com/explore/locations/235722622/zirka-stadium/"
  },
  {
    "id": "195592038005136",
    "name": "Кіровоград/Кировоград/Kirovograd",
    "city": "Kropyvnytskyi",
    "url": "https://www.instagram.com/explore/locations/195592038005136/kirovograd/"
  },
  {
    "id": "418830581880731",
    "name": "Familia Garden",
    "city": "Kropyvnytskyi",
    "url": "https://www.instagram.com/explore/locations/418830581880731/familia-garden/"
  },
  {
    "id": "607944899407307",
    "name": "Gogol espresso bar",
    "city": "Kropyvnytskyi",
    "url": "https://www.instagram.com/explore/locations/607944899407307/gogol-espresso-bar/"
  },
  {
    "id": "486366585074748",
    "name": "Kropyvnytskyi, Ukraine",
    "city": "Kropyvnytskyi",
    "url": "https://www.instagram.com/explore/locations/486366585074748/kropyvnytskyi-ukraine/"
  },
  {
    "id": "1031245653",
    "name": "Fan Club",
    "city": "Kropyvnytskyi",
    "url": "https://www.instagram.com/explore/locations/1031245653/fan-club/"
  },
  {
    "id": "1030374473",
    "name": "Prima",
    "city": "Kropyvnytskyi",
    "url": "https://www.instagram.com/explore/locations/1030374473/prima/"
  },
  {
    "id": "162562460963688",
    "name": "Студия Тату-Зависимые",
    "city": "Kropyvnytskyi",
    "url": "https://www.instagram.com/explore/locations/162562460963688/-/"
  },
  {
    "id": "499938977",
    "name": "DVA Coffee",
    "city": "Kropyvnytskyi",
    "url": "https://www.instagram.com/explore/locations/499938977/dva-coffee/"
  },
  {
    "id": "252752115",
    "name": "Fusion Club Kirovograd",
    "city": "Kropyvnytskyi",
    "url": "https://www.instagram.com/explore/locations/252752115/fusion-club-kirovograd/"
  },
  {
    "id": "1028342993",
    "name": "Make-Up Studio Natali Veretenina",
    "city": "Kropyvnytskyi",
    "url": "https://www.instagram.com/explore/locations/1028342993/make-up-studio-natali-veretenina/"
  },
  {
    "id": "137741293323006",
    "name": "Школа-Студия Ногтевого Сервиса Natali & Nails",
    "city": "Kropyvnytskyi",
    "url": "https://www.instagram.com/explore/locations/137741293323006/-natali-nails/"
  },
  {
    "id": "943651888",
    "name": "Fusion Club",
    "city": "Kropyvnytskyi",
    "url": "https://www.instagram.com/explore/locations/943651888/fusion-club/"
  },
  {
    "id": "600567883611229",
    "name": "Bodyboom Studio",
    "city": "Kropyvnytskyi",
    "url": "https://www.instagram.com/explore/locations/600567883611229/bodyboom-studio/"
  },
  {
    "id": "224912098372620",
    "name": "Квітковий магазин Buket",
    "city": "Kropyvnytskyi",
    "url": "https://www.instagram.com/explore/locations/224912098372620/buket/"
  },
  {
    "id": "1019071775",
    "name": "Power Fitness Club",
    "city": "Kropyvnytskyi",
    "url": "https://www.instagram.com/explore/locations/1019071775/power-fitness-club/"
  },
  {
    "id": "652707761798204",
    "name": "Bilcake",
    "city": "Kropyvnytskyi",
    "url": "https://www.instagram.com/explore/locations/652707761798204/bilcake/"
  },
  {
    "id": "783719068691149",
    "name": "Ням -ням.",
    "city": "Kropyvnytskyi",
    "url": "https://www.instagram.com/explore/locations/783719068691149/-/"
  },
  {
    "id": "268378397184826",
    "name": "Студія Live View",
    "city": "Kropyvnytskyi",
    "url": "https://www.instagram.com/explore/locations/268378397184826/live-view/"
  },
  {
    "id": "695780847",
    "name": "GrillPub Bitok",
    "city": "Kropyvnytskyi",
    "url": "https://www.instagram.com/explore/locations/695780847/grillpub-bitok/"
  },
  {
    "id": "563419057182269",
    "name": "Ресторан \"pahlava\"",
    "city": "Kropyvnytskyi",
    "url": "https://www.instagram.com/explore/locations/563419057182269/pahlava/"
  },
  {
    "id": "1834263773551602",
    "name": "Royal Pole Dance Кропивницький - студія танцю на пілоні",
    "city": "Kropyvnytskyi",
    "url": "https://www.instagram.com/explore/locations/1834263773551602/royal-pole-dance-/"
  },
  {
    "id": "961000053922055",
    "name": "Lakmusсалон красоты",
    "city": "Kropyvnytskyi",
    "url": "https://www.instagram.com/explore/locations/961000053922055/lakmus/"
  },
  {
    "id": "891795216",
    "name": "Travel agency \"7HEAVEN\"",
    "city": "Kropyvnytskyi",
    "url": "https://www.instagram.com/explore/locations/891795216/travel-agency-7heaven/"
  },
  {
    "id": "107625445597255",
    "name": "Oh, Kelly",
    "city": "Kropyvnytskyi",
    "url": "https://www.instagram.com/explore/locations/107625445597255/oh-kelly/"
  },
  {
    "id": "402211227237152",
    "name": "Kropivnitskiy Life",
    "city": "Kropyvnytskyi",
    "url": "https://www.instagram.com/explore/locations/402211227237152/kropivnitskiy-life/"
  },
  {
    "id": "961683677333493",
    "name": "Одяг&Аксесуари/Yasya&Marisya",
    "city": "Kropyvnytskyi",
    "url": "https://www.instagram.com/explore/locations/961683677333493/yasyamarisya/"
  },
  {
    "id": "108112454166345",
    "name": "Muse beauty space",
    "city": "Kropyvnytskyi",
    "url": "https://www.instagram.com/explore/locations/108112454166345/muse-beauty-space/"
  },
  {
    "id": "112265817265731",
    "name": "Mechta",
    "city": "Kropyvnytskyi",
    "url": "https://www.instagram.com/explore/locations/112265817265731/mechta/"
  },
  {
    "id": "2271523389795107",
    "name": "Бізнес-центр \"Єлисаветград\"",
    "city": "Kropyvnytskyi",
    "url": "https://www.instagram.com/explore/locations/2271523389795107/-/"
  },
  {
    "id": "1806161203030685",
    "name": "HAIR Studio Soroka\"",
    "city": "Kropyvnytskyi",
    "url": "https://www.instagram.com/explore/locations/1806161203030685/hair-studio-soroka/"
  },
  {
    "id": "373621775",
    "name": "Galateya",
    "city": "Kropyvnytskyi",
    "url": "https://www.instagram.com/explore/locations/373621775/galateya/"
  },
  {
    "id": "1014889656",
    "name": "Пудинг - кондитерская",
    "city": "Kropyvnytskyi",
    "url": "https://www.instagram.com/explore/locations/1014889656/-/"
  },
  {
    "id": "943304268",
    "name": "Shtorm.Net",
    "city": "Kropyvnytskyi",
    "url": "https://www.instagram.com/explore/locations/943304268/shtormnet/"
  },
  {
    "id": "276479012965644",
    "name": "Krop:hub Кропивницький",
    "city": "Kropyvnytskyi",
    "url": "https://www.instagram.com/explore/locations/276479012965644/krophub/"
  },
  {
    "id": "1023119952",
    "name": "Kex bar Кировоград",
    "city": "Kropyvnytskyi",
    "url": "https://www.instagram.com/explore/locations/1023119952/kex-bar/"
  },
  {
    "id": "108636034043408",
    "name": "Kvitkoviy Ray",
    "city": "Kropyvnytskyi",
    "url": "https://www.instagram.com/explore/locations/108636034043408/kvitkoviy-ray/"
  },
  {
    "id": "103071984426402",
    "name": "Lakritsa Beauty Bar",
    "city": "Kropyvnytskyi",
    "url": "https://www.instagram.com/explore/locations/103071984426402/lakritsa-beauty-bar/"
  },
  {
    "id": "1033133406",
    "name": "DNMU-Donetsk National Medical University - Ukraine",
    "city": "Kropyvnytskyi",
    "url": "https://www.instagram.com/explore/locations/1033133406/dnmu-donetsk-national-medical-university-ukraine/"
  },
  {
    "id": "318778892277687",
    "name": "TIMYAM Sushi",
    "city": "Kropyvnytskyi",
    "url": "https://www.instagram.com/explore/locations/318778892277687/timyam-sushi/"
  },
  {
    "id": "1072782246237425",
    "name": "VeAn Tattoo Кропивницкий",
    "city": "Kropyvnytskyi",
    "url": "https://www.instagram.com/explore/locations/1072782246237425/vean-tattoo/"
  },
  {
    "id": "1916043495349124",
    "name": "Dream Room",
    "city": "Kropyvnytskyi",
    "url": "https://www.instagram.com/explore/locations/1916043495349124/dream-room/"
  },
  {
    "id": "1163209990417247",
    "name": "Oblaka",
    "city": "Kropyvnytskyi",
    "url": "https://www.instagram.com/explore/locations/1163209990417247/oblaka/"
  },
  {
    "id": "1440364552667545",
    "name": "Rebro Grill and Bar",
    "city": "Kropyvnytskyi",
    "url": "https://www.instagram.com/explore/locations/1440364552667545/rebro-grill-and-bar/"
  },
  {
    "id": "1910884862475203",
    "name": "Квест-простір «Escape Game»",
    "city": "Kropyvnytskyi",
    "url": "https://www.instagram.com/explore/locations/1910884862475203/-escape-game/"
  },
  {
    "id": "749376635398504",
    "name": "Ангел-хранитель",
    "city": "Kropyvnytskyi",
    "url": "https://www.instagram.com/explore/locations/749376635398504/-/"
  },
  {
    "id": "114556300317869",
    "name": "Podo-center TATS by Tetiana Tsyhulska",
    "city": "Kropyvnytskyi",
    "url": "https://www.instagram.com/explore/locations/114556300317869/podo-center-tats-by-tetiana-tsyhulska/"
  },
  {
    "id": "2237204966549301",
    "name": "Роддом №1",
    "city": "Kropyvnytskyi",
    "url": "https://www.instagram.com/explore/locations/2237204966549301/no1/"
  },
  {
    "id": "877515705782460",
    "name": "Velvet Club",
    "city": "Kropyvnytskyi",
    "url": "https://www.instagram.com/explore/locations/877515705782460/velvet-club/"
  },
  {
    "id": "647127628807942",
    "name": "Кировоградский украинский академический музыкально-драматический театр им. М. Л. Кропивницкого",
    "city": "Kropyvnytskyi",
    "url": "https://www.instagram.com/explore/locations/647127628807942/-/"
  },
  {
    "id": "114598790320002",
    "name": "Lviv croissants. Кропивницький",
    "city": "Kropyvnytskyi",
    "url": "https://www.instagram.com/explore/locations/114598790320002/lviv-croissants/"
  },
  {
    "id": "1022012024",
    "name": "Ресторан \"Sorrentoг. Кировоград",
    "city": "Kropyvnytskyi",
    "url": "https://www.instagram.com/explore/locations/1022012024/sorrento/"
  },
  {
    "id": "548146702",
    "name": "Kal'mir",
    "city": "Kropyvnytskyi",
    "url": "https://www.instagram.com/explore/locations/548146702/kalmir/"
  },
  {
    "id": "1034372269965515",
    "name": "Julie ТЦ Плаза",
    "city": "Kropyvnytskyi",
    "url": "https://www.instagram.com/explore/locations/1034372269965515/julie/"
  },
  {
    "id": "208319393067778",
    "name": "Ресторан \"Sorrento\"",
    "city": "Kropyvnytskyi",
    "url": "https://www.instagram.com/explore/locations/208319393067778/sorrento/"
  },
  {
    "id": "1289774117790449",
    "name": "Granat_restaurant",
    "city": "Kropyvnytskyi",
    "url": "https://www.instagram.com/explore/locations/1289774117790449/granat_restaurant/"
  },
  {
    "id": "540180140",
    "name": "Prada Lounge Bar",
    "city": "Kropyvnytskyi",
    "url": "https://www.instagram.com/explore/locations/540180140/prada-lounge-bar/"
  },
  {
    "id": "180461422092209",
    "name": "Світ квітів DALIA",
    "city": "Kropyvnytskyi",
    "url": "https://www.instagram.com/explore/locations/180461422092209/dalia/"
  },
  {
    "id": "101586064569144",
    "name": "Beauty Studio FACE Control",
    "city": "Kropyvnytskyi",
    "url": "https://www.instagram.com/explore/locations/101586064569144/beauty-studio-face-control/"
  },
  {
    "id": "331315797781709",
    "name": "Panorama.ZVD",
    "city": "Kropyvnytskyi",
    "url": "https://www.instagram.com/explore/locations/331315797781709/panoramazvd/"
  },
  {
    "id": "1030371277",
    "name": "Fight Baza #1",
    "city": "Kropyvnytskyi",
    "url": "https://www.instagram.com/explore/locations/1030371277/fight-baza-1/"
  },
  {
    "id": "262404630960591",
    "name": "Сільпо / Silpo",
    "city": "Kropyvnytskyi",
    "url": "https://www.instagram.com/explore/locations/262404630960591/silpo/"
  },
  {
    "id": "425334794303352",
    "name": "Kirovograd",
    "city": "Kropyvnytskyi",
    "url": "https://www.instagram.com/explore/locations/425334794303352/kirovograd/"
  },
  {
    "id": "107030287332861",
    "name": "Студия “Wow. It’s Me?»",
    "city": "Kropyvnytskyi",
    "url": "https://www.instagram.com/explore/locations/107030287332861/wow-its-me/"
  },
  {
    "id": "405702839927433",
    "name": "Beauty_club_Strekoza",
    "city": "Kropyvnytskyi",
    "url": "https://www.instagram.com/explore/locations/405702839927433/beauty_club_strekoza/"
  },
  {
    "id": "107876987683292",
    "name": "OPIUM CLUB",
    "city": "Kropyvnytskyi",
    "url": "https://www.instagram.com/explore/locations/107876987683292/opium-club/"
  },
  {
    "id": "108964510807385",
    "name": "Стумарі - кафе грузинської кухні, м.Кропивницький",
    "city": "Kropyvnytskyi",
    "url": "https://www.instagram.com/explore/locations/108964510807385/-/"
  },
  {
    "id": "104004478510934",
    "name": "Grilla House PUB",
    "city": "Kropyvnytskyi",
    "url": "https://www.instagram.com/explore/locations/104004478510934/grilla-house-pub/"
  },
  {
    "id": "443630329349495",
    "name": "ТК Travel Day",
    "city": "Kropyvnytskyi",
    "url": "https://www.instagram.com/explore/locations/443630329349495/travel-day/"
  },
  {
    "id": "1869005676662058",
    "name": "Studio Style \"pudra\"",
    "city": "Kropyvnytskyi",
    "url": "https://www.instagram.com/explore/locations/1869005676662058/studio-style-pudra/"
  },
  {
    "id": "1034099870",
    "name": "Sistersbeauty",
    "city": "Kropyvnytskyi",
    "url": "https://www.instagram.com/explore/locations/1034099870/sistersbeauty/"
  },
  {
    "id": "101045244665631",
    "name": "Beauty School Alpika",
    "city": "Kropyvnytskyi",
    "url": "https://www.instagram.com/explore/locations/101045244665631/beauty-school-alpika/"
  },
  {
    "id": "228206812",
    "name": "Primo Violino Кировоград",
    "city": "Kropyvnytskyi",
    "url": "https://www.instagram.com/explore/locations/228206812/primo-violino/"
  },
  {
    "id": "1029941699",
    "name": "Olga Travel Туристичне агентство",
    "city": "Kropyvnytskyi",
    "url": "https://www.instagram.com/explore/locations/1029941699/olga-travel/"
  },
  {
    "id": "2044275718951265",
    "name": "11 школа",
    "city": "Kropyvnytskyi",
    "url": "https://www.instagram.com/explore/locations/2044275718951265/11/"
  },
  {
    "id": "240769502",
    "name": "Mokko",
    "city": "Kropyvnytskyi",
    "url": "https://www.instagram.com/explore/locations/240769502/mokko/"
  },
  {
    "id": "636225083239136",
    "name": "Malina beauty club",
    "city": "Kropyvnytskyi",
    "url": "https://www.instagram.com/explore/locations/636225083239136/malina-beauty-club/"
  },
  {
    "id": "314055182",
    "name": "Zirka Fitness Club",
    "city": "Kropyvnytskyi",
    "url": "https://www.instagram.com/explore/locations/314055182/zirka-fitness-club/"
  },
  {
    "id": "101453918618150",
    "name": "Mir2.0.",
    "city": "Kropyvnytskyi",
    "url": "https://www.instagram.com/explore/locations/101453918618150/mir20/"
  },
  {
    "id": "306822159765706",
    "name": "Join Up Кропивницкий",
    "city": "Kropyvnytskyi",
    "url": "https://www.instagram.com/explore/locations/306822159765706/join-up/"
  },
  {
    "id": "1164097536982327",
    "name": "Село Стебне, Звенигородський ра-н, Черкаська обл.",
    "city": "Kropyvnytskyi",
    "url": "https://www.instagram.com/explore/locations/1164097536982327/-/"
  },
  {
    "id": "1439662556256476",
    "name": "Економіко-технологічний інститут імені Роберта Ельворті",
    "city": "Kropyvnytskyi",
    "url": "https://www.instagram.com/explore/locations/1439662556256476/-/"
  },
  {
    "id": "937883210",
    "name": "Veterinarian Clinic \"Dr.VET\"",
    "city": "Kropyvnytskyi",
    "url": "https://www.instagram.com/explore/locations/937883210/veterinarian-clinic-drvet/"
  },
  {
    "id": "198906457555140",
    "name": "24 Вокзальная",
    "city": "Kropyvnytskyi",
    "url": "https://www.instagram.com/explore/locations/198906457555140/24/"
  },
  {
    "id": "266632107088713",
    "name": "Make up studio by Kseniya Shulga",
    "city": "Kropyvnytskyi",
    "url": "https://www.instagram.com/explore/locations/266632107088713/make-up-studio-by-kseniya-shulga/"
  },
  {
    "id": "103551778333664",
    "name": "Гончаренко Центр Кропивницький. education and culture",
    "city": "Kropyvnytskyi",
    "url": "https://www.instagram.com/explore/locations/103551778333664/education-and-culture/"
  },
  {
    "id": "739624026369617",
    "name": "Apart_UA",
    "city": "Kropyvnytskyi",
    "url": "https://www.instagram.com/explore/locations/739624026369617/apart_ua/"
  },
  {
    "id": "107106128085183",
    "name": "Атмосфера МИР2.0.",
    "city": "Kropyvnytskyi",
    "url": "https://www.instagram.com/explore/locations/107106128085183/20/"
  },
  {
    "id": "818350681601784",
    "name": "Renault Кропивницький",
    "city": "Kropyvnytskyi",
    "url": "https://www.instagram.com/explore/locations/818350681601784/renault/"
  },
  {
    "id": "1732380377036072",
    "name": "Beauty шоп kosmetic-shop.com.ua",
    "city": "Kropyvnytskyi",
    "url": "https://www.instagram.com/explore/locations/1732380377036072/beauty-kosmetic-shopcomua/"
  },
  {
    "id": "347348485",
    "name": "Kirovograd",
    "city": "Kropyvnytskyi",
    "url": "https://www.instagram.com/explore/locations/347348485/kirovograd/"
  },
  {
    "id": "800884750010446",
    "name": "Официальное представительство торговой марки J'erelia",
    "city": "Kropyvnytskyi",
    "url": "https://www.instagram.com/explore/locations/800884750010446/jerelia/"
  },
  {
    "id": "100802154640437",
    "name": "whitesmoke.ua",
    "city": "Kropyvnytskyi",
    "url": "https://www.instagram.com/explore/locations/100802154640437/whitesmokeua/"
  },
  {
    "id": "2446158825400415",
    "name": "Viva",
    "city": "Kropyvnytskyi",
    "url": "https://www.instagram.com/explore/locations/2446158825400415/viva/"
  },
  {
    "id": "1003215307",
    "name": "Кафе-пицерія Старе місто \"",
    "city": "Kropyvnytskyi",
    "url": "https://www.instagram.com/explore/locations/1003215307/-/"
  },
  {
    "id": "112199294826462",
    "name": "SEVEN PUB",
    "city": "Kropyvnytskyi",
    "url": "https://www.instagram.com/explore/locations/112199294826462/seven-pub/"
  },
  {
    "id": "1781136825455347",
    "name": "Студия красоты Instyle\"",
    "city": "Kropyvnytskyi",
    "url": "https://www.instagram.com/explore/locations/1781136825455347/instyle/"
  },
  {
    "id": "1031692443628648",
    "name": "Study In Europe - The Right Turn",
    "city": "Kropyvnytskyi",
    "url": "https://www.instagram.com/explore/locations/1031692443628648/study-in-europe-the-right-turn/"
  },
  {
    "id": "705438530",
    "name": "Ukraine.kirovohrad",
    "city": "Kropyvnytskyi",
    "url": "https://www.instagram.com/explore/locations/705438530/ukrainekirovohrad/"
  },
  {
    "id": "173894319695570",
    "name": "ProTrack Туристичне спорядження",
    "city": "Kropyvnytskyi",
    "url": "https://www.instagram.com/explore/locations/173894319695570/protrack/"
  },
  {
    "id": "1551081468282291",
    "name": "Студія святкового декору ZEFIR",
    "city": "Kropyvnytskyi",
    "url": "https://www.instagram.com/explore/locations/1551081468282291/zefir/"
  },
  {
    "id": "209389272727461",
    "name": "Teakava",
    "city": "Kropyvnytskyi",
    "url": "https://www.instagram.com/explore/locations/209389272727461/teakava/"
  },
  {
    "id": "1033771836",
    "name": "One's LV",
    "city": "Kropyvnytskyi",
    "url": "https://www.instagram.com/explore/locations/1033771836/ones-lv/"
  },
  {
    "id": "1034571845",
    "name": "Барбершоп PizhoN.99",
    "city": "Kropyvnytskyi",
    "url": "https://www.instagram.com/explore/locations/1034571845/pizhon99/"
  },
  {
    "id": "364478173989493",
    "name": "NE Speshi",
    "city": "Kropyvnytskyi",
    "url": "https://www.instagram.com/explore/locations/364478173989493/ne-speshi/"
  },
  {
    "id": "199068209963184",
    "name": "My.MIA.ua",
    "city": "Kropyvnytskyi",
    "url": "https://www.instagram.com/explore/locations/199068209963184/mymiaua/"
  },
  {
    "id": "256656268157348",
    "name": "Кировоград, Улица Большая Перспективная 38/33",
    "city": "Kropyvnytskyi",
    "url": "https://www.instagram.com/explore/locations/256656268157348/3833/"
  },
  {
    "id": "145953822693387",
    "name": "FPVHorizonWroclaw",
    "city": "Kropyvnytskyi",
    "url": "https://www.instagram.com/explore/locations/145953822693387/fpvhorizonwroclaw/"
  },
  {
    "id": "1838902066369165",
    "name": "Irina Shvydkaya's Lash&Beauty Studio",
    "city": "Kropyvnytskyi",
    "url": "https://www.instagram.com/explore/locations/1838902066369165/irina-shvydkayas-lashbeauty-studio/"
  },
  {
    "id": "951820131680102",
    "name": "Школа № 25",
    "city": "Kropyvnytskyi",
    "url": "https://www.instagram.com/explore/locations/951820131680102/no-25/"
  },
  {
    "id": "104052044978875",
    "name": "Fermento pizza",
    "city": "Kropyvnytskyi",
    "url": "https://www.instagram.com/explore/locations/104052044978875/fermento-pizza/"
  },
  {
    "id": "1936301969738967",
    "name": "Детская поликлиника 1",
    "city": "Kropyvnytskyi",
    "url": "https://www.instagram.com/explore/locations/1936301969738967/1/"
  },
  {
    "id": "1601679223491158",
    "name": "Make-Up School Beaubs",
    "city": "Kropyvnytskyi",
    "url": "https://www.instagram.com/explore/locations/1601679223491158/make-up-school-beaubs/"
  },
  {
    "id": "142820846168589",
    "name": "ELVORTI",
    "city": "Kropyvnytskyi",
    "url": "https://www.instagram.com/explore/locations/142820846168589/elvorti/"
  },
  {
    "id": "18083505",
    "name": "Rasputin Club",
    "city": "Kropyvnytskyi",
    "url": "https://www.instagram.com/explore/locations/18083505/rasputin-club/"
  },
  {
    "id": "2115707152035093",
    "name": "Гриль-паб \"Гарячі перці\"",
    "city": "Kropyvnytskyi",
    "url": "https://www.instagram.com/explore/locations/2115707152035093/-/"
  },
  {
    "id": "835523796595337",
    "name": "Електро-Актив",
    "city": "Kropyvnytskyi",
    "url": "https://www.instagram.com/explore/locations/835523796595337/-/"
  },
  {
    "id": "100273065193421",
    "name": "Пашутинская 34",
    "city": "Kropyvnytskyi",
    "url": "https://www.instagram.com/explore/locations/100273065193421/34/"
  },
  {
    "id": "1027812585",
    "name": "Куба Luxe",
    "city": "Kropyvnytskyi",
    "url": "https://www.instagram.com/explore/locations/1027812585/luxe/"
  },
  {
    "id": "228487375",
    "name": "Mix",
    "city": "Kropyvnytskyi",
    "url": "https://www.instagram.com/explore/locations/228487375/mix/"
  },
  {
    "id": "116077816428074",
    "name": "Fitness Studio Samurai",
    "city": "Kropyvnytskyi",
    "url": "https://www.instagram.com/explore/locations/116077816428074/fitness-studio-samurai/"
  },
  {
    "id": "1005497842",
    "name": "TomoClinic",
    "city": "Kropyvnytskyi",
    "url": "https://www.instagram.com/explore/locations/1005497842/tomoclinic/"
  },
  {
    "id": "160558728025617",
    "name": "VIDEM",
    "city": "Kropyvnytskyi",
    "url": "https://www.instagram.com/explore/locations/160558728025617/videm/"
  },
  {
    "id": "192618131544075",
    "name": "Цветочный Уголок ,,bouquet’’",
    "city": "Kropyvnytskyi",
    "url": "https://www.instagram.com/explore/locations/192618131544075/bouquet/"
  },
  {
    "id": "866102223493755",
    "name": "VIPpersonaclub.com.ua",
    "city": "Kropyvnytskyi",
    "url": "https://www.instagram.com/explore/locations/866102223493755/vippersonaclubcomua/"
  },
  {
    "id": "100172648146150",
    "name": "Кропивницкий Ул.гоголя 84/61 Relaxtour",
    "city": "Kropyvnytskyi",
    "url": "https://www.instagram.com/explore/locations/100172648146150/8461-relaxtour/"
  },
  {
    "id": "104630442338764",
    "name": "Somewhere Far Away",
    "city": "Kropyvnytskyi",
    "url": "https://www.instagram.com/explore/locations/104630442338764/somewhere-far-away/"
  },
  {
    "id": "1840974139485984",
    "name": "ESTEL Kropyvnytskyi Studio",
    "city": "Kropyvnytskyi",
    "url": "https://www.instagram.com/explore/locations/1840974139485984/estel-kropyvnytskyi-studio/"
  },
  {
    "id": "1274400375904690",
    "name": "Fusion Club",
    "city": "Kropyvnytskyi",
    "url": "https://www.instagram.com/explore/locations/1274400375904690/fusion-club/"
  },
  {
    "id": "938626032962090",
    "name": "Fightbaza",
    "city": "Kropyvnytskyi",
    "url": "https://www.instagram.com/explore/locations/938626032962090/fightbaza/"
  },
  {
    "id": "1025903948",
    "name": "Кеx",
    "city": "Kropyvnytskyi",
    "url": "https://www.instagram.com/explore/locations/1025903948/x/"
  },
  {
    "id": "180792559121895",
    "name": "Wine & Tapas",
    "city": "Kropyvnytskyi",
    "url": "https://www.instagram.com/explore/locations/180792559121895/wine-tapas/"
  },
  {
    "id": "549500282120641",
    "name": "NISSAN Кропивницький",
    "city": "Kropyvnytskyi",
    "url": "https://www.instagram.com/explore/locations/549500282120641/nissan/"
  },
  {
    "id": "236448260185171",
    "name": "Berrymor Pub",
    "city": "Kropyvnytskyi",
    "url": "https://www.instagram.com/explore/locations/236448260185171/berrymor-pub/"
  },
  {
    "id": "104995971548473",
    "name": "Fermento",
    "city": "Kropyvnytskyi",
    "url": "https://www.instagram.com/explore/locations/104995971548473/fermento/"
  },
  {
    "id": "105242934175482",
    "name": "Beauty School Alpika shop",
    "city": "Kropyvnytskyi",
    "url": "https://www.instagram.com/explore/locations/105242934175482/beauty-school-alpika-shop/"
  },
  {
    "id": "201587443549366",
    "name": "School #25",
    "city": "Kropyvnytskyi",
    "url": "https://www.instagram.com/explore/locations/201587443549366/school-25/"
  },
  {
    "id": "54739277",
    "name": "Mix Chocolate Sushi",
    "city": "Kropyvnytskyi",
    "url": "https://www.instagram.com/explore/locations/54739277/mix-chocolate-sushi/"
  },
  {
    "id": "101078761908284",
    "name": "Beauty Point by Dasha Samoilenko",
    "city": "Kropyvnytskyi",
    "url": "https://www.instagram.com/explore/locations/101078761908284/beauty-point-by-dasha-samoilenko/"
  },
  {
    "id": "398517290909864",
    "name": "Shop SZ «Світ Зброї»",
    "city": "Kropyvnytskyi",
    "url": "https://www.instagram.com/explore/locations/398517290909864/shop-sz/"
  },
  {
    "id": "190492240809111",
    "name": "Koval Coffee",
    "city": "Kropyvnytskyi",
    "url": "https://www.instagram.com/explore/locations/190492240809111/koval-coffee/"
  },
  {
    "id": "1873519469617380",
    "name": "alpika.com.ua",
    "city": "Kropyvnytskyi",
    "url": "https://www.instagram.com/explore/locations/1873519469617380/alpikacomua/"
  },
  {
    "id": "655448314893533",
    "name": "Туристична агенція Relax Tour",
    "city": "Kropyvnytskyi",
    "url": "https://www.instagram.com/explore/locations/655448314893533/relax-tour/"
  },
  {
    "id": "158599371448678",
    "name": "Reef tour",
    "city": "Kropyvnytskyi",
    "url": "https://www.instagram.com/explore/locations/158599371448678/reef-tour/"
  },
  {
    "id": "222959717557454",
    "name": "Urban.style.ua",
    "city": "Kropyvnytskyi",
    "url": "https://www.instagram.com/explore/locations/222959717557454/urbanstyleua/"
  },
  {
    "id": "1202616339876398",
    "name": "Шоурум Shade of Pioni",
    "city": "Kropyvnytskyi",
    "url": "https://www.instagram.com/explore/locations/1202616339876398/shade-of-pioni/"
  },
  {
    "id": "1771046653110273",
    "name": "Albion, Курсы английского языка",
    "city": "Kropyvnytskyi",
    "url": "https://www.instagram.com/explore/locations/1771046653110273/albion/"
  },
  {
    "id": "204342883508992",
    "name": "Grillpub_kr",
    "city": "Kropyvnytskyi",
    "url": "https://www.instagram.com/explore/locations/204342883508992/grillpub_kr/"
  },
  {
    "id": "315142145956757",
    "name": "VIO_Dent",
    "city": "Kropyvnytskyi",
    "url": "https://www.instagram.com/explore/locations/315142145956757/vio_dent/"
  },
  {
    "id": "137180090301902",
    "name": "Кальянная Level Up",
    "city": "Kropyvnytskyi",
    "url": "https://www.instagram.com/explore/locations/137180090301902/level-up/"
  },
  {
    "id": "111260113601120",
    "name": "Пивоварня 0,5",
    "city": "Kropyvnytskyi",
    "url": "https://www.instagram.com/explore/locations/111260113601120/05/"
  },
  {
    "id": "708587996236918",
    "name": "Лицей №18",
    "city": "Kropyvnytskyi",
    "url": "https://www.instagram.com/explore/locations/708587996236918/no18/"
  },
  {
    "id": "910220079111204",
    "name": "Донецький національний медичний університет - м.Кропивницький",
    "city": "Kropyvnytskyi",
    "url": "https://www.instagram.com/explore/locations/910220079111204/-/"
  },
  {
    "id": "189754031873172",
    "name": "Samurai Martial Art Club",
    "city": "Kropyvnytskyi",
    "url": "https://www.instagram.com/explore/locations/189754031873172/samurai-martial-art-club/"
  },
  {
    "id": "346052003",
    "name": "Львiвська Майстерня Шоколаду",
    "city": "Kropyvnytskyi",
    "url": "https://www.instagram.com/explore/locations/346052003/i/"
  },
  {
    "id": "104625288338756",
    "name": "G.Bar Кропивницький",
    "city": "Kropyvnytskyi",
    "url": "https://www.instagram.com/explore/locations/104625288338756/gbar/"
  },
  {
    "id": "251557851",
    "name": "Velvet",
    "city": "Kropyvnytskyi",
    "url": "https://www.instagram.com/explore/locations/251557851/velvet/"
  },
  {
    "id": "103228502194898",
    "name": "IZI Hookah Bar krop",
    "city": "Kropyvnytskyi",
    "url": "https://www.instagram.com/explore/locations/103228502194898/izi-hookah-bar-krop/"
  },
  {
    "id": "114815313757984",
    "name": "Scandal Dance Studio",
    "city": "Kropyvnytskyi",
    "url": "https://www.instagram.com/explore/locations/114815313757984/scandal-dance-studio/"
  },
  {
    "id": "2010937675584667",
    "name": "Apple Fixit",
    "city": "Kropyvnytskyi",
    "url": "https://www.instagram.com/explore/locations/2010937675584667/apple-fixit/"
  },
  {
    "id": "959683524",
    "name": "Суши-бар \"Васаби\"",
    "city": "Kropyvnytskyi",
    "url": "https://www.instagram.com/explore/locations/959683524/-/"
  },
  {
    "id": "587812510",
    "name": "Atletiko",
    "city": "Kropyvnytskyi",
    "url": "https://www.instagram.com/explore/locations/587812510/atletiko/"
  },
  {
    "id": "365956953975105",
    "name": "SevenPizza",
    "city": "Kropyvnytskyi",
    "url": "https://www.instagram.com/explore/locations/365956953975105/sevenpizza/"
  },
  {
    "id": "324595557877874",
    "name": "Творческая студия \"Zlatina\"",
    "city": "Kropyvnytskyi",
    "url": "https://www.instagram.com/explore/locations/324595557877874/zlatina/"
  },
  {
    "id": "139234160036744",
    "name": "Kal'mir",
    "city": "Kropyvnytskyi",
    "url": "https://www.instagram.com/explore/locations/139234160036744/kalmir/"
  },
  {
    "id": "210599016221293",
    "name": "Кропивницкий, Ул. Черновола 44/53",
    "city": "Kropyvnytskyi",
    "url": "https://www.instagram.com/explore/locations/210599016221293/4453/"
  },
  {
    "id": "145238652622165",
    "name": "Vape Enot",
    "city": "Kropyvnytskyi",
    "url": "https://www.instagram.com/explore/locations/145238652622165/vape-enot/"
  },
  {
    "id": "213618470",
    "name": "Природничо-географічний факультет КДПУ імені Володимира Винниченка",
    "city": "Kropyvnytskyi",
    "url": "https://www.instagram.com/explore/locations/213618470/-/"
  },
  {
    "id": "103927647886738",
    "name": "The Dark Side",
    "city": "Kropyvnytskyi",
    "url": "https://www.instagram.com/explore/locations/103927647886738/the-dark-side/"
  },
  {
    "id": "103046201161857",
    "name": "Lviv Croissants",
    "city": "Kropyvnytskyi",
    "url": "https://www.instagram.com/explore/locations/103046201161857/lviv-croissants/"
  },
  {
    "id": "1646377172339966",
    "name": "Education nail Studio Natali Bank",
    "city": "Kropyvnytskyi",
    "url": "https://www.instagram.com/explore/locations/1646377172339966/education-nail-studio-natali-bank/"
  },
  {
    "id": "2450042145035708",
    "name": "Imaginarium.cakes",
    "city": "Kropyvnytskyi",
    "url": "https://www.instagram.com/explore/locations/2450042145035708/imaginariumcakes/"
  },
  {
    "id": "262690560",
    "name": "Кировоград, Улица Пашутинская 36",
    "city": "Kropyvnytskyi",
    "url": "https://www.instagram.com/explore/locations/262690560/36/"
  },
  {
    "id": "276830016382212",
    "name": "Muzeй бар",
    "city": "Kropyvnytskyi",
    "url": "https://www.instagram.com/explore/locations/276830016382212/muze/"
  },
  {
    "id": "526330144375306",
    "name": "Бізнес-школа \"WAKE UP\"",
    "city": "Kropyvnytskyi",
    "url": "https://www.instagram.com/explore/locations/526330144375306/-wake-up/"
  },
  {
    "id": "15092091",
    "name": "Fusion Club",
    "city": "Kropyvnytskyi",
    "url": "https://www.instagram.com/explore/locations/15092091/fusion-club/"
  },
  {
    "id": "312885055934623",
    "name": "«Комплексна ДЮСШ - 4» м. Кропивницький",
    "city": "Kropyvnytskyi",
    "url": "https://www.instagram.com/explore/locations/312885055934623/-4/"
  },
  {
    "id": "100555972749050",
    "name": "Dobro Pozhalovat Кропивницький",
    "city": "Kropyvnytskyi",
    "url": "https://www.instagram.com/explore/locations/100555972749050/dobro-pozhalovat/"
  },
  {
    "id": "1921761531372462",
    "name": "Dandy Dog - грумінг салон - Кропивницький",
    "city": "Kropyvnytskyi",
    "url": "https://www.instagram.com/explore/locations/1921761531372462/dandy-dog-/"
  },
  {
    "id": "110257233685448",
    "name": "Shram Make-Up Studio",
    "city": "Kropyvnytskyi",
    "url": "https://www.instagram.com/explore/locations/110257233685448/shram-make-up-studio/"
  },
  {
    "id": "890048177831705",
    "name": "Тренажерний зал \"Garry - Fit\"",
    "city": "Kropyvnytskyi",
    "url": "https://www.instagram.com/explore/locations/890048177831705/garry-fit/"
  },
  {
    "id": "322736795",
    "name": "Роддом #1",
    "city": "Kropyvnytskyi",
    "url": "https://www.instagram.com/explore/locations/322736795/1/"
  },
  {
    "id": "102850337982549",
    "name": "BusyB",
    "city": "Kropyvnytskyi",
    "url": "https://www.instagram.com/explore/locations/102850337982549/busyb/"
  },
  {
    "id": "231866283901768",
    "name": "BarberShop Кировоград",
    "city": "Kropyvnytskyi",
    "url": "https://www.instagram.com/explore/locations/231866283901768/barbershop/"
  },
  {
    "id": "2150906778500358",
    "name": "Join UP Кропивницкий",
    "city": "Kropyvnytskyi",
    "url": "https://www.instagram.com/explore/locations/2150906778500358/join-up/"
  },
  {
    "id": "1042127185867881",
    "name": "Zirka",
    "city": "Kropyvnytskyi",
    "url": "https://www.instagram.com/explore/locations/1042127185867881/zirka/"
  },
  {
    "id": "478781998643078",
    "name": "Lakolachekrop",
    "city": "Kropyvnytskyi",
    "url": "https://www.instagram.com/explore/locations/478781998643078/lakolachekrop/"
  },
  {
    "id": "350846482157112",
    "name": "Barber Pole",
    "city": "Kropyvnytskyi",
    "url": "https://www.instagram.com/explore/locations/350846482157112/barber-pole/"
  },
  {
    "id": "1970707153223041",
    "name": "Batterfly beauty salon",
    "city": "Kropyvnytskyi",
    "url": "https://www.instagram.com/explore/locations/1970707153223041/batterfly-beauty-salon/"
  },
  {
    "id": "1438511989534641",
    "name": "Travel Agency SkyFull",
    "city": "Kropyvnytskyi",
    "url": "https://www.instagram.com/explore/locations/1438511989534641/travel-agency-skyfull/"
  },
  {
    "id": "292717601084939",
    "name": "СОВА арт-простір",
    "city": "Kropyvnytskyi",
    "url": "https://www.instagram.com/explore/locations/292717601084939/-/"
  },
  {
    "id": "111266437204572",
    "name": "FryWay смажимо до ночі",
    "city": "Kropyvnytskyi",
    "url": "https://www.instagram.com/explore/locations/111266437204572/fryway/"
  },
  {
    "id": "1962475734049869",
    "name": "Umbrella",
    "city": "Kropyvnytskyi",
    "url": "https://www.instagram.com/explore/locations/1962475734049869/umbrella/"
  },
  {
    "id": "101471434544347",
    "name": "BestDetali",
    "city": "Kropyvnytskyi",
    "url": "https://www.instagram.com/explore/locations/101471434544347/bestdetali/"
  },
  {
    "id": "725749407766739",
    "name": "Flora De Luxe",
    "city": "Kropyvnytskyi",
    "url": "https://www.instagram.com/explore/locations/725749407766739/flora-de-luxe/"
  },
  {
    "id": "1011510011",
    "name": "Scorini Кировоград",
    "city": "Kropyvnytskyi",
    "url": "https://www.instagram.com/explore/locations/1011510011/scorini/"
  },
  {
    "id": "1020886016",
    "name": "Сaffeine",
    "city": "Kropyvnytskyi",
    "url": "https://www.instagram.com/explore/locations/1020886016/affeine/"
  },
  {
    "id": "1594296207326970",
    "name": "Asol Shoes",
    "city": "Kropyvnytskyi",
    "url": "https://www.instagram.com/explore/locations/1594296207326970/asol-shoes/"
  },
  {
    "id": "1846365875652829",
    "name": "Наша шафа - Сервис по аренде платьев",
    "city": "Kropyvnytskyi",
    "url": "https://www.instagram.com/explore/locations/1846365875652829/-/"
  },
  {
    "id": "511596555862237",
    "name": "Федоровка, Кропивницький р-н",
    "city": "Kropyvnytskyi",
    "url": "https://www.instagram.com/explore/locations/511596555862237/-/"
  },
  {
    "id": "715958628781909",
    "name": "Beauty Studio Fox Art",
    "city": "Kropyvnytskyi",
    "url": "https://www.instagram.com/explore/locations/715958628781909/beauty-studio-fox-art/"
  },
  {
    "id": "1141948135894496",
    "name": "Studio Epil&beauty",
    "city": "Kropyvnytskyi",
    "url": "https://www.instagram.com/explore/locations/1141948135894496/studio-epilbeauty/"
  },
  {
    "id": "112205717264694",
    "name": "Rassol Gastropub",
    "city": "Kropyvnytskyi",
    "url": "https://www.instagram.com/explore/locations/112205717264694/rassol-gastropub/"
  },
  {
    "id": "719286429",
    "name": "Kirovograd Ukraina",
    "city": "Kropyvnytskyi",
    "url": "https://www.instagram.com/explore/locations/719286429/kirovograd-ukraina/"
  },
  {
    "id": "252040794",
    "name": "Гимназия, Школа N5",
    "city": "Kropyvnytskyi",
    "url": "https://www.instagram.com/explore/locations/252040794/n5/"
  },
  {
    "id": "1900133290283344",
    "name": "Школа №4",
    "city": "Kropyvnytskyi",
    "url": "https://www.instagram.com/explore/locations/1900133290283344/no4/"
  },
  {
    "id": "2095679477150781",
    "name": "Бізнес-центр Ельворті",
    "city": "Kropyvnytskyi",
    "url": "https://www.instagram.com/explore/locations/2095679477150781/-/"
  },
  {
    "id": "2163860963869476",
    "name": "English-school-kids",
    "city": "Kropyvnytskyi",
    "url": "https://www.instagram.com/explore/locations/2163860963869476/english-school-kids/"
  },
  {
    "id": "182838232126944",
    "name": "Hanna Lisovenko / snooker coach",
    "city": "Kropyvnytskyi",
    "url": "https://www.instagram.com/explore/locations/182838232126944/hanna-lisovenko-snooker-coach/"
  },
  {
    "id": "981234757",
    "name": "Школа No. 6",
    "city": "Kropyvnytskyi",
    "url": "https://www.instagram.com/explore/locations/981234757/no-6/"
  },
  {
    "id": "491001488094563",
    "name": "Kirovograd",
    "city": "Kropyvnytskyi",
    "url": "https://www.instagram.com/explore/locations/491001488094563/kirovograd/"
  },
  {
    "id": "1833158606801080",
    "name": "Granat",
    "city": "Kropyvnytskyi",
    "url": "https://www.instagram.com/explore/locations/1833158606801080/granat/"
  },
  {
    "id": "183706373",
    "name": "200x300 Studio",
    "city": "Kropyvnytskyi",
    "url": "https://www.instagram.com/explore/locations/183706373/200x300-studio/"
  },
  {
    "id": "1441089425921902",
    "name": "Lilium Dance Studio",
    "city": "Kropyvnytskyi",
    "url": "https://www.instagram.com/explore/locations/1441089425921902/lilium-dance-studio/"
  },
  {
    "id": "112294956875453",
    "name": "Elite Beauty",
    "city": "Kropyvnytskyi",
    "url": "https://www.instagram.com/explore/locations/112294956875453/elite-beauty/"
  },
  {
    "id": "109058307294777",
    "name": "Tatamoon",
    "city": "Kropyvnytskyi",
    "url": "https://www.instagram.com/explore/locations/109058307294777/tatamoon/"
  },
  {
    "id": "253029984",
    "name": "Kropyvnytskyi Volunteer Community",
    "city": "Kropyvnytskyi",
    "url": "https://www.instagram.com/explore/locations/253029984/kropyvnytskyi-volunteer-community/"
  },
  {
    "id": "1359994750717829",
    "name": "Beaubs",
    "city": "Kropyvnytskyi",
    "url": "https://www.instagram.com/explore/locations/1359994750717829/beaubs/"
  },
  {
    "id": "445448055844564",
    "name": "Международная Школа Инновационного обучения Rainbow в Кропивницком",
    "city": "Kropyvnytskyi",
    "url": "https://www.instagram.com/explore/locations/445448055844564/rainbow/"
  },
  {
    "id": "107845297406966",
    "name": "Ira Malyar_studio Massage & Aesthetics",
    "city": "Kropyvnytskyi",
    "url": "https://www.instagram.com/explore/locations/107845297406966/ira-malyar_studio-massage-aesthetics/"
  },
  {
    "id": "195975241292181",
    "name": "Mida",
    "city": "Kropyvnytskyi",
    "url": "https://www.instagram.com/explore/locations/195975241292181/mida/"
  },
  {
    "id": "174858550067871",
    "name": "Гагарина 25",
    "city": "Kropyvnytskyi",
    "url": "https://www.instagram.com/explore/locations/174858550067871/25/"
  },
  {
    "id": "452707785150655",
    "name": "НВО №6",
    "city": "Kropyvnytskyi",
    "url": "https://www.instagram.com/explore/locations/452707785150655/no6/"
  },
  {
    "id": "1423021801166867",
    "name": "Limitless.krop",
    "city": "Kropyvnytskyi",
    "url": "https://www.instagram.com/explore/locations/1423021801166867/limitlesskrop/"
  },
  {
    "id": "106597074575728",
    "name": "Aromamania",
    "city": "Kropyvnytskyi",
    "url": "https://www.instagram.com/explore/locations/106597074575728/aromamania/"
  },
  {
    "id": "2163653697295150",
    "name": "Fight Baza",
    "city": "Kropyvnytskyi",
    "url": "https://www.instagram.com/explore/locations/2163653697295150/fight-baza/"
  },
  {
    "id": "209433936259649",
    "name": "Artshop Magenta",
    "city": "Kropyvnytskyi",
    "url": "https://www.instagram.com/explore/locations/209433936259649/artshop-magenta/"
  },
  {
    "id": "1073832926057633",
    "name": "Studio Massage and Aesthetics",
    "city": "Kropyvnytskyi",
    "url": "https://www.instagram.com/explore/locations/1073832926057633/studio-massage-and-aesthetics/"
  },
  {
    "id": "122229464308453",
    "name": "Veranda Eats&Drinks",
    "city": "Kropyvnytskyi",
    "url": "https://www.instagram.com/explore/locations/122229464308453/veranda-eatsdrinks/"
  },
  {
    "id": "101918122128006",
    "name": "Алкомаркет Vересень",
    "city": "Kropyvnytskyi",
    "url": "https://www.instagram.com/explore/locations/101918122128006/v/"
  },
  {
    "id": "110835471141927",
    "name": "VOSTORG_салон красоты",
    "city": "Kropyvnytskyi",
    "url": "https://www.instagram.com/explore/locations/110835471141927/vostorg_/"
  },
  {
    "id": "108959644012786",
    "name": "Ksamil Travel",
    "city": "Kropyvnytskyi",
    "url": "https://www.instagram.com/explore/locations/108959644012786/ksamil-travel/"
  },
  {
    "id": "1219946441465062",
    "name": "SmileStudio - Косметичне відбілювання зубів",
    "city": "Kropyvnytskyi",
    "url": "https://www.instagram.com/explore/locations/1219946441465062/smilestudio-/"
  },
  {
    "id": "1894397244112439",
    "name": "Школа №20 Кировоград",
    "city": "Kropyvnytskyi",
    "url": "https://www.instagram.com/explore/locations/1894397244112439/no20/"
  },
  {
    "id": "315630545774400",
    "name": "Fusion",
    "city": "Kropyvnytskyi",
    "url": "https://www.instagram.com/explore/locations/315630545774400/fusion/"
  },
  {
    "id": "826312611092518",
    "name": "Студия Маникюра Nail Service",
    "city": "Kropyvnytskyi",
    "url": "https://www.instagram.com/explore/locations/826312611092518/nail-service/"
  },
  {
    "id": "362054470959476",
    "name": "Квітковий куточок «Bouquet»",
    "city": "Kropyvnytskyi",
    "url": "https://www.instagram.com/explore/locations/362054470959476/bouquet/"
  },
  {
    "id": "1304693119636314",
    "name": "Торговая Площадка «white Smoke»",
    "city": "Kropyvnytskyi",
    "url": "https://www.instagram.com/explore/locations/1304693119636314/white-smoke/"
  },
  {
    "id": "101033337413212",
    "name": "Kropivnickiy",
    "city": "Kropyvnytskyi",
    "url": "https://www.instagram.com/explore/locations/101033337413212/kropivnickiy/"
  },
  {
    "id": "1874548519252320",
    "name": "Volkova nail art Studio ТЦ Плаза, 2й эт",
    "city": "Kropyvnytskyi",
    "url": "https://www.instagram.com/explore/locations/1874548519252320/volkova-nail-art-studio-2/"
  },
  {
    "id": "1114057798633278",
    "name": "Інтернет-магазин \"Aviapoint\"",
    "city": "Kropyvnytskyi",
    "url": "https://www.instagram.com/explore/locations/1114057798633278/-aviapoint/"
  },
  {
    "id": "214511715",
    "name": "Hotel Zirka",
    "city": "Kropyvnytskyi",
    "url": "https://www.instagram.com/explore/locations/214511715/hotel-zirka/"
  },
  {
    "id": "666851807078418",
    "name": "Energy",
    "city": "Kropyvnytskyi",
    "url": "https://www.instagram.com/explore/locations/666851807078418/energy/"
  },
  {
    "id": "1031436675",
    "name": "NAIL ROOM Школа-студия ногтевого сервиса",
    "city": "Kropyvnytskyi",
    "url": "https://www.instagram.com/explore/locations/1031436675/nail-room-/"
  },
  {
    "id": "134261138827531",
    "name": "Lobster",
    "city": "Kropyvnytskyi",
    "url": "https://www.instagram.com/explore/locations/134261138827531/lobster/"
  },
  {
    "id": "102450455835862",
    "name": "Mamma Mia",
    "city": "Kropyvnytskyi",
    "url": "https://www.instagram.com/explore/locations/102450455835862/mamma-mia/"
  },
  {
    "id": "209347239466677",
    "name": "Make-Up by Viktoria Bezeda",
    "city": "Kropyvnytskyi",
    "url": "https://www.instagram.com/explore/locations/209347239466677/make-up-by-viktoria-bezeda/"
  },
  {
    "id": "405285108",
    "name": "Імідж-центр «Ольга»",
    "city": "Kropyvnytskyi",
    "url": "https://www.instagram.com/explore/locations/405285108/-/"
  },
  {
    "id": "221777655219914",
    "name": "Счастье_Материнства",
    "city": "Kropyvnytskyi",
    "url": "https://www.instagram.com/explore/locations/221777655219914/_/"
  },
  {
    "id": "105975910787364",
    "name": "Estate Krop",
    "city": "Kropyvnytskyi",
    "url": "https://www.instagram.com/explore/locations/105975910787364/estate-krop/"
  },
  {
    "id": "1051588388346818",
    "name": "Grill Pub",
    "city": "Kropyvnytskyi",
    "url": "https://www.instagram.com/explore/locations/1051588388346818/grill-pub/"
  },
  {
    "id": "109447648430179",
    "name": "RanchoKrop",
    "city": "Kropyvnytskyi",
    "url": "https://www.instagram.com/explore/locations/109447648430179/ranchokrop/"
  },
  {
    "id": "104075897886147",
    "name": "SushiDjan",
    "city": "Kropyvnytskyi",
    "url": "https://www.instagram.com/explore/locations/104075897886147/sushidjan/"
  },
  {
    "id": "716152481908510",
    "name": "Ne Speshi Bar",
    "city": "Kropyvnytskyi",
    "url": "https://www.instagram.com/explore/locations/716152481908510/ne-speshi-bar/"
  },
  {
    "id": "623338471339117",
    "name": "Familia Garden",
    "city": "Kropyvnytskyi",
    "url": "https://www.instagram.com/explore/locations/623338471339117/familia-garden/"
  },
  {
    "id": "110139648818341",
    "name": "Кафе-редакція Кропивницький",
    "city": "Kropyvnytskyi",
    "url": "https://www.instagram.com/explore/locations/110139648818341/-/"
  },
  {
    "id": "1846351715656807",
    "name": "Магазин Nail House",
    "city": "Kropyvnytskyi",
    "url": "https://www.instagram.com/explore/locations/1846351715656807/nail-house/"
  },
  {
    "id": "1737109326546404",
    "name": "Курси ЗНО / ZNO Courses",
    "city": "Kropyvnytskyi",
    "url": "https://www.instagram.com/explore/locations/1737109326546404/zno-courses/"
  },
  {
    "id": "390566388393585",
    "name": "PAHLAVA",
    "city": "Kropyvnytskyi",
    "url": "https://www.instagram.com/explore/locations/390566388393585/pahlava/"
  },
  {
    "id": "143402292919210",
    "name": "Nespeshibar",
    "city": "Kropyvnytskyi",
    "url": "https://www.instagram.com/explore/locations/143402292919210/nespeshibar/"
  },
  {
    "id": "222802294875950",
    "name": "Pub DROVA",
    "city": "Kropyvnytskyi",
    "url": "https://www.instagram.com/explore/locations/222802294875950/pub-drova/"
  },
  {
    "id": "721399511",
    "name": "Pizza La Vita",
    "city": "Kropyvnytskyi",
    "url": "https://www.instagram.com/explore/locations/721399511/pizza-la-vita/"
  },
  {
    "id": "1022794919",
    "name": "Кировоград, ул. Дворцовая, 31",
    "city": "Kropyvnytskyi",
    "url": "https://www.instagram.com/explore/locations/1022794919/31/"
  },
  {
    "id": "454061319",
    "name": "Mania",
    "city": "Kropyvnytskyi",
    "url": "https://www.instagram.com/explore/locations/454061319/mania/"
  },
  {
    "id": "1979210542384172",
    "name": "L-Стиль Студия Причёсок",
    "city": "Kropyvnytskyi",
    "url": "https://www.instagram.com/explore/locations/1979210542384172/l-/"
  },
  {
    "id": "450862428799064",
    "name": "Viktoria Sport wellness Centre",
    "city": "Kropyvnytskyi",
    "url": "https://www.instagram.com/explore/locations/450862428799064/viktoria-sport-wellness-centre/"
  },
  {
    "id": "104559848417464",
    "name": "Harbi Burger",
    "city": "Kropyvnytskyi",
    "url": "https://www.instagram.com/explore/locations/104559848417464/harbi-burger/"
  },
  {
    "id": "107699535184357",
    "name": "Roll In Ink Тату Студия",
    "city": "Kropyvnytskyi",
    "url": "https://www.instagram.com/explore/locations/107699535184357/roll-in-ink/"
  },
  {
    "id": "299477340885558",
    "name": "BROCARD Ukraine",
    "city": "Kropyvnytskyi",
    "url": "https://www.instagram.com/explore/locations/299477340885558/brocard-ukraine/"
  },
  {
    "id": "103428725125989",
    "name": "G.Bar Кропивницький",
    "city": "Kropyvnytskyi",
    "url": "https://www.instagram.com/explore/locations/103428725125989/gbar/"
  },
  {
    "id": "356319531667442",
    "name": "Music Brand",
    "city": "Kropyvnytskyi",
    "url": "https://www.instagram.com/explore/locations/356319531667442/music-brand/"
  },
  {
    "id": "179665466080300",
    "name": "Get_Fitttt",
    "city": "Kropyvnytskyi",
    "url": "https://www.instagram.com/explore/locations/179665466080300/get_fitttt/"
  },
  {
    "id": "129623291033484",
    "name": "Nail Studio_natali Bank",
    "city": "Kropyvnytskyi",
    "url": "https://www.instagram.com/explore/locations/129623291033484/nail-studio_natali-bank/"
  },
  {
    "id": "821395474726149",
    "name": "K'lab Beauty & Cosmetology",
    "city": "Kropyvnytskyi",
    "url": "https://www.instagram.com/explore/locations/821395474726149/klab-beauty-cosmetology/"
  },
  {
    "id": "516494068889437",
    "name": "Куба 1",
    "city": "Kropyvnytskyi",
    "url": "https://www.instagram.com/explore/locations/516494068889437/1/"
  },
  {
    "id": "561286131",
    "name": "Добра Фігура - Dobra Figura",
    "city": "Kropyvnytskyi",
    "url": "https://www.instagram.com/explore/locations/561286131/-dobra-figura/"
  },
  {
    "id": "101705258480967",
    "name": "Marlin",
    "city": "Kropyvnytskyi",
    "url": "https://www.instagram.com/explore/locations/101705258480967/marlin/"
  },
  {
    "id": "185632938989706",
    "name": "4-ая Больница",
    "city": "Kropyvnytskyi",
    "url": "https://www.instagram.com/explore/locations/185632938989706/4-/"
  },
  {
    "id": "182791858792344",
    "name": "DROVA-кейтеринг",
    "city": "Kropyvnytskyi",
    "url": "https://www.instagram.com/explore/locations/182791858792344/drova-/"
  },
  {
    "id": "101166474910027",
    "name": "Nissan Кропивницький",
    "city": "Kropyvnytskyi",
    "url": "https://www.instagram.com/explore/locations/101166474910027/nissan/"
  },
  {
    "id": "108354158683319",
    "name": "vchasno.bar",
    "city": "Kropyvnytskyi",
    "url": "https://www.instagram.com/explore/locations/108354158683319/vchasnobar/"
  },
  {
    "id": "113297025167209",
    "name": "Квіткова кав'ярня ElKava",
    "city": "Kropyvnytskyi",
    "url": "https://www.instagram.com/explore/locations/113297025167209/elkava/"
  },
  {
    "id": "728063042",
    "name": "Shato Bar",
    "city": "Kropyvnytskyi",
    "url": "https://www.instagram.com/explore/locations/728063042/shato-bar/"
  },
  {
    "id": "109812398497750",
    "name": "At the Teachers'",
    "city": "Kropyvnytskyi",
    "url": "https://www.instagram.com/explore/locations/109812398497750/at-the-teachers/"
  },
  {
    "id": "1011276948",
    "name": "Кировоградская СШ 34",
    "city": "Kropyvnytskyi",
    "url": "https://www.instagram.com/explore/locations/1011276948/34/"
  },
  {
    "id": "100378825460202",
    "name": "Ri Ri",
    "city": "Kropyvnytskyi",
    "url": "https://www.instagram.com/explore/locations/100378825460202/ri-ri/"
  },
  {
    "id": "526962024431559",
    "name": "Школа №14",
    "city": "Kropyvnytskyi",
    "url": "https://www.instagram.com/explore/locations/526962024431559/no14/"
  },
  {
    "id": "264567527596913",
    "name": "MIX chocolate sushi",
    "city": "Kropyvnytskyi",
    "url": "https://www.instagram.com/explore/locations/264567527596913/mix-chocolate-sushi/"
  },
  {
    "id": "112299444865678",
    "name": "Music for a Sushi Restaurant",
    "city": "Kropyvnytskyi",
    "url": "https://www.instagram.com/explore/locations/112299444865678/music-for-a-sushi-restaurant/"
  },
  {
    "id": "213594738662394",
    "name": "HGB",
    "city": "Kropyvnytskyi",
    "url": "https://www.instagram.com/explore/locations/213594738662394/hgb/"
  },
  {
    "id": "214159362362299",
    "name": "Студия перманентного макияжа Pm-Art. com.ua",
    "city": "Kropyvnytskyi",
    "url": "https://www.instagram.com/explore/locations/214159362362299/pm-art-comua/"
  },
  {
    "id": "2067338546831059",
    "name": "Имидж-Студия Nadya Kashuba",
    "city": "Kropyvnytskyi",
    "url": "https://www.instagram.com/explore/locations/2067338546831059/-nadya-kashuba/"
  },
  {
    "id": "608550748",
    "name": "Пивной клуб \"Praga\"",
    "city": "Kropyvnytskyi",
    "url": "https://www.instagram.com/explore/locations/608550748/praga/"
  },
  {
    "id": "165820159942453",
    "name": "Almond Coffee Bar",
    "city": "Kropyvnytskyi",
    "url": "https://www.instagram.com/explore/locations/165820159942453/almond-coffee-bar/"
  },
  {
    "id": "1904472556238180",
    "name": "Teahouse_kropivnitskiy",
    "city": "Kropyvnytskyi",
    "url": "https://www.instagram.com/explore/locations/1904472556238180/teahouse_kropivnitskiy/"
  },
  {
    "id": "1022415052",
    "name": "Свадебный фотограф Салов Дмитрий Кировоград - Кропивницкий",
    "city": "Kropyvnytskyi",
    "url": "https://www.instagram.com/explore/locations/1022415052/-/"
  },
  {
    "id": "357266708344479",
    "name": "Sheng€n",
    "city": "Kropyvnytskyi",
    "url": "https://www.instagram.com/explore/locations/357266708344479/shengn/"
  },
  {
    "id": "777315229305820",
    "name": "Кропивницького, 139",
    "city": "Kropyvnytskyi",
    "url": "https://www.instagram.com/explore/locations/777315229305820/139/"
  },
  {
    "id": "108483651711564",
    "name": "Kropyvnytsky",
    "city": "Kropyvnytskyi",
    "url": "https://www.instagram.com/explore/locations/108483651711564/kropyvnytsky/"
  },
  {
    "id": "236804842",
    "name": "Kiev, Ukraine",
    "city": "Kropyvnytskyi",
    "url": "https://www.instagram.com/explore/locations/236804842/kiev-ukraine/"
  },
  {
    "id": "523269751339900",
    "name": "Yuliya Kordonskaya Make-Up Studio",
    "city": "Kropyvnytskyi",
    "url": "https://www.instagram.com/explore/locations/523269751339900/yuliya-kordonskaya-make-up-studio/"
  },
  {
    "id": "229604284",
    "name": "Reikartz Hotel - Kirovograd, Ukraine",
    "city": "Kropyvnytskyi",
    "url": "https://www.instagram.com/explore/locations/229604284/reikartz-hotel-kirovograd-ukraine/"
  },
  {
    "id": "101008625134547",
    "name": "Pletenie Anna Levchenko",
    "city": "Kropyvnytskyi",
    "url": "https://www.instagram.com/explore/locations/101008625134547/pletenie-anna-levchenko/"
  },
  {
    "id": "103991635712542",
    "name": "ice.beauty_",
    "city": "Kropyvnytskyi",
    "url": "https://www.instagram.com/explore/locations/103991635712542/icebeauty_/"
  },
  {
    "id": "275991498",
    "name": "Fusion",
    "city": "Kropyvnytskyi",
    "url": "https://www.instagram.com/explore/locations/275991498/fusion/"
  },
  {
    "id": "300753170441348",
    "name": "IAA Авто из США. Кропивницкий",
    "city": "Kropyvnytskyi",
    "url": "https://www.instagram.com/explore/locations/300753170441348/iaa/"
  },
  {
    "id": "264031837",
    "name": "Кондитерская Студия Imaginarium",
    "city": "Kropyvnytskyi",
    "url": "https://www.instagram.com/explore/locations/264031837/imaginarium/"
  },
  {
    "id": "447344685817578",
    "name": "Lavanda Studio Пашутина 44/72",
    "city": "Kropyvnytskyi",
    "url": "https://www.instagram.com/explore/locations/447344685817578/lavanda-studio-4472/"
  },
  {
    "id": "111413840439735",
    "name": "granat_restaurant",
    "city": "Kropyvnytskyi",
    "url": "https://www.instagram.com/explore/locations/111413840439735/granat_restaurant/"
  },
  {
    "id": "102606077256371",
    "name": "Pudra",
    "city": "Kropyvnytskyi",
    "url": "https://www.instagram.com/explore/locations/102606077256371/pudra/"
  },
  {
    "id": "1015583095",
    "name": "Shafran Кировоград",
    "city": "Kropyvnytskyi",
    "url": "https://www.instagram.com/explore/locations/1015583095/shafran/"
  },
  {
    "id": "268148151",
    "name": "Feeling Coffee",
    "city": "Kropyvnytskyi",
    "url": "https://www.instagram.com/explore/locations/268148151/feeling-coffee/"
  },
  {
    "id": "159376784693133",
    "name": "YES Fest",
    "city": "Kropyvnytskyi",
    "url": "https://www.instagram.com/explore/locations/159376784693133/yes-fest/"
  },
  {
    "id": "139062235968103",
    "name": "Piana Vyshnia / П'яна Вишня",
    "city": "Kropyvnytskyi",
    "url": "https://www.instagram.com/explore/locations/139062235968103/piana-vyshnia/"
  },
  {
    "id": "1780616818901211",
    "name": "Анастасия Ворощук Перманент-Бровист",
    "city": "Kropyvnytskyi",
    "url": "https://www.instagram.com/explore/locations/1780616818901211/-/"
  },
  {
    "id": "394667520405737",
    "name": "ÉDES Kropyvnytskyi",
    "city": "Kropyvnytskyi",
    "url": "https://www.instagram.com/explore/locations/394667520405737/edes-kropyvnytskyi/"
  },
  {
    "id": "475955402613433",
    "name": "TERRA NOVA туристичні послуги",
    "city": "Kropyvnytskyi",
    "url": "https://www.instagram.com/explore/locations/475955402613433/terra-nova/"
  },
  {
    "id": "101924939278239",
    "name": "Дитяча Академія Smart Вулик",
    "city": "Kropyvnytskyi",
    "url": "https://www.instagram.com/explore/locations/101924939278239/smart/"
  },
  {
    "id": "153840221686324",
    "name": "Бизнес Online/Jerelia",
    "city": "Kropyvnytskyi",
    "url": "https://www.instagram.com/explore/locations/153840221686324/onlinejerelia/"
  },
  {
    "id": "101048219098484",
    "name": "Ковалiвка Кропивницкий-Кировоград",
    "city": "Kropyvnytskyi",
    "url": "https://www.instagram.com/explore/locations/101048219098484/i-/"
  },
  {
    "id": "981396391993759",
    "name": "Make-Up Studio Natalia Khlivniuk",
    "city": "Kropyvnytskyi",
    "url": "https://www.instagram.com/explore/locations/981396391993759/make-up-studio-natalia-khlivniuk/"
  },
  {
    "id": "1197108847163935",
    "name": "BOCCO",
    "city": "Kropyvnytskyi",
    "url": "https://www.instagram.com/explore/locations/1197108847163935/bocco/"
  },
  {
    "id": "1815283812114884",
    "name": "Салон флористики Flowers Show Room",
    "city": "Kropyvnytskyi",
    "url": "https://www.instagram.com/explore/locations/1815283812114884/flowers-show-room/"
  },
  {
    "id": "1316069598498693",
    "name": "Кропивницкий (город) бульвар Студенческий 6/5",
    "city": "Kropyvnytskyi",
    "url": "https://www.instagram.com/explore/locations/1316069598498693/65/"
  },
  {
    "id": "100741822078900",
    "name": "TK Laser Кропивницький",
    "city": "Kropyvnytskyi",
    "url": "https://www.instagram.com/explore/locations/100741822078900/tk-laser/"
  },
  {
    "id": "101933858813677",
    "name": "Bodoprost Laboratory",
    "city": "Kropyvnytskyi",
    "url": "https://www.instagram.com/explore/locations/101933858813677/bodoprost-laboratory/"
  },
  {
    "id": "1633465743594815",
    "name": "Кропивницький Live",
    "city": "Kropyvnytskyi",
    "url": "https://www.instagram.com/explore/locations/1633465743594815/live/"
  },
  {
    "id": "1403408543075479",
    "name": "Компанія ПАУК - торгове, складське, опалювальне обладнання.",
    "city": "Kropyvnytskyi",
    "url": "https://www.instagram.com/explore/locations/1403408543075479/-/"
  },
  {
    "id": "183103155917298",
    "name": "Кировоградский областной музыкально-драматический театр им. Кропивницкого",
    "city": "Kropyvnytskyi",
    "url": "https://www.instagram.com/explore/locations/183103155917298/-/"
  },
  {
    "id": "112311464579822",
    "name": "7'Я Clinic",
    "city": "Kropyvnytskyi",
    "url": "https://www.instagram.com/explore/locations/112311464579822/7-clinic/"
  },
  {
    "id": "173561096884501",
    "name": "Художньо-Меморіальний музей О.О. Осмьоркіна",
    "city": "Kropyvnytskyi",
    "url": "https://www.instagram.com/explore/locations/173561096884501/-/"
  },
  {
    "id": "112585633431465",
    "name": "Сплюха - все для сна.",
    "city": "Kropyvnytskyi",
    "url": "https://www.instagram.com/explore/locations/112585633431465/-/"
  },
  {
    "id": "387317548526761",
    "name": "Бильярд Вельвет / Velvet",
    "city": "Kropyvnytskyi",
    "url": "https://www.instagram.com/explore/locations/387317548526761/velvet/"
  },
  {
    "id": "113766356702981",
    "name": "Autoplatformа Комісійний автомайданчик.",
    "city": "Kropyvnytskyi",
    "url": "https://www.instagram.com/explore/locations/113766356702981/autoplatform/"
  },
  {
    "id": "161541281073730",
    "name": "NAIL HOUSE Studio&school ул. Михайловская, Кирова 44",
    "city": "Kropyvnytskyi",
    "url": "https://www.instagram.com/explore/locations/161541281073730/nail-house-studioschool-44/"
  },
  {
    "id": "588410364522109",
    "name": "Proaction-STUDIO",
    "city": "Kropyvnytskyi",
    "url": "https://www.instagram.com/explore/locations/588410364522109/proaction-studio/"
  },
  {
    "id": "994567300932482",
    "name": "Veresen",
    "city": "Kropyvnytskyi",
    "url": "https://www.instagram.com/explore/locations/994567300932482/veresen/"
  },
  {
    "id": "101799138339070",
    "name": "Наталия Григорьева Перманент - обучение",
    "city": "Kropyvnytskyi",
    "url": "https://www.instagram.com/explore/locations/101799138339070/-/"
  },
  {
    "id": "1017564625106278",
    "name": "Музична школа N1 Імені Г.г.нейгауза",
    "city": "Kropyvnytskyi",
    "url": "https://www.instagram.com/explore/locations/1017564625106278/n1/"
  },
  {
    "id": "255123945345877",
    "name": "Школа №34",
    "city": "Kropyvnytskyi",
    "url": "https://www.instagram.com/explore/locations/255123945345877/no34/"
  },
  {
    "id": "1025520581",
    "name": "Self Made Group",
    "city": "Kropyvnytskyi",
    "url": "https://www.instagram.com/explore/locations/1025520581/self-made-group/"
  },
  {
    "id": "111512163740926",
    "name": "Туристично-інформаційний центр міста Кропивницького",
    "city": "Kropyvnytskyi",
    "url": "https://www.instagram.com/explore/locations/111512163740926/-/"
  },
  {
    "id": "116130726895532",
    "name": "палац культури iм. Компанiйця",
    "city": "Kropyvnytskyi",
    "url": "https://www.instagram.com/explore/locations/116130726895532/i-i/"
  },
  {
    "id": "569108023600415",
    "name": "SPLIT Development, LLC",
    "city": "Kropyvnytskyi",
    "url": "https://www.instagram.com/explore/locations/569108023600415/split-development-llc/"
  },
  {
    "id": "500751707001034",
    "name": "салон 100% Красоты",
    "city": "Kropyvnytskyi",
    "url": "https://www.instagram.com/explore/locations/500751707001034/100/"
  },
  {
    "id": "103326405856984",
    "name": "DOVGA KOSA",
    "city": "Kropyvnytskyi",
    "url": "https://www.instagram.com/explore/locations/103326405856984/dovga-kosa/"
  },
  {
    "id": "649698481887381",
    "name": "Сушиwok",
    "city": "Kropyvnytskyi",
    "url": "https://www.instagram.com/explore/locations/649698481887381/wok/"
  },
  {
    "id": "892150591173416",
    "name": "OKKO",
    "city": "Kropyvnytskyi",
    "url": "https://www.instagram.com/explore/locations/892150591173416/okko/"
  },
  {
    "id": "424572468008559",
    "name": "Nail Studio Sivachenko",
    "city": "Kropyvnytskyi",
    "url": "https://www.instagram.com/explore/locations/424572468008559/nail-studio-sivachenko/"
  },
  {
    "id": "1896584290613522",
    "name": "Нвк 26 Кропивницький",
    "city": "Kropyvnytskyi",
    "url": "https://www.instagram.com/explore/locations/1896584290613522/26/"
  },
  {
    "id": "310090992906217",
    "name": "Мама-ли-папа",
    "city": "Kropyvnytskyi",
    "url": "https://www.instagram.com/explore/locations/310090992906217/-/"
  },
  {
    "id": "183328288862417",
    "name": "Lounge Club_караоке \"oblaka\"",
    "city": "Kropyvnytskyi",
    "url": "https://www.instagram.com/explore/locations/183328288862417/lounge-club_-oblaka/"
  },
  {
    "id": "371394840350581",
    "name": "Академічний Український Музично-Драматичний Театр Ім. М Кропивницького",
    "city": "Kropyvnytskyi",
    "url": "https://www.instagram.com/explore/locations/371394840350581/-/"
  },
  {
    "id": "114337421704288",
    "name": "Ba Li Gam - ізраїльський стрітфуд",
    "city": "Kropyvnytskyi",
    "url": "https://www.instagram.com/explore/locations/114337421704288/ba-li-gam-/"
  },
  {
    "id": "1915691228736988",
    "name": "Експоцентр / EXPOCENTRE",
    "city": "Kropyvnytskyi",
    "url": "https://www.instagram.com/explore/locations/1915691228736988/expocentre/"
  },
  {
    "id": "103499331244028",
    "name": "Krichun Alina Nail Art Studio",
    "city": "Kropyvnytskyi",
    "url": "https://www.instagram.com/explore/locations/103499331244028/krichun-alina-nail-art-studio/"
  },
  {
    "id": "498186937589471",
    "name": "fantasytown_krop",
    "city": "Kropyvnytskyi",
    "url": "https://www.instagram.com/explore/locations/498186937589471/fantasytown_krop/"
  },
  {
    "id": "1030251042",
    "name": "ELEX екскаватор-навантажувач",
    "city": "Kropyvnytskyi",
    "url": "https://www.instagram.com/explore/locations/1030251042/elex-/"
  },
  {
    "id": "1391104970926497",
    "name": "Star Cloud",
    "city": "Kropyvnytskyi",
    "url": "https://www.instagram.com/explore/locations/1391104970926497/star-cloud/"
  },
  {
    "id": "112027690280842",
    "name": "MonFri_Style",
    "city": "Kropyvnytskyi",
    "url": "https://www.instagram.com/explore/locations/112027690280842/monfri_style/"
  },
  {
    "id": "104311101394445",
    "name": "Мотор-Банк",
    "city": "Kropyvnytskyi",
    "url": "https://www.instagram.com/explore/locations/104311101394445/-/"
  },
  {
    "id": "24393155",
    "name": "Shobar",
    "city": "Kropyvnytskyi",
    "url": "https://www.instagram.com/explore/locations/24393155/shobar/"
  },
  {
    "id": "104624751144556",
    "name": "Best Washing",
    "city": "Kropyvnytskyi",
    "url": "https://www.instagram.com/explore/locations/104624751144556/best-washing/"
  },
  {
    "id": "103756998178891",
    "name": "EVNE Developers - Team",
    "city": "Kropyvnytskyi",
    "url": "https://www.instagram.com/explore/locations/103756998178891/evne-developers-team/"
  },
  {
    "id": "1024337857",
    "name": "Self Made Group",
    "city": "Kropyvnytskyi",
    "url": "https://www.instagram.com/explore/locations/1024337857/self-made-group/"
  },
  {
    "id": "107792883978355",
    "name": "BARS",
    "city": "Kropyvnytskyi",
    "url": "https://www.instagram.com/explore/locations/107792883978355/bars/"
  },
  {
    "id": "102583045131981",
    "name": "Beautim Studio",
    "city": "Kropyvnytskyi",
    "url": "https://www.instagram.com/explore/locations/102583045131981/beautim-studio/"
  },
  {
    "id": "711455386",
    "name": "Power",
    "city": "Kropyvnytskyi",
    "url": "https://www.instagram.com/explore/locations/711455386/power/"
  },
  {
    "id": "701541496652095",
    "name": "Studio Krichun & Gordienko",
    "city": "Kropyvnytskyi",
    "url": "https://www.instagram.com/explore/locations/701541496652095/studio-krichun-gordienko/"
  },
  {
    "id": "166122224",
    "name": "Dva Coffee",
    "city": "Kropyvnytskyi",
    "url": "https://www.instagram.com/explore/locations/166122224/dva-coffee/"
  },
  {
    "id": "115028549922227",
    "name": "La-Borsa",
    "city": "Kropyvnytskyi",
    "url": "https://www.instagram.com/explore/locations/115028549922227/la-borsa/"
  },
  {
    "id": "105407422201093",
    "name": "Mama miya",
    "city": "Kropyvnytskyi",
    "url": "https://www.instagram.com/explore/locations/105407422201093/mama-miya/"
  },
  {
    "id": "279052589132220",
    "name": "Студия \"el-Laq\"",
    "city": "Kropyvnytskyi",
    "url": "https://www.instagram.com/explore/locations/279052589132220/el-laq/"
  },
  {
    "id": "364200147412867",
    "name": "Bright Future",
    "city": "Kropyvnytskyi",
    "url": "https://www.instagram.com/explore/locations/364200147412867/bright-future/"
  },
  {
    "id": "107234894922334",
    "name": "Aroma-Kava",
    "city": "Kropyvnytskyi",
    "url": "https://www.instagram.com/explore/locations/107234894922334/aroma-kava/"
  },
  {
    "id": "297140037420400",
    "name": "Ne_speshi_bar",
    "city": "Kropyvnytskyi",
    "url": "https://www.instagram.com/explore/locations/297140037420400/ne_speshi_bar/"
  },
  {
    "id": "1099514840235449",
    "name": "Агенція нерухомості Premium в Кропивницькому",
    "city": "Kropyvnytskyi",
    "url": "https://www.instagram.com/explore/locations/1099514840235449/premium/"
  },
  {
    "id": "2197225093851959",
    "name": "Вулиця Вячеслава Чорновола 4, Кропивницький",
    "city": "Kropyvnytskyi",
    "url": "https://www.instagram.com/explore/locations/2197225093851959/4/"
  },
  {
    "id": "1024147262",
    "name": "Kuba Luxe",
    "city": "Kropyvnytskyi",
    "url": "https://www.instagram.com/explore/locations/1024147262/kuba-luxe/"
  },
  {
    "id": "102489452341364",
    "name": "Ferdinand Штрудельна",
    "city": "Kropyvnytskyi",
    "url": "https://www.instagram.com/explore/locations/102489452341364/ferdinand/"
  },
  {
    "id": "103853065034081",
    "name": "Mir 2.0.",
    "city": "Kropyvnytskyi",
    "url": "https://www.instagram.com/explore/locations/103853065034081/mir-20/"
  },
  {
    "id": "426859751181551",
    "name": "ТЦDEPOT",
    "city": "Kropyvnytskyi",
    "url": "https://www.instagram.com/explore/locations/426859751181551/depot/"
  },
  {
    "id": "109291751876635",
    "name": "Fortiss Languages school",
    "city": "Kropyvnytskyi",
    "url": "https://www.instagram.com/explore/locations/109291751876635/fortiss-languages-school/"
  },
  {
    "id": "112609658815881",
    "name": "Kirovohrad State Pedagogical University",
    "city": "Kropyvnytskyi",
    "url": "https://www.instagram.com/explore/locations/112609658815881/kirovohrad-state-pedagogical-university/"
  },
  {
    "id": "242839913245451",
    "name": "Салон The Beauty Lab (Лаборатория Красоты)",
    "city": "Kropyvnytskyi",
    "url": "https://www.instagram.com/explore/locations/242839913245451/the-beauty-lab/"
  },
  {
    "id": "377027538820953",
    "name": "Bel Canto musica e vino",
    "city": "Kropyvnytskyi",
    "url": "https://www.instagram.com/explore/locations/377027538820953/bel-canto-musica-e-vino/"
  },
  {
    "id": "343402958857934",
    "name": "Tattoo Shop",
    "city": "Kropyvnytskyi",
    "url": "https://www.instagram.com/explore/locations/343402958857934/tattoo-shop/"
  },
  {
    "id": "142569206142727",
    "name": "Beauty club Стрекоза",
    "city": "Kropyvnytskyi",
    "url": "https://www.instagram.com/explore/locations/142569206142727/beauty-club/"
  },
  {
    "id": "419158121862766",
    "name": "Zefirka Студия Депиляции",
    "city": "Kropyvnytskyi",
    "url": "https://www.instagram.com/explore/locations/419158121862766/zefirka/"
  },
  {
    "id": "528317737613634",
    "name": "Поликлиника №3",
    "city": "Kropyvnytskyi",
    "url": "https://www.instagram.com/explore/locations/528317737613634/no3/"
  },
  {
    "id": "179037106331361",
    "name": "Пельмени-Вареники",
    "city": "Kropyvnytskyi",
    "url": "https://www.instagram.com/explore/locations/179037106331361/-/"
  },
  {
    "id": "341601774",
    "name": "Kuba2",
    "city": "Kropyvnytskyi",
    "url": "https://www.instagram.com/explore/locations/341601774/kuba2/"
  },
  {
    "id": "514301735691791",
    "name": "Школа бізнесу та психології PULSE",
    "city": "Kropyvnytskyi",
    "url": "https://www.instagram.com/explore/locations/514301735691791/pulse/"
  },
  {
    "id": "540301719504968",
    "name": "Style Studio Innesa Yarchenko",
    "city": "Kropyvnytskyi",
    "url": "https://www.instagram.com/explore/locations/540301719504968/style-studio-innesa-yarchenko/"
  },
  {
    "id": "201876510254006",
    "name": "Alba-City",
    "city": "Kropyvnytskyi",
    "url": "https://www.instagram.com/explore/locations/201876510254006/alba-city/"
  },
  {
    "id": "104490735812055",
    "name": "Monarch навчальна студія",
    "city": "Kropyvnytskyi",
    "url": "https://www.instagram.com/explore/locations/104490735812055/monarch/"
  },
  {
    "id": "1803828796545482",
    "name": "Фуршет - Furshet",
    "city": "Kropyvnytskyi",
    "url": "https://www.instagram.com/explore/locations/1803828796545482/-furshet/"
  },
  {
    "id": "498249333845432",
    "name": "Студия маникюра Nail service",
    "city": "Kropyvnytskyi",
    "url": "https://www.instagram.com/explore/locations/498249333845432/nail-service/"
  },
  {
    "id": "1496175623764109",
    "name": "Salon T&l Style",
    "city": "Kropyvnytskyi",
    "url": "https://www.instagram.com/explore/locations/1496175623764109/salon-tl-style/"
  },
  {
    "id": "508873402971689",
    "name": "Пляжевая58",
    "city": "Kropyvnytskyi",
    "url": "https://www.instagram.com/explore/locations/508873402971689/58/"
  },
  {
    "id": "110677817741561",
    "name": "Scorini",
    "city": "Kropyvnytskyi",
    "url": "https://www.instagram.com/explore/locations/110677817741561/scorini/"
  },
  {
    "id": "110148492064726",
    "name": "ISEI Kropivnitsky",
    "city": "Kropyvnytskyi",
    "url": "https://www.instagram.com/explore/locations/110148492064726/isei-kropivnitsky/"
  },
  {
    "id": "594505404220720",
    "name": "Yapi",
    "city": "Kropyvnytskyi",
    "url": "https://www.instagram.com/explore/locations/594505404220720/yapi/"
  },
  {
    "id": "1681871665407416",
    "name": "Гімназія-Інтернат- Школа Мистецтв",
    "city": "Kropyvnytskyi",
    "url": "https://www.instagram.com/explore/locations/1681871665407416/-/"
  },
  {
    "id": "574448169077714",
    "name": "Daniel Flowers Boutique",
    "city": "Kropyvnytskyi",
    "url": "https://www.instagram.com/explore/locations/574448169077714/daniel-flowers-boutique/"
  },
  {
    "id": "1410176885947640",
    "name": "Прес-клуб реформ",
    "city": "Kropyvnytskyi",
    "url": "https://www.instagram.com/explore/locations/1410176885947640/-/"
  },
  {
    "id": "1113178305396343",
    "name": "Brow_bar_g",
    "city": "Kropyvnytskyi",
    "url": "https://www.instagram.com/explore/locations/1113178305396343/brow_bar_g/"
  },
  {
    "id": "105651595087235",
    "name": "Happy Day Кропивницький",
    "city": "Kropyvnytskyi",
    "url": "https://www.instagram.com/explore/locations/105651595087235/happy-day/"
  },
  {
    "id": "100501329596254",
    "name": "Ketchup Кетчуп",
    "city": "Kropyvnytskyi",
    "url": "https://www.instagram.com/explore/locations/100501329596254/ketchup/"
  },
  {
    "id": "1014125642",
    "name": "Volkswagen Центр Кропивницький \"Порт-Олві\"",
    "city": "Kropyvnytskyi",
    "url": "https://www.instagram.com/explore/locations/1014125642/volkswagen-/"
  },
  {
    "id": "1753361334903642",
    "name": "Gloria Beauty Studio",
    "city": "Kropyvnytskyi",
    "url": "https://www.instagram.com/explore/locations/1753361334903642/gloria-beauty-studio/"
  },
  {
    "id": "100255675328354",
    "name": "Buddhaclub",
    "city": "Kropyvnytskyi",
    "url": "https://www.instagram.com/explore/locations/100255675328354/buddhaclub/"
  },
  {
    "id": "823322124",
    "name": "Поїхали з нами - Кропивницький",
    "city": "Kropyvnytskyi",
    "url": "https://www.instagram.com/explore/locations/823322124/-/"
  },
  {
    "id": "1453452314729341",
    "name": "Гоголя 95",
    "city": "Kropyvnytskyi",
    "url": "https://www.instagram.com/explore/locations/1453452314729341/95/"
  },
  {
    "id": "1897063360591002",
    "name": "Food4you - Доставка продуктів харчування Україною",
    "city": "Kropyvnytskyi",
    "url": "https://www.instagram.com/explore/locations/1897063360591002/food4you-/"
  },
  {
    "id": "1153551808134358",
    "name": "Больница #3",
    "city": "Kropyvnytskyi",
    "url": "https://www.instagram.com/explore/locations/1153551808134358/3/"
  },
  {
    "id": "521999361525218",
    "name": "Nail House",
    "city": "Kropyvnytskyi",
    "url": "https://www.instagram.com/explore/locations/521999361525218/nail-house/"
  },
  {
    "id": "272231546763729",
    "name": "Проспект Коммунистический, 18",
    "city": "Kropyvnytskyi",
    "url": "https://www.instagram.com/explore/locations/272231546763729/18/"
  },
  {
    "id": "1565480110182668",
    "name": "Студия флористики Elflora",
    "city": "Kropyvnytskyi",
    "url": "https://www.instagram.com/explore/locations/1565480110182668/elflora/"
  },
  {
    "id": "555810634907438",
    "name": "Fenix Centre",
    "city": "Kropyvnytskyi",
    "url": "https://www.instagram.com/explore/locations/555810634907438/fenix-centre/"
  },
  {
    "id": "1109279212612379",
    "name": "Sky-Laundry",
    "city": "Kropyvnytskyi",
    "url": "https://www.instagram.com/explore/locations/1109279212612379/sky-laundry/"
  },
  {
    "id": "285152691936689",
    "name": "Level Up",
    "city": "Kropyvnytskyi",
    "url": "https://www.instagram.com/explore/locations/285152691936689/level-up/"
  },
  {
    "id": "1257708281053371",
    "name": "Спортивно-оздоровительный комплекс FAN CLUB",
    "city": "Kropyvnytskyi",
    "url": "https://www.instagram.com/explore/locations/1257708281053371/-fan-club/"
  },
  {
    "id": "105007084261935",
    "name": "King Banana",
    "city": "Kropyvnytskyi",
    "url": "https://www.instagram.com/explore/locations/105007084261935/king-banana/"
  },
  {
    "id": "1028391705",
    "name": "Суши-бар & шоколадница «МІХ»",
    "city": "Kropyvnytskyi",
    "url": "https://www.instagram.com/explore/locations/1028391705/-/"
  },
  {
    "id": "185332749010208",
    "name": "Музыкальная школа 1",
    "city": "Kropyvnytskyi",
    "url": "https://www.instagram.com/explore/locations/185332749010208/1/"
  },
  {
    "id": "1542107725932748",
    "name": "Spa Club",
    "city": "Kropyvnytskyi",
    "url": "https://www.instagram.com/explore/locations/1542107725932748/spa-club/"
  },
  {
    "id": "329449831104763",
    "name": "Kirovohrad Academic Regional Puppet Theatre",
    "city": "Kropyvnytskyi",
    "url": "https://www.instagram.com/explore/locations/329449831104763/kirovohrad-academic-regional-puppet-theatre/"
  },
  {
    "id": "943962102418614",
    "name": "Kropyvnytskyi",
    "city": "Kropyvnytskyi",
    "url": "https://www.instagram.com/explore/locations/943962102418614/kropyvnytskyi/"
  },
  {
    "id": "1021972772",
    "name": "Кафе \"Grand Canyon- Гранд Каньон",
    "city": "Kropyvnytskyi",
    "url": "https://www.instagram.com/explore/locations/1021972772/grand-canyon-/"
  },
  {
    "id": "2220846118194607",
    "name": "Куба / Кальянная № 3",
    "city": "Kropyvnytskyi",
    "url": "https://www.instagram.com/explore/locations/2220846118194607/no-3/"
  },
  {
    "id": "773433026092831",
    "name": "THE RING",
    "city": "Kropyvnytskyi",
    "url": "https://www.instagram.com/explore/locations/773433026092831/the-ring/"
  },
  {
    "id": "276072986074654",
    "name": "Велоклуб \"Maximoose bikes\"",
    "city": "Kropyvnytskyi",
    "url": "https://www.instagram.com/explore/locations/276072986074654/maximoose-bikes/"
  },
  {
    "id": "110892013744100",
    "name": "Soroka",
    "city": "Kropyvnytskyi",
    "url": "https://www.instagram.com/explore/locations/110892013744100/soroka/"
  },
  {
    "id": "154672661752998",
    "name": "Салон-Студия Азбука Красоты",
    "city": "Kropyvnytskyi",
    "url": "https://www.instagram.com/explore/locations/154672661752998/-/"
  },
  {
    "id": "2204306139804644",
    "name": "Ресторан Family Garden",
    "city": "Kropyvnytskyi",
    "url": "https://www.instagram.com/explore/locations/2204306139804644/family-garden/"
  },
  {
    "id": "1208701329193248",
    "name": "Loft Bar",
    "city": "Kropyvnytskyi",
    "url": "https://www.instagram.com/explore/locations/1208701329193248/loft-bar/"
  },
  {
    "id": "2123404927922060",
    "name": "Студия Красоты «комильфо» Ул. Кирова 2",
    "city": "Kropyvnytskyi",
    "url": "https://www.instagram.com/explore/locations/2123404927922060/2/"
  },
  {
    "id": "199766330611507",
    "name": "Reef Tour",
    "city": "Kropyvnytskyi",
    "url": "https://www.instagram.com/explore/locations/199766330611507/reef-tour/"
  },
  {
    "id": "1564998683592544",
    "name": "Matiss",
    "city": "Kropyvnytskyi",
    "url": "https://www.instagram.com/explore/locations/1564998683592544/matiss/"
  },
  {
    "id": "419667218416085",
    "name": "The Boss",
    "city": "Kropyvnytskyi",
    "url": "https://www.instagram.com/explore/locations/419667218416085/the-boss/"
  },
  {
    "id": "2060679324174467",
    "name": "Make-Up Studio Tatyana Shram",
    "city": "Kropyvnytskyi",
    "url": "https://www.instagram.com/explore/locations/2060679324174467/make-up-studio-tatyana-shram/"
  },
  {
    "id": "108850273815879",
    "name": "Петрівський HOTEL",
    "city": "Kropyvnytskyi",
    "url": "https://www.instagram.com/explore/locations/108850273815879/hotel/"
  },
  {
    "id": "106039791561138",
    "name": "Smua mua",
    "city": "Kropyvnytskyi",
    "url": "https://www.instagram.com/explore/locations/106039791561138/smua-mua/"
  },
  {
    "id": "370607250022305",
    "name": "Gogol",
    "city": "Kropyvnytskyi",
    "url": "https://www.instagram.com/explore/locations/370607250022305/gogol/"
  },
  {
    "id": "487826781722806",
    "name": "вул. Короленка, 2",
    "city": "Kropyvnytskyi",
    "url": "https://www.instagram.com/explore/locations/487826781722806/2/"
  },
  {
    "id": "120862921968780",
    "name": "Lucky Cafe",
    "city": "Kropyvnytskyi",
    "url": "https://www.instagram.com/explore/locations/120862921968780/lucky-cafe/"
  },
  {
    "id": "1032786178",
    "name": "Beautyschool",
    "city": "Kropyvnytskyi",
    "url": "https://www.instagram.com/explore/locations/1032786178/beautyschool/"
  },
  {
    "id": "145411106113853",
    "name": "Світ квітів Dalia",
    "city": "Kropyvnytskyi",
    "url": "https://www.instagram.com/explore/locations/145411106113853/dalia/"
  },
  {
    "id": "102200355699437",
    "name": "Mikko.coffee",
    "city": "Kropyvnytskyi",
    "url": "https://www.instagram.com/explore/locations/102200355699437/mikkocoffee/"
  },
  {
    "id": "412821572906084",
    "name": "Eurocraft Техника из Европы",
    "city": "Kropyvnytskyi",
    "url": "https://www.instagram.com/explore/locations/412821572906084/eurocraft/"
  },
  {
    "id": "1013619045",
    "name": "Ttv Kirovograd",
    "city": "Kropyvnytskyi",
    "url": "https://www.instagram.com/explore/locations/1013619045/ttv-kirovograd/"
  },
  {
    "id": "2153548518233390",
    "name": "Dr. Vet",
    "city": "Kropyvnytskyi",
    "url": "https://www.instagram.com/explore/locations/2153548518233390/dr-vet/"
  },
  {
    "id": "103808697701090",
    "name": "Krop:hub",
    "city": "Kropyvnytskyi",
    "url": "https://www.instagram.com/explore/locations/103808697701090/krophub/"
  },
  {
    "id": "183179132268807",
    "name": "Krop Half Marathon",
    "city": "Kropyvnytskyi",
    "url": "https://www.instagram.com/explore/locations/183179132268807/krop-half-marathon/"
  },
  {
    "id": "241367813",
    "name": "Дендропарк Им. 50 Лет Октября",
    "city": "Kropyvnytskyi",
    "url": "https://www.instagram.com/explore/locations/241367813/50/"
  },
  {
    "id": "526621724467291",
    "name": "Булочна №1",
    "city": "Kropyvnytskyi",
    "url": "https://www.instagram.com/explore/locations/526621724467291/no1/"
  },
  {
    "id": "318448508906530",
    "name": "Grimerka945",
    "city": "Kropyvnytskyi",
    "url": "https://www.instagram.com/explore/locations/318448508906530/grimerka945/"
  },
  {
    "id": "106755064889085",
    "name": "Marsala shoes",
    "city": "Kropyvnytskyi",
    "url": "https://www.instagram.com/explore/locations/106755064889085/marsala-shoes/"
  },
  {
    "id": "266633417030979",
    "name": "Перманентный макияж татуаж Кировоград - Кропивницкий",
    "city": "Kropyvnytskyi",
    "url": "https://www.instagram.com/explore/locations/266633417030979/-/"
  },
  {
    "id": "100482348360023",
    "name": "bloom_beauty_bar2020",
    "city": "Kropyvnytskyi",
    "url": "https://www.instagram.com/explore/locations/100482348360023/bloom_beauty_bar2020/"
  },
  {
    "id": "284663288344174",
    "name": "Принт-центр «Офіс-Майстер»",
    "city": "Kropyvnytskyi",
    "url": "https://www.instagram.com/explore/locations/284663288344174/-/"
  },
  {
    "id": "1024340115",
    "name": "Kex Bar",
    "city": "Kropyvnytskyi",
    "url": "https://www.instagram.com/explore/locations/1024340115/kex-bar/"
  }
]