[
  {
    "id": "213233607",
    "name": "Akademmistechko",
    "city": "Belichi",
    "url": "https://www.instagram.com/explore/locations/213233607/akademmistechko/"
  },
  {
    "id": "236161962",
    "name": "Kotsiubynske",
    "city": "Belichi",
    "url": "https://www.instagram.com/explore/locations/236161962/kotsiubynske/"
  },
  {
    "id": "375985121",
    "name": "Turkey,Kemer",
    "city": "Belichi",
    "url": "https://www.instagram.com/explore/locations/375985121/turkeykemer/"
  },
  {
    "id": "107903043942633",
    "name": "ZEBRA",
    "city": "Belichi",
    "url": "https://www.instagram.com/explore/locations/107903043942633/zebra/"
  },
  {
    "id": "458055437893427",
    "name": "ТЦ ACADEM City",
    "city": "Belichi",
    "url": "https://www.instagram.com/explore/locations/458055437893427/academ-city/"
  },
  {
    "id": "100769448372101",
    "name": "Mills",
    "city": "Belichi",
    "url": "https://www.instagram.com/explore/locations/100769448372101/mills/"
  },
  {
    "id": "235759874",
    "name": "Victory Christian Church Kyiv Ukraine",
    "city": "Belichi",
    "url": "https://www.instagram.com/explore/locations/235759874/victory-christian-church-kyiv-ukraine/"
  },
  {
    "id": "282640618898405",
    "name": "STAV14",
    "city": "Belichi",
    "url": "https://www.instagram.com/explore/locations/282640618898405/stav14/"
  },
  {
    "id": "434234107",
    "name": "Hanami restaurant & bar",
    "city": "Belichi",
    "url": "https://www.instagram.com/explore/locations/434234107/hanami-restaurant-bar/"
  },
  {
    "id": "488561701575443",
    "name": "Ресторан Rioni Киев",
    "city": "Belichi",
    "url": "https://www.instagram.com/explore/locations/488561701575443/rioni/"
  },
  {
    "id": "1919796304901717",
    "name": "Hanami Restaurant & bar",
    "city": "Belichi",
    "url": "https://www.instagram.com/explore/locations/1919796304901717/hanami-restaurant-bar/"
  },
  {
    "id": "1419696714830580",
    "name": "Banya Club",
    "city": "Belichi",
    "url": "https://www.instagram.com/explore/locations/1419696714830580/banya-club/"
  },
  {
    "id": "1434684919946952",
    "name": "VIA-FITness",
    "city": "Belichi",
    "url": "https://www.instagram.com/explore/locations/1434684919946952/via-fitness/"
  },
  {
    "id": "243345399663768",
    "name": "олевская 3",
    "city": "Belichi",
    "url": "https://www.instagram.com/explore/locations/243345399663768/3/"
  },
  {
    "id": "586378855",
    "name": "Спорт-клуб \"Адреналин\"",
    "city": "Belichi",
    "url": "https://www.instagram.com/explore/locations/586378855/-/"
  },
  {
    "id": "1028694524",
    "name": "Ліцей #304 Святошинського району м.Києва",
    "city": "Belichi",
    "url": "https://www.instagram.com/explore/locations/1028694524/304/"
  },
  {
    "id": "235563697",
    "name": "Осенняя,33 Киев",
    "city": "Belichi",
    "url": "https://www.instagram.com/explore/locations/235563697/33/"
  },
  {
    "id": "108392983888439",
    "name": "ЖК Be the One",
    "city": "Belichi",
    "url": "https://www.instagram.com/explore/locations/108392983888439/be-the-one/"
  },
  {
    "id": "241381715971991",
    "name": "Ukraina, Kiev",
    "city": "Belichi",
    "url": "https://www.instagram.com/explore/locations/241381715971991/ukraina-kiev/"
  },
  {
    "id": "102800560140818",
    "name": "Blackberry",
    "city": "Belichi",
    "url": "https://www.instagram.com/explore/locations/102800560140818/blackberry/"
  },
  {
    "id": "324935488103738",
    "name": "Skypark",
    "city": "Belichi",
    "url": "https://www.instagram.com/explore/locations/324935488103738/skypark/"
  },
  {
    "id": "2070173066558435",
    "name": "Вулиця Ірпінська, 76, Київ, 03179",
    "city": "Belichi",
    "url": "https://www.instagram.com/explore/locations/2070173066558435/76-03179/"
  },
  {
    "id": "109586771353737",
    "name": "Harvest Restaurant",
    "city": "Belichi",
    "url": "https://www.instagram.com/explore/locations/109586771353737/harvest-restaurant/"
  },
  {
    "id": "293662748079814",
    "name": "Житловий комплекс \"Академ-Квартал\"",
    "city": "Belichi",
    "url": "https://www.instagram.com/explore/locations/293662748079814/-/"
  },
  {
    "id": "2236080539735710",
    "name": "HANAMI restaurant & bar в Academ City",
    "city": "Belichi",
    "url": "https://www.instagram.com/explore/locations/2236080539735710/hanami-restaurant-bar-academ-city/"
  },
  {
    "id": "2377970882227310",
    "name": "вул. Генерала Наумова, 66",
    "city": "Belichi",
    "url": "https://www.instagram.com/explore/locations/2377970882227310/66/"
  },
  {
    "id": "372345182830823",
    "name": "Gizlikent",
    "city": "Belichi",
    "url": "https://www.instagram.com/explore/locations/372345182830823/gizlikent/"
  },
  {
    "id": "170752593415907",
    "name": "Фитнес-Центр Фитлайн",
    "city": "Belichi",
    "url": "https://www.instagram.com/explore/locations/170752593415907/-/"
  },
  {
    "id": "1893430137582414",
    "name": "VANA LINGERIE SHOP",
    "city": "Belichi",
    "url": "https://www.instagram.com/explore/locations/1893430137582414/vana-lingerie-shop/"
  },
  {
    "id": "274287856",
    "name": "Олевская 5",
    "city": "Belichi",
    "url": "https://www.instagram.com/explore/locations/274287856/5/"
  },
  {
    "id": "103944638269290",
    "name": "Семашко 13 Спортклуб Дії",
    "city": "Belichi",
    "url": "https://www.instagram.com/explore/locations/103944638269290/13/"
  },
  {
    "id": "142342713159902",
    "name": "Школа № 50",
    "city": "Belichi",
    "url": "https://www.instagram.com/explore/locations/142342713159902/no-50/"
  },
  {
    "id": "1541297306178409",
    "name": "Спеціалізована Школа 200 Ім. В. Стуса",
    "city": "Belichi",
    "url": "https://www.instagram.com/explore/locations/1541297306178409/200/"
  },
  {
    "id": "827466466",
    "name": "Akademmistečko (Metropolitana di Kiev)",
    "city": "Belichi",
    "url": "https://www.instagram.com/explore/locations/827466466/akademmistecko-metropolitana-di-kiev/"
  },
  {
    "id": "297367370787751",
    "name": "Школа 288",
    "city": "Belichi",
    "url": "https://www.instagram.com/explore/locations/297367370787751/288/"
  },
  {
    "id": "741767683",
    "name": "Sportclub Dii",
    "city": "Belichi",
    "url": "https://www.instagram.com/explore/locations/741767683/sportclub-dii/"
  },
  {
    "id": "110438460467981",
    "name": "Vakaruk keratin studio",
    "city": "Belichi",
    "url": "https://www.instagram.com/explore/locations/110438460467981/vakaruk-keratin-studio/"
  },
  {
    "id": "726274281",
    "name": "Akademmistechko",
    "city": "Belichi",
    "url": "https://www.instagram.com/explore/locations/726274281/akademmistechko/"
  },
  {
    "id": "242853916",
    "name": "Keeper",
    "city": "Belichi",
    "url": "https://www.instagram.com/explore/locations/242853916/keeper/"
  },
  {
    "id": "200279807167744",
    "name": "Helen Nail Service - маникюр, шеллак, наращивание и дизайн ногтей",
    "city": "Belichi",
    "url": "https://www.instagram.com/explore/locations/200279807167744/helen-nail-service-/"
  },
  {
    "id": "141377909048915",
    "name": "Nice Price",
    "city": "Belichi",
    "url": "https://www.instagram.com/explore/locations/141377909048915/nice-price/"
  },
  {
    "id": "564589448",
    "name": "Салон краси \"Тетяна т.587 83 33",
    "city": "Belichi",
    "url": "https://www.instagram.com/explore/locations/564589448/587-83-33/"
  },
  {
    "id": "297633800674614",
    "name": "Ri.tattoo Studio",
    "city": "Belichi",
    "url": "https://www.instagram.com/explore/locations/297633800674614/ritattoo-studio/"
  },
  {
    "id": "135344720286804",
    "name": "Ilmolino",
    "city": "Belichi",
    "url": "https://www.instagram.com/explore/locations/135344720286804/ilmolino/"
  },
  {
    "id": "127601824674989",
    "name": "Житловий комплекс 4U",
    "city": "Belichi",
    "url": "https://www.instagram.com/explore/locations/127601824674989/4u/"
  },
  {
    "id": "102931331855591",
    "name": "Медичний центр Med-Deo",
    "city": "Belichi",
    "url": "https://www.instagram.com/explore/locations/102931331855591/med-deo/"
  },
  {
    "id": "613131620",
    "name": "Ліцей 287 м. Києва",
    "city": "Belichi",
    "url": "https://www.instagram.com/explore/locations/613131620/287/"
  },
  {
    "id": "161186144832221",
    "name": "Аеродром НТК ім. Антонова (NNN)",
    "city": "Belichi",
    "url": "https://www.instagram.com/explore/locations/161186144832221/nnn/"
  },
  {
    "id": "1020981443",
    "name": "KEY School - Ключова Школа",
    "city": "Belichi",
    "url": "https://www.instagram.com/explore/locations/1020981443/key-school-/"
  },
  {
    "id": "259383016",
    "name": "Беличанская Библейская Церковь / Belichi Bible Church",
    "city": "Belichi",
    "url": "https://www.instagram.com/explore/locations/259383016/belichi-bible-church/"
  },
  {
    "id": "764238990594331",
    "name": "Onyx-stroi",
    "city": "Belichi",
    "url": "https://www.instagram.com/explore/locations/764238990594331/onyx-stroi/"
  },
  {
    "id": "375464266343886",
    "name": "Mamamia!",
    "city": "Belichi",
    "url": "https://www.instagram.com/explore/locations/375464266343886/mamamia/"
  },
  {
    "id": "1025825340908796",
    "name": "Nmax",
    "city": "Belichi",
    "url": "https://www.instagram.com/explore/locations/1025825340908796/nmax/"
  },
  {
    "id": "1799035323723934",
    "name": "Восстановление данных в Киеве/ Data recovery in Kiev",
    "city": "Belichi",
    "url": "https://www.instagram.com/explore/locations/1799035323723934/data-recovery-in-kiev/"
  },
  {
    "id": "1026181057",
    "name": "Салон краси \"Daniel\"",
    "city": "Belichi",
    "url": "https://www.instagram.com/explore/locations/1026181057/daniel/"
  },
  {
    "id": "436314337144324",
    "name": "Boomcoffeebar",
    "city": "Belichi",
    "url": "https://www.instagram.com/explore/locations/436314337144324/boomcoffeebar/"
  },
  {
    "id": "729221982",
    "name": "Зоосалон Groomerie",
    "city": "Belichi",
    "url": "https://www.instagram.com/explore/locations/729221982/groomerie/"
  },
  {
    "id": "577512541",
    "name": "Наконец-То Дома))",
    "city": "Belichi",
    "url": "https://www.instagram.com/explore/locations/577512541/-/"
  },
  {
    "id": "102413884501304",
    "name": "Anextour Akadem Kiev",
    "city": "Belichi",
    "url": "https://www.instagram.com/explore/locations/102413884501304/anextour-akadem-kiev/"
  },
  {
    "id": "980369585475336",
    "name": "ЖК Utlandia",
    "city": "Belichi",
    "url": "https://www.instagram.com/explore/locations/980369585475336/utlandia/"
  },
  {
    "id": "313177412406084",
    "name": "EPA Ukraine",
    "city": "Belichi",
    "url": "https://www.instagram.com/explore/locations/313177412406084/epa-ukraine/"
  },
  {
    "id": "107175410849831",
    "name": "Ресторан «Dom»",
    "city": "Belichi",
    "url": "https://www.instagram.com/explore/locations/107175410849831/dom/"
  },
  {
    "id": "1028945379",
    "name": "Авторазборка Daewoo Lanos",
    "city": "Belichi",
    "url": "https://www.instagram.com/explore/locations/1028945379/daewoo-lanos/"
  },
  {
    "id": "112512667220085",
    "name": "Галя Балувана AcademCity",
    "city": "Belichi",
    "url": "https://www.instagram.com/explore/locations/112512667220085/academcity/"
  },
  {
    "id": "185245079081404",
    "name": "McDonald's",
    "city": "Belichi",
    "url": "https://www.instagram.com/explore/locations/185245079081404/mcdonalds/"
  },
  {
    "id": "1041671642708049",
    "name": "Family Home",
    "city": "Belichi",
    "url": "https://www.instagram.com/explore/locations/1041671642708049/family-home/"
  },
  {
    "id": "262618237",
    "name": "ул. Н. Ушакова, 1-Б",
    "city": "Belichi",
    "url": "https://www.instagram.com/explore/locations/262618237/1-/"
  },
  {
    "id": "111404635131794",
    "name": "Tovsta Kachka Restaurant",
    "city": "Belichi",
    "url": "https://www.instagram.com/explore/locations/111404635131794/tovsta-kachka-restaurant/"
  },
  {
    "id": "493081604",
    "name": "Akademmistečko",
    "city": "Belichi",
    "url": "https://www.instagram.com/explore/locations/493081604/akademmistecko/"
  },
  {
    "id": "935198589943672",
    "name": "Фабрика Ялинкових Прикрас в Клавдієво-Тарасово",
    "city": "Belichi",
    "url": "https://www.instagram.com/explore/locations/935198589943672/-/"
  },
  {
    "id": "316235065",
    "name": "Пуща-Водица",
    "city": "Belichi",
    "url": "https://www.instagram.com/explore/locations/316235065/-/"
  },
  {
    "id": "239045499861714",
    "name": "Кафе Грюнвальд / Grünwald",
    "city": "Belichi",
    "url": "https://www.instagram.com/explore/locations/239045499861714/grunwald/"
  },
  {
    "id": "3169384",
    "name": "Novus",
    "city": "Belichi",
    "url": "https://www.instagram.com/explore/locations/3169384/novus/"
  },
  {
    "id": "101757109587744",
    "name": "Dance House Studio",
    "city": "Belichi",
    "url": "https://www.instagram.com/explore/locations/101757109587744/dance-house-studio/"
  },
  {
    "id": "517082735450116",
    "name": "ЖК «Щасливий» Platinum Київ",
    "city": "Belichi",
    "url": "https://www.instagram.com/explore/locations/517082735450116/platinum/"
  },
  {
    "id": "290914124932745",
    "name": "Joy Label",
    "city": "Belichi",
    "url": "https://www.instagram.com/explore/locations/290914124932745/joy-label/"
  },
  {
    "id": "220555966",
    "name": "Joy Label",
    "city": "Belichi",
    "url": "https://www.instagram.com/explore/locations/220555966/joy-label/"
  },
  {
    "id": "1967154800233018",
    "name": "KPI",
    "city": "Belichi",
    "url": "https://www.instagram.com/explore/locations/1967154800233018/kpi/"
  },
  {
    "id": "619456041423311",
    "name": "Брест-Литовское шоссе",
    "city": "Belichi",
    "url": "https://www.instagram.com/explore/locations/619456041423311/-/"
  },
  {
    "id": "119241269736968",
    "name": "Fisherman",
    "city": "Belichi",
    "url": "https://www.instagram.com/explore/locations/119241269736968/fisherman/"
  },
  {
    "id": "2034860726744121",
    "name": "Середня загальноосвітня школа №162",
    "city": "Belichi",
    "url": "https://www.instagram.com/explore/locations/2034860726744121/no162/"
  },
  {
    "id": "697137963",
    "name": "Estação Akademmistechko",
    "city": "Belichi",
    "url": "https://www.instagram.com/explore/locations/697137963/estacao-akademmistechko/"
  },
  {
    "id": "792775330789750",
    "name": "Клуб-школа Айкiдо \"Хiбарi\"",
    "city": "Belichi",
    "url": "https://www.instagram.com/explore/locations/792775330789750/-i-ii/"
  },
  {
    "id": "103183654711919",
    "name": "Эко-планета",
    "city": "Belichi",
    "url": "https://www.instagram.com/explore/locations/103183654711919/-/"
  },
  {
    "id": "106975218718973",
    "name": "Extreme GYM",
    "city": "Belichi",
    "url": "https://www.instagram.com/explore/locations/106975218718973/extreme-gym/"
  },
  {
    "id": "194502717839380",
    "name": "Школа 230",
    "city": "Belichi",
    "url": "https://www.instagram.com/explore/locations/194502717839380/230/"
  },
  {
    "id": "2039268476292769",
    "name": "Orest Panchuk MD",
    "city": "Belichi",
    "url": "https://www.instagram.com/explore/locations/2039268476292769/orest-panchuk-md/"
  },
  {
    "id": "1814924708729740",
    "name": "Lepota",
    "city": "Belichi",
    "url": "https://www.instagram.com/explore/locations/1814924708729740/lepota/"
  },
  {
    "id": "2138538703064432",
    "name": "Pole dance studio \"Heaven\"",
    "city": "Belichi",
    "url": "https://www.instagram.com/explore/locations/2138538703064432/pole-dance-studio-heaven/"
  },
  {
    "id": "905710530",
    "name": "Viyana",
    "city": "Belichi",
    "url": "https://www.instagram.com/explore/locations/905710530/viyana/"
  },
  {
    "id": "145553048926860",
    "name": "Enjoying Club",
    "city": "Belichi",
    "url": "https://www.instagram.com/explore/locations/145553048926860/enjoying-club/"
  },
  {
    "id": "105812527573376",
    "name": "Комната Красоты Plombir",
    "city": "Belichi",
    "url": "https://www.instagram.com/explore/locations/105812527573376/plombir/"
  },
  {
    "id": "250146918",
    "name": "Agromat",
    "city": "Belichi",
    "url": "https://www.instagram.com/explore/locations/250146918/agromat/"
  },
  {
    "id": "255793471438820",
    "name": "Profline&Beauty",
    "city": "Belichi",
    "url": "https://www.instagram.com/explore/locations/255793471438820/proflinebeauty/"
  },
  {
    "id": "100516391461484",
    "name": "ADOPT",
    "city": "Belichi",
    "url": "https://www.instagram.com/explore/locations/100516391461484/adopt/"
  },
  {
    "id": "102192265580103",
    "name": "Nesvit Cafe",
    "city": "Belichi",
    "url": "https://www.instagram.com/explore/locations/102192265580103/nesvit-cafe/"
  },
  {
    "id": "279072495773294",
    "name": "Livolo Украина",
    "city": "Belichi",
    "url": "https://www.instagram.com/explore/locations/279072495773294/livolo/"
  },
  {
    "id": "733044086",
    "name": "Ул. Казимира Малевича 86а",
    "city": "Belichi",
    "url": "https://www.instagram.com/explore/locations/733044086/86/"
  },
  {
    "id": "115758724754799",
    "name": "B1 Hotel",
    "city": "Belichi",
    "url": "https://www.instagram.com/explore/locations/115758724754799/b1-hotel/"
  },
  {
    "id": "116871509691982",
    "name": "GRAND KB",
    "city": "Belichi",
    "url": "https://www.instagram.com/explore/locations/116871509691982/grand-kb/"
  },
  {
    "id": "2134351496795617",
    "name": "Ltl Group",
    "city": "Belichi",
    "url": "https://www.instagram.com/explore/locations/2134351496795617/ltl-group/"
  },
  {
    "id": "104373757923434",
    "name": "Jelly Fish",
    "city": "Belichi",
    "url": "https://www.instagram.com/explore/locations/104373757923434/jelly-fish/"
  },
  {
    "id": "421483358",
    "name": "НовоБеличи-церковь-Киев",
    "city": "Belichi",
    "url": "https://www.instagram.com/explore/locations/421483358/-/"
  },
  {
    "id": "524913774681326",
    "name": "Лико-Мед",
    "city": "Belichi",
    "url": "https://www.instagram.com/explore/locations/524913774681326/-/"
  },
  {
    "id": "379607422054699",
    "name": "Спеціалізований навчально-виховний комплекс \"Лілея\"",
    "city": "Belichi",
    "url": "https://www.instagram.com/explore/locations/379607422054699/-/"
  },
  {
    "id": "283948504",
    "name": "School #304",
    "city": "Belichi",
    "url": "https://www.instagram.com/explore/locations/283948504/school-304/"
  },
  {
    "id": "1874989845886956",
    "name": "Health and Beauty",
    "city": "Belichi",
    "url": "https://www.instagram.com/explore/locations/1874989845886956/health-and-beauty/"
  },
  {
    "id": "835418280",
    "name": "Nike",
    "city": "Belichi",
    "url": "https://www.instagram.com/explore/locations/835418280/nike/"
  },
  {
    "id": "348763735332936",
    "name": "Пиши-Читай",
    "city": "Belichi",
    "url": "https://www.instagram.com/explore/locations/348763735332936/-/"
  },
  {
    "id": "781872921",
    "name": "Прилужная 4/15",
    "city": "Belichi",
    "url": "https://www.instagram.com/explore/locations/781872921/415/"
  },
  {
    "id": "2012769265509272",
    "name": "Дитячий садок №532",
    "city": "Belichi",
    "url": "https://www.instagram.com/explore/locations/2012769265509272/no532/"
  },
  {
    "id": "597003814036196",
    "name": "il Molino",
    "city": "Belichi",
    "url": "https://www.instagram.com/explore/locations/597003814036196/il-molino/"
  },
  {
    "id": "2208829462690129",
    "name": "Горошків-Файне село",
    "city": "Belichi",
    "url": "https://www.instagram.com/explore/locations/2208829462690129/-/"
  },
  {
    "id": "1028020132",
    "name": "Квест-комнаты \"Гепард\"",
    "city": "Belichi",
    "url": "https://www.instagram.com/explore/locations/1028020132/-/"
  },
  {
    "id": "105340777938023",
    "name": "Kava Kakava",
    "city": "Belichi",
    "url": "https://www.instagram.com/explore/locations/105340777938023/kava-kakava/"
  },
  {
    "id": "1031676408",
    "name": "Ул.стрелецкая 7/6",
    "city": "Belichi",
    "url": "https://www.instagram.com/explore/locations/1031676408/76/"
  },
  {
    "id": "892410414279948",
    "name": "Vilnyy",
    "city": "Belichi",
    "url": "https://www.instagram.com/explore/locations/892410414279948/vilnyy/"
  },
  {
    "id": "2129357660504563",
    "name": "REDLINE-центр краси та здоров'я",
    "city": "Belichi",
    "url": "https://www.instagram.com/explore/locations/2129357660504563/redline-/"
  },
  {
    "id": "756821711184892",
    "name": "Friends Club Lounge",
    "city": "Belichi",
    "url": "https://www.instagram.com/explore/locations/756821711184892/friends-club-lounge/"
  },
  {
    "id": "104271801201293",
    "name": "Батутный Клуб Ducks",
    "city": "Belichi",
    "url": "https://www.instagram.com/explore/locations/104271801201293/ducks/"
  },
  {
    "id": "1844615499147398",
    "name": "Студия Protort.Кондитерские курсы и мастер классы",
    "city": "Belichi",
    "url": "https://www.instagram.com/explore/locations/1844615499147398/protort/"
  },
  {
    "id": "1898042897101370",
    "name": "Средняя школа 72",
    "city": "Belichi",
    "url": "https://www.instagram.com/explore/locations/1898042897101370/72/"
  },
  {
    "id": "364424280314990",
    "name": "Киев, школа 235",
    "city": "Belichi",
    "url": "https://www.instagram.com/explore/locations/364424280314990/235/"
  },
  {
    "id": "103887915116982",
    "name": "Auto Mania",
    "city": "Belichi",
    "url": "https://www.instagram.com/explore/locations/103887915116982/auto-mania/"
  },
  {
    "id": "1032225772",
    "name": "Interior Fabrics",
    "city": "Belichi",
    "url": "https://www.instagram.com/explore/locations/1032225772/interior-fabrics/"
  },
  {
    "id": "113281823736371",
    "name": "PnevmoTruck",
    "city": "Belichi",
    "url": "https://www.instagram.com/explore/locations/113281823736371/pnevmotruck/"
  },
  {
    "id": "615129862017236",
    "name": "Nutr",
    "city": "Belichi",
    "url": "https://www.instagram.com/explore/locations/615129862017236/nutr/"
  },
  {
    "id": "109771510784371",
    "name": "Професійна школа тенісу Junior",
    "city": "Belichi",
    "url": "https://www.instagram.com/explore/locations/109771510784371/junior/"
  },
  {
    "id": "488326757891312",
    "name": "ДОДОМУ I DODOMU",
    "city": "Belichi",
    "url": "https://www.instagram.com/explore/locations/488326757891312/i-dodomu/"
  },
  {
    "id": "718714025159228",
    "name": "Школа №55",
    "city": "Belichi",
    "url": "https://www.instagram.com/explore/locations/718714025159228/no55/"
  },
  {
    "id": "1015099292",
    "name": "Tuttiquilt Studio",
    "city": "Belichi",
    "url": "https://www.instagram.com/explore/locations/1015099292/tuttiquilt-studio/"
  },
  {
    "id": "100426221878704",
    "name": "Your Mobile Device",
    "city": "Belichi",
    "url": "https://www.instagram.com/explore/locations/100426221878704/your-mobile-device/"
  },
  {
    "id": "467349603786245",
    "name": "Святошенские озера,5 просека ;-)",
    "city": "Belichi",
    "url": "https://www.instagram.com/explore/locations/467349603786245/5-/"
  },
  {
    "id": "1002892689893658",
    "name": "Кафе-барОАЗИС",
    "city": "Belichi",
    "url": "https://www.instagram.com/explore/locations/1002892689893658/-/"
  },
  {
    "id": "1030621423",
    "name": "Киев, Ул. Николая Ушакова 8а",
    "city": "Belichi",
    "url": "https://www.instagram.com/explore/locations/1030621423/8/"
  },
  {
    "id": "408885509298444",
    "name": "Магазин ГБО Evrogas.Установка газа на авто",
    "city": "Belichi",
    "url": "https://www.instagram.com/explore/locations/408885509298444/evrogas/"
  },
  {
    "id": "907219915",
    "name": "Akademmisteczko",
    "city": "Belichi",
    "url": "https://www.instagram.com/explore/locations/907219915/akademmisteczko/"
  },
  {
    "id": "922737517865279",
    "name": "KANOE coffee place",
    "city": "Belichi",
    "url": "https://www.instagram.com/explore/locations/922737517865279/kanoe-coffee-place/"
  },
  {
    "id": "281395674",
    "name": "дачная а-с",
    "city": "Belichi",
    "url": "https://www.instagram.com/explore/locations/281395674/-/"
  },
  {
    "id": "100635192361249",
    "name": "Студія східного танцю \"Dana-Dance Studio\"",
    "city": "Belichi",
    "url": "https://www.instagram.com/explore/locations/100635192361249/dana-dance-studio/"
  },
  {
    "id": "125848358811950",
    "name": "Kyiv Region Rich Villages",
    "city": "Belichi",
    "url": "https://www.instagram.com/explore/locations/125848358811950/kyiv-region-rich-villages/"
  },
  {
    "id": "180722715898931",
    "name": "Василя Стуса 35/37",
    "city": "Belichi",
    "url": "https://www.instagram.com/explore/locations/180722715898931/3537/"
  },
  {
    "id": "703219100",
    "name": "Akademmistetsjko",
    "city": "Belichi",
    "url": "https://www.instagram.com/explore/locations/703219100/akademmistetsjko/"
  },
  {
    "id": "103918371058469",
    "name": "It land. Hub A",
    "city": "Belichi",
    "url": "https://www.instagram.com/explore/locations/103918371058469/it-land-hub-a/"
  },
  {
    "id": "263238107716624",
    "name": "ул. чернобыльская 16/80",
    "city": "Belichi",
    "url": "https://www.instagram.com/explore/locations/263238107716624/1680/"
  },
  {
    "id": "1495559753856165",
    "name": "Lusori",
    "city": "Belichi",
    "url": "https://www.instagram.com/explore/locations/1495559753856165/lusori/"
  },
  {
    "id": "1037149983035452",
    "name": "Ирпенская 76,бтц,nail BAR, Школа Красоты \"beauty School\"",
    "city": "Belichi",
    "url": "https://www.instagram.com/explore/locations/1037149983035452/76nail-bar-beauty-school/"
  },
  {
    "id": "177701186509622",
    "name": "Спорт-бар",
    "city": "Belichi",
    "url": "https://www.instagram.com/explore/locations/177701186509622/-/"
  },
  {
    "id": "133232473906358",
    "name": "VDali",
    "city": "Belichi",
    "url": "https://www.instagram.com/explore/locations/133232473906358/vdali/"
  },
  {
    "id": "108069927315903",
    "name": "BEER MAN drink market",
    "city": "Belichi",
    "url": "https://www.instagram.com/explore/locations/108069927315903/beer-man-drink-market/"
  },
  {
    "id": "421966528153485",
    "name": "Shabaltas",
    "city": "Belichi",
    "url": "https://www.instagram.com/explore/locations/421966528153485/shabaltas/"
  },
  {
    "id": "310537299333429",
    "name": "Relax Cafe Kyiv",
    "city": "Belichi",
    "url": "https://www.instagram.com/explore/locations/310537299333429/relax-cafe-kyiv/"
  },
  {
    "id": "327704716",
    "name": "Брест-Литовский Лес",
    "city": "Belichi",
    "url": "https://www.instagram.com/explore/locations/327704716/-/"
  },
  {
    "id": "171726820413601",
    "name": "# Julia's Coffee Shop",
    "city": "Belichi",
    "url": "https://www.instagram.com/explore/locations/171726820413601/julias-coffee-shop/"
  },
  {
    "id": "239819990045297",
    "name": "Domino's Pizza",
    "city": "Belichi",
    "url": "https://www.instagram.com/explore/locations/239819990045297/dominos-pizza/"
  },
  {
    "id": "592487488080841",
    "name": "Студія краси L.O.V",
    "city": "Belichi",
    "url": "https://www.instagram.com/explore/locations/592487488080841/lov/"
  },
  {
    "id": "259718838",
    "name": "Belichi, Kyyivs'Ka Oblast', Ukraine",
    "city": "Belichi",
    "url": "https://www.instagram.com/explore/locations/259718838/belichi-kyyivska-oblast-ukraine/"
  },
  {
    "id": "1204006876446803",
    "name": "Стоматология Садаф-Дент",
    "city": "Belichi",
    "url": "https://www.instagram.com/explore/locations/1204006876446803/-/"
  },
  {
    "id": "1828309340725224",
    "name": "Офис Votumteam",
    "city": "Belichi",
    "url": "https://www.instagram.com/explore/locations/1828309340725224/votumteam/"
  },
  {
    "id": "1022213259",
    "name": "Design studio KomfortHouse",
    "city": "Belichi",
    "url": "https://www.instagram.com/explore/locations/1022213259/design-studio-komforthouse/"
  },
  {
    "id": "1904375983186910",
    "name": "Клиника Красоты и Здоровья Red Line",
    "city": "Belichi",
    "url": "https://www.instagram.com/explore/locations/1904375983186910/red-line/"
  },
  {
    "id": "189801280883706",
    "name": "DZEN Retreat coffee space",
    "city": "Belichi",
    "url": "https://www.instagram.com/explore/locations/189801280883706/dzen-retreat-coffee-space/"
  },
  {
    "id": "287207635228094",
    "name": "ул. Ирпенская, д.68",
    "city": "Belichi",
    "url": "https://www.instagram.com/explore/locations/287207635228094/68/"
  },
  {
    "id": "264625297",
    "name": "UT-Studio",
    "city": "Belichi",
    "url": "https://www.instagram.com/explore/locations/264625297/ut-studio/"
  },
  {
    "id": "108132647687300",
    "name": "Tatto Art",
    "city": "Belichi",
    "url": "https://www.instagram.com/explore/locations/108132647687300/tatto-art/"
  },
  {
    "id": "104800401305401",
    "name": "Pickleball Court",
    "city": "Belichi",
    "url": "https://www.instagram.com/explore/locations/104800401305401/pickleball-court/"
  },
  {
    "id": "1956763461321010",
    "name": "decoline.ua",
    "city": "Belichi",
    "url": "https://www.instagram.com/explore/locations/1956763461321010/decolineua/"
  },
  {
    "id": "129789641009940",
    "name": "Киев, Подлесная, 2",
    "city": "Belichi",
    "url": "https://www.instagram.com/explore/locations/129789641009940/2/"
  },
  {
    "id": "1948853278691131",
    "name": "GART Performance",
    "city": "Belichi",
    "url": "https://www.instagram.com/explore/locations/1948853278691131/gart-performance/"
  },
  {
    "id": "106859011141916",
    "name": "Fayer",
    "city": "Belichi",
    "url": "https://www.instagram.com/explore/locations/106859011141916/fayer/"
  },
  {
    "id": "2130353070613767",
    "name": "Олевська 3",
    "city": "Belichi",
    "url": "https://www.instagram.com/explore/locations/2130353070613767/3/"
  },
  {
    "id": "235624506",
    "name": "Manhattan",
    "city": "Belichi",
    "url": "https://www.instagram.com/explore/locations/235624506/manhattan/"
  },
  {
    "id": "157252498110586",
    "name": "Kyiv Academic University",
    "city": "Belichi",
    "url": "https://www.instagram.com/explore/locations/157252498110586/kyiv-academic-university/"
  },
  {
    "id": "385392898724810",
    "name": "Вул. Чорнобильська 5/7",
    "city": "Belichi",
    "url": "https://www.instagram.com/explore/locations/385392898724810/57/"
  },
  {
    "id": "1963729590616869",
    "name": "Mixbeautystudio",
    "city": "Belichi",
    "url": "https://www.instagram.com/explore/locations/1963729590616869/mixbeautystudio/"
  },
  {
    "id": "1034489468",
    "name": "Helen Doron English Ushakova",
    "city": "Belichi",
    "url": "https://www.instagram.com/explore/locations/1034489468/helen-doron-english-ushakova/"
  },
  {
    "id": "544729436470363",
    "name": "Shashlikyan справжній шашлик",
    "city": "Belichi",
    "url": "https://www.instagram.com/explore/locations/544729436470363/shashlikyan/"
  },
  {
    "id": "869035433138835",
    "name": "Law firm Arceo/Адвокатська компанія \"Арцео\"",
    "city": "Belichi",
    "url": "https://www.instagram.com/explore/locations/869035433138835/law-firm-arceo/"
  },
  {
    "id": "713022625728802",
    "name": "Fly Motors Service",
    "city": "Belichi",
    "url": "https://www.instagram.com/explore/locations/713022625728802/fly-motors-service/"
  },
  {
    "id": "1220414424729604",
    "name": "Mamamia Академгородок",
    "city": "Belichi",
    "url": "https://www.instagram.com/explore/locations/1220414424729604/mamamia/"
  },
  {
    "id": "649900492",
    "name": "Салон краси IRIS",
    "city": "Belichi",
    "url": "https://www.instagram.com/explore/locations/649900492/iris/"
  },
  {
    "id": "318268385652101",
    "name": "Sezone",
    "city": "Belichi",
    "url": "https://www.instagram.com/explore/locations/318268385652101/sezone/"
  },
  {
    "id": "105489844683211",
    "name": "Mister Cat",
    "city": "Belichi",
    "url": "https://www.instagram.com/explore/locations/105489844683211/mister-cat/"
  },
  {
    "id": "266162920672075",
    "name": "Monastic Wellness Academ",
    "city": "Belichi",
    "url": "https://www.instagram.com/explore/locations/266162920672075/monastic-wellness-academ/"
  },
  {
    "id": "233259480429489",
    "name": "Представництво Schlosser Heiztechnik Gruppe",
    "city": "Belichi",
    "url": "https://www.instagram.com/explore/locations/233259480429489/schlosser-heiztechnik-gruppe/"
  },
  {
    "id": "707878432902405",
    "name": "STELZ",
    "city": "Belichi",
    "url": "https://www.instagram.com/explore/locations/707878432902405/stelz/"
  },
  {
    "id": "1403976196384631",
    "name": "Sandalik - перший дитячий супермаркет взуття",
    "city": "Belichi",
    "url": "https://www.instagram.com/explore/locations/1403976196384631/sandalik-/"
  },
  {
    "id": "112971059288588",
    "name": "Киевская гимназия №287",
    "city": "Belichi",
    "url": "https://www.instagram.com/explore/locations/112971059288588/no287/"
  },
  {
    "id": "336061067214546",
    "name": "Олевская 7",
    "city": "Belichi",
    "url": "https://www.instagram.com/explore/locations/336061067214546/7/"
  },
  {
    "id": "107848460564222",
    "name": "Emulsion_coffee",
    "city": "Belichi",
    "url": "https://www.instagram.com/explore/locations/107848460564222/emulsion_coffee/"
  },
  {
    "id": "103461462413439",
    "name": "YMB Mocktail Bar",
    "city": "Belichi",
    "url": "https://www.instagram.com/explore/locations/103461462413439/ymb-mocktail-bar/"
  },
  {
    "id": "1025439525",
    "name": "Ирпенская 68а",
    "city": "Belichi",
    "url": "https://www.instagram.com/explore/locations/1025439525/68/"
  },
  {
    "id": "111482070341965",
    "name": "Салон краси LoRien",
    "city": "Belichi",
    "url": "https://www.instagram.com/explore/locations/111482070341965/lorien/"
  },
  {
    "id": "146969508741847",
    "name": "Active mama",
    "city": "Belichi",
    "url": "https://www.instagram.com/explore/locations/146969508741847/active-mama/"
  },
  {
    "id": "177403603172873",
    "name": "Центр Экстренной Медицины #16",
    "city": "Belichi",
    "url": "https://www.instagram.com/explore/locations/177403603172873/16/"
  },
  {
    "id": "321158632035755",
    "name": "The Light Ua",
    "city": "Belichi",
    "url": "https://www.instagram.com/explore/locations/321158632035755/the-light-ua/"
  },
  {
    "id": "100341566412076",
    "name": "VRS Київ, автосервіс",
    "city": "Belichi",
    "url": "https://www.instagram.com/explore/locations/100341566412076/vrs/"
  },
  {
    "id": "1025014700969759",
    "name": "Днз 567 «калинонька»",
    "city": "Belichi",
    "url": "https://www.instagram.com/explore/locations/1025014700969759/567/"
  },
  {
    "id": "1761787147275899",
    "name": "13-й Микрорайон",
    "city": "Belichi",
    "url": "https://www.instagram.com/explore/locations/1761787147275899/13-/"
  },
  {
    "id": "229237284606356",
    "name": "Генерала Наумова 23а",
    "city": "Belichi",
    "url": "https://www.instagram.com/explore/locations/229237284606356/23/"
  },
  {
    "id": "519409765087675",
    "name": "Наука-Спорт",
    "city": "Belichi",
    "url": "https://www.instagram.com/explore/locations/519409765087675/-/"
  },
  {
    "id": "1779588955654451",
    "name": "Ул. Доброхотова 7а",
    "city": "Belichi",
    "url": "https://www.instagram.com/explore/locations/1779588955654451/7/"
  },
  {
    "id": "103159671067891",
    "name": "Novobilychi",
    "city": "Belichi",
    "url": "https://www.instagram.com/explore/locations/103159671067891/novobilychi/"
  },
  {
    "id": "280986535843996",
    "name": "Brancho",
    "city": "Belichi",
    "url": "https://www.instagram.com/explore/locations/280986535843996/brancho/"
  },
  {
    "id": "108929421480360",
    "name": "VR Studio",
    "city": "Belichi",
    "url": "https://www.instagram.com/explore/locations/108929421480360/vr-studio/"
  },
  {
    "id": "104557237654999",
    "name": "Romanenko Team",
    "city": "Belichi",
    "url": "https://www.instagram.com/explore/locations/104557237654999/romanenko-team/"
  },
  {
    "id": "104736398109164",
    "name": "Milashka",
    "city": "Belichi",
    "url": "https://www.instagram.com/explore/locations/104736398109164/milashka/"
  },
  {
    "id": "103297599315107",
    "name": "Salvadore простір краси",
    "city": "Belichi",
    "url": "https://www.instagram.com/explore/locations/103297599315107/salvadore/"
  },
  {
    "id": "1014878526",
    "name": "Secret Loft",
    "city": "Belichi",
    "url": "https://www.instagram.com/explore/locations/1014878526/secret-loft/"
  },
  {
    "id": "451927435569088",
    "name": "Малинская 1",
    "city": "Belichi",
    "url": "https://www.instagram.com/explore/locations/451927435569088/1/"
  },
  {
    "id": "544286139367035",
    "name": "Академика Ефремова,7а",
    "city": "Belichi",
    "url": "https://www.instagram.com/explore/locations/544286139367035/7/"
  },
  {
    "id": "300407770299445",
    "name": "Ресторан Диброва Ул.николая Ушакова 1",
    "city": "Belichi",
    "url": "https://www.instagram.com/explore/locations/300407770299445/1/"
  },
  {
    "id": "1014245590",
    "name": "Film studio Grand Profit",
    "city": "Belichi",
    "url": "https://www.instagram.com/explore/locations/1014245590/film-studio-grand-profit/"
  },
  {
    "id": "187962938548229",
    "name": "Став 15",
    "city": "Belichi",
    "url": "https://www.instagram.com/explore/locations/187962938548229/15/"
  },
  {
    "id": "432668777167502",
    "name": "Натяжные Потолки Lux-Decor Ул.олевская 9",
    "city": "Belichi",
    "url": "https://www.instagram.com/explore/locations/432668777167502/lux-decor-9/"
  },
  {
    "id": "1011507976",
    "name": "Simcorp Ukraine LLC",
    "city": "Belichi",
    "url": "https://www.instagram.com/explore/locations/1011507976/simcorp-ukraine-llc/"
  },
  {
    "id": "192004394706657",
    "name": "Ресторан Rioni",
    "city": "Belichi",
    "url": "https://www.instagram.com/explore/locations/192004394706657/rioni/"
  },
  {
    "id": "1018731679",
    "name": "Tervix",
    "city": "Belichi",
    "url": "https://www.instagram.com/explore/locations/1018731679/tervix/"
  },
  {
    "id": "40297342",
    "name": "Керамик-Сити",
    "city": "Belichi",
    "url": "https://www.instagram.com/explore/locations/40297342/-/"
  },
  {
    "id": "19234782",
    "name": "Kotsyba Lake",
    "city": "Belichi",
    "url": "https://www.instagram.com/explore/locations/19234782/kotsyba-lake/"
  },
  {
    "id": "100380697989976",
    "name": "33 конфеты",
    "city": "Belichi",
    "url": "https://www.instagram.com/explore/locations/100380697989976/33/"
  },
  {
    "id": "601060573669648",
    "name": "Дитячий садок №33 «Дивограй»",
    "city": "Belichi",
    "url": "https://www.instagram.com/explore/locations/601060573669648/no33/"
  },
  {
    "id": "695249254192673",
    "name": "Kids Life School",
    "city": "Belichi",
    "url": "https://www.instagram.com/explore/locations/695249254192673/kids-life-school/"
  },
  {
    "id": "101108218322538",
    "name": "СТО \"Remcars\"",
    "city": "Belichi",
    "url": "https://www.instagram.com/explore/locations/101108218322538/remcars/"
  },
  {
    "id": "297945334176910",
    "name": "Ирпенская 76 Магизин Парфюмерии,косметики,подарков Bystef",
    "city": "Belichi",
    "url": "https://www.instagram.com/explore/locations/297945334176910/76-bystef/"
  },
  {
    "id": "361307394280826",
    "name": "Студія манікюру - Новобіличі",
    "city": "Belichi",
    "url": "https://www.instagram.com/explore/locations/361307394280826/-/"
  },
  {
    "id": "1011395569",
    "name": "Школа 162",
    "city": "Belichi",
    "url": "https://www.instagram.com/explore/locations/1011395569/162/"
  },
  {
    "id": "109952215320762",
    "name": "Teacha English&Chinese",
    "city": "Belichi",
    "url": "https://www.instagram.com/explore/locations/109952215320762/teacha-englishchinese/"
  },
  {
    "id": "1386095174791076",
    "name": "Арт Студия на ЛипкахКурсы живописи Флип-флоп портретыКартины на заказ",
    "city": "Belichi",
    "url": "https://www.instagram.com/explore/locations/1386095174791076/-/"
  },
  {
    "id": "347078525158970",
    "name": "FILnailsBar",
    "city": "Belichi",
    "url": "https://www.instagram.com/explore/locations/347078525158970/filnailsbar/"
  },
  {
    "id": "100306972528530",
    "name": "At my grandmother's house",
    "city": "Belichi",
    "url": "https://www.instagram.com/explore/locations/100306972528530/at-my-grandmothers-house/"
  },
  {
    "id": "350604292268758",
    "name": "Муай-тай Тайский бокс",
    "city": "Belichi",
    "url": "https://www.instagram.com/explore/locations/350604292268758/-/"
  },
  {
    "id": "456157890",
    "name": "Київська Регіональна Митниця, Митний Пост \"Київ-Західний\"",
    "city": "Belichi",
    "url": "https://www.instagram.com/explore/locations/456157890/-/"
  },
  {
    "id": "544300736014836",
    "name": "Феодоры Пушиной 50-А",
    "city": "Belichi",
    "url": "https://www.instagram.com/explore/locations/544300736014836/50-/"
  },
  {
    "id": "113553851757891",
    "name": "The GIRLS Beauty Studio",
    "city": "Belichi",
    "url": "https://www.instagram.com/explore/locations/113553851757891/the-girls-beauty-studio/"
  },
  {
    "id": "369433370463138",
    "name": "BellaGrano",
    "city": "Belichi",
    "url": "https://www.instagram.com/explore/locations/369433370463138/bellagrano/"
  },
  {
    "id": "649945212",
    "name": "Romsat",
    "city": "Belichi",
    "url": "https://www.instagram.com/explore/locations/649945212/romsat/"
  },
  {
    "id": "568224873638735",
    "name": "Николая Ушакова 12",
    "city": "Belichi",
    "url": "https://www.instagram.com/explore/locations/568224873638735/12/"
  },
  {
    "id": "2038563006389792",
    "name": "ДНЗ 200",
    "city": "Belichi",
    "url": "https://www.instagram.com/explore/locations/2038563006389792/200/"
  },
  {
    "id": "1111495695595554",
    "name": "Vavilon",
    "city": "Belichi",
    "url": "https://www.instagram.com/explore/locations/1111495695595554/vavilon/"
  },
  {
    "id": "138787780250669",
    "name": "Сушия - сучасна японська кухня",
    "city": "Belichi",
    "url": "https://www.instagram.com/explore/locations/138787780250669/-/"
  },
  {
    "id": "1891660790874870",
    "name": "Beer & whisky resto",
    "city": "Belichi",
    "url": "https://www.instagram.com/explore/locations/1891660790874870/beer-whisky-resto/"
  },
  {
    "id": "461022004389320",
    "name": "Akademus",
    "city": "Belichi",
    "url": "https://www.instagram.com/explore/locations/461022004389320/akademus/"
  },
  {
    "id": "1837209876533117",
    "name": "КНП \"цпмсд 1Святошинського Району",
    "city": "Belichi",
    "url": "https://www.instagram.com/explore/locations/1837209876533117/1/"
  },
  {
    "id": "240479663070877",
    "name": "MOVA center",
    "city": "Belichi",
    "url": "https://www.instagram.com/explore/locations/240479663070877/mova-center/"
  },
  {
    "id": "114112213631167",
    "name": "AlbaMed LTD",
    "city": "Belichi",
    "url": "https://www.instagram.com/explore/locations/114112213631167/albamed-ltd/"
  },
  {
    "id": "110754287964151",
    "name": "DANCE HOUSE",
    "city": "Belichi",
    "url": "https://www.instagram.com/explore/locations/110754287964151/dance-house/"
  },
  {
    "id": "274790551",
    "name": "Доброхотова 11, Фора",
    "city": "Belichi",
    "url": "https://www.instagram.com/explore/locations/274790551/11/"
  },
  {
    "id": "1200029840099345",
    "name": "Beauty Studio Ой Всё",
    "city": "Belichi",
    "url": "https://www.instagram.com/explore/locations/1200029840099345/beauty-studio/"
  },
  {
    "id": "1016599600",
    "name": "Fitness24h",
    "city": "Belichi",
    "url": "https://www.instagram.com/explore/locations/1016599600/fitness24h/"
  },
  {
    "id": "779904542392974",
    "name": "TREND Insight детские развивающие игровые площадки Киев, Украина",
    "city": "Belichi",
    "url": "https://www.instagram.com/explore/locations/779904542392974/trend-insight/"
  },
  {
    "id": "231380673966503",
    "name": "ГО \"Біличанський рибалкаНагульний став N3 Інституту рибного господарства",
    "city": "Belichi",
    "url": "https://www.instagram.com/explore/locations/231380673966503/n3/"
  },
  {
    "id": "545685378871190",
    "name": "XAnagen",
    "city": "Belichi",
    "url": "https://www.instagram.com/explore/locations/545685378871190/xanagen/"
  },
  {
    "id": "939862516108861",
    "name": "Univest Promo Park",
    "city": "Belichi",
    "url": "https://www.instagram.com/explore/locations/939862516108861/univest-promo-park/"
  },
  {
    "id": "2120043624719083",
    "name": "ул. Академика Доброхотова 11",
    "city": "Belichi",
    "url": "https://www.instagram.com/explore/locations/2120043624719083/11/"
  },
  {
    "id": "1020675973",
    "name": "Tyridzes Home",
    "city": "Belichi",
    "url": "https://www.instagram.com/explore/locations/1020675973/tyridzes-home/"
  },
  {
    "id": "1775863989172517",
    "name": "Мотошкола TDM - Racing team&motoschool",
    "city": "Belichi",
    "url": "https://www.instagram.com/explore/locations/1775863989172517/tdm-racing-teammotoschool/"
  },
  {
    "id": "248075435839672",
    "name": "Семашко 21",
    "city": "Belichi",
    "url": "https://www.instagram.com/explore/locations/248075435839672/21/"
  },
  {
    "id": "259028354",
    "name": "Mc Donalds",
    "city": "Belichi",
    "url": "https://www.instagram.com/explore/locations/259028354/mc-donalds/"
  },
  {
    "id": "787794541",
    "name": "Kozjubynske",
    "city": "Belichi",
    "url": "https://www.instagram.com/explore/locations/787794541/kozjubynske/"
  },
  {
    "id": "221005220",
    "name": "Академия Фитнеса 21 Век.",
    "city": "Belichi",
    "url": "https://www.instagram.com/explore/locations/221005220/21/"
  },
  {
    "id": "254395208009931",
    "name": "Київ, Пр. Палладіна 18/30",
    "city": "Belichi",
    "url": "https://www.instagram.com/explore/locations/254395208009931/1830/"
  },
  {
    "id": "100936335647882",
    "name": "ЖК Gravity Park",
    "city": "Belichi",
    "url": "https://www.instagram.com/explore/locations/100936335647882/gravity-park/"
  },
  {
    "id": "107734624830321",
    "name": "Sent De Leon Maltese Kennel",
    "city": "Belichi",
    "url": "https://www.instagram.com/explore/locations/107734624830321/sent-de-leon-maltese-kennel/"
  },
  {
    "id": "1010032170",
    "name": "Bandicoot",
    "city": "Belichi",
    "url": "https://www.instagram.com/explore/locations/1010032170/bandicoot/"
  },
  {
    "id": "1792076794442262",
    "name": "Тбилиский Переулок 4/10",
    "city": "Belichi",
    "url": "https://www.instagram.com/explore/locations/1792076794442262/410/"
  },
  {
    "id": "518476868254014",
    "name": "Майстерня заточки Solonko",
    "city": "Belichi",
    "url": "https://www.instagram.com/explore/locations/518476868254014/solonko/"
  },
  {
    "id": "109908450940990",
    "name": "KIDS TIME",
    "city": "Belichi",
    "url": "https://www.instagram.com/explore/locations/109908450940990/kids-time/"
  },
  {
    "id": "325366688014642",
    "name": "Mon Sheri",
    "city": "Belichi",
    "url": "https://www.instagram.com/explore/locations/325366688014642/mon-sheri/"
  },
  {
    "id": "589006151269236",
    "name": "Малинская 16",
    "city": "Belichi",
    "url": "https://www.instagram.com/explore/locations/589006151269236/16/"
  },
  {
    "id": "2008447875861073",
    "name": "Школа №304",
    "city": "Belichi",
    "url": "https://www.instagram.com/explore/locations/2008447875861073/no304/"
  },
  {
    "id": "2194794280851158",
    "name": "Ray Light",
    "city": "Belichi",
    "url": "https://www.instagram.com/explore/locations/2194794280851158/ray-light/"
  },
  {
    "id": "1015234800",
    "name": "Киндерленд - центр раннего развития, детский сад.",
    "city": "Belichi",
    "url": "https://www.instagram.com/explore/locations/1015234800/-/"
  },
  {
    "id": "155687318483139",
    "name": "No Taboo - бутик пикантных игрушек м. Академгородок",
    "city": "Belichi",
    "url": "https://www.instagram.com/explore/locations/155687318483139/no-taboo-/"
  },
  {
    "id": "538977976547847",
    "name": "Полевая, 21",
    "city": "Belichi",
    "url": "https://www.instagram.com/explore/locations/538977976547847/21/"
  },
  {
    "id": "531214663",
    "name": "Budha Bar -Kiev",
    "city": "Belichi",
    "url": "https://www.instagram.com/explore/locations/531214663/budha-bar-kiev/"
  },
  {
    "id": "102414392457545",
    "name": "Beer Bowl",
    "city": "Belichi",
    "url": "https://www.instagram.com/explore/locations/102414392457545/beer-bowl/"
  },
  {
    "id": "1899561916826297",
    "name": "ул. Рахманинова30/13",
    "city": "Belichi",
    "url": "https://www.instagram.com/explore/locations/1899561916826297/3013/"
  },
  {
    "id": "830737010436938",
    "name": "Altalusse.ua - люстры и светильники",
    "city": "Belichi",
    "url": "https://www.instagram.com/explore/locations/830737010436938/altalusseua-/"
  },
  {
    "id": "1594290757279381",
    "name": "Hanami Restoran&bar",
    "city": "Belichi",
    "url": "https://www.instagram.com/explore/locations/1594290757279381/hanami-restoranbar/"
  },
  {
    "id": "864017248",
    "name": "ICIPS Ukraine",
    "city": "Belichi",
    "url": "https://www.instagram.com/explore/locations/864017248/icips-ukraine/"
  },
  {
    "id": "678468075",
    "name": "Палладина , Дом 25",
    "city": "Belichi",
    "url": "https://www.instagram.com/explore/locations/678468075/25/"
  },
  {
    "id": "105717148568630",
    "name": "Fiolet",
    "city": "Belichi",
    "url": "https://www.instagram.com/explore/locations/105717148568630/fiolet/"
  },
  {
    "id": "474031449",
    "name": "Туполева 16б",
    "city": "Belichi",
    "url": "https://www.instagram.com/explore/locations/474031449/16/"
  },
  {
    "id": "409145926293930",
    "name": "Lacq&Loft",
    "city": "Belichi",
    "url": "https://www.instagram.com/explore/locations/409145926293930/lacqloft/"
  },
  {
    "id": "2151195901873049",
    "name": "BabyБосс",
    "city": "Belichi",
    "url": "https://www.instagram.com/explore/locations/2151195901873049/baby/"
  },
  {
    "id": "580494055959509",
    "name": "Beauty around you",
    "city": "Belichi",
    "url": "https://www.instagram.com/explore/locations/580494055959509/beauty-around-you/"
  },
  {
    "id": "310466234",
    "name": "АкадемікаДоброхотова 5",
    "city": "Belichi",
    "url": "https://www.instagram.com/explore/locations/310466234/5/"
  },
  {
    "id": "323174764929807",
    "name": "Kyiv 360",
    "city": "Belichi",
    "url": "https://www.instagram.com/explore/locations/323174764929807/kyiv-360/"
  },
  {
    "id": "155762614851509",
    "name": "ЖАБ - Житомирська Академмістечко Біличі",
    "city": "Belichi",
    "url": "https://www.instagram.com/explore/locations/155762614851509/-/"
  },
  {
    "id": "240974919105397",
    "name": "Nesvit Hotel",
    "city": "Belichi",
    "url": "https://www.instagram.com/explore/locations/240974919105397/nesvit-hotel/"
  },
  {
    "id": "901143190",
    "name": "Булаховського 5-В",
    "city": "Belichi",
    "url": "https://www.instagram.com/explore/locations/901143190/5-/"
  },
  {
    "id": "292190240794133",
    "name": "Kiev University of Law (KUL)",
    "city": "Belichi",
    "url": "https://www.instagram.com/explore/locations/292190240794133/kiev-university-of-law-kul/"
  },
  {
    "id": "1046181185512377",
    "name": "Academ-City",
    "city": "Belichi",
    "url": "https://www.instagram.com/explore/locations/1046181185512377/academ-city/"
  },
  {
    "id": "1684074248404870",
    "name": "𝐅𝐀𝐑𝐑. 𝐊𝐘𝐈𝐕",
    "city": "Belichi",
    "url": "https://www.instagram.com/explore/locations/1684074248404870/farr-kyiv/"
  },
  {
    "id": "640268969930633",
    "name": "Yaroslav",
    "city": "Belichi",
    "url": "https://www.instagram.com/explore/locations/640268969930633/yaroslav/"
  },
  {
    "id": "578314209617788",
    "name": "вул. В.Стуса, 28",
    "city": "Belichi",
    "url": "https://www.instagram.com/explore/locations/578314209617788/28/"
  },
  {
    "id": "353378528556273",
    "name": "Подлесная 3",
    "city": "Belichi",
    "url": "https://www.instagram.com/explore/locations/353378528556273/3/"
  },
  {
    "id": "275497419",
    "name": "Клиника Red Line",
    "city": "Belichi",
    "url": "https://www.instagram.com/explore/locations/275497419/red-line/"
  },
  {
    "id": "104518257692184",
    "name": "leafinua",
    "city": "Belichi",
    "url": "https://www.instagram.com/explore/locations/104518257692184/leafinua/"
  },
  {
    "id": "106159290806017",
    "name": "Top-A English space",
    "city": "Belichi",
    "url": "https://www.instagram.com/explore/locations/106159290806017/top-a-english-space/"
  },
  {
    "id": "676677492534155",
    "name": "Ателье \"Респект-Мода\"",
    "city": "Belichi",
    "url": "https://www.instagram.com/explore/locations/676677492534155/-/"
  },
  {
    "id": "102767612439547",
    "name": "Tattoo_bey_studio",
    "city": "Belichi",
    "url": "https://www.instagram.com/explore/locations/102767612439547/tattoo_bey_studio/"
  },
  {
    "id": "100295292643006",
    "name": "Not smoking",
    "city": "Belichi",
    "url": "https://www.instagram.com/explore/locations/100295292643006/not-smoking/"
  },
  {
    "id": "2226419727683162",
    "name": "Novobilichi lake",
    "city": "Belichi",
    "url": "https://www.instagram.com/explore/locations/2226419727683162/novobilichi-lake/"
  },
  {
    "id": "108562785404278",
    "name": "pastel_beauty_coffee",
    "city": "Belichi",
    "url": "https://www.instagram.com/explore/locations/108562785404278/pastel_beauty_coffee/"
  },
  {
    "id": "106578024205909",
    "name": "Silver Sky Travel Турагентство",
    "city": "Belichi",
    "url": "https://www.instagram.com/explore/locations/106578024205909/silver-sky-travel/"
  },
  {
    "id": "1026949574",
    "name": "ГО \"Лідер-Розвивашки\"",
    "city": "Belichi",
    "url": "https://www.instagram.com/explore/locations/1026949574/-/"
  },
  {
    "id": "261113317697601",
    "name": "Кофейня \"hipster House\"",
    "city": "Belichi",
    "url": "https://www.instagram.com/explore/locations/261113317697601/hipster-house/"
  },
  {
    "id": "368376043703461",
    "name": "Дитячий садок №587",
    "city": "Belichi",
    "url": "https://www.instagram.com/explore/locations/368376043703461/no587/"
  },
  {
    "id": "275101026233853",
    "name": "Приют Для Животных \"Best Friends\"",
    "city": "Belichi",
    "url": "https://www.instagram.com/explore/locations/275101026233853/best-friends/"
  },
  {
    "id": "102793277963902",
    "name": "Мамалак Mamalak",
    "city": "Belichi",
    "url": "https://www.instagram.com/explore/locations/102793277963902/mamalak/"
  },
  {
    "id": "361416754",
    "name": "Поликлиника 4",
    "city": "Belichi",
    "url": "https://www.instagram.com/explore/locations/361416754/4/"
  },
  {
    "id": "437697013731703",
    "name": "Дитячий Садок 599",
    "city": "Belichi",
    "url": "https://www.instagram.com/explore/locations/437697013731703/599/"
  },
  {
    "id": "310645346510416",
    "name": "Дайвинг центрDive Point",
    "city": "Belichi",
    "url": "https://www.instagram.com/explore/locations/310645346510416/dive-point/"
  },
  {
    "id": "104359261162320",
    "name": "Травушка-царица. О травах и их влянии на человека",
    "city": "Belichi",
    "url": "https://www.instagram.com/explore/locations/104359261162320/-/"
  },
  {
    "id": "813508478800251",
    "name": "Kokoro.studio",
    "city": "Belichi",
    "url": "https://www.instagram.com/explore/locations/813508478800251/kokorostudio/"
  },
  {
    "id": "1030837215",
    "name": "СЗШ 50 киев",
    "city": "Belichi",
    "url": "https://www.instagram.com/explore/locations/1030837215/50/"
  },
  {
    "id": "525294501208053",
    "name": "Прорезная 8",
    "city": "Belichi",
    "url": "https://www.instagram.com/explore/locations/525294501208053/8/"
  },
  {
    "id": "1070565406452677",
    "name": "Крона-Парк",
    "city": "Belichi",
    "url": "https://www.instagram.com/explore/locations/1070565406452677/-/"
  },
  {
    "id": "105887827719005",
    "name": "Домашние Свои Грибы 19 грн",
    "city": "Belichi",
    "url": "https://www.instagram.com/explore/locations/105887827719005/19/"
  },
  {
    "id": "1616467988683257",
    "name": "Alenka & Kossik",
    "city": "Belichi",
    "url": "https://www.instagram.com/explore/locations/1616467988683257/alenka-kossik/"
  },
  {
    "id": "714807556",
    "name": "Школа 162, Кулачный бой",
    "city": "Belichi",
    "url": "https://www.instagram.com/explore/locations/714807556/162/"
  },
  {
    "id": "103161864569347",
    "name": "PROFI STARS",
    "city": "Belichi",
    "url": "https://www.instagram.com/explore/locations/103161864569347/profi-stars/"
  },
  {
    "id": "1035329147",
    "name": "Чернобыльская 19",
    "city": "Belichi",
    "url": "https://www.instagram.com/explore/locations/1035329147/19/"
  },
  {
    "id": "1865170577083626",
    "name": "Roshen",
    "city": "Belichi",
    "url": "https://www.instagram.com/explore/locations/1865170577083626/roshen/"
  },
  {
    "id": "108037967554653",
    "name": "Luxury Dubai",
    "city": "Belichi",
    "url": "https://www.instagram.com/explore/locations/108037967554653/luxury-dubai/"
  },
  {
    "id": "2077318499044692",
    "name": "AviHealth Ukraine",
    "city": "Belichi",
    "url": "https://www.instagram.com/explore/locations/2077318499044692/avihealth-ukraine/"
  },
  {
    "id": "1959339924300583",
    "name": "DetkiShop.com.ua",
    "city": "Belichi",
    "url": "https://www.instagram.com/explore/locations/1959339924300583/detkishopcomua/"
  },
  {
    "id": "154918516302734",
    "name": "Pizzario",
    "city": "Belichi",
    "url": "https://www.instagram.com/explore/locations/154918516302734/pizzario/"
  },
  {
    "id": "169104587259360",
    "name": "Bauheat",
    "city": "Belichi",
    "url": "https://www.instagram.com/explore/locations/169104587259360/bauheat/"
  },
  {
    "id": "311577943045471",
    "name": "Розы на 8 марта",
    "city": "Belichi",
    "url": "https://www.instagram.com/explore/locations/311577943045471/8/"
  },
  {
    "id": "2221638154772335",
    "name": "Аладдин кафе / Aladdin cafe",
    "city": "Belichi",
    "url": "https://www.instagram.com/explore/locations/2221638154772335/aladdin-cafe/"
  },
  {
    "id": "1623975614405388",
    "name": "Beauty Salon Design дизайн салонов красоты и клиник",
    "city": "Belichi",
    "url": "https://www.instagram.com/explore/locations/1623975614405388/beauty-salon-design/"
  },
  {
    "id": "611406065876529",
    "name": "IrpinFish",
    "city": "Belichi",
    "url": "https://www.instagram.com/explore/locations/611406065876529/irpinfish/"
  },
  {
    "id": "110279111707941",
    "name": "Under the microscope",
    "city": "Belichi",
    "url": "https://www.instagram.com/explore/locations/110279111707941/under-the-microscope/"
  },
  {
    "id": "106640484249180",
    "name": "vernadskiy.coffe",
    "city": "Belichi",
    "url": "https://www.instagram.com/explore/locations/106640484249180/vernadskiycoffe/"
  },
  {
    "id": "160771377597604",
    "name": "Поликлиника #3",
    "city": "Belichi",
    "url": "https://www.instagram.com/explore/locations/160771377597604/3/"
  },
  {
    "id": "374727209920581",
    "name": "Swift Nail Studio",
    "city": "Belichi",
    "url": "https://www.instagram.com/explore/locations/374727209920581/swift-nail-studio/"
  },
  {
    "id": "186434518948901",
    "name": "ArtCoffee",
    "city": "Belichi",
    "url": "https://www.instagram.com/explore/locations/186434518948901/artcoffee/"
  },
  {
    "id": "115107180180020",
    "name": "Чорнобиль - правда і біль",
    "city": "Belichi",
    "url": "https://www.instagram.com/explore/locations/115107180180020/-/"
  },
  {
    "id": "109140050521217",
    "name": "Espresso Pizza",
    "city": "Belichi",
    "url": "https://www.instagram.com/explore/locations/109140050521217/espresso-pizza/"
  },
  {
    "id": "664815320579455",
    "name": "вул. Миколи Ушакова, 16А",
    "city": "Belichi",
    "url": "https://www.instagram.com/explore/locations/664815320579455/16/"
  },
  {
    "id": "101460348003648",
    "name": "Nataliarudyknails",
    "city": "Belichi",
    "url": "https://www.instagram.com/explore/locations/101460348003648/nataliarudyknails/"
  },
  {
    "id": "1120283158021659",
    "name": "Kofein_coffee",
    "city": "Belichi",
    "url": "https://www.instagram.com/explore/locations/1120283158021659/kofein_coffee/"
  },
  {
    "id": "105566617492570",
    "name": "О'пиlки. Студия Маникюра Владислава Татарова",
    "city": "Belichi",
    "url": "https://www.instagram.com/explore/locations/105566617492570/l/"
  },
  {
    "id": "737864806992395",
    "name": "Academ.City",
    "city": "Belichi",
    "url": "https://www.instagram.com/explore/locations/737864806992395/academcity/"
  },
  {
    "id": "102892047217631",
    "name": "Бокс60",
    "city": "Belichi",
    "url": "https://www.instagram.com/explore/locations/102892047217631/60/"
  },
  {
    "id": "803275986477646",
    "name": "Mamamia",
    "city": "Belichi",
    "url": "https://www.instagram.com/explore/locations/803275986477646/mamamia/"
  },
  {
    "id": "405848671",
    "name": "Поликлиника #3",
    "city": "Belichi",
    "url": "https://www.instagram.com/explore/locations/405848671/3/"
  },
  {
    "id": "154091107966117",
    "name": "Anton Ski&Snowboard School - школа гірських лиж та сноуборду",
    "city": "Belichi",
    "url": "https://www.instagram.com/explore/locations/154091107966117/anton-skisnowboard-school-/"
  },
  {
    "id": "1575446302708007",
    "name": "Estação Akademmistechko",
    "city": "Belichi",
    "url": "https://www.instagram.com/explore/locations/1575446302708007/estacao-akademmistechko/"
  },
  {
    "id": "298462435",
    "name": "Dreamtown",
    "city": "Belichi",
    "url": "https://www.instagram.com/explore/locations/298462435/dreamtown/"
  },
  {
    "id": "270134630354694",
    "name": "Булаховского 5а",
    "city": "Belichi",
    "url": "https://www.instagram.com/explore/locations/270134630354694/5/"
  },
  {
    "id": "107380697402757",
    "name": "NotBlack-textile&design",
    "city": "Belichi",
    "url": "https://www.instagram.com/explore/locations/107380697402757/notblack-textiledesign/"
  },
  {
    "id": "449033671",
    "name": "Чигорина 57",
    "city": "Belichi",
    "url": "https://www.instagram.com/explore/locations/449033671/57/"
  },
  {
    "id": "466402120391752",
    "name": "Сушиленд+ г. Киев, ул. Клавдиевская, 40Д",
    "city": "Belichi",
    "url": "https://www.instagram.com/explore/locations/466402120391752/40/"
  },
  {
    "id": "439351609798536",
    "name": "MilKake",
    "city": "Belichi",
    "url": "https://www.instagram.com/explore/locations/439351609798536/milkake/"
  },
  {
    "id": "2318205341532961",
    "name": "VARUS",
    "city": "Belichi",
    "url": "https://www.instagram.com/explore/locations/2318205341532961/varus/"
  },
  {
    "id": "288870173",
    "name": "Гимназия 154",
    "city": "Belichi",
    "url": "https://www.instagram.com/explore/locations/288870173/154/"
  },
  {
    "id": "445724192934259",
    "name": "Топ 100 найкращих фірм",
    "city": "Belichi",
    "url": "https://www.instagram.com/explore/locations/445724192934259/100/"
  },
  {
    "id": "114751363234678",
    "name": "О'пиlки. Студия Маникюра Владислава Татарова",
    "city": "Belichi",
    "url": "https://www.instagram.com/explore/locations/114751363234678/l/"
  },
  {
    "id": "1028556060",
    "name": "Wonder Makers",
    "city": "Belichi",
    "url": "https://www.instagram.com/explore/locations/1028556060/wonder-makers/"
  },
  {
    "id": "103258738185330",
    "name": "Rk1",
    "city": "Belichi",
    "url": "https://www.instagram.com/explore/locations/103258738185330/rk1/"
  },
  {
    "id": "458885551569017",
    "name": "Estet Medic",
    "city": "Belichi",
    "url": "https://www.instagram.com/explore/locations/458885551569017/estet-medic/"
  },
  {
    "id": "302468273980806",
    "name": "Дитячий Садок 615",
    "city": "Belichi",
    "url": "https://www.instagram.com/explore/locations/302468273980806/615/"
  },
  {
    "id": "470185136",
    "name": "Щербакова 51в",
    "city": "Belichi",
    "url": "https://www.instagram.com/explore/locations/470185136/51/"
  },
  {
    "id": "138622330010579",
    "name": "Kiev, Molody Teatr",
    "city": "Belichi",
    "url": "https://www.instagram.com/explore/locations/138622330010579/kiev-molody-teatr/"
  },
  {
    "id": "101929611630504",
    "name": "HOLZ",
    "city": "Belichi",
    "url": "https://www.instagram.com/explore/locations/101929611630504/holz/"
  },
  {
    "id": "1676632882637772",
    "name": "BraBox",
    "city": "Belichi",
    "url": "https://www.instagram.com/explore/locations/1676632882637772/brabox/"
  },
  {
    "id": "1033097715",
    "name": "SoulStudio",
    "city": "Belichi",
    "url": "https://www.instagram.com/explore/locations/1033097715/soulstudio/"
  },
  {
    "id": "753616454",
    "name": "Akademmistechko (metro de kiev)",
    "city": "Belichi",
    "url": "https://www.instagram.com/explore/locations/753616454/akademmistechko-metro-de-kiev/"
  },
  {
    "id": "1027339347476154",
    "name": "Fistashka.ua",
    "city": "Belichi",
    "url": "https://www.instagram.com/explore/locations/1027339347476154/fistashkaua/"
  },
  {
    "id": "110295160480006",
    "name": "BeeMilling",
    "city": "Belichi",
    "url": "https://www.instagram.com/explore/locations/110295160480006/beemilling/"
  },
  {
    "id": "413855318702788",
    "name": "Woodler",
    "city": "Belichi",
    "url": "https://www.instagram.com/explore/locations/413855318702788/woodler/"
  },
  {
    "id": "105890672151846",
    "name": "Naramala",
    "city": "Belichi",
    "url": "https://www.instagram.com/explore/locations/105890672151846/naramala/"
  },
  {
    "id": "1022405640",
    "name": "Булаховского, 40",
    "city": "Belichi",
    "url": "https://www.instagram.com/explore/locations/1022405640/40/"
  },
  {
    "id": "100516584893036",
    "name": "Medeko+",
    "city": "Belichi",
    "url": "https://www.instagram.com/explore/locations/100516584893036/medeko/"
  },
  {
    "id": "573542846398530",
    "name": "Бассейн при Школе 162",
    "city": "Belichi",
    "url": "https://www.instagram.com/explore/locations/573542846398530/162/"
  },
  {
    "id": "1031593757",
    "name": "Anatol_shop",
    "city": "Belichi",
    "url": "https://www.instagram.com/explore/locations/1031593757/anatol_shop/"
  },
  {
    "id": "435922276961297",
    "name": "Вул. Булаховського, 4",
    "city": "Belichi",
    "url": "https://www.instagram.com/explore/locations/435922276961297/4/"
  },
  {
    "id": "516151061",
    "name": "European school - Европейская школа",
    "city": "Belichi",
    "url": "https://www.instagram.com/explore/locations/516151061/european-school-/"
  },
  {
    "id": "1032975302",
    "name": "Улица Академика Паладина, 32-б",
    "city": "Belichi",
    "url": "https://www.instagram.com/explore/locations/1032975302/32-/"
  },
  {
    "id": "286099515341262",
    "name": "Мiстечко Монтесорi",
    "city": "Belichi",
    "url": "https://www.instagram.com/explore/locations/286099515341262/i-i/"
  },
  {
    "id": "299447426737799",
    "name": "More Piva",
    "city": "Belichi",
    "url": "https://www.instagram.com/explore/locations/299447426737799/more-piva/"
  },
  {
    "id": "112469656943931",
    "name": "Лікар Гнедко Сергій Леонідович - хірургія, УЗД",
    "city": "Belichi",
    "url": "https://www.instagram.com/explore/locations/112469656943931/-/"
  },
  {
    "id": "2014154745542388",
    "name": "вул. Клавдіївська, 36",
    "city": "Belichi",
    "url": "https://www.instagram.com/explore/locations/2014154745542388/36/"
  },
  {
    "id": "286007322010709",
    "name": "Forest New-Belichi",
    "city": "Belichi",
    "url": "https://www.instagram.com/explore/locations/286007322010709/forest-new-belichi/"
  },
  {
    "id": "946475815561660",
    "name": "UFI",
    "city": "Belichi",
    "url": "https://www.instagram.com/explore/locations/946475815561660/ufi/"
  },
  {
    "id": "726314804",
    "name": "Петропавлівсько-Борщагівська організація партії \"Блок Петра Порошенка\"",
    "city": "Belichi",
    "url": "https://www.instagram.com/explore/locations/726314804/-/"
  },
  {
    "id": "586605238374962",
    "name": "Чернобыльская 3",
    "city": "Belichi",
    "url": "https://www.instagram.com/explore/locations/586605238374962/3/"
  },
  {
    "id": "101382441463478",
    "name": "Kateryna Kangra",
    "city": "Belichi",
    "url": "https://www.instagram.com/explore/locations/101382441463478/kateryna-kangra/"
  },
  {
    "id": "2348404032060422",
    "name": "Live Space",
    "city": "Belichi",
    "url": "https://www.instagram.com/explore/locations/2348404032060422/live-space/"
  },
  {
    "id": "139585766509888",
    "name": "Metall.Woods.Construcion",
    "city": "Belichi",
    "url": "https://www.instagram.com/explore/locations/139585766509888/metallwoodsconstrucion/"
  },
  {
    "id": "325692081682198",
    "name": "Интернет-Магазин Автозапчастей Avtonota",
    "city": "Belichi",
    "url": "https://www.instagram.com/explore/locations/325692081682198/-avtonota/"
  },
  {
    "id": "812400505607243",
    "name": "Bella Grano Coffee",
    "city": "Belichi",
    "url": "https://www.instagram.com/explore/locations/812400505607243/bella-grano-coffee/"
  },
  {
    "id": "1772696712748850",
    "name": "Aleksa Shop",
    "city": "Belichi",
    "url": "https://www.instagram.com/explore/locations/1772696712748850/aleksa-shop/"
  },
  {
    "id": "1023852816",
    "name": "Клуб 32",
    "city": "Belichi",
    "url": "https://www.instagram.com/explore/locations/1023852816/32/"
  },
  {
    "id": "550499342037611",
    "name": "Advanced Driving School",
    "city": "Belichi",
    "url": "https://www.instagram.com/explore/locations/550499342037611/advanced-driving-school/"
  },
  {
    "id": "551412545295116",
    "name": "Школа №200",
    "city": "Belichi",
    "url": "https://www.instagram.com/explore/locations/551412545295116/no200/"
  },
  {
    "id": "250269222510425",
    "name": "ул. Уборевича, 19А",
    "city": "Belichi",
    "url": "https://www.instagram.com/explore/locations/250269222510425/19/"
  },
  {
    "id": "1856906991063534",
    "name": "Rollerland - магазин роликів",
    "city": "Belichi",
    "url": "https://www.instagram.com/explore/locations/1856906991063534/rollerland-/"
  },
  {
    "id": "239305180162910",
    "name": "SPA Sugaring KIEV",
    "city": "Belichi",
    "url": "https://www.instagram.com/explore/locations/239305180162910/spa-sugaring-kiev/"
  },
  {
    "id": "1018133745",
    "name": "Irusikbarhouse",
    "city": "Belichi",
    "url": "https://www.instagram.com/explore/locations/1018133745/irusikbarhouse/"
  },
  {
    "id": "1021642117",
    "name": "Bungalow",
    "city": "Belichi",
    "url": "https://www.instagram.com/explore/locations/1021642117/bungalow/"
  },
  {
    "id": "699836220053025",
    "name": "FoodSup Store",
    "city": "Belichi",
    "url": "https://www.instagram.com/explore/locations/699836220053025/foodsup-store/"
  },
  {
    "id": "592723187603670",
    "name": "Церковь Христова - христианство как образ жизни",
    "city": "Belichi",
    "url": "https://www.instagram.com/explore/locations/592723187603670/-/"
  },
  {
    "id": "1260474654003486",
    "name": "Ресторан-Караоке O'zero",
    "city": "Belichi",
    "url": "https://www.instagram.com/explore/locations/1260474654003486/-ozero/"
  },
  {
    "id": "940812382640660",
    "name": "NADZOR.ua - Контролюй Все.",
    "city": "Belichi",
    "url": "https://www.instagram.com/explore/locations/940812382640660/nadzorua-/"
  },
  {
    "id": "1750451228571665",
    "name": "Doberman Bar",
    "city": "Belichi",
    "url": "https://www.instagram.com/explore/locations/1750451228571665/doberman-bar/"
  },
  {
    "id": "103154907960983",
    "name": "УмывальникиBlanc",
    "city": "Belichi",
    "url": "https://www.instagram.com/explore/locations/103154907960983/blanc/"
  },
  {
    "id": "1410324669064708",
    "name": "Вул. Чорнобильська 5/7",
    "city": "Belichi",
    "url": "https://www.instagram.com/explore/locations/1410324669064708/57/"
  },
  {
    "id": "1643239612423120",
    "name": "Kosmo-dent - косметология и стоматология",
    "city": "Belichi",
    "url": "https://www.instagram.com/explore/locations/1643239612423120/kosmo-dent-/"
  },
  {
    "id": "102912441386021",
    "name": "All pigs must die",
    "city": "Belichi",
    "url": "https://www.instagram.com/explore/locations/102912441386021/all-pigs-must-die/"
  },
  {
    "id": "103456784678056",
    "name": "Racing track",
    "city": "Belichi",
    "url": "https://www.instagram.com/explore/locations/103456784678056/racing-track/"
  },
  {
    "id": "538187186702798",
    "name": "ВДНХ павильон 7",
    "city": "Belichi",
    "url": "https://www.instagram.com/explore/locations/538187186702798/7/"
  },
  {
    "id": "455657461555848",
    "name": "I-Smart",
    "city": "Belichi",
    "url": "https://www.instagram.com/explore/locations/455657461555848/i-smart/"
  },
  {
    "id": "541811169595213",
    "name": "Kotsyba Lake",
    "city": "Belichi",
    "url": "https://www.instagram.com/explore/locations/541811169595213/kotsyba-lake/"
  },
  {
    "id": "2061835170731518",
    "name": "The Top Beauty Studio",
    "city": "Belichi",
    "url": "https://www.instagram.com/explore/locations/2061835170731518/the-top-beauty-studio/"
  },
  {
    "id": "106240037770756",
    "name": "Mr. Bobbik",
    "city": "Belichi",
    "url": "https://www.instagram.com/explore/locations/106240037770756/mr-bobbik/"
  },
  {
    "id": "284645098951204",
    "name": "Monokava",
    "city": "Belichi",
    "url": "https://www.instagram.com/explore/locations/284645098951204/monokava/"
  },
  {
    "id": "282255335948287",
    "name": "ПетровнаHOUSE",
    "city": "Belichi",
    "url": "https://www.instagram.com/explore/locations/282255335948287/house/"
  },
  {
    "id": "537765279962271",
    "name": "Overage",
    "city": "Belichi",
    "url": "https://www.instagram.com/explore/locations/537765279962271/overage/"
  },
  {
    "id": "103416752341992",
    "name": "MIDA, ТЦ Академ Сіті",
    "city": "Belichi",
    "url": "https://www.instagram.com/explore/locations/103416752341992/mida/"
  },
  {
    "id": "18591619",
    "name": "Проспект Победы, 148/1",
    "city": "Belichi",
    "url": "https://www.instagram.com/explore/locations/18591619/1481/"
  },
  {
    "id": "109780487281170",
    "name": "New Yard",
    "city": "Belichi",
    "url": "https://www.instagram.com/explore/locations/109780487281170/new-yard/"
  },
  {
    "id": "187569235477603",
    "name": "Grasias",
    "city": "Belichi",
    "url": "https://www.instagram.com/explore/locations/187569235477603/grasias/"
  },
  {
    "id": "2057731070950104",
    "name": "проспект Победы 146/2",
    "city": "Belichi",
    "url": "https://www.instagram.com/explore/locations/2057731070950104/1462/"
  },
  {
    "id": "739443534",
    "name": "Детская Школа Искусств им ГЛ Жуковского 6",
    "city": "Belichi",
    "url": "https://www.instagram.com/explore/locations/739443534/6/"
  },
  {
    "id": "1907826556150546",
    "name": "Боулінг-клуб Дельтаплан",
    "city": "Belichi",
    "url": "https://www.instagram.com/explore/locations/1907826556150546/-/"
  },
  {
    "id": "285708537",
    "name": "Arena",
    "city": "Belichi",
    "url": "https://www.instagram.com/explore/locations/285708537/arena/"
  },
  {
    "id": "106985572117670",
    "name": "Yoshikage Kira",
    "city": "Belichi",
    "url": "https://www.instagram.com/explore/locations/106985572117670/yoshikage-kira/"
  },
  {
    "id": "322720971810518",
    "name": "Global Hack Weekend",
    "city": "Belichi",
    "url": "https://www.instagram.com/explore/locations/322720971810518/global-hack-weekend/"
  },
  {
    "id": "303736740351957",
    "name": "Ирпенская 69Б",
    "city": "Belichi",
    "url": "https://www.instagram.com/explore/locations/303736740351957/69/"
  },
  {
    "id": "348048558990142",
    "name": "Днз 786\"квіточка\"",
    "city": "Belichi",
    "url": "https://www.instagram.com/explore/locations/348048558990142/786/"
  },
  {
    "id": "196435004567999",
    "name": "Рыбхоз. 3 озеро",
    "city": "Belichi",
    "url": "https://www.instagram.com/explore/locations/196435004567999/3/"
  },
  {
    "id": "944363889287020",
    "name": "TARDI outlet",
    "city": "Belichi",
    "url": "https://www.instagram.com/explore/locations/944363889287020/tardi-outlet/"
  },
  {
    "id": "248364145781489",
    "name": "Peper Club",
    "city": "Belichi",
    "url": "https://www.instagram.com/explore/locations/248364145781489/peper-club/"
  },
  {
    "id": "101301581333040",
    "name": "Kangra Nails",
    "city": "Belichi",
    "url": "https://www.instagram.com/explore/locations/101301581333040/kangra-nails/"
  },
  {
    "id": "75723602",
    "name": "Western",
    "city": "Belichi",
    "url": "https://www.instagram.com/explore/locations/75723602/western/"
  },
  {
    "id": "498144800930822",
    "name": "Австрия Hallstatt",
    "city": "Belichi",
    "url": "https://www.instagram.com/explore/locations/498144800930822/hallstatt/"
  },
  {
    "id": "383476881",
    "name": "Untone Records Kyiv",
    "city": "Belichi",
    "url": "https://www.instagram.com/explore/locations/383476881/untone-records-kyiv/"
  },
  {
    "id": "101729947838446",
    "name": "Neuro-Gym",
    "city": "Belichi",
    "url": "https://www.instagram.com/explore/locations/101729947838446/neuro-gym/"
  },
  {
    "id": "113114028279355",
    "name": "КНП ЦПМСД 1 Святошинського району м.Києва",
    "city": "Belichi",
    "url": "https://www.instagram.com/explore/locations/113114028279355/1/"
  },
  {
    "id": "2015677418732256",
    "name": "Zedinvest zedinvest",
    "city": "Belichi",
    "url": "https://www.instagram.com/explore/locations/2015677418732256/zedinvest-zedinvest/"
  },
  {
    "id": "1827694907514313",
    "name": "Альтернативна школа Friends",
    "city": "Belichi",
    "url": "https://www.instagram.com/explore/locations/1827694907514313/friends/"
  },
  {
    "id": "2244116189159455",
    "name": "Дзяо-бар",
    "city": "Belichi",
    "url": "https://www.instagram.com/explore/locations/2244116189159455/-/"
  },
  {
    "id": "349971898749748",
    "name": "Newbelichi",
    "city": "Belichi",
    "url": "https://www.instagram.com/explore/locations/349971898749748/newbelichi/"
  },
  {
    "id": "723708099",
    "name": "Kotsyubyns'ke",
    "city": "Belichi",
    "url": "https://www.instagram.com/explore/locations/723708099/kotsyubynske/"
  },
  {
    "id": "150422828831437",
    "name": "БОКС спортклуб \"Діїна Ирпенской 76",
    "city": "Belichi",
    "url": "https://www.instagram.com/explore/locations/150422828831437/76/"
  },
  {
    "id": "908671172669311",
    "name": "Mono Kava",
    "city": "Belichi",
    "url": "https://www.instagram.com/explore/locations/908671172669311/mono-kava/"
  },
  {
    "id": "872653383125028",
    "name": "Подлесная, 6",
    "city": "Belichi",
    "url": "https://www.instagram.com/explore/locations/872653383125028/6/"
  },
  {
    "id": "316932435525216",
    "name": "Приватний заклад дошкільної освіти «Neboкрай»",
    "city": "Belichi",
    "url": "https://www.instagram.com/explore/locations/316932435525216/nebo/"
  },
  {
    "id": "105229514278849",
    "name": "Brennan Savage в Киеве",
    "city": "Belichi",
    "url": "https://www.instagram.com/explore/locations/105229514278849/brennan-savage/"
  },
  {
    "id": "254020158644187",
    "name": "Киев Малинская 20",
    "city": "Belichi",
    "url": "https://www.instagram.com/explore/locations/254020158644187/20/"
  },
  {
    "id": "492174144473742",
    "name": "Ігнатенко Law Company",
    "city": "Belichi",
    "url": "https://www.instagram.com/explore/locations/492174144473742/law-company/"
  },
  {
    "id": "415434509235810",
    "name": "Школа-Дитячий Садок Зірниця",
    "city": "Belichi",
    "url": "https://www.instagram.com/explore/locations/415434509235810/-/"
  },
  {
    "id": "733034850",
    "name": "Bauer Media Group Ukraine",
    "city": "Belichi",
    "url": "https://www.instagram.com/explore/locations/733034850/bauer-media-group-ukraine/"
  },
  {
    "id": "106040594235024",
    "name": "Roshen",
    "city": "Belichi",
    "url": "https://www.instagram.com/explore/locations/106040594235024/roshen/"
  },
  {
    "id": "327785917974461",
    "name": "Sabbi",
    "city": "Belichi",
    "url": "https://www.instagram.com/explore/locations/327785917974461/sabbi/"
  },
  {
    "id": "484654482027564",
    "name": "Феодоры Пушиной 44/50",
    "city": "Belichi",
    "url": "https://www.instagram.com/explore/locations/484654482027564/4450/"
  },
  {
    "id": "920519424761872",
    "name": "Katemokrenets_nail_master",
    "city": "Belichi",
    "url": "https://www.instagram.com/explore/locations/920519424761872/katemokrenets_nail_master/"
  },
  {
    "id": "242143666473648",
    "name": "VONAMI NAIL STUDIO",
    "city": "Belichi",
    "url": "https://www.instagram.com/explore/locations/242143666473648/vonami-nail-studio/"
  },
  {
    "id": "103373438160241",
    "name": "MAX PARK - оазис сімейного дозвілля",
    "city": "Belichi",
    "url": "https://www.instagram.com/explore/locations/103373438160241/max-park-/"
  },
  {
    "id": "323122258337267",
    "name": "Узнай стоимость ремонта за 1 минуту",
    "city": "Belichi",
    "url": "https://www.instagram.com/explore/locations/323122258337267/1/"
  },
  {
    "id": "519138685231959",
    "name": "Школа №162",
    "city": "Belichi",
    "url": "https://www.instagram.com/explore/locations/519138685231959/no162/"
  },
  {
    "id": "111721880630066",
    "name": "Заклад дошкільної освіти 71",
    "city": "Belichi",
    "url": "https://www.instagram.com/explore/locations/111721880630066/71/"
  },
  {
    "id": "501788920",
    "name": "Школа 200",
    "city": "Belichi",
    "url": "https://www.instagram.com/explore/locations/501788920/200/"
  },
  {
    "id": "2135883579814967",
    "name": "Baby___boss__",
    "city": "Belichi",
    "url": "https://www.instagram.com/explore/locations/2135883579814967/baby___boss__/"
  },
  {
    "id": "100358281517097",
    "name": "Broshka",
    "city": "Belichi",
    "url": "https://www.instagram.com/explore/locations/100358281517097/broshka/"
  },
  {
    "id": "341775119914764",
    "name": "кржижановского 4",
    "city": "Belichi",
    "url": "https://www.instagram.com/explore/locations/341775119914764/4/"
  },
  {
    "id": "356946125018048",
    "name": "ToSee",
    "city": "Belichi",
    "url": "https://www.instagram.com/explore/locations/356946125018048/tosee/"
  },
  {
    "id": "288024452050441",
    "name": "Чорнобильська 17",
    "city": "Belichi",
    "url": "https://www.instagram.com/explore/locations/288024452050441/17/"
  },
  {
    "id": "1982800781787313",
    "name": "ул. Ирпенская, 63а",
    "city": "Belichi",
    "url": "https://www.instagram.com/explore/locations/1982800781787313/63/"
  },
  {
    "id": "1625901787737122",
    "name": "Fit Curves на Золотых Воротах",
    "city": "Belichi",
    "url": "https://www.instagram.com/explore/locations/1625901787737122/fit-curves/"
  },
  {
    "id": "310011836265267",
    "name": "Стуса 27",
    "city": "Belichi",
    "url": "https://www.instagram.com/explore/locations/310011836265267/27/"
  },
  {
    "id": "467812247006486",
    "name": "SWIFT nail studio",
    "city": "Belichi",
    "url": "https://www.instagram.com/explore/locations/467812247006486/swift-nail-studio/"
  },
  {
    "id": "925647830841941",
    "name": "Академ Городок, Малинская 16",
    "city": "Belichi",
    "url": "https://www.instagram.com/explore/locations/925647830841941/16/"
  },
  {
    "id": "312351945587170",
    "name": "Мастерская сладостей Dolcemente",
    "city": "Belichi",
    "url": "https://www.instagram.com/explore/locations/312351945587170/dolcemente/"
  },
  {
    "id": "113712777002981",
    "name": "Салон-красоты Ирина",
    "city": "Belichi",
    "url": "https://www.instagram.com/explore/locations/113712777002981/-/"
  },
  {
    "id": "395768548",
    "name": "Prolisok",
    "city": "Belichi",
    "url": "https://www.instagram.com/explore/locations/395768548/prolisok/"
  },
  {
    "id": "103921304381148",
    "name": "E.nails",
    "city": "Belichi",
    "url": "https://www.instagram.com/explore/locations/103921304381148/enails/"
  },
  {
    "id": "662386164143822",
    "name": "Бахмацька 10",
    "city": "Belichi",
    "url": "https://www.instagram.com/explore/locations/662386164143822/10/"
  },
  {
    "id": "248566302500604",
    "name": "Школа - детский садЛілея",
    "city": "Belichi",
    "url": "https://www.instagram.com/explore/locations/248566302500604/-/"
  },
  {
    "id": "1485427194850388",
    "name": "Свадебный салон Bride",
    "city": "Belichi",
    "url": "https://www.instagram.com/explore/locations/1485427194850388/bride/"
  },
  {
    "id": "106920510931123",
    "name": "SOTNI",
    "city": "Belichi",
    "url": "https://www.instagram.com/explore/locations/106920510931123/sotni/"
  },
  {
    "id": "103554585341185",
    "name": "Київський Пасаж /Kiev Passage",
    "city": "Belichi",
    "url": "https://www.instagram.com/explore/locations/103554585341185/kiev-passage/"
  },
  {
    "id": "2089440081114260",
    "name": "Чорнобильська 12а",
    "city": "Belichi",
    "url": "https://www.instagram.com/explore/locations/2089440081114260/12/"
  },
  {
    "id": "811731139002422",
    "name": "Biomed",
    "city": "Belichi",
    "url": "https://www.instagram.com/explore/locations/811731139002422/biomed/"
  },
  {
    "id": "923121917855924",
    "name": "Ул. Олевская 9",
    "city": "Belichi",
    "url": "https://www.instagram.com/explore/locations/923121917855924/9/"
  },
  {
    "id": "102001054909918",
    "name": "GRVL PNDM",
    "city": "Belichi",
    "url": "https://www.instagram.com/explore/locations/102001054909918/grvl-pndm/"
  },
  {
    "id": "410749288",
    "name": "Студия 7th Sky",
    "city": "Belichi",
    "url": "https://www.instagram.com/explore/locations/410749288/7th-sky/"
  },
  {
    "id": "101282585113833",
    "name": "SandT Workshop",
    "city": "Belichi",
    "url": "https://www.instagram.com/explore/locations/101282585113833/sandt-workshop/"
  },
  {
    "id": "2195985557396325",
    "name": "Prime Time Kids",
    "city": "Belichi",
    "url": "https://www.instagram.com/explore/locations/2195985557396325/prime-time-kids/"
  },
  {
    "id": "113461058300370",
    "name": "Храм-каплиця святого Миколи Святоші",
    "city": "Belichi",
    "url": "https://www.instagram.com/explore/locations/113461058300370/-/"
  },
  {
    "id": "273764660201614",
    "name": "Relax hotel",
    "city": "Belichi",
    "url": "https://www.instagram.com/explore/locations/273764660201614/relax-hotel/"
  },
  {
    "id": "181042349484282",
    "name": "вул. Академіка Єфремова, 9",
    "city": "Belichi",
    "url": "https://www.instagram.com/explore/locations/181042349484282/9/"
  },
  {
    "id": "103297488922202",
    "name": "Korelleenalus",
    "city": "Belichi",
    "url": "https://www.instagram.com/explore/locations/103297488922202/korelleenalus/"
  },
  {
    "id": "415690062538416",
    "name": "Крафтове пиво, Піца, Кальян - Добрий ШУБІН Pab&Shop Новобіличі ЖК Грюнвальд",
    "city": "Belichi",
    "url": "https://www.instagram.com/explore/locations/415690062538416/-pabshop/"
  },
  {
    "id": "105858421173003",
    "name": "Е-Підлога Вініл Паркетна дошка Ламінат",
    "city": "Belichi",
    "url": "https://www.instagram.com/explore/locations/105858421173003/-/"
  },
  {
    "id": "384567508241086",
    "name": "SodaStream Ukraine",
    "city": "Belichi",
    "url": "https://www.instagram.com/explore/locations/384567508241086/sodastream-ukraine/"
  },
  {
    "id": "103655031441191",
    "name": "Грошi всiм",
    "city": "Belichi",
    "url": "https://www.instagram.com/explore/locations/103655031441191/i-i/"
  },
  {
    "id": "101485428397181",
    "name": "BEST 2 BEST",
    "city": "Belichi",
    "url": "https://www.instagram.com/explore/locations/101485428397181/best-2-best/"
  },
  {
    "id": "437138196383766",
    "name": "Karapuzo / BABY TEVA",
    "city": "Belichi",
    "url": "https://www.instagram.com/explore/locations/437138196383766/karapuzo-baby-teva/"
  },
  {
    "id": "692388324266721",
    "name": "Holiday Pizza",
    "city": "Belichi",
    "url": "https://www.instagram.com/explore/locations/692388324266721/holiday-pizza/"
  }
]