[
  {
    "id": "241860046",
    "name": "Bila Tserkva",
    "city": "BilaTserkva",
    "url": "https://www.instagram.com/explore/locations/241860046/bila-tserkva/"
  },
  {
    "id": "334530455",
    "name": "Yukatana River Terrace",
    "city": "BilaTserkva",
    "url": "https://www.instagram.com/explore/locations/334530455/yukatana-river-terrace/"
  },
  {
    "id": "603116816858066",
    "name": "Теплиця/teplytsia",
    "city": "BilaTserkva",
    "url": "https://www.instagram.com/explore/locations/603116816858066/teplytsia/"
  },
  {
    "id": "1317485824976448",
    "name": "Ресторан грузинської кухні «Суліко» - Georgian restaurant \"Suliko\"",
    "city": "BilaTserkva",
    "url": "https://www.instagram.com/explore/locations/1317485824976448/-georgian-restaurant-suliko/"
  },
  {
    "id": "1035635466",
    "name": "Dacha:кафе&терраса",
    "city": "BilaTserkva",
    "url": "https://www.instagram.com/explore/locations/1035635466/dacha/"
  },
  {
    "id": "1608901939145742",
    "name": "Delight Lounge Bar",
    "city": "BilaTserkva",
    "url": "https://www.instagram.com/explore/locations/1608901939145742/delight-lounge-bar/"
  },
  {
    "id": "218451131943045",
    "name": "Shampuri",
    "city": "BilaTserkva",
    "url": "https://www.instagram.com/explore/locations/218451131943045/shampuri/"
  },
  {
    "id": "106663550723962",
    "name": "bunkermuz.bc",
    "city": "BilaTserkva",
    "url": "https://www.instagram.com/explore/locations/106663550723962/bunkermuzbc/"
  },
  {
    "id": "667357226761245",
    "name": "Готель-Ресторан \"lepsha Садиба\"",
    "city": "BilaTserkva",
    "url": "https://www.instagram.com/explore/locations/667357226761245/-lepsha/"
  },
  {
    "id": "1024494302",
    "name": "Bila Tserkva City",
    "city": "BilaTserkva",
    "url": "https://www.instagram.com/explore/locations/1024494302/bila-tserkva-city/"
  },
  {
    "id": "801658530235389",
    "name": "Pinka Coffee",
    "city": "BilaTserkva",
    "url": "https://www.instagram.com/explore/locations/801658530235389/pinka-coffee/"
  },
  {
    "id": "1029832578",
    "name": "Ресторан \"Буфет по-домашнему\"",
    "city": "BilaTserkva",
    "url": "https://www.instagram.com/explore/locations/1029832578/-/"
  },
  {
    "id": "291952074985601",
    "name": "Bear Loga кальян-бар",
    "city": "BilaTserkva",
    "url": "https://www.instagram.com/explore/locations/291952074985601/bear-loga-/"
  },
  {
    "id": "617585679",
    "name": "Арт Клуб Квартира 36\"",
    "city": "BilaTserkva",
    "url": "https://www.instagram.com/explore/locations/617585679/36/"
  },
  {
    "id": "107937014264796",
    "name": "Piana Vyshnia / П'яна Вишня",
    "city": "BilaTserkva",
    "url": "https://www.instagram.com/explore/locations/107937014264796/piana-vyshnia/"
  },
  {
    "id": "235865727",
    "name": "Belveder",
    "city": "BilaTserkva",
    "url": "https://www.instagram.com/explore/locations/235865727/belveder/"
  },
  {
    "id": "311052476",
    "name": "Dobro",
    "city": "BilaTserkva",
    "url": "https://www.instagram.com/explore/locations/311052476/dobro/"
  },
  {
    "id": "101159111279989",
    "name": "Flower4family",
    "city": "BilaTserkva",
    "url": "https://www.instagram.com/explore/locations/101159111279989/flower4family/"
  },
  {
    "id": "645630559222413",
    "name": "Atlant Sport Premium",
    "city": "BilaTserkva",
    "url": "https://www.instagram.com/explore/locations/645630559222413/atlant-sport-premium/"
  },
  {
    "id": "246670001",
    "name": "AMbar Steak HouseТрадиційний м'ясний ресторан",
    "city": "BilaTserkva",
    "url": "https://www.instagram.com/explore/locations/246670001/ambar-steak-house/"
  },
  {
    "id": "1795621704043339",
    "name": "Салон Краси \"4А\"",
    "city": "BilaTserkva",
    "url": "https://www.instagram.com/explore/locations/1795621704043339/4/"
  },
  {
    "id": "951124188",
    "name": "Калипсо - Развлекательный комплекс",
    "city": "BilaTserkva",
    "url": "https://www.instagram.com/explore/locations/951124188/-/"
  },
  {
    "id": "662725390418088",
    "name": "IMBIR sushi & wok",
    "city": "BilaTserkva",
    "url": "https://www.instagram.com/explore/locations/662725390418088/imbir-sushi-wok/"
  },
  {
    "id": "1021059383",
    "name": "Bianco Latte",
    "city": "BilaTserkva",
    "url": "https://www.instagram.com/explore/locations/1021059383/bianco-latte/"
  },
  {
    "id": "1866900023630231",
    "name": "Bila Tserkva, Kyivs'ka Oblast, Ukraine",
    "city": "BilaTserkva",
    "url": "https://www.instagram.com/explore/locations/1866900023630231/bila-tserkva-kyivska-oblast-ukraine/"
  },
  {
    "id": "508033725975890",
    "name": "Киевский академический областной музыкально-драматический театр имени П. К. Саксаганского",
    "city": "BilaTserkva",
    "url": "https://www.instagram.com/explore/locations/508033725975890/-/"
  },
  {
    "id": "154326615169117",
    "name": "Спортивно-оздоровчий комплекс \"Стимул\"",
    "city": "BilaTserkva",
    "url": "https://www.instagram.com/explore/locations/154326615169117/-/"
  },
  {
    "id": "752829611575633",
    "name": "КЗ КОР \"Білоцерківський гуманітарно-педагогічний фаховий коледж\"",
    "city": "BilaTserkva",
    "url": "https://www.instagram.com/explore/locations/752829611575633/-/"
  },
  {
    "id": "148907272397704",
    "name": "Фотостудія SkY Біла Церква",
    "city": "BilaTserkva",
    "url": "https://www.instagram.com/explore/locations/148907272397704/sky/"
  },
  {
    "id": "218242078299250",
    "name": "The GRILL",
    "city": "BilaTserkva",
    "url": "https://www.instagram.com/explore/locations/218242078299250/the-grill/"
  },
  {
    "id": "112534003493715",
    "name": "Boho Beauty Place",
    "city": "BilaTserkva",
    "url": "https://www.instagram.com/explore/locations/112534003493715/boho-beauty-place/"
  },
  {
    "id": "100602384649992",
    "name": "Teplytsya",
    "city": "BilaTserkva",
    "url": "https://www.instagram.com/explore/locations/100602384649992/teplytsya/"
  },
  {
    "id": "109017775023754",
    "name": "Grand Coffee",
    "city": "BilaTserkva",
    "url": "https://www.instagram.com/explore/locations/109017775023754/grand-coffee/"
  },
  {
    "id": "675956265",
    "name": "Бутик Tatiana Secret VS",
    "city": "BilaTserkva",
    "url": "https://www.instagram.com/explore/locations/675956265/tatiana-secret-vs/"
  },
  {
    "id": "989735674487403",
    "name": "Zabaganka Studio",
    "city": "BilaTserkva",
    "url": "https://www.instagram.com/explore/locations/989735674487403/zabaganka-studio/"
  },
  {
    "id": "118313966756554",
    "name": "Сусідка Белла - італійська траторія",
    "city": "BilaTserkva",
    "url": "https://www.instagram.com/explore/locations/118313966756554/-/"
  },
  {
    "id": "295504454256910",
    "name": "Lviv Croissants",
    "city": "BilaTserkva",
    "url": "https://www.instagram.com/explore/locations/295504454256910/lviv-croissants/"
  },
  {
    "id": "103123817920808",
    "name": "Pasta Pesto",
    "city": "BilaTserkva",
    "url": "https://www.instagram.com/explore/locations/103123817920808/pasta-pesto/"
  },
  {
    "id": "103887741309832",
    "name": "SO Lovely",
    "city": "BilaTserkva",
    "url": "https://www.instagram.com/explore/locations/103887741309832/so-lovely/"
  },
  {
    "id": "2063258200393698",
    "name": "Сільпо / Silpo",
    "city": "BilaTserkva",
    "url": "https://www.instagram.com/explore/locations/2063258200393698/silpo/"
  },
  {
    "id": "567308066",
    "name": "Pizza Celentano Біла Церква Гоголя18",
    "city": "BilaTserkva",
    "url": "https://www.instagram.com/explore/locations/567308066/pizza-celentano-18/"
  },
  {
    "id": "1022771222",
    "name": "Леся Курбаса5/ Cafe-Room Mozart",
    "city": "BilaTserkva",
    "url": "https://www.instagram.com/explore/locations/1022771222/5-cafe-room-mozart/"
  },
  {
    "id": "580418855450925",
    "name": "FACE Make Up Room by VD",
    "city": "BilaTserkva",
    "url": "https://www.instagram.com/explore/locations/580418855450925/face-make-up-room-by-vd/"
  },
  {
    "id": "108910251685949",
    "name": "dr.ortodont_bc",
    "city": "BilaTserkva",
    "url": "https://www.instagram.com/explore/locations/108910251685949/drortodont_bc/"
  },
  {
    "id": "1479531978853913",
    "name": "Mon Parfum",
    "city": "BilaTserkva",
    "url": "https://www.instagram.com/explore/locations/1479531978853913/mon-parfum/"
  },
  {
    "id": "102470381875294",
    "name": "Bali CoffeShopping",
    "city": "BilaTserkva",
    "url": "https://www.instagram.com/explore/locations/102470381875294/bali-coffeshopping/"
  },
  {
    "id": "115156245792143",
    "name": "М-н \"Поплавокрыбалка, охота, ножи",
    "city": "BilaTserkva",
    "url": "https://www.instagram.com/explore/locations/115156245792143/-/"
  },
  {
    "id": "952305351628436",
    "name": "Веранда / Veranda",
    "city": "BilaTserkva",
    "url": "https://www.instagram.com/explore/locations/952305351628436/veranda/"
  },
  {
    "id": "454410201734240",
    "name": "Selfie фотостудия, Белая Церковь",
    "city": "BilaTserkva",
    "url": "https://www.instagram.com/explore/locations/454410201734240/selfie/"
  },
  {
    "id": "110764210447492",
    "name": "Papa Don",
    "city": "BilaTserkva",
    "url": "https://www.instagram.com/explore/locations/110764210447492/papa-don/"
  },
  {
    "id": "1027282784",
    "name": "Bila Tserkva",
    "city": "BilaTserkva",
    "url": "https://www.instagram.com/explore/locations/1027282784/bila-tserkva/"
  },
  {
    "id": "52401324",
    "name": "Сан-Марино",
    "city": "BilaTserkva",
    "url": "https://www.instagram.com/explore/locations/52401324/-/"
  },
  {
    "id": "535191769",
    "name": "Центр моди Koroleva",
    "city": "BilaTserkva",
    "url": "https://www.instagram.com/explore/locations/535191769/koroleva/"
  },
  {
    "id": "401031673",
    "name": "Арт-клуб \"Культ\"",
    "city": "BilaTserkva",
    "url": "https://www.instagram.com/explore/locations/401031673/-/"
  },
  {
    "id": "1957683574557721",
    "name": "Студія \"industry of Beauty\"",
    "city": "BilaTserkva",
    "url": "https://www.instagram.com/explore/locations/1957683574557721/industry-of-beauty/"
  },
  {
    "id": "1270052779831455",
    "name": "grizzly_bc",
    "city": "BilaTserkva",
    "url": "https://www.instagram.com/explore/locations/1270052779831455/grizzly_bc/"
  },
  {
    "id": "1742616656009082",
    "name": "Bearloga",
    "city": "BilaTserkva",
    "url": "https://www.instagram.com/explore/locations/1742616656009082/bearloga/"
  },
  {
    "id": "240767334",
    "name": "Центр здоров’я Beladent • стоматологія • медичний центр•",
    "city": "BilaTserkva",
    "url": "https://www.instagram.com/explore/locations/240767334/beladent/"
  },
  {
    "id": "1624499287566782",
    "name": "The English Studio школа англійської мови",
    "city": "BilaTserkva",
    "url": "https://www.instagram.com/explore/locations/1624499287566782/the-english-studio/"
  },
  {
    "id": "251394138",
    "name": "Party Bar Shokolad",
    "city": "BilaTserkva",
    "url": "https://www.instagram.com/explore/locations/251394138/party-bar-shokolad/"
  },
  {
    "id": "108445484204506",
    "name": "Borshch&Varenyky",
    "city": "BilaTserkva",
    "url": "https://www.instagram.com/explore/locations/108445484204506/borshchvarenyky/"
  },
  {
    "id": "2424249704280866",
    "name": "FLAO café",
    "city": "BilaTserkva",
    "url": "https://www.instagram.com/explore/locations/2424249704280866/flao-cafe/"
  },
  {
    "id": "1029503910",
    "name": "GOOD Roaster Coffee",
    "city": "BilaTserkva",
    "url": "https://www.instagram.com/explore/locations/1029503910/good-roaster-coffee/"
  },
  {
    "id": "2176621212665811",
    "name": "Беладент / Beladent",
    "city": "BilaTserkva",
    "url": "https://www.instagram.com/explore/locations/2176621212665811/beladent/"
  },
  {
    "id": "1632726170378819",
    "name": "Skytime",
    "city": "BilaTserkva",
    "url": "https://www.instagram.com/explore/locations/1632726170378819/skytime/"
  },
  {
    "id": "107780357843342",
    "name": "Women'sroom",
    "city": "BilaTserkva",
    "url": "https://www.instagram.com/explore/locations/107780357843342/womensroom/"
  },
  {
    "id": "105339441723234",
    "name": "kenguru.baby",
    "city": "BilaTserkva",
    "url": "https://www.instagram.com/explore/locations/105339441723234/kengurubaby/"
  },
  {
    "id": "1839805162928002",
    "name": "DANCE HOUSE Centre",
    "city": "BilaTserkva",
    "url": "https://www.instagram.com/explore/locations/1839805162928002/dance-house-centre/"
  },
  {
    "id": "281884726064202",
    "name": "FACE Beauty HOUSE",
    "city": "BilaTserkva",
    "url": "https://www.instagram.com/explore/locations/281884726064202/face-beauty-house/"
  },
  {
    "id": "320582384949076",
    "name": "Millennium dance studio",
    "city": "BilaTserkva",
    "url": "https://www.instagram.com/explore/locations/320582384949076/millennium-dance-studio/"
  },
  {
    "id": "836125460093187",
    "name": "Bianco Latte Espresso Bar",
    "city": "BilaTserkva",
    "url": "https://www.instagram.com/explore/locations/836125460093187/bianco-latte-espresso-bar/"
  },
  {
    "id": "1346191835482471",
    "name": "Make a Step Dance Studio",
    "city": "BilaTserkva",
    "url": "https://www.instagram.com/explore/locations/1346191835482471/make-a-step-dance-studio/"
  },
  {
    "id": "731426040",
    "name": "Мицва- 613",
    "city": "BilaTserkva",
    "url": "https://www.instagram.com/explore/locations/731426040/-613/"
  },
  {
    "id": "1085185278538558",
    "name": "Beauty Time",
    "city": "BilaTserkva",
    "url": "https://www.instagram.com/explore/locations/1085185278538558/beauty-time/"
  },
  {
    "id": "179895492636941",
    "name": "BurgerBoom",
    "city": "BilaTserkva",
    "url": "https://www.instagram.com/explore/locations/179895492636941/burgerboom/"
  },
  {
    "id": "199727734263969",
    "name": "ЦЕХ 59",
    "city": "BilaTserkva",
    "url": "https://www.instagram.com/explore/locations/199727734263969/59/"
  },
  {
    "id": "103245144629392",
    "name": "Deluxe_stretching_studio",
    "city": "BilaTserkva",
    "url": "https://www.instagram.com/explore/locations/103245144629392/deluxe_stretching_studio/"
  },
  {
    "id": "164283470966223",
    "name": "SPA Wellness",
    "city": "BilaTserkva",
    "url": "https://www.instagram.com/explore/locations/164283470966223/spa-wellness/"
  },
  {
    "id": "1030734986",
    "name": "Планета дитинства - дитячий садочок/ центр розвитку Біла Церква",
    "city": "BilaTserkva",
    "url": "https://www.instagram.com/explore/locations/1030734986/-/"
  },
  {
    "id": "1976282756013402",
    "name": "Ярослава Мудрого, 26",
    "city": "BilaTserkva",
    "url": "https://www.instagram.com/explore/locations/1976282756013402/26/"
  },
  {
    "id": "382721035874094",
    "name": "Бельведер / Belvedere",
    "city": "BilaTserkva",
    "url": "https://www.instagram.com/explore/locations/382721035874094/belvedere/"
  },
  {
    "id": "591779657922129",
    "name": "НОВИЙ ТЕАТР - Біла Церква - Офіційна Сторінка",
    "city": "BilaTserkva",
    "url": "https://www.instagram.com/explore/locations/591779657922129/-/"
  },
  {
    "id": "1016874792",
    "name": "Арт-Кафе Stare Misto",
    "city": "BilaTserkva",
    "url": "https://www.instagram.com/explore/locations/1016874792/-stare-misto/"
  },
  {
    "id": "240691016601427",
    "name": "Школа №7",
    "city": "BilaTserkva",
    "url": "https://www.instagram.com/explore/locations/240691016601427/no7/"
  },
  {
    "id": "104024321149535",
    "name": "SPORT LIFE",
    "city": "BilaTserkva",
    "url": "https://www.instagram.com/explore/locations/104024321149535/sport-life/"
  },
  {
    "id": "494016657605479",
    "name": "Школа №9",
    "city": "BilaTserkva",
    "url": "https://www.instagram.com/explore/locations/494016657605479/no9/"
  },
  {
    "id": "412627329",
    "name": "Fellini",
    "city": "BilaTserkva",
    "url": "https://www.instagram.com/explore/locations/412627329/fellini/"
  },
  {
    "id": "647152895",
    "name": "ЛСД LSD",
    "city": "BilaTserkva",
    "url": "https://www.instagram.com/explore/locations/647152895/lsd/"
  },
  {
    "id": "107189973994128",
    "name": "Домашня кравчиня by Evseeva Evgeniia",
    "city": "BilaTserkva",
    "url": "https://www.instagram.com/explore/locations/107189973994128/by-evseeva-evgeniia/"
  },
  {
    "id": "101004001985337",
    "name": "Лаунж-ресторан ZigZag",
    "city": "BilaTserkva",
    "url": "https://www.instagram.com/explore/locations/101004001985337/-zigzag/"
  },
  {
    "id": "297939397695304",
    "name": "Міська Лікарня №1",
    "city": "BilaTserkva",
    "url": "https://www.instagram.com/explore/locations/297939397695304/no1/"
  },
  {
    "id": "107631724311203",
    "name": "Yukatana Restaurant",
    "city": "BilaTserkva",
    "url": "https://www.instagram.com/explore/locations/107631724311203/yukatana-restaurant/"
  },
  {
    "id": "1605284226447077",
    "name": "My Coffee",
    "city": "BilaTserkva",
    "url": "https://www.instagram.com/explore/locations/1605284226447077/my-coffee/"
  },
  {
    "id": "1844640739081665",
    "name": "Контакт-центр Мережі Ланет Біла Церква",
    "city": "BilaTserkva",
    "url": "https://www.instagram.com/explore/locations/1844640739081665/-/"
  },
  {
    "id": "913582605494719",
    "name": "7 Небо",
    "city": "BilaTserkva",
    "url": "https://www.instagram.com/explore/locations/913582605494719/7/"
  },
  {
    "id": "799497709",
    "name": "Sto Dorog Travel Agency",
    "city": "BilaTserkva",
    "url": "https://www.instagram.com/explore/locations/799497709/sto-dorog-travel-agency/"
  },
  {
    "id": "374005689686855",
    "name": "Bosak Studio",
    "city": "BilaTserkva",
    "url": "https://www.instagram.com/explore/locations/374005689686855/bosak-studio/"
  },
  {
    "id": "1708626432776619",
    "name": "Happy Dress Studio",
    "city": "BilaTserkva",
    "url": "https://www.instagram.com/explore/locations/1708626432776619/happy-dress-studio/"
  },
  {
    "id": "199382583901674",
    "name": "Украïнсько-Колумбiйський Кордон",
    "city": "BilaTserkva",
    "url": "https://www.instagram.com/explore/locations/199382583901674/i-i/"
  },
  {
    "id": "113468948207237",
    "name": "Look_like_ bc",
    "city": "BilaTserkva",
    "url": "https://www.instagram.com/explore/locations/113468948207237/look_like_-bc/"
  },
  {
    "id": "909569887",
    "name": "Технолого-Економічний Коледж",
    "city": "BilaTserkva",
    "url": "https://www.instagram.com/explore/locations/909569887/-/"
  },
  {
    "id": "106243697901151",
    "name": "The LVS Kitchen",
    "city": "BilaTserkva",
    "url": "https://www.instagram.com/explore/locations/106243697901151/the-lvs-kitchen/"
  },
  {
    "id": "1897095407010589",
    "name": "Бар HeштеG#",
    "city": "BilaTserkva",
    "url": "https://www.instagram.com/explore/locations/1897095407010589/heg/"
  },
  {
    "id": "103602268383285",
    "name": "Україно-Колумбійський Кордон",
    "city": "BilaTserkva",
    "url": "https://www.instagram.com/explore/locations/103602268383285/-/"
  },
  {
    "id": "1744379599207700",
    "name": "Italia Caffe",
    "city": "BilaTserkva",
    "url": "https://www.instagram.com/explore/locations/1744379599207700/italia-caffe/"
  },
  {
    "id": "1831771400380558",
    "name": "Спасо-Преображенский собор (Белая Церковь)",
    "city": "BilaTserkva",
    "url": "https://www.instagram.com/explore/locations/1831771400380558/-/"
  },
  {
    "id": "171907759967848",
    "name": "Tea Time",
    "city": "BilaTserkva",
    "url": "https://www.instagram.com/explore/locations/171907759967848/tea-time/"
  },
  {
    "id": "883298291",
    "name": "Буфет По-Домашньому",
    "city": "BilaTserkva",
    "url": "https://www.instagram.com/explore/locations/883298291/-/"
  },
  {
    "id": "565589569",
    "name": "КВНЗ КОР \"Білоцерківський гуманітарно-педагогічний коледж\"",
    "city": "BilaTserkva",
    "url": "https://www.instagram.com/explore/locations/565589569/-/"
  },
  {
    "id": "880711275444950",
    "name": "EuroSport-bc",
    "city": "BilaTserkva",
    "url": "https://www.instagram.com/explore/locations/880711275444950/eurosport-bc/"
  },
  {
    "id": "677908864",
    "name": "Таймкофейня New York Coffee Белая Церковь",
    "city": "BilaTserkva",
    "url": "https://www.instagram.com/explore/locations/677908864/new-york-coffee/"
  },
  {
    "id": "101916724996865",
    "name": "By_sisters_studio",
    "city": "BilaTserkva",
    "url": "https://www.instagram.com/explore/locations/101916724996865/by_sisters_studio/"
  },
  {
    "id": "2491050497652771",
    "name": "Focus Stretching Studio",
    "city": "BilaTserkva",
    "url": "https://www.instagram.com/explore/locations/2491050497652771/focus-stretching-studio/"
  },
  {
    "id": "105231055341762",
    "name": "ridni.rechi",
    "city": "BilaTserkva",
    "url": "https://www.instagram.com/explore/locations/105231055341762/ridnirechi/"
  },
  {
    "id": "576661769178237",
    "name": "Baby Avenue",
    "city": "BilaTserkva",
    "url": "https://www.instagram.com/explore/locations/576661769178237/baby-avenue/"
  },
  {
    "id": "2182935348447266",
    "name": "Апельсин / Apelsyn",
    "city": "BilaTserkva",
    "url": "https://www.instagram.com/explore/locations/2182935348447266/apelsyn/"
  },
  {
    "id": "312431262851689",
    "name": "Арт-готель \"Династія\"",
    "city": "BilaTserkva",
    "url": "https://www.instagram.com/explore/locations/312431262851689/-/"
  },
  {
    "id": "994946280649031",
    "name": "SkyFall HookahBar",
    "city": "BilaTserkva",
    "url": "https://www.instagram.com/explore/locations/994946280649031/skyfall-hookahbar/"
  },
  {
    "id": "14294100",
    "name": "Ambar",
    "city": "BilaTserkva",
    "url": "https://www.instagram.com/explore/locations/14294100/ambar/"
  },
  {
    "id": "243325926358121",
    "name": "Гімназія №2",
    "city": "BilaTserkva",
    "url": "https://www.instagram.com/explore/locations/243325926358121/no2/"
  },
  {
    "id": "705217863014829",
    "name": "Біла Церква Салон Краси Natali",
    "city": "BilaTserkva",
    "url": "https://www.instagram.com/explore/locations/705217863014829/natali/"
  },
  {
    "id": "1019426501",
    "name": "Еліт - Центр естетичної стоматології",
    "city": "BilaTserkva",
    "url": "https://www.instagram.com/explore/locations/1019426501/-/"
  },
  {
    "id": "108547451442935",
    "name": "Green Terrace",
    "city": "BilaTserkva",
    "url": "https://www.instagram.com/explore/locations/108547451442935/green-terrace/"
  },
  {
    "id": "102202908897536",
    "name": "Glushko Studio",
    "city": "BilaTserkva",
    "url": "https://www.instagram.com/explore/locations/102202908897536/glushko-studio/"
  },
  {
    "id": "482686332301798",
    "name": "Тараторія - центр розвитку мовлення",
    "city": "BilaTserkva",
    "url": "https://www.instagram.com/explore/locations/482686332301798/-/"
  },
  {
    "id": "1021621996",
    "name": "Diamond Cafe",
    "city": "BilaTserkva",
    "url": "https://www.instagram.com/explore/locations/1021621996/diamond-cafe/"
  },
  {
    "id": "1020953111",
    "name": "Horban Olena Target",
    "city": "BilaTserkva",
    "url": "https://www.instagram.com/explore/locations/1020953111/horban-olena-target/"
  },
  {
    "id": "454225482020454",
    "name": "My baby bear",
    "city": "BilaTserkva",
    "url": "https://www.instagram.com/explore/locations/454225482020454/my-baby-bear/"
  },
  {
    "id": "104789937912944",
    "name": "Bearloga Lounge",
    "city": "BilaTserkva",
    "url": "https://www.instagram.com/explore/locations/104789937912944/bearloga-lounge/"
  },
  {
    "id": "104549717804310",
    "name": "TK Laser Біла Церква",
    "city": "BilaTserkva",
    "url": "https://www.instagram.com/explore/locations/104549717804310/tk-laser/"
  },
  {
    "id": "102137427874063",
    "name": "Potemnela",
    "city": "BilaTserkva",
    "url": "https://www.instagram.com/explore/locations/102137427874063/potemnela/"
  },
  {
    "id": "1033584687",
    "name": "Saint Valentine",
    "city": "BilaTserkva",
    "url": "https://www.instagram.com/explore/locations/1033584687/saint-valentine/"
  },
  {
    "id": "1033704940157099",
    "name": "FACE beauty HOUSE",
    "city": "BilaTserkva",
    "url": "https://www.instagram.com/explore/locations/1033704940157099/face-beauty-house/"
  },
  {
    "id": "101003068583324",
    "name": "EKspresso coffee",
    "city": "BilaTserkva",
    "url": "https://www.instagram.com/explore/locations/101003068583324/ekspresso-coffee/"
  },
  {
    "id": "168007543911028",
    "name": "Showroom by Secret",
    "city": "BilaTserkva",
    "url": "https://www.instagram.com/explore/locations/168007543911028/showroom-by-secret/"
  },
  {
    "id": "1930140900646071",
    "name": "Школа №1",
    "city": "BilaTserkva",
    "url": "https://www.instagram.com/explore/locations/1930140900646071/no1/"
  },
  {
    "id": "103683269283932",
    "name": "ЖК Dynastia BC",
    "city": "BilaTserkva",
    "url": "https://www.instagram.com/explore/locations/103683269283932/dynastia-bc/"
  },
  {
    "id": "552459885088557",
    "name": "Білоцерківська Дитячо-Юнацька Спортивна Школа 1",
    "city": "BilaTserkva",
    "url": "https://www.instagram.com/explore/locations/552459885088557/-1/"
  },
  {
    "id": "493924884680718",
    "name": "Гагарина 11 салон вікон та Дверей WDS",
    "city": "BilaTserkva",
    "url": "https://www.instagram.com/explore/locations/493924884680718/11-wds/"
  },
  {
    "id": "1640725572646174",
    "name": "БЛІЦ-FM",
    "city": "BilaTserkva",
    "url": "https://www.instagram.com/explore/locations/1640725572646174/-fm/"
  },
  {
    "id": "1791735831071017",
    "name": "WHITE SMOKE Белая Церковь, Гордынского 30",
    "city": "BilaTserkva",
    "url": "https://www.instagram.com/explore/locations/1791735831071017/white-smoke-30/"
  },
  {
    "id": "106240365154514",
    "name": "Bandos foods delivery",
    "city": "BilaTserkva",
    "url": "https://www.instagram.com/explore/locations/106240365154514/bandos-foods-delivery/"
  },
  {
    "id": "238675449326647",
    "name": "SHOkava",
    "city": "BilaTserkva",
    "url": "https://www.instagram.com/explore/locations/238675449326647/shokava/"
  },
  {
    "id": "228551387541962",
    "name": "Белая Церковь Belvedere",
    "city": "BilaTserkva",
    "url": "https://www.instagram.com/explore/locations/228551387541962/belvedere/"
  },
  {
    "id": "1096964300398548",
    "name": "Kenny broadcasts",
    "city": "BilaTserkva",
    "url": "https://www.instagram.com/explore/locations/1096964300398548/kenny-broadcasts/"
  },
  {
    "id": "327065027997373",
    "name": "Monochrome Coffee",
    "city": "BilaTserkva",
    "url": "https://www.instagram.com/explore/locations/327065027997373/monochrome-coffee/"
  },
  {
    "id": "1067474776773803",
    "name": "Салон Красоты I-Fashion",
    "city": "BilaTserkva",
    "url": "https://www.instagram.com/explore/locations/1067474776773803/i-fashion/"
  },
  {
    "id": "285330111885348",
    "name": "Decor Gallery",
    "city": "BilaTserkva",
    "url": "https://www.instagram.com/explore/locations/285330111885348/decor-gallery/"
  },
  {
    "id": "102635198855046",
    "name": "Our Galaxy",
    "city": "BilaTserkva",
    "url": "https://www.instagram.com/explore/locations/102635198855046/our-galaxy/"
  },
  {
    "id": "100125452341682",
    "name": "Oksamyt dental",
    "city": "BilaTserkva",
    "url": "https://www.instagram.com/explore/locations/100125452341682/oksamyt-dental/"
  },
  {
    "id": "816761521712974",
    "name": "Belaja Tserkov",
    "city": "BilaTserkva",
    "url": "https://www.instagram.com/explore/locations/816761521712974/belaja-tserkov/"
  },
  {
    "id": "183109105903421",
    "name": "Виправна колонія №35",
    "city": "BilaTserkva",
    "url": "https://www.instagram.com/explore/locations/183109105903421/no35/"
  },
  {
    "id": "845164555",
    "name": "MobiLab",
    "city": "BilaTserkva",
    "url": "https://www.instagram.com/explore/locations/845164555/mobilab/"
  },
  {
    "id": "107454208433836",
    "name": "Apphonebc",
    "city": "BilaTserkva",
    "url": "https://www.instagram.com/explore/locations/107454208433836/apphonebc/"
  },
  {
    "id": "587841721696167",
    "name": "Mortimer English Club Біла Церква",
    "city": "BilaTserkva",
    "url": "https://www.instagram.com/explore/locations/587841721696167/mortimer-english-club/"
  },
  {
    "id": "1026538519",
    "name": "Белая Церковь б. Хмельницкого 30",
    "city": "BilaTserkva",
    "url": "https://www.instagram.com/explore/locations/1026538519/30/"
  },
  {
    "id": "1030763849",
    "name": "Студія подорожей All Seasons",
    "city": "BilaTserkva",
    "url": "https://www.instagram.com/explore/locations/1030763849/all-seasons/"
  },
  {
    "id": "166617837350490",
    "name": "ManyCan",
    "city": "BilaTserkva",
    "url": "https://www.instagram.com/explore/locations/166617837350490/manycan/"
  },
  {
    "id": "469401403418190",
    "name": "Berloga",
    "city": "BilaTserkva",
    "url": "https://www.instagram.com/explore/locations/469401403418190/berloga/"
  },
  {
    "id": "110180514997608",
    "name": "Медичний центр Dr.David",
    "city": "BilaTserkva",
    "url": "https://www.instagram.com/explore/locations/110180514997608/drdavid/"
  },
  {
    "id": "366446153958932",
    "name": "Skinia Club",
    "city": "BilaTserkva",
    "url": "https://www.instagram.com/explore/locations/366446153958932/skinia-club/"
  },
  {
    "id": "284693052058102",
    "name": "Таймкофейня New York Coffee Белая Церковь",
    "city": "BilaTserkva",
    "url": "https://www.instagram.com/explore/locations/284693052058102/new-york-coffee/"
  },
  {
    "id": "717136988",
    "name": "2BRO Gastro Family",
    "city": "BilaTserkva",
    "url": "https://www.instagram.com/explore/locations/717136988/2bro-gastro-family/"
  },
  {
    "id": "588049758271352",
    "name": "Marine beauty studio",
    "city": "BilaTserkva",
    "url": "https://www.instagram.com/explore/locations/588049758271352/marine-beauty-studio/"
  },
  {
    "id": "280833485880682",
    "name": "ТРЦ «Вега» / Vega Mall",
    "city": "BilaTserkva",
    "url": "https://www.instagram.com/explore/locations/280833485880682/vega-mall/"
  },
  {
    "id": "380919712744178",
    "name": "Клуб віртуальної реальності \"VR Дайвер\"",
    "city": "BilaTserkva",
    "url": "https://www.instagram.com/explore/locations/380919712744178/vr/"
  },
  {
    "id": "123931021879563",
    "name": "PerioDent",
    "city": "BilaTserkva",
    "url": "https://www.instagram.com/explore/locations/123931021879563/periodent/"
  },
  {
    "id": "102340374803848",
    "name": "joinup_bilatserkva",
    "city": "BilaTserkva",
    "url": "https://www.instagram.com/explore/locations/102340374803848/joinup_bilatserkva/"
  },
  {
    "id": "979403072174227",
    "name": "Lepsza Садиба",
    "city": "BilaTserkva",
    "url": "https://www.instagram.com/explore/locations/979403072174227/lepsza/"
  },
  {
    "id": "100954398070329",
    "name": "Steam_hookah_2.0",
    "city": "BilaTserkva",
    "url": "https://www.instagram.com/explore/locations/100954398070329/steam_hookah_20/"
  },
  {
    "id": "278391839497824",
    "name": "EMET dance group",
    "city": "BilaTserkva",
    "url": "https://www.instagram.com/explore/locations/278391839497824/emet-dance-group/"
  },
  {
    "id": "574530239373649",
    "name": "Baby Avenue",
    "city": "BilaTserkva",
    "url": "https://www.instagram.com/explore/locations/574530239373649/baby-avenue/"
  },
  {
    "id": "524446184665943",
    "name": "Mi6 Barbershop",
    "city": "BilaTserkva",
    "url": "https://www.instagram.com/explore/locations/524446184665943/mi6-barbershop/"
  },
  {
    "id": "334541640799682",
    "name": "Beauty box.bc",
    "city": "BilaTserkva",
    "url": "https://www.instagram.com/explore/locations/334541640799682/beauty-boxbc/"
  },
  {
    "id": "109315512155242",
    "name": "Парк динозаврів - Біла Церква",
    "city": "BilaTserkva",
    "url": "https://www.instagram.com/explore/locations/109315512155242/-/"
  },
  {
    "id": "441440426203436",
    "name": "Вул Героїв Небесної Сотні 4",
    "city": "BilaTserkva",
    "url": "https://www.instagram.com/explore/locations/441440426203436/4/"
  },
  {
    "id": "527784444",
    "name": "Ярослава Мудрого,42",
    "city": "BilaTserkva",
    "url": "https://www.instagram.com/explore/locations/527784444/42/"
  },
  {
    "id": "1040949875953947",
    "name": "Інтернет-магазин КМ-Mebel",
    "city": "BilaTserkva",
    "url": "https://www.instagram.com/explore/locations/1040949875953947/-mebel/"
  },
  {
    "id": "1644108252365592",
    "name": "Озеро Бребенескуль, 1801м над у/м",
    "city": "BilaTserkva",
    "url": "https://www.instagram.com/explore/locations/1644108252365592/1801/"
  },
  {
    "id": "745979458902722",
    "name": "AutoKarman - АвтоКарман",
    "city": "BilaTserkva",
    "url": "https://www.instagram.com/explore/locations/745979458902722/autokarman-/"
  },
  {
    "id": "2477060479201686",
    "name": "Joanna Jersey’’ Студия Fly power Stretching",
    "city": "BilaTserkva",
    "url": "https://www.instagram.com/explore/locations/2477060479201686/joanna-jersey-fly-power-stretching/"
  },
  {
    "id": "253853578639259",
    "name": "Orange beauty room",
    "city": "BilaTserkva",
    "url": "https://www.instagram.com/explore/locations/253853578639259/orange-beauty-room/"
  },
  {
    "id": "141103352430613",
    "name": "DuvoDim",
    "city": "BilaTserkva",
    "url": "https://www.instagram.com/explore/locations/141103352430613/duvodim/"
  },
  {
    "id": "100495505126696",
    "name": "Ng Everest реабилитация наркозависимых",
    "city": "BilaTserkva",
    "url": "https://www.instagram.com/explore/locations/100495505126696/ng-everest/"
  },
  {
    "id": "670734089772741",
    "name": "Beautyroom Diva",
    "city": "BilaTserkva",
    "url": "https://www.instagram.com/explore/locations/670734089772741/beautyroom-diva/"
  },
  {
    "id": "919942416",
    "name": "Bila Tserkva Platz",
    "city": "BilaTserkva",
    "url": "https://www.instagram.com/explore/locations/919942416/bila-tserkva-platz/"
  },
  {
    "id": "182856802595423",
    "name": "Імперіал / Imperial",
    "city": "BilaTserkva",
    "url": "https://www.instagram.com/explore/locations/182856802595423/imperial/"
  },
  {
    "id": "241532611",
    "name": "Киевский Областной Музыкально-Драматический Театр Им П К Саксаганского",
    "city": "BilaTserkva",
    "url": "https://www.instagram.com/explore/locations/241532611/-/"
  },
  {
    "id": "2855511764498938",
    "name": "JYSK Ukraine",
    "city": "BilaTserkva",
    "url": "https://www.instagram.com/explore/locations/2855511764498938/jysk-ukraine/"
  },
  {
    "id": "1013929143",
    "name": "Mostwantedbeans",
    "city": "BilaTserkva",
    "url": "https://www.instagram.com/explore/locations/1013929143/mostwantedbeans/"
  },
  {
    "id": "1962632543995638",
    "name": "Showroom VS",
    "city": "BilaTserkva",
    "url": "https://www.instagram.com/explore/locations/1962632543995638/showroom-vs/"
  },
  {
    "id": "329573550831851",
    "name": "Vorsatz Pub",
    "city": "BilaTserkva",
    "url": "https://www.instagram.com/explore/locations/329573550831851/vorsatz-pub/"
  },
  {
    "id": "337602726094189",
    "name": "𝐍𝐄𝐅𝐄𝐑𝐓𝐈𝐓𝐈магазин стильного одягу",
    "city": "BilaTserkva",
    "url": "https://www.instagram.com/explore/locations/337602726094189/nefertiti/"
  },
  {
    "id": "1792312764321081",
    "name": "Тонус Premium Gym",
    "city": "BilaTserkva",
    "url": "https://www.instagram.com/explore/locations/1792312764321081/premium-gym/"
  },
  {
    "id": "109135914132951",
    "name": "Оптово-роздрібний склад Бджілка БЦ",
    "city": "BilaTserkva",
    "url": "https://www.instagram.com/explore/locations/109135914132951/-/"
  },
  {
    "id": "214610749004943",
    "name": "Київська Обласна Торгово- Промислова Палата",
    "city": "BilaTserkva",
    "url": "https://www.instagram.com/explore/locations/214610749004943/-/"
  },
  {
    "id": "430478944076651",
    "name": "Gabriadze & Batmi",
    "city": "BilaTserkva",
    "url": "https://www.instagram.com/explore/locations/430478944076651/gabriadze-batmi/"
  },
  {
    "id": "105490125179825",
    "name": "Salon Lileya",
    "city": "BilaTserkva",
    "url": "https://www.instagram.com/explore/locations/105490125179825/salon-lileya/"
  },
  {
    "id": "1017718326",
    "name": "Дом торжественных И-официальных-событий",
    "city": "BilaTserkva",
    "url": "https://www.instagram.com/explore/locations/1017718326/-/"
  },
  {
    "id": "126368780563446",
    "name": "Дитячий розважальний центр “Marvel Land BC”",
    "city": "BilaTserkva",
    "url": "https://www.instagram.com/explore/locations/126368780563446/marvel-land-bc/"
  },
  {
    "id": "109113547285507",
    "name": "Турагенція Tours&Tickets Біла Церква",
    "city": "BilaTserkva",
    "url": "https://www.instagram.com/explore/locations/109113547285507/tourstickets/"
  },
  {
    "id": "327172137965777",
    "name": "English School by Olena Ponomarenko",
    "city": "BilaTserkva",
    "url": "https://www.instagram.com/explore/locations/327172137965777/english-school-by-olena-ponomarenko/"
  },
  {
    "id": "313580221838741",
    "name": "Experience.dental.clinic",
    "city": "BilaTserkva",
    "url": "https://www.instagram.com/explore/locations/313580221838741/experiencedentalclinic/"
  },
  {
    "id": "1378167302271210",
    "name": "Vape Wolf Shop",
    "city": "BilaTserkva",
    "url": "https://www.instagram.com/explore/locations/1378167302271210/vape-wolf-shop/"
  },
  {
    "id": "195245731020429",
    "name": "«Only You» Beauty Studio",
    "city": "BilaTserkva",
    "url": "https://www.instagram.com/explore/locations/195245731020429/only-you-beauty-studio/"
  },
  {
    "id": "406029262602239",
    "name": "Tatrie",
    "city": "BilaTserkva",
    "url": "https://www.instagram.com/explore/locations/406029262602239/tatrie/"
  },
  {
    "id": "432203110913106",
    "name": "Київська Обласна Торгово-Промислова Палата",
    "city": "BilaTserkva",
    "url": "https://www.instagram.com/explore/locations/432203110913106/-/"
  },
  {
    "id": "283936651475812",
    "name": "Pink.bc",
    "city": "BilaTserkva",
    "url": "https://www.instagram.com/explore/locations/283936651475812/pinkbc/"
  },
  {
    "id": "741096306247382",
    "name": "Luxwen",
    "city": "BilaTserkva",
    "url": "https://www.instagram.com/explore/locations/741096306247382/luxwen/"
  },
  {
    "id": "355010448203783",
    "name": "VIP studio персонального тренинга",
    "city": "BilaTserkva",
    "url": "https://www.instagram.com/explore/locations/355010448203783/vip-studio/"
  },
  {
    "id": "106090154564570",
    "name": "Bon_lash_studio",
    "city": "BilaTserkva",
    "url": "https://www.instagram.com/explore/locations/106090154564570/bon_lash_studio/"
  },
  {
    "id": "102323048133729",
    "name": "Дитяча школа робототехніки в Білій Церкві Robot School",
    "city": "BilaTserkva",
    "url": "https://www.instagram.com/explore/locations/102323048133729/robot-school/"
  },
  {
    "id": "1554679231311054",
    "name": "Арт-кафе \"Квартира 36\"",
    "city": "BilaTserkva",
    "url": "https://www.instagram.com/explore/locations/1554679231311054/-36/"
  },
  {
    "id": "627974201015008",
    "name": "Вул.героїв Небесноі Сотні,54",
    "city": "BilaTserkva",
    "url": "https://www.instagram.com/explore/locations/627974201015008/54/"
  },
  {
    "id": "107129827434803",
    "name": "mydream_centre",
    "city": "BilaTserkva",
    "url": "https://www.instagram.com/explore/locations/107129827434803/mydream_centre/"
  },
  {
    "id": "1764809993844026",
    "name": "Mirabilis",
    "city": "BilaTserkva",
    "url": "https://www.instagram.com/explore/locations/1764809993844026/mirabilis/"
  },
  {
    "id": "268794890208526",
    "name": "Торговая Площадь, 3 Белая Церковь",
    "city": "BilaTserkva",
    "url": "https://www.instagram.com/explore/locations/268794890208526/3/"
  },
  {
    "id": "529124017511534",
    "name": "Мон-Сіті / Mon-City",
    "city": "BilaTserkva",
    "url": "https://www.instagram.com/explore/locations/529124017511534/-mon-city/"
  },
  {
    "id": "217349435530519",
    "name": "Гора Говерла, 2061м, Карпаты, Украина",
    "city": "BilaTserkva",
    "url": "https://www.instagram.com/explore/locations/217349435530519/2061/"
  },
  {
    "id": "208785689901162",
    "name": "Білоцерківська Гімназія №1",
    "city": "BilaTserkva",
    "url": "https://www.instagram.com/explore/locations/208785689901162/no1/"
  },
  {
    "id": "1061475887273921",
    "name": "FACE brow & make up ROOM",
    "city": "BilaTserkva",
    "url": "https://www.instagram.com/explore/locations/1061475887273921/face-brow-make-up-room/"
  },
  {
    "id": "509084631",
    "name": "Roxity",
    "city": "BilaTserkva",
    "url": "https://www.instagram.com/explore/locations/509084631/roxity/"
  },
  {
    "id": "210343833123926",
    "name": "Житловий Комплекс Dynastia BC",
    "city": "BilaTserkva",
    "url": "https://www.instagram.com/explore/locations/210343833123926/dynastia-bc/"
  },
  {
    "id": "112830213419115",
    "name": "Кав‘ярня Stories",
    "city": "BilaTserkva",
    "url": "https://www.instagram.com/explore/locations/112830213419115/stories/"
  },
  {
    "id": "117305479665884",
    "name": "Stamboolbathhouse",
    "city": "BilaTserkva",
    "url": "https://www.instagram.com/explore/locations/117305479665884/stamboolbathhouse/"
  },
  {
    "id": "1902060973339936",
    "name": "Ул. Героев Небесной Сотни, 2а",
    "city": "BilaTserkva",
    "url": "https://www.instagram.com/explore/locations/1902060973339936/2/"
  },
  {
    "id": "250524172312294",
    "name": "вул. Курсова, 35",
    "city": "BilaTserkva",
    "url": "https://www.instagram.com/explore/locations/250524172312294/35/"
  },
  {
    "id": "389313758360666",
    "name": "Potemnela солярій Біла Церква",
    "city": "BilaTserkva",
    "url": "https://www.instagram.com/explore/locations/389313758360666/potemnela/"
  },
  {
    "id": "105037964398579",
    "name": "mypie_ua",
    "city": "BilaTserkva",
    "url": "https://www.instagram.com/explore/locations/105037964398579/mypie_ua/"
  },
  {
    "id": "1885641424820923",
    "name": "Bote Studio",
    "city": "BilaTserkva",
    "url": "https://www.instagram.com/explore/locations/1885641424820923/bote-studio/"
  },
  {
    "id": "2305255012865872",
    "name": "WOW Kinder - Твоя мечта",
    "city": "BilaTserkva",
    "url": "https://www.instagram.com/explore/locations/2305255012865872/wow-kinder-/"
  },
  {
    "id": "355350024906892",
    "name": "Diamond Crew",
    "city": "BilaTserkva",
    "url": "https://www.instagram.com/explore/locations/355350024906892/diamond-crew/"
  },
  {
    "id": "165544783982585",
    "name": "Budka.bar",
    "city": "BilaTserkva",
    "url": "https://www.instagram.com/explore/locations/165544783982585/budkabar/"
  },
  {
    "id": "835314953251555",
    "name": "Біла Церква barbershop \"Джентельмени удачі\"",
    "city": "BilaTserkva",
    "url": "https://www.instagram.com/explore/locations/835314953251555/barbershop/"
  },
  {
    "id": "1154922944634962",
    "name": "Догори Дригом - Квест-кімната. Quest room",
    "city": "BilaTserkva",
    "url": "https://www.instagram.com/explore/locations/1154922944634962/-quest-room/"
  },
  {
    "id": "258521231293995",
    "name": "Michigan",
    "city": "BilaTserkva",
    "url": "https://www.instagram.com/explore/locations/258521231293995/michigan/"
  },
  {
    "id": "1226973500783120",
    "name": "Термо-Пак",
    "city": "BilaTserkva",
    "url": "https://www.instagram.com/explore/locations/1226973500783120/-/"
  },
  {
    "id": "103759578652165",
    "name": "HK Flowers and Delivery",
    "city": "BilaTserkva",
    "url": "https://www.instagram.com/explore/locations/103759578652165/hk-flowers-and-delivery/"
  },
  {
    "id": "1035105226",
    "name": "Grill-cafe Kolibri",
    "city": "BilaTserkva",
    "url": "https://www.instagram.com/explore/locations/1035105226/grill-cafe-kolibri/"
  },
  {
    "id": "243168860",
    "name": "Белая Церковь Боулинг-Клуб \"шоколад\"",
    "city": "BilaTserkva",
    "url": "https://www.instagram.com/explore/locations/243168860/-/"
  },
  {
    "id": "1065651623543181",
    "name": "Atelier \"Nina Bilyaeva\"",
    "city": "BilaTserkva",
    "url": "https://www.instagram.com/explore/locations/1065651623543181/atelier-nina-bilyaeva/"
  },
  {
    "id": "108539557470808",
    "name": "FIDGI одежда/аксессуары",
    "city": "BilaTserkva",
    "url": "https://www.instagram.com/explore/locations/108539557470808/fidgi/"
  },
  {
    "id": "570723923369602",
    "name": "Eldorado.ua",
    "city": "BilaTserkva",
    "url": "https://www.instagram.com/explore/locations/570723923369602/eldoradoua/"
  },
  {
    "id": "100158199418460",
    "name": "Dr. Mauricio Giménez",
    "city": "BilaTserkva",
    "url": "https://www.instagram.com/explore/locations/100158199418460/dr-mauricio-gimenez/"
  },
  {
    "id": "106830974469650",
    "name": "Таращанська 191а",
    "city": "BilaTserkva",
    "url": "https://www.instagram.com/explore/locations/106830974469650/191/"
  },
  {
    "id": "108385321804334",
    "name": "deluxe_stretching_studio",
    "city": "BilaTserkva",
    "url": "https://www.instagram.com/explore/locations/108385321804334/deluxe_stretching_studio/"
  },
  {
    "id": "102251751592290",
    "name": "Sport for special kids",
    "city": "BilaTserkva",
    "url": "https://www.instagram.com/explore/locations/102251751592290/sport-for-special-kids/"
  },
  {
    "id": "251792305312380",
    "name": "Mariland.boutique Магазин Детских Товаров",
    "city": "BilaTserkva",
    "url": "https://www.instagram.com/explore/locations/251792305312380/marilandboutique/"
  },
  {
    "id": "551507045197676",
    "name": "Білоцерківський економіко-правовий ліцей",
    "city": "BilaTserkva",
    "url": "https://www.instagram.com/explore/locations/551507045197676/-/"
  },
  {
    "id": "103027038120685",
    "name": "surprise.biz.ua",
    "city": "BilaTserkva",
    "url": "https://www.instagram.com/explore/locations/103027038120685/surprisebizua/"
  },
  {
    "id": "128412884320561",
    "name": "Artishockstudio",
    "city": "BilaTserkva",
    "url": "https://www.instagram.com/explore/locations/128412884320561/artishockstudio/"
  },
  {
    "id": "1014381291",
    "name": "Весь KNX из одних рук. ЧП \"Смартхаус\".",
    "city": "BilaTserkva",
    "url": "https://www.instagram.com/explore/locations/1014381291/knx/"
  },
  {
    "id": "2260827280861846",
    "name": "Турагенцiя TUI Бiла Церква",
    "city": "BilaTserkva",
    "url": "https://www.instagram.com/explore/locations/2260827280861846/i-tui-i/"
  },
  {
    "id": "100623808898633",
    "name": "Mozzarella&Grill",
    "city": "BilaTserkva",
    "url": "https://www.instagram.com/explore/locations/100623808898633/mozzarellagrill/"
  },
  {
    "id": "1520719928220634",
    "name": "Академія розумників \"Smart kids\"",
    "city": "BilaTserkva",
    "url": "https://www.instagram.com/explore/locations/1520719928220634/smart-kids/"
  },
  {
    "id": "1525002717590698",
    "name": "Магазин \"UA MACHO\"",
    "city": "BilaTserkva",
    "url": "https://www.instagram.com/explore/locations/1525002717590698/ua-macho/"
  },
  {
    "id": "425295509",
    "name": "Актив-Бьюти",
    "city": "BilaTserkva",
    "url": "https://www.instagram.com/explore/locations/425295509/-/"
  },
  {
    "id": "101419284810887",
    "name": "Deluxe & Stretching Studio",
    "city": "BilaTserkva",
    "url": "https://www.instagram.com/explore/locations/101419284810887/deluxe-stretching-studio/"
  },
  {
    "id": "1916773395212093",
    "name": "Italia Caffe",
    "city": "BilaTserkva",
    "url": "https://www.instagram.com/explore/locations/1916773395212093/italia-caffe/"
  },
  {
    "id": "102543671182621",
    "name": "Белая Церковь, Б-р Александрийский 19, \"свiт Золота\"",
    "city": "BilaTserkva",
    "url": "https://www.instagram.com/explore/locations/102543671182621/-19-i/"
  },
  {
    "id": "629898050853690",
    "name": "Торговая Площадь, 16",
    "city": "BilaTserkva",
    "url": "https://www.instagram.com/explore/locations/629898050853690/16/"
  },
  {
    "id": "100931888539206",
    "name": "ЖК Lake City",
    "city": "BilaTserkva",
    "url": "https://www.instagram.com/explore/locations/100931888539206/lake-city/"
  },
  {
    "id": "527787960979330",
    "name": "Yellow Cup",
    "city": "BilaTserkva",
    "url": "https://www.instagram.com/explore/locations/527787960979330/yellow-cup/"
  },
  {
    "id": "573245503",
    "name": "Кафе \"буфет По-Домашнему\"",
    "city": "BilaTserkva",
    "url": "https://www.instagram.com/explore/locations/573245503/-/"
  },
  {
    "id": "515081232165595",
    "name": "Фотостудия \"musthave\"",
    "city": "BilaTserkva",
    "url": "https://www.instagram.com/explore/locations/515081232165595/musthave/"
  },
  {
    "id": "109277554937036",
    "name": "maesta.vero",
    "city": "BilaTserkva",
    "url": "https://www.instagram.com/explore/locations/109277554937036/maestavero/"
  },
  {
    "id": "1897497516995419",
    "name": "Біла Церква Спортшкола 1",
    "city": "BilaTserkva",
    "url": "https://www.instagram.com/explore/locations/1897497516995419/1/"
  },
  {
    "id": "107766951091871",
    "name": "Білоцерківський ліцей іноземних мов-гімназія # 9",
    "city": "BilaTserkva",
    "url": "https://www.instagram.com/explore/locations/107766951091871/-9/"
  },
  {
    "id": "104378491515526",
    "name": "Macho.ua",
    "city": "BilaTserkva",
    "url": "https://www.instagram.com/explore/locations/104378491515526/machoua/"
  },
  {
    "id": "283261868676688",
    "name": "Психолог Наталя Затишна-Скрибка",
    "city": "BilaTserkva",
    "url": "https://www.instagram.com/explore/locations/283261868676688/-/"
  },
  {
    "id": "1080407372128750",
    "name": "Белая Церковь Ярослава Мудрого 17",
    "city": "BilaTserkva",
    "url": "https://www.instagram.com/explore/locations/1080407372128750/17/"
  },
  {
    "id": "758162684349637",
    "name": "Beautyroom Diva",
    "city": "BilaTserkva",
    "url": "https://www.instagram.com/explore/locations/758162684349637/beautyroom-diva/"
  },
  {
    "id": "2009631922638956",
    "name": "Караоке бар 7 NEBO",
    "city": "BilaTserkva",
    "url": "https://www.instagram.com/explore/locations/2009631922638956/7-nebo/"
  },
  {
    "id": "203609830418344",
    "name": "ED_SPACE",
    "city": "BilaTserkva",
    "url": "https://www.instagram.com/explore/locations/203609830418344/ed_space/"
  },
  {
    "id": "420955111803054",
    "name": "Lepsza Sadyba",
    "city": "BilaTserkva",
    "url": "https://www.instagram.com/explore/locations/420955111803054/lepsza-sadyba/"
  },
  {
    "id": "131038867516481",
    "name": "Свадебный салон \"Amur\"",
    "city": "BilaTserkva",
    "url": "https://www.instagram.com/explore/locations/131038867516481/amur/"
  },
  {
    "id": "105069515331639",
    "name": "Парк \"Гюргівська фортецяI м.Біла Церква",
    "city": "BilaTserkva",
    "url": "https://www.instagram.com/explore/locations/105069515331639/i/"
  },
  {
    "id": "1979471992290691",
    "name": "Madam_broshkina_store_",
    "city": "BilaTserkva",
    "url": "https://www.instagram.com/explore/locations/1979471992290691/madam_broshkina_store_/"
  },
  {
    "id": "495877762",
    "name": "Фото-відео студія F8",
    "city": "BilaTserkva",
    "url": "https://www.instagram.com/explore/locations/495877762/-f8/"
  },
  {
    "id": "131813207502716",
    "name": "Міжнародний англомовний табір ESSC",
    "city": "BilaTserkva",
    "url": "https://www.instagram.com/explore/locations/131813207502716/essc/"
  },
  {
    "id": "1876786549303842",
    "name": "Зоосалон \"Dyubua\"",
    "city": "BilaTserkva",
    "url": "https://www.instagram.com/explore/locations/1876786549303842/dyubua/"
  },
  {
    "id": "112918490361432",
    "name": "lux_mobile_bc",
    "city": "BilaTserkva",
    "url": "https://www.instagram.com/explore/locations/112918490361432/lux_mobile_bc/"
  },
  {
    "id": "2967488566594477",
    "name": "Evona",
    "city": "BilaTserkva",
    "url": "https://www.instagram.com/explore/locations/2967488566594477/evona/"
  },
  {
    "id": "2248001552183617",
    "name": "Tataki",
    "city": "BilaTserkva",
    "url": "https://www.instagram.com/explore/locations/2248001552183617/tataki/"
  },
  {
    "id": "755039414654734",
    "name": "МОДНА КОВКА - ковані меблі та декор",
    "city": "BilaTserkva",
    "url": "https://www.instagram.com/explore/locations/755039414654734/-/"
  },
  {
    "id": "223169431525646",
    "name": "ThetaHealing Life",
    "city": "BilaTserkva",
    "url": "https://www.instagram.com/explore/locations/223169431525646/thetahealing-life/"
  },
  {
    "id": "107071397677406",
    "name": "Кав'ярня Mandarin Coffee",
    "city": "BilaTserkva",
    "url": "https://www.instagram.com/explore/locations/107071397677406/mandarin-coffee/"
  },
  {
    "id": "106245534360324",
    "name": "Tofu_ecostore",
    "city": "BilaTserkva",
    "url": "https://www.instagram.com/explore/locations/106245534360324/tofu_ecostore/"
  },
  {
    "id": "111454350252060",
    "name": "Boho Beauty Studio",
    "city": "BilaTserkva",
    "url": "https://www.instagram.com/explore/locations/111454350252060/boho-beauty-studio/"
  },
  {
    "id": "104854231417797",
    "name": "Skyfall Hookan Bar",
    "city": "BilaTserkva",
    "url": "https://www.instagram.com/explore/locations/104854231417797/skyfall-hookan-bar/"
  },
  {
    "id": "2195650687355393",
    "name": "Soul Bar",
    "city": "BilaTserkva",
    "url": "https://www.instagram.com/explore/locations/2195650687355393/soul-bar/"
  },
  {
    "id": "105966378813683",
    "name": "Grand River Place",
    "city": "BilaTserkva",
    "url": "https://www.instagram.com/explore/locations/105966378813683/grand-river-place/"
  },
  {
    "id": "470682226755903",
    "name": "Дитячий Садок №26",
    "city": "BilaTserkva",
    "url": "https://www.instagram.com/explore/locations/470682226755903/no26/"
  },
  {
    "id": "110181377794925",
    "name": "Mans Hub - Барбершоп Біла Церква",
    "city": "BilaTserkva",
    "url": "https://www.instagram.com/explore/locations/110181377794925/mans-hub-/"
  },
  {
    "id": "111412358053273",
    "name": "barbershop.s.kayfom",
    "city": "BilaTserkva",
    "url": "https://www.instagram.com/explore/locations/111412358053273/barbershopskayfom/"
  },
  {
    "id": "790714474435879",
    "name": "Студия Звукозаписи 2Bro Records",
    "city": "BilaTserkva",
    "url": "https://www.instagram.com/explore/locations/790714474435879/2bro-records/"
  },
  {
    "id": "102000238349493",
    "name": "Autumn time",
    "city": "BilaTserkva",
    "url": "https://www.instagram.com/explore/locations/102000238349493/autumn-time/"
  },
  {
    "id": "108341428478598",
    "name": "Deluxe Stretching Studio",
    "city": "BilaTserkva",
    "url": "https://www.instagram.com/explore/locations/108341428478598/deluxe-stretching-studio/"
  },
  {
    "id": "106978038322159",
    "name": "Офтальмологічний центр ALEX",
    "city": "BilaTserkva",
    "url": "https://www.instagram.com/explore/locations/106978038322159/alex/"
  },
  {
    "id": "128287595787287",
    "name": "Sushi_tokio_pizza",
    "city": "BilaTserkva",
    "url": "https://www.instagram.com/explore/locations/128287595787287/sushi_tokio_pizza/"
  },
  {
    "id": "784291465045290",
    "name": "Lash&brow Gallery",
    "city": "BilaTserkva",
    "url": "https://www.instagram.com/explore/locations/784291465045290/lashbrow-gallery/"
  },
  {
    "id": "126571604154719",
    "name": "Silver World",
    "city": "BilaTserkva",
    "url": "https://www.instagram.com/explore/locations/126571604154719/silver-world/"
  },
  {
    "id": "275478163371800",
    "name": "Join Up to travel м. Біла Церква",
    "city": "BilaTserkva",
    "url": "https://www.instagram.com/explore/locations/275478163371800/join-up-to-travel/"
  },
  {
    "id": "1629291470539106",
    "name": "Школа Мистецтв 1",
    "city": "BilaTserkva",
    "url": "https://www.instagram.com/explore/locations/1629291470539106/1/"
  },
  {
    "id": "100530541762623",
    "name": "solarium_ultra",
    "city": "BilaTserkva",
    "url": "https://www.instagram.com/explore/locations/100530541762623/solarium_ultra/"
  },
  {
    "id": "178066476439978",
    "name": "Bianco Latte",
    "city": "BilaTserkva",
    "url": "https://www.instagram.com/explore/locations/178066476439978/bianco-latte/"
  },
  {
    "id": "642759009447497",
    "name": "Салон Красоты Pudra Белая Церковь",
    "city": "BilaTserkva",
    "url": "https://www.instagram.com/explore/locations/642759009447497/pudra/"
  },
  {
    "id": "100587471535961",
    "name": "Polya",
    "city": "BilaTserkva",
    "url": "https://www.instagram.com/explore/locations/100587471535961/polya/"
  },
  {
    "id": "1001814922",
    "name": "Bear Valley Bible Institute in Ukraine",
    "city": "BilaTserkva",
    "url": "https://www.instagram.com/explore/locations/1001814922/bear-valley-bible-institute-in-ukraine/"
  },
  {
    "id": "248986586009121",
    "name": "Hеshteg_BC",
    "city": "BilaTserkva",
    "url": "https://www.instagram.com/explore/locations/248986586009121/hshteg_bc/"
  },
  {
    "id": "1993711273991942",
    "name": "Savage",
    "city": "BilaTserkva",
    "url": "https://www.instagram.com/explore/locations/1993711273991942/savage/"
  },
  {
    "id": "1739025296340097",
    "name": "FACE brow & make up ROOM",
    "city": "BilaTserkva",
    "url": "https://www.instagram.com/explore/locations/1739025296340097/face-brow-make-up-room/"
  },
  {
    "id": "103099686019584",
    "name": "Balance.studio.",
    "city": "BilaTserkva",
    "url": "https://www.instagram.com/explore/locations/103099686019584/balancestudio/"
  },
  {
    "id": "256058654955759",
    "name": "Піцерія Felichita",
    "city": "BilaTserkva",
    "url": "https://www.instagram.com/explore/locations/256058654955759/felichita/"
  },
  {
    "id": "144838065966595",
    "name": "EMET dance studio",
    "city": "BilaTserkva",
    "url": "https://www.instagram.com/explore/locations/144838065966595/emet-dance-studio/"
  },
  {
    "id": "450537352020406",
    "name": "My Ice Love",
    "city": "BilaTserkva",
    "url": "https://www.instagram.com/explore/locations/450537352020406/my-ice-love/"
  },
  {
    "id": "113491543357737",
    "name": "Кофейня Stories",
    "city": "BilaTserkva",
    "url": "https://www.instagram.com/explore/locations/113491543357737/stories/"
  },
  {
    "id": "731974387162873",
    "name": "Sport clubSparta",
    "city": "BilaTserkva",
    "url": "https://www.instagram.com/explore/locations/731974387162873/sport-clubsparta/"
  },
  {
    "id": "253602341",
    "name": "Туристична агенція «Віза-Валіза»",
    "city": "BilaTserkva",
    "url": "https://www.instagram.com/explore/locations/253602341/-/"
  },
  {
    "id": "181791428348564",
    "name": "Van Trans Service",
    "city": "BilaTserkva",
    "url": "https://www.instagram.com/explore/locations/181791428348564/van-trans-service/"
  },
  {
    "id": "1026566496",
    "name": "Кофейня \"Biscuit\"",
    "city": "BilaTserkva",
    "url": "https://www.instagram.com/explore/locations/1026566496/biscuit/"
  },
  {
    "id": "355577491657921",
    "name": "Nail Beauty. Art Studio Irina Samarenko",
    "city": "BilaTserkva",
    "url": "https://www.instagram.com/explore/locations/355577491657921/nail-beauty-art-studio-irina-samarenko/"
  },
  {
    "id": "922880334561267",
    "name": "MotoDrive",
    "city": "BilaTserkva",
    "url": "https://www.instagram.com/explore/locations/922880334561267/motodrive/"
  },
  {
    "id": "105587987729527",
    "name": "Ventilators",
    "city": "BilaTserkva",
    "url": "https://www.instagram.com/explore/locations/105587987729527/ventilators/"
  },
  {
    "id": "254818878496418",
    "name": "Banana Bar",
    "city": "BilaTserkva",
    "url": "https://www.instagram.com/explore/locations/254818878496418/banana-bar/"
  },
  {
    "id": "107887007618272",
    "name": "Kavamoloko",
    "city": "BilaTserkva",
    "url": "https://www.instagram.com/explore/locations/107887007618272/kavamoloko/"
  },
  {
    "id": "721429049",
    "name": "Egypt",
    "city": "BilaTserkva",
    "url": "https://www.instagram.com/explore/locations/721429049/egypt/"
  },
  {
    "id": "1755892628027455",
    "name": "J.С. Сonnect",
    "city": "BilaTserkva",
    "url": "https://www.instagram.com/explore/locations/1755892628027455/j-onnect/"
  },
  {
    "id": "1870530076388438",
    "name": "ПУМБ / FUIB",
    "city": "BilaTserkva",
    "url": "https://www.instagram.com/explore/locations/1870530076388438/fuib/"
  },
  {
    "id": "195963917581556",
    "name": "Работа за рубежом от компании BC service",
    "city": "BilaTserkva",
    "url": "https://www.instagram.com/explore/locations/195963917581556/bc-service/"
  },
  {
    "id": "346758792592150",
    "name": "Spy Zone",
    "city": "BilaTserkva",
    "url": "https://www.instagram.com/explore/locations/346758792592150/spy-zone/"
  },
  {
    "id": "2036882996531632",
    "name": "GoodBeer",
    "city": "BilaTserkva",
    "url": "https://www.instagram.com/explore/locations/2036882996531632/goodbeer/"
  },
  {
    "id": "106414120924723",
    "name": "Білоцерківський академічний ліцей \"Вектор- гімназія N18",
    "city": "BilaTserkva",
    "url": "https://www.instagram.com/explore/locations/106414120924723/-n18/"
  },
  {
    "id": "422700035188697",
    "name": "Білоцерківська спеціалізована школа І-ІІІ ст. 9",
    "city": "BilaTserkva",
    "url": "https://www.instagram.com/explore/locations/422700035188697/-9/"
  },
  {
    "id": "112668636805361",
    "name": "Double Decker",
    "city": "BilaTserkva",
    "url": "https://www.instagram.com/explore/locations/112668636805361/double-decker/"
  },
  {
    "id": "232832074072243",
    "name": "Brandli. Brand agency",
    "city": "BilaTserkva",
    "url": "https://www.instagram.com/explore/locations/232832074072243/brandli-brand-agency/"
  },
  {
    "id": "104926115134858",
    "name": "Logo.studio.bc Логопедично-корекційний центр",
    "city": "BilaTserkva",
    "url": "https://www.instagram.com/explore/locations/104926115134858/logostudiobc-/"
  },
  {
    "id": "467556650656135",
    "name": "Ukatana",
    "city": "BilaTserkva",
    "url": "https://www.instagram.com/explore/locations/467556650656135/ukatana/"
  },
  {
    "id": "455379781",
    "name": "Біла Церква - Школа Мистецтв #1",
    "city": "BilaTserkva",
    "url": "https://www.instagram.com/explore/locations/455379781/-1/"
  },
  {
    "id": "2345988068959946",
    "name": "Mariland.boutique Магазин Детских Товаров",
    "city": "BilaTserkva",
    "url": "https://www.instagram.com/explore/locations/2345988068959946/marilandboutique/"
  },
  {
    "id": "103375408349468",
    "name": "TEZ Tour Турагенція м. Біла Церква",
    "city": "BilaTserkva",
    "url": "https://www.instagram.com/explore/locations/103375408349468/tez-tour/"
  },
  {
    "id": "755334161243476",
    "name": "Студія Сучасної та Класичної хореографії\"FLY Dance Family \"",
    "city": "BilaTserkva",
    "url": "https://www.instagram.com/explore/locations/755334161243476/fly-dance-family/"
  },
  {
    "id": "998969359",
    "name": "Belaja Tserkov",
    "city": "BilaTserkva",
    "url": "https://www.instagram.com/explore/locations/998969359/belaja-tserkov/"
  },
  {
    "id": "100608058226269",
    "name": "Deluxe & Stretching Studio",
    "city": "BilaTserkva",
    "url": "https://www.instagram.com/explore/locations/100608058226269/deluxe-stretching-studio/"
  },
  {
    "id": "255132411905937",
    "name": "Квест-кімната \"Таємниці Хогвартсу\"",
    "city": "BilaTserkva",
    "url": "https://www.instagram.com/explore/locations/255132411905937/-/"
  },
  {
    "id": "205642996965944",
    "name": "Навчально-виховний простір Левенятко",
    "city": "BilaTserkva",
    "url": "https://www.instagram.com/explore/locations/205642996965944/-/"
  },
  {
    "id": "684869458538396",
    "name": "Бульвар Олександрійський 40",
    "city": "BilaTserkva",
    "url": "https://www.instagram.com/explore/locations/684869458538396/40/"
  },
  {
    "id": "114072964951783",
    "name": "Metalevi Dveri",
    "city": "BilaTserkva",
    "url": "https://www.instagram.com/explore/locations/114072964951783/metalevi-dveri/"
  },
  {
    "id": "1017115564",
    "name": "DSL️",
    "city": "BilaTserkva",
    "url": "https://www.instagram.com/explore/locations/1017115564/dsl/"
  },
  {
    "id": "1022458997",
    "name": "50 Победы 95-97",
    "city": "BilaTserkva",
    "url": "https://www.instagram.com/explore/locations/1022458997/50-95-97/"
  },
  {
    "id": "309247193295086",
    "name": "Чотири СезониAcssesories",
    "city": "BilaTserkva",
    "url": "https://www.instagram.com/explore/locations/309247193295086/acssesories/"
  },
  {
    "id": "1394662333998142",
    "name": "Eco Lab. Studio",
    "city": "BilaTserkva",
    "url": "https://www.instagram.com/explore/locations/1394662333998142/eco-lab-studio/"
  },
  {
    "id": "125727515496291",
    "name": "Best2Friends",
    "city": "BilaTserkva",
    "url": "https://www.instagram.com/explore/locations/125727515496291/best2friends/"
  },
  {
    "id": "620736748321281",
    "name": "Гуртожиток БНАУ №5",
    "city": "BilaTserkva",
    "url": "https://www.instagram.com/explore/locations/620736748321281/no5/"
  },
  {
    "id": "2350998828513998",
    "name": "LoveLy",
    "city": "BilaTserkva",
    "url": "https://www.instagram.com/explore/locations/2350998828513998/lovely/"
  },
  {
    "id": "102512432837629",
    "name": "InGold Салон Краси - косметологія, лазерна епіляція, DEKA MOVEO, масаж",
    "city": "BilaTserkva",
    "url": "https://www.instagram.com/explore/locations/102512432837629/ingold-deka-moveo/"
  },
  {
    "id": "305595163460253",
    "name": "Showroom “angallery”",
    "city": "BilaTserkva",
    "url": "https://www.instagram.com/explore/locations/305595163460253/showroom-angallery/"
  },
  {
    "id": "245417749644221",
    "name": "Miss Princess",
    "city": "BilaTserkva",
    "url": "https://www.instagram.com/explore/locations/245417749644221/miss-princess/"
  },
  {
    "id": "158071371459038",
    "name": "Mortimer",
    "city": "BilaTserkva",
    "url": "https://www.instagram.com/explore/locations/158071371459038/mortimer/"
  },
  {
    "id": "804159959744075",
    "name": "Майстерня Пару - Vape Shop & Lounge Bar",
    "city": "BilaTserkva",
    "url": "https://www.instagram.com/explore/locations/804159959744075/-vape-shop-lounge-bar/"
  },
  {
    "id": "313432199254255",
    "name": "Спортивна Школа №1",
    "city": "BilaTserkva",
    "url": "https://www.instagram.com/explore/locations/313432199254255/no1/"
  },
  {
    "id": "115226306506992",
    "name": "Кав'ярня Stories",
    "city": "BilaTserkva",
    "url": "https://www.instagram.com/explore/locations/115226306506992/stories/"
  },
  {
    "id": "330723437568946",
    "name": "Loft Kava",
    "city": "BilaTserkva",
    "url": "https://www.instagram.com/explore/locations/330723437568946/loft-kava/"
  },
  {
    "id": "108431904715741",
    "name": "Factory Queens",
    "city": "BilaTserkva",
    "url": "https://www.instagram.com/explore/locations/108431904715741/factory-queens/"
  },
  {
    "id": "102144665474557",
    "name": "IZANAMI",
    "city": "BilaTserkva",
    "url": "https://www.instagram.com/explore/locations/102144665474557/izanami/"
  },
  {
    "id": "1258406544309334",
    "name": "Aromakava",
    "city": "BilaTserkva",
    "url": "https://www.instagram.com/explore/locations/1258406544309334/aromakava/"
  },
  {
    "id": "216610738871397",
    "name": "White Smoke",
    "city": "BilaTserkva",
    "url": "https://www.instagram.com/explore/locations/216610738871397/white-smoke/"
  },
  {
    "id": "655002501329949",
    "name": "Гимназия #1, Белая Церковь",
    "city": "BilaTserkva",
    "url": "https://www.instagram.com/explore/locations/655002501329949/1/"
  },
  {
    "id": "100476721338093",
    "name": "Love My",
    "city": "BilaTserkva",
    "url": "https://www.instagram.com/explore/locations/100476721338093/love-my/"
  },
  {
    "id": "752889441743255",
    "name": "Taurus Travel",
    "city": "BilaTserkva",
    "url": "https://www.instagram.com/explore/locations/752889441743255/taurus-travel/"
  },
  {
    "id": "389853964983706",
    "name": "Nova Я",
    "city": "BilaTserkva",
    "url": "https://www.instagram.com/explore/locations/389853964983706/nova/"
  },
  {
    "id": "110834236956041",
    "name": "Зухвалі Романтики - літературна студія Білоцерківського МРО ВУТ \"Просвіта\"",
    "city": "BilaTserkva",
    "url": "https://www.instagram.com/explore/locations/110834236956041/-/"
  },
  {
    "id": "261859767837658",
    "name": "White Smoke",
    "city": "BilaTserkva",
    "url": "https://www.instagram.com/explore/locations/261859767837658/white-smoke/"
  },
  {
    "id": "1381537355238870",
    "name": "Fiesta show",
    "city": "BilaTserkva",
    "url": "https://www.instagram.com/explore/locations/1381537355238870/fiesta-show/"
  },
  {
    "id": "103191215463223",
    "name": "Ou Ucraine Farm",
    "city": "BilaTserkva",
    "url": "https://www.instagram.com/explore/locations/103191215463223/ou-ucraine-farm/"
  },
  {
    "id": "855081787973213",
    "name": "Фотостудия \"musthave\"",
    "city": "BilaTserkva",
    "url": "https://www.instagram.com/explore/locations/855081787973213/musthave/"
  },
  {
    "id": "188525988501930",
    "name": "lavka-chudes.in.ua",
    "city": "BilaTserkva",
    "url": "https://www.instagram.com/explore/locations/188525988501930/lavka-chudesinua/"
  },
  {
    "id": "407376176655654",
    "name": "Ясочка Дитячий Садок 18",
    "city": "BilaTserkva",
    "url": "https://www.instagram.com/explore/locations/407376176655654/18/"
  },
  {
    "id": "1814552875430309",
    "name": "YC Yellow Cup",
    "city": "BilaTserkva",
    "url": "https://www.instagram.com/explore/locations/1814552875430309/yc-yellow-cup/"
  },
  {
    "id": "106314558312119",
    "name": "Зоомагазин Василь-кіт",
    "city": "BilaTserkva",
    "url": "https://www.instagram.com/explore/locations/106314558312119/-/"
  },
  {
    "id": "759569404392732",
    "name": "Violeta",
    "city": "BilaTserkva",
    "url": "https://www.instagram.com/explore/locations/759569404392732/violeta/"
  },
  {
    "id": "1993482100876729",
    "name": "Beecoffee",
    "city": "BilaTserkva",
    "url": "https://www.instagram.com/explore/locations/1993482100876729/beecoffee/"
  },
  {
    "id": "103270292163641",
    "name": "About Browi",
    "city": "BilaTserkva",
    "url": "https://www.instagram.com/explore/locations/103270292163641/about-browi/"
  },
  {
    "id": "333782270418173",
    "name": "Белая Церковь, Ул. Гоголя, 18",
    "city": "BilaTserkva",
    "url": "https://www.instagram.com/explore/locations/333782270418173/18/"
  },
  {
    "id": "106675648430977",
    "name": "Сантех Prof",
    "city": "BilaTserkva",
    "url": "https://www.instagram.com/explore/locations/106675648430977/prof/"
  },
  {
    "id": "110176205260212",
    "name": "iron__hall",
    "city": "BilaTserkva",
    "url": "https://www.instagram.com/explore/locations/110176205260212/iron__hall/"
  },
  {
    "id": "2327634490596652",
    "name": "Северина Наливайка, 13",
    "city": "BilaTserkva",
    "url": "https://www.instagram.com/explore/locations/2327634490596652/13/"
  },
  {
    "id": "674097035",
    "name": "TOKYO",
    "city": "BilaTserkva",
    "url": "https://www.instagram.com/explore/locations/674097035/tokyo/"
  },
  {
    "id": "105209231843762",
    "name": "Steam-generators-gver",
    "city": "BilaTserkva",
    "url": "https://www.instagram.com/explore/locations/105209231843762/steam-generators-gver/"
  },
  {
    "id": "111539788044760",
    "name": "Home",
    "city": "BilaTserkva",
    "url": "https://www.instagram.com/explore/locations/111539788044760/home/"
  },
  {
    "id": "101859271592830",
    "name": "Best2kids_EL Camino",
    "city": "BilaTserkva",
    "url": "https://www.instagram.com/explore/locations/101859271592830/best2kids_el-camino/"
  },
  {
    "id": "160043681303485",
    "name": "Delight Lounge Bar",
    "city": "BilaTserkva",
    "url": "https://www.instagram.com/explore/locations/160043681303485/delight-lounge-bar/"
  },
  {
    "id": "116008604900987",
    "name": "Oniks",
    "city": "BilaTserkva",
    "url": "https://www.instagram.com/explore/locations/116008604900987/oniks/"
  },
  {
    "id": "1414085308610727",
    "name": "Кофейня \"arabia \"",
    "city": "BilaTserkva",
    "url": "https://www.instagram.com/explore/locations/1414085308610727/arabia/"
  },
  {
    "id": "1205279842856867",
    "name": "Кальян бар \"white Smoke\"",
    "city": "BilaTserkva",
    "url": "https://www.instagram.com/explore/locations/1205279842856867/white-smoke/"
  },
  {
    "id": "100487108332660",
    "name": "OTP Bank, Україна",
    "city": "BilaTserkva",
    "url": "https://www.instagram.com/explore/locations/100487108332660/otp-bank/"
  },
  {
    "id": "212401552703202",
    "name": "Квартира 36 Белая Церковь",
    "city": "BilaTserkva",
    "url": "https://www.instagram.com/explore/locations/212401552703202/36/"
  },
  {
    "id": "681754973",
    "name": "Турагентство \"Рай ТурНа Гордынского,54/1 Белая Церковь",
    "city": "BilaTserkva",
    "url": "https://www.instagram.com/explore/locations/681754973/541/"
  },
  {
    "id": "418170458621508",
    "name": "Спасо-Преображенський Кафедральний собор",
    "city": "BilaTserkva",
    "url": "https://www.instagram.com/explore/locations/418170458621508/-/"
  },
  {
    "id": "221048801097711",
    "name": "ProChild",
    "city": "BilaTserkva",
    "url": "https://www.instagram.com/explore/locations/221048801097711/prochild/"
  },
  {
    "id": "102428742121097",
    "name": "HK Flowers and Delivery",
    "city": "BilaTserkva",
    "url": "https://www.instagram.com/explore/locations/102428742121097/hk-flowers-and-delivery/"
  },
  {
    "id": "2064055150590912",
    "name": "Школа №9",
    "city": "BilaTserkva",
    "url": "https://www.instagram.com/explore/locations/2064055150590912/no9/"
  },
  {
    "id": "1513199248718771",
    "name": "Піцерія Uno Momento",
    "city": "BilaTserkva",
    "url": "https://www.instagram.com/explore/locations/1513199248718771/uno-momento/"
  },
  {
    "id": "112154720409015",
    "name": "Вул. Куценка 5б",
    "city": "BilaTserkva",
    "url": "https://www.instagram.com/explore/locations/112154720409015/5/"
  },
  {
    "id": "1733010240347576",
    "name": "Миледи - магазин женской одежды",
    "city": "BilaTserkva",
    "url": "https://www.instagram.com/explore/locations/1733010240347576/-/"
  },
  {
    "id": "100150639319423",
    "name": "Funny Song",
    "city": "BilaTserkva",
    "url": "https://www.instagram.com/explore/locations/100150639319423/funny-song/"
  },
  {
    "id": "100316005018445",
    "name": "Біла Церква:2020",
    "city": "BilaTserkva",
    "url": "https://www.instagram.com/explore/locations/100316005018445/2020/"
  },
  {
    "id": "108536711053218",
    "name": "Anna Maria",
    "city": "BilaTserkva",
    "url": "https://www.instagram.com/explore/locations/108536711053218/anna-maria/"
  },
  {
    "id": "632106497237834",
    "name": "Shoes Bonus",
    "city": "BilaTserkva",
    "url": "https://www.instagram.com/explore/locations/632106497237834/shoes-bonus/"
  },
  {
    "id": "2283775315182905",
    "name": "Pur_pur_studio_by_sd",
    "city": "BilaTserkva",
    "url": "https://www.instagram.com/explore/locations/2283775315182905/pur_pur_studio_by_sd/"
  },
  {
    "id": "313525478",
    "name": "Steak House Ранчо",
    "city": "BilaTserkva",
    "url": "https://www.instagram.com/explore/locations/313525478/steak-house/"
  },
  {
    "id": "610534835962698",
    "name": "Bianco Latte",
    "city": "BilaTserkva",
    "url": "https://www.instagram.com/explore/locations/610534835962698/bianco-latte/"
  },
  {
    "id": "155537498473392",
    "name": "Рекламно-полиграфические услугиот компании«Рекорд-Центр»",
    "city": "BilaTserkva",
    "url": "https://www.instagram.com/explore/locations/155537498473392/-/"
  },
  {
    "id": "319504525102437",
    "name": "Добро\"тайм-Кафе",
    "city": "BilaTserkva",
    "url": "https://www.instagram.com/explore/locations/319504525102437/-/"
  },
  {
    "id": "325461611291114",
    "name": "Delight bar Lounge",
    "city": "BilaTserkva",
    "url": "https://www.instagram.com/explore/locations/325461611291114/delight-bar-lounge/"
  },
  {
    "id": "1664352576991308",
    "name": "Студия Грации ViVi",
    "city": "BilaTserkva",
    "url": "https://www.instagram.com/explore/locations/1664352576991308/vivi/"
  },
  {
    "id": "110885927064249",
    "name": "Steam_hookah_2.0",
    "city": "BilaTserkva",
    "url": "https://www.instagram.com/explore/locations/110885927064249/steam_hookah_20/"
  },
  {
    "id": "110873906981636",
    "name": "bunkervr",
    "city": "BilaTserkva",
    "url": "https://www.instagram.com/explore/locations/110873906981636/bunkervr/"
  },
  {
    "id": "392244224",
    "name": "Біла Церква Сквирське Шосе 22а",
    "city": "BilaTserkva",
    "url": "https://www.instagram.com/explore/locations/392244224/22/"
  },
  {
    "id": "2300607150175232",
    "name": "Periodent",
    "city": "BilaTserkva",
    "url": "https://www.instagram.com/explore/locations/2300607150175232/periodent/"
  },
  {
    "id": "327128104867446",
    "name": "Орлятко Дитячий Садок 7",
    "city": "BilaTserkva",
    "url": "https://www.instagram.com/explore/locations/327128104867446/7/"
  },
  {
    "id": "1272959829527272",
    "name": "My Coffee",
    "city": "BilaTserkva",
    "url": "https://www.instagram.com/explore/locations/1272959829527272/my-coffee/"
  },
  {
    "id": "752908428114227",
    "name": "Ул Победы 12",
    "city": "BilaTserkva",
    "url": "https://www.instagram.com/explore/locations/752908428114227/12/"
  },
  {
    "id": "2087695008004905",
    "name": "Гуртожиток Економічного Коледжу 2",
    "city": "BilaTserkva",
    "url": "https://www.instagram.com/explore/locations/2087695008004905/2/"
  },
  {
    "id": "104292439090808",
    "name": "LazerPro.100",
    "city": "BilaTserkva",
    "url": "https://www.instagram.com/explore/locations/104292439090808/lazerpro100/"
  },
  {
    "id": "1177982419001351",
    "name": "Delight Lounge bar",
    "city": "BilaTserkva",
    "url": "https://www.instagram.com/explore/locations/1177982419001351/delight-lounge-bar/"
  },
  {
    "id": "761436977396748",
    "name": "LOFTkava",
    "city": "BilaTserkva",
    "url": "https://www.instagram.com/explore/locations/761436977396748/loftkava/"
  },
  {
    "id": "102468357924764",
    "name": "Gabriadze Cafe",
    "city": "BilaTserkva",
    "url": "https://www.instagram.com/explore/locations/102468357924764/gabriadze-cafe/"
  },
  {
    "id": "110847557172506",
    "name": "Procto+ Clinic",
    "city": "BilaTserkva",
    "url": "https://www.instagram.com/explore/locations/110847557172506/procto-clinic/"
  },
  {
    "id": "118158703426052",
    "name": "Провулрк Клубний,1",
    "city": "BilaTserkva",
    "url": "https://www.instagram.com/explore/locations/118158703426052/1/"
  },
  {
    "id": "467225546",
    "name": "Ucrania Bila Tserkva",
    "city": "BilaTserkva",
    "url": "https://www.instagram.com/explore/locations/467225546/ucrania-bila-tserkva/"
  },
  {
    "id": "362103807657406",
    "name": "Музыка нашего времени 90, 80, 70",
    "city": "BilaTserkva",
    "url": "https://www.instagram.com/explore/locations/362103807657406/90-80-70/"
  },
  {
    "id": "596335927",
    "name": "Арт Клуб \"квартира 36\"",
    "city": "BilaTserkva",
    "url": "https://www.instagram.com/explore/locations/596335927/36/"
  },
  {
    "id": "578052488731854",
    "name": "GDent",
    "city": "BilaTserkva",
    "url": "https://www.instagram.com/explore/locations/578052488731854/gdent/"
  },
  {
    "id": "103947252147382",
    "name": "Kafeyka",
    "city": "BilaTserkva",
    "url": "https://www.instagram.com/explore/locations/103947252147382/kafeyka/"
  },
  {
    "id": "102351137844469",
    "name": "Save the Moment",
    "city": "BilaTserkva",
    "url": "https://www.instagram.com/explore/locations/102351137844469/save-the-moment/"
  },
  {
    "id": "1341582709287493",
    "name": "Dress Me Up",
    "city": "BilaTserkva",
    "url": "https://www.instagram.com/explore/locations/1341582709287493/dress-me-up/"
  },
  {
    "id": "2650277485197769",
    "name": "Nails master",
    "city": "BilaTserkva",
    "url": "https://www.instagram.com/explore/locations/2650277485197769/nails-master/"
  },
  {
    "id": "199271364133270",
    "name": "Delight",
    "city": "BilaTserkva",
    "url": "https://www.instagram.com/explore/locations/199271364133270/delight/"
  },
  {
    "id": "316903488977723",
    "name": "Струмочок Дитячий Садок 26",
    "city": "BilaTserkva",
    "url": "https://www.instagram.com/explore/locations/316903488977723/26/"
  },
  {
    "id": "174627276237686",
    "name": "Mylok",
    "city": "BilaTserkva",
    "url": "https://www.instagram.com/explore/locations/174627276237686/mylok/"
  },
  {
    "id": "2253857101505440",
    "name": "Салон краси \"4А\"",
    "city": "BilaTserkva",
    "url": "https://www.instagram.com/explore/locations/2253857101505440/4/"
  },
  {
    "id": "791451468",
    "name": "ARTK",
    "city": "BilaTserkva",
    "url": "https://www.instagram.com/explore/locations/791451468/artk/"
  },
  {
    "id": "510622535",
    "name": "Ambar Steak House",
    "city": "BilaTserkva",
    "url": "https://www.instagram.com/explore/locations/510622535/ambar-steak-house/"
  },
  {
    "id": "107843611802830",
    "name": "VISA INFO",
    "city": "BilaTserkva",
    "url": "https://www.instagram.com/explore/locations/107843611802830/visa-info/"
  },
  {
    "id": "104182222087580",
    "name": "Майстерня Skarlet",
    "city": "BilaTserkva",
    "url": "https://www.instagram.com/explore/locations/104182222087580/skarlet/"
  },
  {
    "id": "889953968",
    "name": "Speaking Club",
    "city": "BilaTserkva",
    "url": "https://www.instagram.com/explore/locations/889953968/speaking-club/"
  },
  {
    "id": "734489590",
    "name": "Belaja Zerkow",
    "city": "BilaTserkva",
    "url": "https://www.instagram.com/explore/locations/734489590/belaja-zerkow/"
  }
]