[
  {
    "id": "486870395081697",
    "name": "Vape shop \"Cloud Place\"",
    "city": "Tscherkassy",
    "url": "https://www.instagram.com/explore/locations/486870395081697/vape-shop-cloud-place/"
  },
  {
    "id": "110514960683584",
    "name": "Atmosphere_hookah_bar",
    "city": "Tscherkassy",
    "url": "https://www.instagram.com/explore/locations/110514960683584/atmosphere_hookah_bar/"
  },
  {
    "id": "106337550730048",
    "name": "Snijana ТЦ Будинок Торгівлі",
    "city": "Tscherkassy",
    "url": "https://www.instagram.com/explore/locations/106337550730048/snijana/"
  },
  {
    "id": "1871229016340251",
    "name": "Автомайдан-Черкси",
    "city": "Tscherkassy",
    "url": "https://www.instagram.com/explore/locations/1871229016340251/-/"
  },
  {
    "id": "425182914581716",
    "name": "Вареничная-Ул. Небесной Сотни, Черкассы",
    "city": "Tscherkassy",
    "url": "https://www.instagram.com/explore/locations/425182914581716/-/"
  },
  {
    "id": "246554049369272",
    "name": "Alpha Fitness Club",
    "city": "Tscherkassy",
    "url": "https://www.instagram.com/explore/locations/246554049369272/alpha-fitness-club/"
  },
  {
    "id": "306973546800212",
    "name": "Курилка для QA",
    "city": "Tscherkassy",
    "url": "https://www.instagram.com/explore/locations/306973546800212/qa/"
  },
  {
    "id": "502953239",
    "name": "Beauty Trade",
    "city": "Tscherkassy",
    "url": "https://www.instagram.com/explore/locations/502953239/beauty-trade/"
  }
]