[
  {
    "id": "407044173409217",
    "name": "Музична школа 1",
    "city": "Rovno",
    "url": "https://www.instagram.com/explore/locations/407044173409217/1/"
  },
  {
    "id": "100655319657205",
    "name": "Gallery_rv",
    "city": "Rovno",
    "url": "https://www.instagram.com/explore/locations/100655319657205/gallery_rv/"
  },
  {
    "id": "1034657295",
    "name": "Gil Ka",
    "city": "Rovno",
    "url": "https://www.instagram.com/explore/locations/1034657295/gil-ka/"
  },
  {
    "id": "113513508358116",
    "name": "Beauty Cell - магазин косметики",
    "city": "Rovno",
    "url": "https://www.instagram.com/explore/locations/113513508358116/beauty-cell-/"
  },
  {
    "id": "312016752950518",
    "name": "Prima Pizza",
    "city": "Rovno",
    "url": "https://www.instagram.com/explore/locations/312016752950518/prima-pizza/"
  },
  {
    "id": "100412094651529",
    "name": "SwissWatch21",
    "city": "Rovno",
    "url": "https://www.instagram.com/explore/locations/100412094651529/swisswatch21/"
  },
  {
    "id": "951685278241807",
    "name": "Venezia Взуття",
    "city": "Rovno",
    "url": "https://www.instagram.com/explore/locations/951685278241807/venezia/"
  },
  {
    "id": "101138584669503",
    "name": "Zliva & sprava",
    "city": "Rovno",
    "url": "https://www.instagram.com/explore/locations/101138584669503/zliva-sprava/"
  },
  {
    "id": "2144058735891704",
    "name": "Universe",
    "city": "Rovno",
    "url": "https://www.instagram.com/explore/locations/2144058735891704/universe/"
  },
  {
    "id": "326442787802434",
    "name": "Рівне Вул. Хмельна 40",
    "city": "Rovno",
    "url": "https://www.instagram.com/explore/locations/326442787802434/40/"
  }
]