[
  {
    "id": "217912000",
    "name": "Kharkov, Ukraine",
    "city": "Kharkiv",
    "url": "https://www.instagram.com/explore/locations/217912000/kharkov-ukraine/"
  },
  {
    "id": "1588073484584356",
    "name": "Харків • Kharkiv • Харьков",
    "city": "Kharkiv",
    "url": "https://www.instagram.com/explore/locations/1588073484584356/kharkiv/"
  },
  {
    "id": "612002553",
    "name": "ТРЦ \"Nikolsky\"",
    "city": "Kharkiv",
    "url": "https://www.instagram.com/explore/locations/612002553/nikolsky/"
  },
  {
    "id": "263229464",
    "name": "Park Gorkova",
    "city": "Kharkiv",
    "url": "https://www.instagram.com/explore/locations/263229464/park-gorkova/"
  },
  {
    "id": "114997352500484",
    "name": "Maxim Gorky Park",
    "city": "Kharkiv",
    "url": "https://www.instagram.com/explore/locations/114997352500484/maxim-gorky-park/"
  },
  {
    "id": "1666554786969274",
    "name": "Kharkov Ukranya",
    "city": "Kharkiv",
    "url": "https://www.instagram.com/explore/locations/1666554786969274/kharkov-ukranya/"
  },
  {
    "id": "804878195",
    "name": "Kharkіv",
    "city": "Kharkiv",
    "url": "https://www.instagram.com/explore/locations/804878195/kharkv/"
  },
  {
    "id": "240730325",
    "name": "Kharkiv Palace Hotel",
    "city": "Kharkiv",
    "url": "https://www.instagram.com/explore/locations/240730325/kharkiv-palace-hotel/"
  },
  {
    "id": "749659564",
    "name": "Kharkiv",
    "city": "Kharkiv",
    "url": "https://www.instagram.com/explore/locations/749659564/kharkiv/"
  },
  {
    "id": "217914956",
    "name": "Panorama restaurant",
    "city": "Kharkiv",
    "url": "https://www.instagram.com/explore/locations/217914956/panorama-restaurant/"
  },
  {
    "id": "323372711349666",
    "name": "Nikas Restaurant",
    "city": "Kharkiv",
    "url": "https://www.instagram.com/explore/locations/323372711349666/nikas-restaurant/"
  },
  {
    "id": "18910855",
    "name": "Metalist Stadium - Kharkiv",
    "city": "Kharkiv",
    "url": "https://www.instagram.com/explore/locations/18910855/metalist-stadium-kharkiv/"
  },
  {
    "id": "236428645",
    "name": "23 Serpnia",
    "city": "Kharkiv",
    "url": "https://www.instagram.com/explore/locations/236428645/23-serpnia/"
  },
  {
    "id": "213665311",
    "name": "Міське кафе 1654",
    "city": "Kharkiv",
    "url": "https://www.instagram.com/explore/locations/213665311/1654/"
  },
  {
    "id": "1026209067",
    "name": "ХНАТОБ / СХІД OPERA",
    "city": "Kharkiv",
    "url": "https://www.instagram.com/explore/locations/1026209067/opera/"
  },
  {
    "id": "239555095",
    "name": "Park of Maxim Gorky",
    "city": "Kharkiv",
    "url": "https://www.instagram.com/explore/locations/239555095/park-of-maxim-gorky/"
  },
  {
    "id": "213256245",
    "name": "Freedom Square",
    "city": "Kharkiv",
    "url": "https://www.instagram.com/explore/locations/213256245/freedom-square/"
  },
  {
    "id": "318125773",
    "name": "Kharkov Central Park",
    "city": "Kharkiv",
    "url": "https://www.instagram.com/explore/locations/318125773/kharkov-central-park/"
  },
  {
    "id": "110501016947897",
    "name": "7йсклад",
    "city": "Kharkiv",
    "url": "https://www.instagram.com/explore/locations/110501016947897/7/"
  },
  {
    "id": "423623534",
    "name": "AltBier / \"АльтбiрШоу-ресторан",
    "city": "Kharkiv",
    "url": "https://www.instagram.com/explore/locations/423623534/altbier-i-/"
  },
  {
    "id": "80866658",
    "name": "Fat Goose Pub",
    "city": "Kharkiv",
    "url": "https://www.instagram.com/explore/locations/80866658/fat-goose-pub/"
  },
  {
    "id": "103646068629663",
    "name": "Kharkiv, Ukraine",
    "city": "Kharkiv",
    "url": "https://www.instagram.com/explore/locations/103646068629663/kharkiv-ukraine/"
  },
  {
    "id": "213229295",
    "name": "Ресторан \"Paris\"",
    "city": "Kharkiv",
    "url": "https://www.instagram.com/explore/locations/213229295/paris/"
  },
  {
    "id": "709452266093843",
    "name": "Kharkiv City, Ukrainе",
    "city": "Kharkiv",
    "url": "https://www.instagram.com/explore/locations/709452266093843/kharkiv-city-ukrain/"
  },
  {
    "id": "1106923619423060",
    "name": "Ресторан Argentina Grill",
    "city": "Kharkiv",
    "url": "https://www.instagram.com/explore/locations/1106923619423060/argentina-grill/"
  },
  {
    "id": "265764635",
    "name": "Botanichnyi Sad",
    "city": "Kharkiv",
    "url": "https://www.instagram.com/explore/locations/265764635/botanichnyi-sad/"
  },
  {
    "id": "213051364",
    "name": "Клуб \"Мiсто\"",
    "city": "Kharkiv",
    "url": "https://www.instagram.com/explore/locations/213051364/i/"
  },
  {
    "id": "264489133",
    "name": "Maidan Konstytutsii",
    "city": "Kharkiv",
    "url": "https://www.instagram.com/explore/locations/264489133/maidan-konstytutsii/"
  },
  {
    "id": "249601133",
    "name": "Naukova",
    "city": "Kharkiv",
    "url": "https://www.instagram.com/explore/locations/249601133/naukova/"
  },
  {
    "id": "275808284",
    "name": "Pushkinska",
    "city": "Kharkiv",
    "url": "https://www.instagram.com/explore/locations/275808284/pushkinska/"
  },
  {
    "id": "273208076657979",
    "name": "Площа Свободи / Freedom Square",
    "city": "Kharkiv",
    "url": "https://www.instagram.com/explore/locations/273208076657979/freedom-square/"
  },
  {
    "id": "368144310",
    "name": "Пробка • resto&music hall",
    "city": "Kharkiv",
    "url": "https://www.instagram.com/explore/locations/368144310/restomusic-hall/"
  },
  {
    "id": "177727089592134",
    "name": "Biani Champagneria",
    "city": "Kharkiv",
    "url": "https://www.instagram.com/explore/locations/177727089592134/biani-champagneria/"
  },
  {
    "id": "1959449327618910",
    "name": "Летопарк - Парк для всей семьи",
    "city": "Kharkiv",
    "url": "https://www.instagram.com/explore/locations/1959449327618910/-/"
  },
  {
    "id": "1018344389",
    "name": "Fabrika.space: сo-working, event zone, bar and lots of inspiration",
    "city": "Kharkiv",
    "url": "https://www.instagram.com/explore/locations/1018344389/fabrikaspace-o-working-event-zone-bar-and-lots-of-inspiration/"
  },
  {
    "id": "271930345",
    "name": "Kharkiv railway station",
    "city": "Kharkiv",
    "url": "https://www.instagram.com/explore/locations/271930345/kharkiv-railway-station/"
  },
  {
    "id": "102398824",
    "name": "44 Favorite Place",
    "city": "Kharkiv",
    "url": "https://www.instagram.com/explore/locations/102398824/44-favorite-place/"
  },
  {
    "id": "7225850",
    "name": "Kharkovchanin bar",
    "city": "Kharkiv",
    "url": "https://www.instagram.com/explore/locations/7225850/kharkovchanin-bar/"
  },
  {
    "id": "237335675",
    "name": "Arkhitektora Beketova",
    "city": "Kharkiv",
    "url": "https://www.instagram.com/explore/locations/237335675/arkhitektora-beketova/"
  },
  {
    "id": "107821297648378",
    "name": "Whitegarden_restaurant",
    "city": "Kharkiv",
    "url": "https://www.instagram.com/explore/locations/107821297648378/whitegarden_restaurant/"
  },
  {
    "id": "1015661591",
    "name": "some like it hot",
    "city": "Kharkiv",
    "url": "https://www.instagram.com/explore/locations/1015661591/some-like-it-hot/"
  },
  {
    "id": "101025485352357",
    "name": "Basta Kharkiv",
    "city": "Kharkiv",
    "url": "https://www.instagram.com/explore/locations/101025485352357/basta-kharkiv/"
  },
  {
    "id": "434172363707414",
    "name": "Jord",
    "city": "Kharkiv",
    "url": "https://www.instagram.com/explore/locations/434172363707414/jord/"
  },
  {
    "id": "141736256423241",
    "name": "Харитоновъ.Grill-Beer-Show",
    "city": "Kharkiv",
    "url": "https://www.instagram.com/explore/locations/141736256423241/grill-beer-show/"
  },
  {
    "id": "324170547963192",
    "name": "Brilliant Bar",
    "city": "Kharkiv",
    "url": "https://www.instagram.com/explore/locations/324170547963192/brilliant-bar/"
  },
  {
    "id": "106016508190837",
    "name": "Ресторани Купера - Харків",
    "city": "Kharkiv",
    "url": "https://www.instagram.com/explore/locations/106016508190837/-/"
  },
  {
    "id": "1020395666",
    "name": "Palladium Cinema",
    "city": "Kharkiv",
    "url": "https://www.instagram.com/explore/locations/1020395666/palladium-cinema/"
  },
  {
    "id": "1070595503094879",
    "name": "Італійська Редакція 2",
    "city": "Kharkiv",
    "url": "https://www.instagram.com/explore/locations/1070595503094879/2/"
  },
  {
    "id": "219041008864710",
    "name": "Kharkiv, Europe",
    "city": "Kharkiv",
    "url": "https://www.instagram.com/explore/locations/219041008864710/kharkiv-europe/"
  },
  {
    "id": "270952905",
    "name": "Prospekt Haharina",
    "city": "Kharkiv",
    "url": "https://www.instagram.com/explore/locations/270952905/prospekt-haharina/"
  },
  {
    "id": "1890633777704367",
    "name": "Где-То в Облаках",
    "city": "Kharkiv",
    "url": "https://www.instagram.com/explore/locations/1890633777704367/-/"
  },
  {
    "id": "216953085",
    "name": "Kharkiv National University of Economics",
    "city": "Kharkiv",
    "url": "https://www.instagram.com/explore/locations/216953085/kharkiv-national-university-of-economics/"
  },
  {
    "id": "1028425949",
    "name": "Спортивный клуб YOD, Харьков",
    "city": "Kharkiv",
    "url": "https://www.instagram.com/explore/locations/1028425949/yod/"
  },
  {
    "id": "697232340471194",
    "name": "ZUZU space",
    "city": "Kharkiv",
    "url": "https://www.instagram.com/explore/locations/697232340471194/zuzu-space/"
  },
  {
    "id": "249670789",
    "name": "Istorychnyi Muzei",
    "city": "Kharkiv",
    "url": "https://www.instagram.com/explore/locations/249670789/istorychnyi-muzei/"
  },
  {
    "id": "112058587279567",
    "name": "Kinoshniki.restaurant",
    "city": "Kharkiv",
    "url": "https://www.instagram.com/explore/locations/112058587279567/kinoshnikirestaurant/"
  },
  {
    "id": "312361902905559",
    "name": "Kharkiv, Ukraine",
    "city": "Kharkiv",
    "url": "https://www.instagram.com/explore/locations/312361902905559/kharkiv-ukraine/"
  },
  {
    "id": "351517435",
    "name": "National University of Kharkiv",
    "city": "Kharkiv",
    "url": "https://www.instagram.com/explore/locations/351517435/national-university-of-kharkiv/"
  },
  {
    "id": "269736527007317",
    "name": "Залізничний вокзал «Харків-Пасажирський»",
    "city": "Kharkiv",
    "url": "https://www.instagram.com/explore/locations/269736527007317/-/"
  },
  {
    "id": "1019606985",
    "name": "V.N. Karazin Kharkiv National University",
    "city": "Kharkiv",
    "url": "https://www.instagram.com/explore/locations/1019606985/vn-karazin-kharkiv-national-university/"
  },
  {
    "id": "213337007",
    "name": "Ресторан-мікс \"Монтана\"",
    "city": "Kharkiv",
    "url": "https://www.instagram.com/explore/locations/213337007/-/"
  },
  {
    "id": "475056042691287",
    "name": "Georgia Джорджия-Харьков",
    "city": "Kharkiv",
    "url": "https://www.instagram.com/explore/locations/475056042691287/georgia-/"
  },
  {
    "id": "1365290893605079",
    "name": "Місто Spa & Fitness",
    "city": "Kharkiv",
    "url": "https://www.instagram.com/explore/locations/1365290893605079/spa-fitness/"
  },
  {
    "id": "102869738242527",
    "name": "Villa Tartufo",
    "city": "Kharkiv",
    "url": "https://www.instagram.com/explore/locations/102869738242527/villa-tartufo/"
  },
  {
    "id": "217056072",
    "name": "Misto Club, Kharkov Ukraine",
    "city": "Kharkiv",
    "url": "https://www.instagram.com/explore/locations/217056072/misto-club-kharkov-ukraine/"
  },
  {
    "id": "903252570",
    "name": "Kharkiv National Medical University",
    "city": "Kharkiv",
    "url": "https://www.instagram.com/explore/locations/903252570/kharkiv-national-medical-university/"
  },
  {
    "id": "944818855",
    "name": "Арт-клуб «Корова»",
    "city": "Kharkiv",
    "url": "https://www.instagram.com/explore/locations/944818855/-/"
  },
  {
    "id": "175383206730581",
    "name": "Київ/Kiev",
    "city": "Kharkiv",
    "url": "https://www.instagram.com/explore/locations/175383206730581/kiev/"
  },
  {
    "id": "379761250",
    "name": "Argentina Grill",
    "city": "Kharkiv",
    "url": "https://www.instagram.com/explore/locations/379761250/argentina-grill/"
  },
  {
    "id": "302382573759750",
    "name": "Malina Club Kharkov",
    "city": "Kharkiv",
    "url": "https://www.instagram.com/explore/locations/302382573759750/malina-club-kharkov/"
  },
  {
    "id": "350785809",
    "name": "Sports Palace \"Lokomotyv\"",
    "city": "Kharkiv",
    "url": "https://www.instagram.com/explore/locations/350785809/sports-palace-lokomotyv/"
  },
  {
    "id": "1019861469",
    "name": "Farsh Grill Dinner",
    "city": "Kharkiv",
    "url": "https://www.instagram.com/explore/locations/1019861469/farsh-grill-dinner/"
  },
  {
    "id": "415758655473110",
    "name": "Park Avenue restaurant",
    "city": "Kharkiv",
    "url": "https://www.instagram.com/explore/locations/415758655473110/park-avenue-restaurant/"
  },
  {
    "id": "216006838",
    "name": "ТЦ Ave Plaza",
    "city": "Kharkiv",
    "url": "https://www.instagram.com/explore/locations/216006838/ave-plaza/"
  },
  {
    "id": "1501142106680045",
    "name": "True Price",
    "city": "Kharkiv",
    "url": "https://www.instagram.com/explore/locations/1501142106680045/true-price/"
  },
  {
    "id": "622047065106315",
    "name": "Puri Chveni georgian restaurant Kharkiv",
    "city": "Kharkiv",
    "url": "https://www.instagram.com/explore/locations/622047065106315/puri-chveni-georgian-restaurant-kharkiv/"
  },
  {
    "id": "366235460",
    "name": "Farsch",
    "city": "Kharkiv",
    "url": "https://www.instagram.com/explore/locations/366235460/farsch/"
  },
  {
    "id": "216949309",
    "name": "Kharkiv National University of Radioelectronics",
    "city": "Kharkiv",
    "url": "https://www.instagram.com/explore/locations/216949309/kharkiv-national-university-of-radioelectronics/"
  },
  {
    "id": "290646731",
    "name": "Kharkiv Polytechnic Institute",
    "city": "Kharkiv",
    "url": "https://www.instagram.com/explore/locations/290646731/kharkiv-polytechnic-institute/"
  },
  {
    "id": "251611228670151",
    "name": "Харківський дельфінарій NEMO",
    "city": "Kharkiv",
    "url": "https://www.instagram.com/explore/locations/251611228670151/nemo/"
  },
  {
    "id": "2005835043000711",
    "name": "Кофейня Kofein",
    "city": "Kharkiv",
    "url": "https://www.instagram.com/explore/locations/2005835043000711/kofein/"
  },
  {
    "id": "267632974100657",
    "name": "Tetra / Тетра",
    "city": "Kharkiv",
    "url": "https://www.instagram.com/explore/locations/267632974100657/tetra/"
  },
  {
    "id": "109152367263474",
    "name": "non.restaurant",
    "city": "Kharkiv",
    "url": "https://www.instagram.com/explore/locations/109152367263474/nonrestaurant/"
  },
  {
    "id": "622812629",
    "name": "PARK МІСТО",
    "city": "Kharkiv",
    "url": "https://www.instagram.com/explore/locations/622812629/park/"
  },
  {
    "id": "1861786144131986",
    "name": "Мята Pre-Party bar",
    "city": "Kharkiv",
    "url": "https://www.instagram.com/explore/locations/1861786144131986/pre-party-bar/"
  },
  {
    "id": "227226514",
    "name": "Yaroslav Mudryi National Law University",
    "city": "Kharkiv",
    "url": "https://www.instagram.com/explore/locations/227226514/yaroslav-mudryi-national-law-university/"
  },
  {
    "id": "227727085097810",
    "name": "Perfect",
    "city": "Kharkiv",
    "url": "https://www.instagram.com/explore/locations/227727085097810/perfect/"
  },
  {
    "id": "948283156",
    "name": "Egoiste",
    "city": "Kharkiv",
    "url": "https://www.instagram.com/explore/locations/948283156/egoiste/"
  },
  {
    "id": "1027879577",
    "name": "Manhattan Bar",
    "city": "Kharkiv",
    "url": "https://www.instagram.com/explore/locations/1027879577/manhattan-bar/"
  },
  {
    "id": "626071055",
    "name": "Тетра Фитнес-клуб",
    "city": "Kharkiv",
    "url": "https://www.instagram.com/explore/locations/626071055/-/"
  },
  {
    "id": "53057062",
    "name": "Планета-Кино Imax",
    "city": "Kharkiv",
    "url": "https://www.instagram.com/explore/locations/53057062/-imax/"
  },
  {
    "id": "1850603611733545",
    "name": "True Price Meat & Fish",
    "city": "Kharkiv",
    "url": "https://www.instagram.com/explore/locations/1850603611733545/true-price-meat-fish/"
  },
  {
    "id": "942487074",
    "name": "SPA&Fitness центр \"Мiсто\"",
    "city": "Kharkiv",
    "url": "https://www.instagram.com/explore/locations/942487074/spafitness-i/"
  },
  {
    "id": "1025316136",
    "name": "Soft Bar",
    "city": "Kharkiv",
    "url": "https://www.instagram.com/explore/locations/1025316136/soft-bar/"
  },
  {
    "id": "793445336",
    "name": "Kharkiv philharmonic sales",
    "city": "Kharkiv",
    "url": "https://www.instagram.com/explore/locations/793445336/kharkiv-philharmonic-sales/"
  },
  {
    "id": "236498667",
    "name": "Тетчеr Gastropub",
    "city": "Kharkiv",
    "url": "https://www.instagram.com/explore/locations/236498667/r-gastropub/"
  },
  {
    "id": "310410739026786",
    "name": "YermilovCentre",
    "city": "Kharkiv",
    "url": "https://www.instagram.com/explore/locations/310410739026786/yermilovcentre/"
  },
  {
    "id": "1819841541595009",
    "name": "Mental Complex Studio",
    "city": "Kharkiv",
    "url": "https://www.instagram.com/explore/locations/1819841541595009/mental-complex-studio/"
  },
  {
    "id": "213745366",
    "name": "Metropol complex",
    "city": "Kharkiv",
    "url": "https://www.instagram.com/explore/locations/213745366/metropol-complex/"
  },
  {
    "id": "235106493",
    "name": "Karazin National University",
    "city": "Kharkiv",
    "url": "https://www.instagram.com/explore/locations/235106493/karazin-national-university/"
  },
  {
    "id": "942468373",
    "name": "KOFEIN",
    "city": "Kharkiv",
    "url": "https://www.instagram.com/explore/locations/942468373/kofein/"
  },
  {
    "id": "239292245",
    "name": "Fclub Lounge Cafe",
    "city": "Kharkiv",
    "url": "https://www.instagram.com/explore/locations/239292245/fclub-lounge-cafe/"
  },
  {
    "id": "675489816220800",
    "name": "Nonni Bertoni",
    "city": "Kharkiv",
    "url": "https://www.instagram.com/explore/locations/675489816220800/nonni-bertoni/"
  },
  {
    "id": "303107398",
    "name": "Pivdennyi Vokzal",
    "city": "Kharkiv",
    "url": "https://www.instagram.com/explore/locations/303107398/pivdennyi-vokzal/"
  },
  {
    "id": "6863925",
    "name": "Mafia",
    "city": "Kharkiv",
    "url": "https://www.instagram.com/explore/locations/6863925/mafia/"
  },
  {
    "id": "234974775",
    "name": "Shevchenko Park",
    "city": "Kharkiv",
    "url": "https://www.instagram.com/explore/locations/234974775/shevchenko-park/"
  },
  {
    "id": "238066565",
    "name": "Ст.м. Научная (Naukova)",
    "city": "Kharkiv",
    "url": "https://www.instagram.com/explore/locations/238066565/naukova/"
  },
  {
    "id": "101590708982028",
    "name": "Фентезі Парк - Харків",
    "city": "Kharkiv",
    "url": "https://www.instagram.com/explore/locations/101590708982028/-/"
  },
  {
    "id": "6900579",
    "name": "Махараджа YOGA & SPA & CAFE",
    "city": "Kharkiv",
    "url": "https://www.instagram.com/explore/locations/6900579/yoga-spa-cafe/"
  },
  {
    "id": "839984824",
    "name": "Eco Park Feldman",
    "city": "Kharkiv",
    "url": "https://www.instagram.com/explore/locations/839984824/eco-park-feldman/"
  },
  {
    "id": "252296535",
    "name": "Харьков, Котлова, 90/1, Дворец Спорта \"локомотив\"",
    "city": "Kharkiv",
    "url": "https://www.instagram.com/explore/locations/252296535/901/"
  },
  {
    "id": "223440022",
    "name": "Gorky Fun Park",
    "city": "Kharkiv",
    "url": "https://www.instagram.com/explore/locations/223440022/gorky-fun-park/"
  },
  {
    "id": "244587712",
    "name": "Derzhprom",
    "city": "Kharkiv",
    "url": "https://www.instagram.com/explore/locations/244587712/derzhprom/"
  },
  {
    "id": "121517431373066",
    "name": "Харьков NOW",
    "city": "Kharkiv",
    "url": "https://www.instagram.com/explore/locations/121517431373066/now/"
  },
  {
    "id": "216727605793926",
    "name": "Horoshee mesto. Kitchen&Bar",
    "city": "Kharkiv",
    "url": "https://www.instagram.com/explore/locations/216727605793926/horoshee-mesto-kitchenbar/"
  },
  {
    "id": "240007603",
    "name": "status-fashion.com",
    "city": "Kharkiv",
    "url": "https://www.instagram.com/explore/locations/240007603/status-fashioncom/"
  },
  {
    "id": "296233070",
    "name": "Universytet (Kharkiv Metro)",
    "city": "Kharkiv",
    "url": "https://www.instagram.com/explore/locations/296233070/universytet-kharkiv-metro/"
  },
  {
    "id": "226602534",
    "name": "Gorky Park Kharkiv",
    "city": "Kharkiv",
    "url": "https://www.instagram.com/explore/locations/226602534/gorky-park-kharkiv/"
  },
  {
    "id": "222831679",
    "name": "depstor friendly bar",
    "city": "Kharkiv",
    "url": "https://www.instagram.com/explore/locations/222831679/depstor-friendly-bar/"
  },
  {
    "id": "268205280605270",
    "name": "Reina Low & Slow Bar",
    "city": "Kharkiv",
    "url": "https://www.instagram.com/explore/locations/268205280605270/reina-low-slow-bar/"
  },
  {
    "id": "361168392",
    "name": "Hotel Nemo",
    "city": "Kharkiv",
    "url": "https://www.instagram.com/explore/locations/361168392/hotel-nemo/"
  },
  {
    "id": "241477733",
    "name": "Ukraine Kharkov",
    "city": "Kharkiv",
    "url": "https://www.instagram.com/explore/locations/241477733/ukraine-kharkov/"
  },
  {
    "id": "169057797029478",
    "name": "Galaktika Club",
    "city": "Kharkiv",
    "url": "https://www.instagram.com/explore/locations/169057797029478/galaktika-club/"
  },
  {
    "id": "248119235",
    "name": "Trattoria",
    "city": "Kharkiv",
    "url": "https://www.instagram.com/explore/locations/248119235/trattoria/"
  },
  {
    "id": "1135491486502442",
    "name": "V.N. Karazin Kharkiv National University",
    "city": "Kharkiv",
    "url": "https://www.instagram.com/explore/locations/1135491486502442/vn-karazin-kharkiv-national-university/"
  },
  {
    "id": "216954761",
    "name": "Ermilov Centr",
    "city": "Kharkiv",
    "url": "https://www.instagram.com/explore/locations/216954761/ermilov-centr/"
  },
  {
    "id": "1027771673",
    "name": "Trattoria",
    "city": "Kharkiv",
    "url": "https://www.instagram.com/explore/locations/1027771673/trattoria/"
  },
  {
    "id": "243389963",
    "name": "Клуб \"МистоSpa & Fitness",
    "city": "Kharkiv",
    "url": "https://www.instagram.com/explore/locations/243389963/spa-fitness/"
  },
  {
    "id": "240658275",
    "name": "Ukraine Kharkiv",
    "city": "Kharkiv",
    "url": "https://www.instagram.com/explore/locations/240658275/ukraine-kharkiv/"
  },
  {
    "id": "494326206",
    "name": "Infinity Lounge",
    "city": "Kharkiv",
    "url": "https://www.instagram.com/explore/locations/494326206/infinity-lounge/"
  },
  {
    "id": "1113314548693145",
    "name": "Арт-cafeПластилиновая vorona",
    "city": "Kharkiv",
    "url": "https://www.instagram.com/explore/locations/1113314548693145/-cafe-vorona/"
  },
  {
    "id": "391385551214436",
    "name": "Loza - neobistro",
    "city": "Kharkiv",
    "url": "https://www.instagram.com/explore/locations/391385551214436/loza-neobistro/"
  },
  {
    "id": "599835536838735",
    "name": "Гольф Клуб \"superior\"",
    "city": "Kharkiv",
    "url": "https://www.instagram.com/explore/locations/599835536838735/superior/"
  },
  {
    "id": "1447668755285419",
    "name": "Акварена - Харків",
    "city": "Kharkiv",
    "url": "https://www.instagram.com/explore/locations/1447668755285419/-/"
  },
  {
    "id": "214583522",
    "name": "Stargorod",
    "city": "Kharkiv",
    "url": "https://www.instagram.com/explore/locations/214583522/stargorod/"
  },
  {
    "id": "108078788346777",
    "name": "Lobster_restaurant_",
    "city": "Kharkiv",
    "url": "https://www.instagram.com/explore/locations/108078788346777/lobster_restaurant_/"
  },
  {
    "id": "577689252432674",
    "name": "Strikoza Karaoke hall",
    "city": "Kharkiv",
    "url": "https://www.instagram.com/explore/locations/577689252432674/strikoza-karaoke-hall/"
  },
  {
    "id": "6639227",
    "name": "Pacha Mama",
    "city": "Kharkiv",
    "url": "https://www.instagram.com/explore/locations/6639227/pacha-mama/"
  },
  {
    "id": "598538840305043",
    "name": "Benedict daily bar",
    "city": "Kharkiv",
    "url": "https://www.instagram.com/explore/locations/598538840305043/benedict-daily-bar/"
  },
  {
    "id": "638307379",
    "name": "Gym4Fitgagarina",
    "city": "Kharkiv",
    "url": "https://www.instagram.com/explore/locations/638307379/gym4fitgagarina/"
  },
  {
    "id": "395682305",
    "name": "Taboo Lounge 24",
    "city": "Kharkiv",
    "url": "https://www.instagram.com/explore/locations/395682305/taboo-lounge-24/"
  },
  {
    "id": "344102319",
    "name": "IRIS art Hotel",
    "city": "Kharkiv",
    "url": "https://www.instagram.com/explore/locations/344102319/iris-art-hotel/"
  },
  {
    "id": "101757675935525",
    "name": "LiveLove.AVOCADO",
    "city": "Kharkiv",
    "url": "https://www.instagram.com/explore/locations/101757675935525/liveloveavocado/"
  },
  {
    "id": "673583806434825",
    "name": "Photostudio FOX",
    "city": "Kharkiv",
    "url": "https://www.instagram.com/explore/locations/673583806434825/photostudio-fox/"
  },
  {
    "id": "62675679",
    "name": "Sova Bar",
    "city": "Kharkiv",
    "url": "https://www.instagram.com/explore/locations/62675679/sova-bar/"
  },
  {
    "id": "213755067",
    "name": "Panorama",
    "city": "Kharkiv",
    "url": "https://www.instagram.com/explore/locations/213755067/panorama/"
  },
  {
    "id": "112054327916881",
    "name": "Kaskad Hotel Restaurant",
    "city": "Kharkiv",
    "url": "https://www.instagram.com/explore/locations/112054327916881/kaskad-hotel-restaurant/"
  },
  {
    "id": "227808449",
    "name": "MAFIA Харків",
    "city": "Kharkiv",
    "url": "https://www.instagram.com/explore/locations/227808449/mafia/"
  },
  {
    "id": "1021723447",
    "name": "SOVA BAR",
    "city": "Kharkiv",
    "url": "https://www.instagram.com/explore/locations/1021723447/sova-bar/"
  },
  {
    "id": "692100524296807",
    "name": "Харьков Пер. Пискуновский 4",
    "city": "Kharkiv",
    "url": "https://www.instagram.com/explore/locations/692100524296807/4/"
  },
  {
    "id": "516286428",
    "name": "Центр фітнесу та боксу \"RDX\"",
    "city": "Kharkiv",
    "url": "https://www.instagram.com/explore/locations/516286428/rdx/"
  },
  {
    "id": "572962036456440",
    "name": "Метро «23 Серпня» / 23 Serpnia Station",
    "city": "Kharkiv",
    "url": "https://www.instagram.com/explore/locations/572962036456440/23-23-serpnia-station/"
  },
  {
    "id": "543089626029211",
    "name": "РОТ - ігровий лаунж бар",
    "city": "Kharkiv",
    "url": "https://www.instagram.com/explore/locations/543089626029211/-/"
  },
  {
    "id": "10862642",
    "name": "Sky Lounge",
    "city": "Kharkiv",
    "url": "https://www.instagram.com/explore/locations/10862642/sky-lounge/"
  },
  {
    "id": "1122023141217398",
    "name": "DOM#8",
    "city": "Kharkiv",
    "url": "https://www.instagram.com/explore/locations/1122023141217398/dom8/"
  },
  {
    "id": "101377035669898",
    "name": "Virgin Izakaya Kharkiv",
    "city": "Kharkiv",
    "url": "https://www.instagram.com/explore/locations/101377035669898/virgin-izakaya-kharkiv/"
  },
  {
    "id": "927752697330836",
    "name": "Харківський академічний драматичний театр імені Г.Ф. Квітки-Основ'яненка",
    "city": "Kharkiv",
    "url": "https://www.instagram.com/explore/locations/927752697330836/-/"
  },
  {
    "id": "153125591894503",
    "name": "Misto Club Kharkiv",
    "city": "Kharkiv",
    "url": "https://www.instagram.com/explore/locations/153125591894503/misto-club-kharkiv/"
  },
  {
    "id": "172406083640698",
    "name": "Sky Lounge",
    "city": "Kharkiv",
    "url": "https://www.instagram.com/explore/locations/172406083640698/sky-lounge/"
  },
  {
    "id": "213824390",
    "name": "Abajour",
    "city": "Kharkiv",
    "url": "https://www.instagram.com/explore/locations/213824390/abajour/"
  },
  {
    "id": "103639134933936",
    "name": "Парк Динозаврів - Харків",
    "city": "Kharkiv",
    "url": "https://www.instagram.com/explore/locations/103639134933936/-/"
  },
  {
    "id": "430222545",
    "name": "Дворец Студентов Юридической Академии Пушкинская 88",
    "city": "Kharkiv",
    "url": "https://www.instagram.com/explore/locations/430222545/88/"
  },
  {
    "id": "454378451286879",
    "name": "Sumska Street",
    "city": "Kharkiv",
    "url": "https://www.instagram.com/explore/locations/454378451286879/sumska-street/"
  },
  {
    "id": "101390355669518",
    "name": "Fantasy park",
    "city": "Kharkiv",
    "url": "https://www.instagram.com/explore/locations/101390355669518/fantasy-park/"
  },
  {
    "id": "236665264",
    "name": "Hotel19",
    "city": "Kharkiv",
    "url": "https://www.instagram.com/explore/locations/236665264/hotel19/"
  },
  {
    "id": "238501633353021",
    "name": "Фитнес клуб TopTraining",
    "city": "Kharkiv",
    "url": "https://www.instagram.com/explore/locations/238501633353021/toptraining/"
  },
  {
    "id": "227751867",
    "name": "Pinocchio Osteria",
    "city": "Kharkiv",
    "url": "https://www.instagram.com/explore/locations/227751867/pinocchio-osteria/"
  },
  {
    "id": "1887077431527156",
    "name": "Port Wine Bar",
    "city": "Kharkiv",
    "url": "https://www.instagram.com/explore/locations/1887077431527156/port-wine-bar/"
  },
  {
    "id": "1022291032",
    "name": "Мережа фітнес-клубів Сафарі",
    "city": "Kharkiv",
    "url": "https://www.instagram.com/explore/locations/1022291032/-/"
  },
  {
    "id": "466913406",
    "name": "Flowers Cafe",
    "city": "Kharkiv",
    "url": "https://www.instagram.com/explore/locations/466913406/flowers-cafe/"
  },
  {
    "id": "677807259083410",
    "name": "Organizm",
    "city": "Kharkiv",
    "url": "https://www.instagram.com/explore/locations/677807259083410/organizm/"
  },
  {
    "id": "790139524520235",
    "name": "Mundstück",
    "city": "Kharkiv",
    "url": "https://www.instagram.com/explore/locations/790139524520235/mundstuck/"
  },
  {
    "id": "238987076805878",
    "name": "Metalist Fitness Center Naukova",
    "city": "Kharkiv",
    "url": "https://www.instagram.com/explore/locations/238987076805878/metalist-fitness-center-naukova/"
  },
  {
    "id": "222744251550793",
    "name": "Terem restaurant Kharkiv",
    "city": "Kharkiv",
    "url": "https://www.instagram.com/explore/locations/222744251550793/terem-restaurant-kharkiv/"
  },
  {
    "id": "240545719",
    "name": "Aura Fitness&life",
    "city": "Kharkiv",
    "url": "https://www.instagram.com/explore/locations/240545719/aura-fitnesslife/"
  },
  {
    "id": "129816794331133",
    "name": "DVOR everyday bar",
    "city": "Kharkiv",
    "url": "https://www.instagram.com/explore/locations/129816794331133/dvor-everyday-bar/"
  },
  {
    "id": "314216752705383",
    "name": "Метро «Архітектора Бекетова» / Arkhitektora Beketova Station",
    "city": "Kharkiv",
    "url": "https://www.instagram.com/explore/locations/314216752705383/arkhitektora-beketova-station/"
  },
  {
    "id": "1023550238",
    "name": "Gustoy Lounge",
    "city": "Kharkiv",
    "url": "https://www.instagram.com/explore/locations/1023550238/gustoy-lounge/"
  },
  {
    "id": "570560776623455",
    "name": "ТЦ \"на Гагарина\", пр. Гагарина 20а",
    "city": "Kharkiv",
    "url": "https://www.instagram.com/explore/locations/570560776623455/20/"
  },
  {
    "id": "249203069315161",
    "name": "Working Hard",
    "city": "Kharkiv",
    "url": "https://www.instagram.com/explore/locations/249203069315161/working-hard/"
  },
  {
    "id": "1878086612443169",
    "name": "LF Club",
    "city": "Kharkiv",
    "url": "https://www.instagram.com/explore/locations/1878086612443169/lf-club/"
  },
  {
    "id": "471313708",
    "name": "Koritza",
    "city": "Kharkiv",
    "url": "https://www.instagram.com/explore/locations/471313708/koritza/"
  },
  {
    "id": "457198591",
    "name": "Mr.Bourbon",
    "city": "Kharkiv",
    "url": "https://www.instagram.com/explore/locations/457198591/mrbourbon/"
  },
  {
    "id": "102148967973383",
    "name": "Харьков, ул. Сумская, 1",
    "city": "Kharkiv",
    "url": "https://www.instagram.com/explore/locations/102148967973383/1/"
  },
  {
    "id": "559134047617150",
    "name": "Status MIX",
    "city": "Kharkiv",
    "url": "https://www.instagram.com/explore/locations/559134047617150/status-mix/"
  },
  {
    "id": "312657806330397",
    "name": "Freedom Square",
    "city": "Kharkiv",
    "url": "https://www.instagram.com/explore/locations/312657806330397/freedom-square/"
  },
  {
    "id": "533012883789504",
    "name": "Якитория / Yakitoria",
    "city": "Kharkiv",
    "url": "https://www.instagram.com/explore/locations/533012883789504/yakitoria/"
  },
  {
    "id": "213701445",
    "name": "Moon Room",
    "city": "Kharkiv",
    "url": "https://www.instagram.com/explore/locations/213701445/moon-room/"
  },
  {
    "id": "17946280",
    "name": "One2One",
    "city": "Kharkiv",
    "url": "https://www.instagram.com/explore/locations/17946280/one2one/"
  },
  {
    "id": "1034764182",
    "name": "India Palace Kharkiv / Індія Палас Харків",
    "city": "Kharkiv",
    "url": "https://www.instagram.com/explore/locations/1034764182/india-palace-kharkiv/"
  },
  {
    "id": "150524278953849",
    "name": "Харьков Московский Проспект 257",
    "city": "Kharkiv",
    "url": "https://www.instagram.com/explore/locations/150524278953849/257/"
  },
  {
    "id": "103305992012908",
    "name": "Fantasy Garden",
    "city": "Kharkiv",
    "url": "https://www.instagram.com/explore/locations/103305992012908/fantasy-garden/"
  },
  {
    "id": "261852694337462",
    "name": "Роддом 7 Харьков",
    "city": "Kharkiv",
    "url": "https://www.instagram.com/explore/locations/261852694337462/7/"
  },
  {
    "id": "102655277835867",
    "name": "Pakufuda",
    "city": "Kharkiv",
    "url": "https://www.instagram.com/explore/locations/102655277835867/pakufuda/"
  },
  {
    "id": "444650299608444",
    "name": "Zoo",
    "city": "Kharkiv",
    "url": "https://www.instagram.com/explore/locations/444650299608444/zoo/"
  },
  {
    "id": "1078481255651875",
    "name": "PIED-DE-POULE Kharkiv",
    "city": "Kharkiv",
    "url": "https://www.instagram.com/explore/locations/1078481255651875/pied-de-poule-kharkiv/"
  },
  {
    "id": "105791107922558",
    "name": "Bisou.Bisou",
    "city": "Kharkiv",
    "url": "https://www.instagram.com/explore/locations/105791107922558/bisoubisou/"
  },
  {
    "id": "1020956272",
    "name": "• Фотоагентство • United Art Hall • Харьков",
    "city": "Kharkiv",
    "url": "https://www.instagram.com/explore/locations/1020956272/united-art-hall/"
  },
  {
    "id": "649353432164802",
    "name": "Sport life",
    "city": "Kharkiv",
    "url": "https://www.instagram.com/explore/locations/649353432164802/sport-life/"
  },
  {
    "id": "112108153735047",
    "name": "Kharkiv, Ukraine",
    "city": "Kharkiv",
    "url": "https://www.instagram.com/explore/locations/112108153735047/kharkiv-ukraine/"
  },
  {
    "id": "295755752",
    "name": "Sportyvna",
    "city": "Kharkiv",
    "url": "https://www.instagram.com/explore/locations/295755752/sportyvna/"
  },
  {
    "id": "1800109723562317",
    "name": "Фотостудия Artmix",
    "city": "Kharkiv",
    "url": "https://www.instagram.com/explore/locations/1800109723562317/artmix/"
  },
  {
    "id": "214231718",
    "name": "University of Kharkiv",
    "city": "Kharkiv",
    "url": "https://www.instagram.com/explore/locations/214231718/university-of-kharkiv/"
  },
  {
    "id": "802146636641298",
    "name": "Immigrant fine diner",
    "city": "Kharkiv",
    "url": "https://www.instagram.com/explore/locations/802146636641298/immigrant-fine-diner/"
  },
  {
    "id": "743141726",
    "name": "23 Августа",
    "city": "Kharkiv",
    "url": "https://www.instagram.com/explore/locations/743141726/23/"
  },
  {
    "id": "223191598",
    "name": "Kofein на Проспекте Ленина",
    "city": "Kharkiv",
    "url": "https://www.instagram.com/explore/locations/223191598/kofein/"
  },
  {
    "id": "350234718918006",
    "name": "Where I Belong",
    "city": "Kharkiv",
    "url": "https://www.instagram.com/explore/locations/350234718918006/where-i-belong/"
  },
  {
    "id": "397356250616617",
    "name": "PiPa",
    "city": "Kharkiv",
    "url": "https://www.instagram.com/explore/locations/397356250616617/pipa/"
  },
  {
    "id": "1033647209",
    "name": "Бутик Parma",
    "city": "Kharkiv",
    "url": "https://www.instagram.com/explore/locations/1033647209/parma/"
  },
  {
    "id": "235089283",
    "name": "Ресторанный комплекс \"Bono\"",
    "city": "Kharkiv",
    "url": "https://www.instagram.com/explore/locations/235089283/bono/"
  },
  {
    "id": "1521919",
    "name": "McDonalds",
    "city": "Kharkiv",
    "url": "https://www.instagram.com/explore/locations/1521919/mcdonalds/"
  },
  {
    "id": "932383150205153",
    "name": "La Brasserie Amelie",
    "city": "Kharkiv",
    "url": "https://www.instagram.com/explore/locations/932383150205153/la-brasserie-amelie/"
  },
  {
    "id": "119395775189776",
    "name": "Roll Club",
    "city": "Kharkiv",
    "url": "https://www.instagram.com/explore/locations/119395775189776/roll-club/"
  },
  {
    "id": "381101319",
    "name": "Абажур / Abajour",
    "city": "Kharkiv",
    "url": "https://www.instagram.com/explore/locations/381101319/abajour/"
  },
  {
    "id": "104019798312703",
    "name": "MAO Chinese food",
    "city": "Kharkiv",
    "url": "https://www.instagram.com/explore/locations/104019798312703/mao-chinese-food/"
  },
  {
    "id": "109730607311090",
    "name": "Palermo Gusto Italiano",
    "city": "Kharkiv",
    "url": "https://www.instagram.com/explore/locations/109730607311090/palermo-gusto-italiano/"
  },
  {
    "id": "1700162140293697",
    "name": "Don Omar - океанический ресторан - Дон Омар",
    "city": "Kharkiv",
    "url": "https://www.instagram.com/explore/locations/1700162140293697/don-omar-/"
  },
  {
    "id": "1017768021",
    "name": "Fitness Club Stimul",
    "city": "Kharkiv",
    "url": "https://www.instagram.com/explore/locations/1017768021/fitness-club-stimul/"
  },
  {
    "id": "293774986",
    "name": "Dynamo Stadium (Kharkiv)",
    "city": "Kharkiv",
    "url": "https://www.instagram.com/explore/locations/293774986/dynamo-stadium-kharkiv/"
  },
  {
    "id": "104866627763388",
    "name": "trempel_kh",
    "city": "Kharkiv",
    "url": "https://www.instagram.com/explore/locations/104866627763388/trempel_kh/"
  },
  {
    "id": "1029463279",
    "name": "ART AREA ДК",
    "city": "Kharkiv",
    "url": "https://www.instagram.com/explore/locations/1029463279/art-area/"
  },
  {
    "id": "354847508617056",
    "name": "G.Bar",
    "city": "Kharkiv",
    "url": "https://www.instagram.com/explore/locations/354847508617056/gbar/"
  },
  {
    "id": "403550480287741",
    "name": "Кафе с Енотами, Сумская, 92",
    "city": "Kharkiv",
    "url": "https://www.instagram.com/explore/locations/403550480287741/92/"
  },
  {
    "id": "943077983",
    "name": "People Bar",
    "city": "Kharkiv",
    "url": "https://www.instagram.com/explore/locations/943077983/people-bar/"
  },
  {
    "id": "1025315622",
    "name": "Santè Ул.сумская,104",
    "city": "Kharkiv",
    "url": "https://www.instagram.com/explore/locations/1025315622/sante-104/"
  },
  {
    "id": "339604690178620",
    "name": "Метро «Наукова» / Naukova Station",
    "city": "Kharkiv",
    "url": "https://www.instagram.com/explore/locations/339604690178620/naukova-station/"
  },
  {
    "id": "969503100",
    "name": "Ресторан Familia",
    "city": "Kharkiv",
    "url": "https://www.instagram.com/explore/locations/969503100/familia/"
  },
  {
    "id": "257662685",
    "name": "Харьковская Государственная Академия Культуры - ХГАК",
    "city": "Kharkiv",
    "url": "https://www.instagram.com/explore/locations/257662685/-/"
  },
  {
    "id": "772873223",
    "name": "Fortis - Медицинский оздоровительный центр",
    "city": "Kharkiv",
    "url": "https://www.instagram.com/explore/locations/772873223/fortis-/"
  },
  {
    "id": "2322839088004865",
    "name": "Parma Rest",
    "city": "Kharkiv",
    "url": "https://www.instagram.com/explore/locations/2322839088004865/parma-rest/"
  },
  {
    "id": "344405828",
    "name": "Кав'ярня-кондитерська \"Coffee&Waffles\"",
    "city": "Kharkiv",
    "url": "https://www.instagram.com/explore/locations/344405828/-coffeewaffles/"
  },
  {
    "id": "107299177835629",
    "name": "Osteria La Cantina",
    "city": "Kharkiv",
    "url": "https://www.instagram.com/explore/locations/107299177835629/osteria-la-cantina/"
  },
  {
    "id": "797591883",
    "name": "Ukrayna Kharkov",
    "city": "Kharkiv",
    "url": "https://www.instagram.com/explore/locations/797591883/ukrayna-kharkov/"
  },
  {
    "id": "251861728847146",
    "name": "Роддом #1",
    "city": "Kharkiv",
    "url": "https://www.instagram.com/explore/locations/251861728847146/1/"
  },
  {
    "id": "105333244313112",
    "name": "Piana Vyshnia / П'яна Вишня",
    "city": "Kharkiv",
    "url": "https://www.instagram.com/explore/locations/105333244313112/piana-vyshnia/"
  },
  {
    "id": "109287564330952",
    "name": "Нескромний wine bar",
    "city": "Kharkiv",
    "url": "https://www.instagram.com/explore/locations/109287564330952/wine-bar/"
  },
  {
    "id": "1214572981924719",
    "name": "НЕХАЙ ТАК BAR",
    "city": "Kharkiv",
    "url": "https://www.instagram.com/explore/locations/1214572981924719/bar/"
  },
  {
    "id": "444629295646165",
    "name": "Osteria Il Tartufo",
    "city": "Kharkiv",
    "url": "https://www.instagram.com/explore/locations/444629295646165/osteria-il-tartufo/"
  },
  {
    "id": "354899488204747",
    "name": "450 firewood oven&grill restaurant",
    "city": "Kharkiv",
    "url": "https://www.instagram.com/explore/locations/354899488204747/450-firewood-ovengrill-restaurant/"
  },
  {
    "id": "109415280530704",
    "name": "Премиум курорт - Club Chalet",
    "city": "Kharkiv",
    "url": "https://www.instagram.com/explore/locations/109415280530704/-club-chalet/"
  },
  {
    "id": "840045582788788",
    "name": "Red Door Pub",
    "city": "Kharkiv",
    "url": "https://www.instagram.com/explore/locations/840045582788788/red-door-pub/"
  },
  {
    "id": "399182847261889",
    "name": "Vector lounge bar",
    "city": "Kharkiv",
    "url": "https://www.instagram.com/explore/locations/399182847261889/vector-lounge-bar/"
  },
  {
    "id": "235142749",
    "name": "Holiday Club",
    "city": "Kharkiv",
    "url": "https://www.instagram.com/explore/locations/235142749/holiday-club/"
  },
  {
    "id": "730239210680365",
    "name": "Тобольская, 42",
    "city": "Kharkiv",
    "url": "https://www.instagram.com/explore/locations/730239210680365/42/"
  },
  {
    "id": "166002960633024",
    "name": "Kefir - rock'n'sport pub.",
    "city": "Kharkiv",
    "url": "https://www.instagram.com/explore/locations/166002960633024/kefir-rocknsport-pub/"
  },
  {
    "id": "411075972",
    "name": "Aventador",
    "city": "Kharkiv",
    "url": "https://www.instagram.com/explore/locations/411075972/aventador/"
  },
  {
    "id": "28104999",
    "name": "Amato",
    "city": "Kharkiv",
    "url": "https://www.instagram.com/explore/locations/28104999/amato/"
  },
  {
    "id": "111216943716376",
    "name": "Mushlya Cafe",
    "city": "Kharkiv",
    "url": "https://www.instagram.com/explore/locations/111216943716376/mushlya-cafe/"
  },
  {
    "id": "204466106711989",
    "name": "Ресторан The Terrace",
    "city": "Kharkiv",
    "url": "https://www.instagram.com/explore/locations/204466106711989/the-terrace/"
  },
  {
    "id": "916330755181916",
    "name": "Харьковская Набережная 2/2",
    "city": "Kharkiv",
    "url": "https://www.instagram.com/explore/locations/916330755181916/22/"
  },
  {
    "id": "296384104520209",
    "name": "Старгород / Stargorod",
    "city": "Kharkiv",
    "url": "https://www.instagram.com/explore/locations/296384104520209/stargorod/"
  },
  {
    "id": "1756150628024612",
    "name": "ТКЦ - Театрально-Концертный центр",
    "city": "Kharkiv",
    "url": "https://www.instagram.com/explore/locations/1756150628024612/-/"
  },
  {
    "id": "218224599",
    "name": "Spa&fitnes Misto",
    "city": "Kharkiv",
    "url": "https://www.instagram.com/explore/locations/218224599/spafitnes-misto/"
  },
  {
    "id": "111824060435656",
    "name": "True Price Rolls & Cocktails",
    "city": "Kharkiv",
    "url": "https://www.instagram.com/explore/locations/111824060435656/true-price-rolls-cocktails/"
  },
  {
    "id": "112704860548890",
    "name": "Yellow Lounge Bar",
    "city": "Kharkiv",
    "url": "https://www.instagram.com/explore/locations/112704860548890/yellow-lounge-bar/"
  },
  {
    "id": "579073252",
    "name": "23 of August",
    "city": "Kharkiv",
    "url": "https://www.instagram.com/explore/locations/579073252/23-of-august/"
  },
  {
    "id": "278846486092140",
    "name": "ХНАТОБ iм. М. В. Лисенка",
    "city": "Kharkiv",
    "url": "https://www.instagram.com/explore/locations/278846486092140/i/"
  },
  {
    "id": "1286559868123132",
    "name": "Mundstück",
    "city": "Kharkiv",
    "url": "https://www.instagram.com/explore/locations/1286559868123132/mundstuck/"
  },
  {
    "id": "1029432265",
    "name": "Boiko School",
    "city": "Kharkiv",
    "url": "https://www.instagram.com/explore/locations/1029432265/boiko-school/"
  },
  {
    "id": "292136078343848",
    "name": "Mama Manana Kharkiv",
    "city": "Kharkiv",
    "url": "https://www.instagram.com/explore/locations/292136078343848/mama-manana-kharkiv/"
  },
  {
    "id": "21883954",
    "name": "Pinocchio",
    "city": "Kharkiv",
    "url": "https://www.instagram.com/explore/locations/21883954/pinocchio/"
  },
  {
    "id": "1439887796317725",
    "name": "ValMari Ukraine",
    "city": "Kharkiv",
    "url": "https://www.instagram.com/explore/locations/1439887796317725/valmari-ukraine/"
  },
  {
    "id": "1035002259",
    "name": "Боулинг-клуб \"Магнит\"",
    "city": "Kharkiv",
    "url": "https://www.instagram.com/explore/locations/1035002259/-/"
  },
  {
    "id": "547112242392792",
    "name": "Ботанічний сад / Botanical Garden",
    "city": "Kharkiv",
    "url": "https://www.instagram.com/explore/locations/547112242392792/botanical-garden/"
  },
  {
    "id": "1022680374",
    "name": "Yaroslav Mudryi National Law University",
    "city": "Kharkiv",
    "url": "https://www.instagram.com/explore/locations/1022680374/yaroslav-mudryi-national-law-university/"
  },
  {
    "id": "1023475465",
    "name": "Kamalaya",
    "city": "Kharkiv",
    "url": "https://www.instagram.com/explore/locations/1023475465/kamalaya/"
  },
  {
    "id": "945383427",
    "name": "LILY",
    "city": "Kharkiv",
    "url": "https://www.instagram.com/explore/locations/945383427/lily/"
  },
  {
    "id": "101205224763022",
    "name": "Piana Vyshnia / П'яна Вишня",
    "city": "Kharkiv",
    "url": "https://www.instagram.com/explore/locations/101205224763022/piana-vyshnia/"
  },
  {
    "id": "377169456361225",
    "name": "Strawberry Lounge-Bar",
    "city": "Kharkiv",
    "url": "https://www.instagram.com/explore/locations/377169456361225/strawberry-lounge-bar/"
  },
  {
    "id": "1026473031",
    "name": "Рымарская 19",
    "city": "Kharkiv",
    "url": "https://www.instagram.com/explore/locations/1026473031/19/"
  },
  {
    "id": "626554507503494",
    "name": "Салон красоты, парикмахерская NY Beauty Laboratory",
    "city": "Kharkiv",
    "url": "https://www.instagram.com/explore/locations/626554507503494/ny-beauty-laboratory/"
  },
  {
    "id": "107688390942187",
    "name": "The Rooms",
    "city": "Kharkiv",
    "url": "https://www.instagram.com/explore/locations/107688390942187/the-rooms/"
  },
  {
    "id": "1492791847460387",
    "name": "Because",
    "city": "Kharkiv",
    "url": "https://www.instagram.com/explore/locations/1492791847460387/because/"
  },
  {
    "id": "336370286883127",
    "name": "Al.Cuisine School",
    "city": "Kharkiv",
    "url": "https://www.instagram.com/explore/locations/336370286883127/alcuisine-school/"
  },
  {
    "id": "1027710281",
    "name": "Oh My Look Харьков",
    "city": "Kharkiv",
    "url": "https://www.instagram.com/explore/locations/1027710281/oh-my-look/"
  },
  {
    "id": "1024646850",
    "name": "«Феличе» \"Пицца-ресторан, Харьков\"",
    "city": "Kharkiv",
    "url": "https://www.instagram.com/explore/locations/1024646850/-/"
  },
  {
    "id": "198688100544738",
    "name": "Family",
    "city": "Kharkiv",
    "url": "https://www.instagram.com/explore/locations/198688100544738/family/"
  },
  {
    "id": "599789950449549",
    "name": "Fabrika.space",
    "city": "Kharkiv",
    "url": "https://www.instagram.com/explore/locations/599789950449549/fabrikaspace/"
  },
  {
    "id": "991893087613378",
    "name": "Borsch Eatery",
    "city": "Kharkiv",
    "url": "https://www.instagram.com/explore/locations/991893087613378/borsch-eatery/"
  },
  {
    "id": "269846172",
    "name": "Gagarina",
    "city": "Kharkiv",
    "url": "https://www.instagram.com/explore/locations/269846172/gagarina/"
  },
  {
    "id": "31046526",
    "name": "23 Августа",
    "city": "Kharkiv",
    "url": "https://www.instagram.com/explore/locations/31046526/23/"
  },
  {
    "id": "893921694028357",
    "name": "Тату-студія Базука",
    "city": "Kharkiv",
    "url": "https://www.instagram.com/explore/locations/893921694028357/-/"
  },
  {
    "id": "103827755419353",
    "name": "Fantasy Park Kharkiv",
    "city": "Kharkiv",
    "url": "https://www.instagram.com/explore/locations/103827755419353/fantasy-park-kharkiv/"
  },
  {
    "id": "105099201276040",
    "name": "Twinkle Coffee",
    "city": "Kharkiv",
    "url": "https://www.instagram.com/explore/locations/105099201276040/twinkle-coffee/"
  },
  {
    "id": "112810283826734",
    "name": "True Hookah Bar",
    "city": "Kharkiv",
    "url": "https://www.instagram.com/explore/locations/112810283826734/true-hookah-bar/"
  },
  {
    "id": "252933931",
    "name": "Hillel Kharkiv/ Гілель Харків",
    "city": "Kharkiv",
    "url": "https://www.instagram.com/explore/locations/252933931/hillel-kharkiv/"
  },
  {
    "id": "387059651",
    "name": "Forchino",
    "city": "Kharkiv",
    "url": "https://www.instagram.com/explore/locations/387059651/forchino/"
  },
  {
    "id": "100809481779681",
    "name": "Tangerine",
    "city": "Kharkiv",
    "url": "https://www.instagram.com/explore/locations/100809481779681/tangerine/"
  },
  {
    "id": "734592154",
    "name": "Ziferblat Kharkiv - Циферблат Харьков",
    "city": "Kharkiv",
    "url": "https://www.instagram.com/explore/locations/734592154/ziferblat-kharkiv-/"
  },
  {
    "id": "715580741915466",
    "name": "Харьков, площадь Защитников Украины, 15",
    "city": "Kharkiv",
    "url": "https://www.instagram.com/explore/locations/715580741915466/15/"
  },
  {
    "id": "801969079",
    "name": "The Brow Bar Kharkov",
    "city": "Kharkiv",
    "url": "https://www.instagram.com/explore/locations/801969079/the-brow-bar-kharkov/"
  },
  {
    "id": "328136226",
    "name": "Kharkov Palace Hotel",
    "city": "Kharkiv",
    "url": "https://www.instagram.com/explore/locations/328136226/kharkov-palace-hotel/"
  },
  {
    "id": "105672134623749",
    "name": "Pinkman Bar",
    "city": "Kharkiv",
    "url": "https://www.instagram.com/explore/locations/105672134623749/pinkman-bar/"
  },
  {
    "id": "496004697549007",
    "name": "Метро «Проспект Гагаріна» / Prospekt Gagarina Station",
    "city": "Kharkiv",
    "url": "https://www.instagram.com/explore/locations/496004697549007/prospekt-gagarina-station/"
  },
  {
    "id": "558005834",
    "name": "Дунь'Ка Бар-Кальянная",
    "city": "Kharkiv",
    "url": "https://www.instagram.com/explore/locations/558005834/-/"
  },
  {
    "id": "143882065486001",
    "name": "RITZ BAR",
    "city": "Kharkiv",
    "url": "https://www.instagram.com/explore/locations/143882065486001/ritz-bar/"
  },
  {
    "id": "107960370699586",
    "name": "HALF AN HOUR - Харків",
    "city": "Kharkiv",
    "url": "https://www.instagram.com/explore/locations/107960370699586/half-an-hour-/"
  },
  {
    "id": "107891190852631",
    "name": "Beauty Fabrika",
    "city": "Kharkiv",
    "url": "https://www.instagram.com/explore/locations/107891190852631/beauty-fabrika/"
  },
  {
    "id": "2242730565997616",
    "name": "Kharkiv, Хнатоб",
    "city": "Kharkiv",
    "url": "https://www.instagram.com/explore/locations/2242730565997616/kharkiv/"
  },
  {
    "id": "1432393463443920",
    "name": "Sneaker Mate Kharkiv",
    "city": "Kharkiv",
    "url": "https://www.instagram.com/explore/locations/1432393463443920/sneaker-mate-kharkiv/"
  },
  {
    "id": "1026044960",
    "name": "Just Hookah",
    "city": "Kharkiv",
    "url": "https://www.instagram.com/explore/locations/1026044960/just-hookah/"
  },
  {
    "id": "421297090",
    "name": "Karazina University",
    "city": "Kharkiv",
    "url": "https://www.instagram.com/explore/locations/421297090/karazina-university/"
  },
  {
    "id": "103143537842527",
    "name": "Mundstück",
    "city": "Kharkiv",
    "url": "https://www.instagram.com/explore/locations/103143537842527/mundstuck/"
  },
  {
    "id": "554160138430960",
    "name": "Paris / Париж",
    "city": "Kharkiv",
    "url": "https://www.instagram.com/explore/locations/554160138430960/paris/"
  },
  {
    "id": "1202832836516394",
    "name": "Goa indian restaurant",
    "city": "Kharkiv",
    "url": "https://www.instagram.com/explore/locations/1202832836516394/goa-indian-restaurant/"
  },
  {
    "id": "1425859554163968",
    "name": "Mundstück",
    "city": "Kharkiv",
    "url": "https://www.instagram.com/explore/locations/1425859554163968/mundstuck/"
  },
  {
    "id": "258445893",
    "name": "Kharkov Ukranie",
    "city": "Kharkiv",
    "url": "https://www.instagram.com/explore/locations/258445893/kharkov-ukranie/"
  },
  {
    "id": "184279875490035",
    "name": "Кинотеатр 8 1/2 Харьков",
    "city": "Kharkiv",
    "url": "https://www.instagram.com/explore/locations/184279875490035/8-12/"
  },
  {
    "id": "238692421",
    "name": "Антикафе \"7/9Харьков",
    "city": "Kharkiv",
    "url": "https://www.instagram.com/explore/locations/238692421/79/"
  },
  {
    "id": "301323966874026",
    "name": "Улица Пушкинская 79/1",
    "city": "Kharkiv",
    "url": "https://www.instagram.com/explore/locations/301323966874026/791/"
  },
  {
    "id": "1026260116",
    "name": "«La Strada» \"Итальянский ресторан, Харьков\"",
    "city": "Kharkiv",
    "url": "https://www.instagram.com/explore/locations/1026260116/la-strada/"
  },
  {
    "id": "320191035472949",
    "name": "DAF PUB craft beer & whiskey",
    "city": "Kharkiv",
    "url": "https://www.instagram.com/explore/locations/320191035472949/daf-pub-craft-beer-whiskey/"
  },
  {
    "id": "399434024",
    "name": "АУРА фитнес-клуб",
    "city": "Kharkiv",
    "url": "https://www.instagram.com/explore/locations/399434024/-/"
  },
  {
    "id": "370268280150770",
    "name": "Beans & Brews",
    "city": "Kharkiv",
    "url": "https://www.instagram.com/explore/locations/370268280150770/beans-brews/"
  },
  {
    "id": "216042543",
    "name": "Отель «Немо» - отель с дельфинами в Харькове",
    "city": "Kharkiv",
    "url": "https://www.instagram.com/explore/locations/216042543/-/"
  },
  {
    "id": "551718211",
    "name": "Інформаційно-виставковий центр \"Бузок\"",
    "city": "Kharkiv",
    "url": "https://www.instagram.com/explore/locations/551718211/-/"
  },
  {
    "id": "529521433899671",
    "name": "G.Bar Kharkov",
    "city": "Kharkiv",
    "url": "https://www.instagram.com/explore/locations/529521433899671/gbar-kharkov/"
  },
  {
    "id": "445693049",
    "name": "Korova Art Club",
    "city": "Kharkiv",
    "url": "https://www.instagram.com/explore/locations/445693049/korova-art-club/"
  },
  {
    "id": "1034410899",
    "name": "Квест-кімнати \"Ізоляція\"",
    "city": "Kharkiv",
    "url": "https://www.instagram.com/explore/locations/1034410899/-/"
  },
  {
    "id": "1020416962",
    "name": "Харьков-Левада",
    "city": "Kharkiv",
    "url": "https://www.instagram.com/explore/locations/1020416962/-/"
  },
  {
    "id": "330840104159732",
    "name": "ХНПУ ім. Г.С. Сковороди / H.S. Skovoroda Kharkiv National Pedagogical University",
    "city": "Kharkiv",
    "url": "https://www.instagram.com/explore/locations/330840104159732/hs-skovoroda-kharkiv-national-pedagogical-university/"
  },
  {
    "id": "194863374668786",
    "name": "SENSE education",
    "city": "Kharkiv",
    "url": "https://www.instagram.com/explore/locations/194863374668786/sense-education/"
  },
  {
    "id": "582176465505873",
    "name": "Lviv Croissants",
    "city": "Kharkiv",
    "url": "https://www.instagram.com/explore/locations/582176465505873/lviv-croissants/"
  },
  {
    "id": "1022687593",
    "name": "Black Door Pub",
    "city": "Kharkiv",
    "url": "https://www.instagram.com/explore/locations/1022687593/black-door-pub/"
  },
  {
    "id": "1190177870995405",
    "name": "Fabrika.bar",
    "city": "Kharkiv",
    "url": "https://www.instagram.com/explore/locations/1190177870995405/fabrikabar/"
  },
  {
    "id": "452723433",
    "name": "Арт-Клуб Корова",
    "city": "Kharkiv",
    "url": "https://www.instagram.com/explore/locations/452723433/-/"
  },
  {
    "id": "768001310229285",
    "name": "Imax Французский Бульвар",
    "city": "Kharkiv",
    "url": "https://www.instagram.com/explore/locations/768001310229285/imax/"
  },
  {
    "id": "604928332990187",
    "name": "Ultra, Residental Complex - Житловий комплекс \"Ультра\"",
    "city": "Kharkiv",
    "url": "https://www.instagram.com/explore/locations/604928332990187/ultra-residental-complex-/"
  },
  {
    "id": "168171823911465",
    "name": "Skindreams Tattoo",
    "city": "Kharkiv",
    "url": "https://www.instagram.com/explore/locations/168171823911465/skindreams-tattoo/"
  },
  {
    "id": "743842231",
    "name": "Dada SPACE. Креативний простір для всієї родини",
    "city": "Kharkiv",
    "url": "https://www.instagram.com/explore/locations/743842231/dada-space/"
  },
  {
    "id": "582868809",
    "name": "Сумская, 17",
    "city": "Kharkiv",
    "url": "https://www.instagram.com/explore/locations/582868809/17/"
  },
  {
    "id": "366155107207030",
    "name": "All Stars Dance Centre",
    "city": "Kharkiv",
    "url": "https://www.instagram.com/explore/locations/366155107207030/all-stars-dance-centre/"
  },
  {
    "id": "727101117466923",
    "name": "Blackberry Showroom",
    "city": "Kharkiv",
    "url": "https://www.instagram.com/explore/locations/727101117466923/blackberry-showroom/"
  },
  {
    "id": "100475974718119",
    "name": "Ул. Суздальские ряды, 9 Дом Торговли Цен",
    "city": "Kharkiv",
    "url": "https://www.instagram.com/explore/locations/100475974718119/9/"
  },
  {
    "id": "244596724",
    "name": "PULS DANCE SCHOOL",
    "city": "Kharkiv",
    "url": "https://www.instagram.com/explore/locations/244596724/puls-dance-school/"
  },
  {
    "id": "2188577137833578",
    "name": "РОСТ Київський / ROST Kyivskyi",
    "city": "Kharkiv",
    "url": "https://www.instagram.com/explore/locations/2188577137833578/rost-kyivskyi/"
  },
  {
    "id": "2020641358178214",
    "name": "Muzdom - Music Store",
    "city": "Kharkiv",
    "url": "https://www.instagram.com/explore/locations/2020641358178214/muzdom-music-store/"
  },
  {
    "id": "155967678348229",
    "name": "Pulse Gym Павлово поле",
    "city": "Kharkiv",
    "url": "https://www.instagram.com/explore/locations/155967678348229/pulse-gym/"
  },
  {
    "id": "544616846479143",
    "name": "FITME SPACE",
    "city": "Kharkiv",
    "url": "https://www.instagram.com/explore/locations/544616846479143/fitme-space/"
  },
  {
    "id": "930158887093910",
    "name": "G.Bar Харьков",
    "city": "Kharkiv",
    "url": "https://www.instagram.com/explore/locations/930158887093910/gbar/"
  },
  {
    "id": "1484591478277256",
    "name": "Lviv Handmade Chocolate Kharkiv",
    "city": "Kharkiv",
    "url": "https://www.instagram.com/explore/locations/1484591478277256/lviv-handmade-chocolate-kharkiv/"
  },
  {
    "id": "7627569",
    "name": "Шарикоff",
    "city": "Kharkiv",
    "url": "https://www.instagram.com/explore/locations/7627569/ff/"
  },
  {
    "id": "156888715253692",
    "name": "AltBier Show Restaurant",
    "city": "Kharkiv",
    "url": "https://www.instagram.com/explore/locations/156888715253692/altbier-show-restaurant/"
  },
  {
    "id": "1995383014076910",
    "name": "Yankee",
    "city": "Kharkiv",
    "url": "https://www.instagram.com/explore/locations/1995383014076910/yankee/"
  },
  {
    "id": "102592804657816",
    "name": "BodhiSattva Дом Йоги",
    "city": "Kharkiv",
    "url": "https://www.instagram.com/explore/locations/102592804657816/bodhisattva/"
  },
  {
    "id": "245003763",
    "name": "TFS Fitness School",
    "city": "Kharkiv",
    "url": "https://www.instagram.com/explore/locations/245003763/tfs-fitness-school/"
  },
  {
    "id": "312909762432383",
    "name": "Travel company Gallery of travel",
    "city": "Kharkiv",
    "url": "https://www.instagram.com/explore/locations/312909762432383/travel-company-gallery-of-travel/"
  },
  {
    "id": "108732594068571",
    "name": "Pixie Beauty",
    "city": "Kharkiv",
    "url": "https://www.instagram.com/explore/locations/108732594068571/pixie-beauty/"
  },
  {
    "id": "227071629",
    "name": "Kharkov National Medical University( ХНМУ )",
    "city": "Kharkiv",
    "url": "https://www.instagram.com/explore/locations/227071629/kharkov-national-medical-university/"
  },
  {
    "id": "993158949",
    "name": "ART Fabrika Kharkiv",
    "city": "Kharkiv",
    "url": "https://www.instagram.com/explore/locations/993158949/art-fabrika-kharkiv/"
  },
  {
    "id": "215384992",
    "name": "Fashion",
    "city": "Kharkiv",
    "url": "https://www.instagram.com/explore/locations/215384992/fashion/"
  },
  {
    "id": "105375141343831",
    "name": "Promodo Hub",
    "city": "Kharkiv",
    "url": "https://www.instagram.com/explore/locations/105375141343831/promodo-hub/"
  },
  {
    "id": "57163425",
    "name": "Taboo Lounge",
    "city": "Kharkiv",
    "url": "https://www.instagram.com/explore/locations/57163425/taboo-lounge/"
  },
  {
    "id": "100258775002293",
    "name": "Nikolsky",
    "city": "Kharkiv",
    "url": "https://www.instagram.com/explore/locations/100258775002293/nikolsky/"
  },
  {
    "id": "269705253",
    "name": "Kyivska",
    "city": "Kharkiv",
    "url": "https://www.instagram.com/explore/locations/269705253/kyivska/"
  },
  {
    "id": "11364151",
    "name": "Свято-Покровский Мужской Монастырь",
    "city": "Kharkiv",
    "url": "https://www.instagram.com/explore/locations/11364151/-/"
  },
  {
    "id": "246986514",
    "name": "Харківський планетарій: музей-планетарій \"Харків космічний\"",
    "city": "Kharkiv",
    "url": "https://www.instagram.com/explore/locations/246986514/-/"
  },
  {
    "id": "247623505765753",
    "name": "Школа танцев UA21",
    "city": "Kharkiv",
    "url": "https://www.instagram.com/explore/locations/247623505765753/ua21/"
  },
  {
    "id": "2337174123043847",
    "name": "Kharkiv, Ukraine",
    "city": "Kharkiv",
    "url": "https://www.instagram.com/explore/locations/2337174123043847/kharkiv-ukraine/"
  },
  {
    "id": "274234437",
    "name": "Картинг-клуб Пионер",
    "city": "Kharkiv",
    "url": "https://www.instagram.com/explore/locations/274234437/-/"
  },
  {
    "id": "1515218825237533",
    "name": "Midnight",
    "city": "Kharkiv",
    "url": "https://www.instagram.com/explore/locations/1515218825237533/midnight/"
  },
  {
    "id": "108584640905809",
    "name": "Kulikovskiy hotel",
    "city": "Kharkiv",
    "url": "https://www.instagram.com/explore/locations/108584640905809/kulikovskiy-hotel/"
  },
  {
    "id": "963060176",
    "name": "Inжир",
    "city": "Kharkiv",
    "url": "https://www.instagram.com/explore/locations/963060176/in/"
  },
  {
    "id": "271709771",
    "name": "Dynamite Gym",
    "city": "Kharkiv",
    "url": "https://www.instagram.com/explore/locations/271709771/dynamite-gym/"
  },
  {
    "id": "1037080489731922",
    "name": "Gastronomique Cafe \"Paris\"",
    "city": "Kharkiv",
    "url": "https://www.instagram.com/explore/locations/1037080489731922/gastronomique-cafe-paris/"
  },
  {
    "id": "1735975756691742",
    "name": "RIBS and BEER- Пивной ресторан",
    "city": "Kharkiv",
    "url": "https://www.instagram.com/explore/locations/1735975756691742/ribs-and-beer-/"
  },
  {
    "id": "264779524",
    "name": "Abajure Cafe",
    "city": "Kharkiv",
    "url": "https://www.instagram.com/explore/locations/264779524/abajure-cafe/"
  },
  {
    "id": "214598940",
    "name": "Ботанiчний Сад",
    "city": "Kharkiv",
    "url": "https://www.instagram.com/explore/locations/214598940/i/"
  },
  {
    "id": "338676069",
    "name": "Patrick Irish Pub Kharkiv",
    "city": "Kharkiv",
    "url": "https://www.instagram.com/explore/locations/338676069/patrick-irish-pub-kharkiv/"
  },
  {
    "id": "1646927498969528",
    "name": "Ул. 23 Августа Харьков",
    "city": "Kharkiv",
    "url": "https://www.instagram.com/explore/locations/1646927498969528/23/"
  },
  {
    "id": "1452116",
    "name": "McDonald's",
    "city": "Kharkiv",
    "url": "https://www.instagram.com/explore/locations/1452116/mcdonalds/"
  },
  {
    "id": "564439360397563",
    "name": "Rock & Gloss",
    "city": "Kharkiv",
    "url": "https://www.instagram.com/explore/locations/564439360397563/rock-gloss/"
  },
  {
    "id": "1530887",
    "name": "Paris",
    "city": "Kharkiv",
    "url": "https://www.instagram.com/explore/locations/1530887/paris/"
  },
  {
    "id": "1048502678508233",
    "name": "Kharkiv IT Cluster",
    "city": "Kharkiv",
    "url": "https://www.instagram.com/explore/locations/1048502678508233/kharkiv-it-cluster/"
  },
  {
    "id": "151150312102483",
    "name": "FIT & SPA NEMO. Фитнес-клуб НЕМО - Харьков",
    "city": "Kharkiv",
    "url": "https://www.instagram.com/explore/locations/151150312102483/fit-spa-nemo-/"
  },
  {
    "id": "685284065",
    "name": "Театралка - Театральний факультет ХНУМ імені І.П. Котляревського",
    "city": "Kharkiv",
    "url": "https://www.instagram.com/explore/locations/685284065/-/"
  },
  {
    "id": "112244623702992",
    "name": "Rabbit Coffee Place",
    "city": "Kharkiv",
    "url": "https://www.instagram.com/explore/locations/112244623702992/rabbit-coffee-place/"
  },
  {
    "id": "2177055962376283",
    "name": "Toyeramen",
    "city": "Kharkiv",
    "url": "https://www.instagram.com/explore/locations/2177055962376283/toyeramen/"
  },
  {
    "id": "1762819050614423",
    "name": "8½ Festival",
    "city": "Kharkiv",
    "url": "https://www.instagram.com/explore/locations/1762819050614423/812-festival/"
  },
  {
    "id": "468246480229379",
    "name": "Навчально-бібліотечний комплекс НЮУ",
    "city": "Kharkiv",
    "url": "https://www.instagram.com/explore/locations/468246480229379/-/"
  },
  {
    "id": "62248885",
    "name": "De Gaulle Boutique Hotel",
    "city": "Kharkiv",
    "url": "https://www.instagram.com/explore/locations/62248885/de-gaulle-boutique-hotel/"
  },
  {
    "id": "399302933",
    "name": "Egoiste",
    "city": "Kharkiv",
    "url": "https://www.instagram.com/explore/locations/399302933/egoiste/"
  },
  {
    "id": "1015976719",
    "name": "Мечта lounge cafe",
    "city": "Kharkiv",
    "url": "https://www.instagram.com/explore/locations/1015976719/lounge-cafe/"
  },
  {
    "id": "251767788812661",
    "name": "Lemonade Studio",
    "city": "Kharkiv",
    "url": "https://www.instagram.com/explore/locations/251767788812661/lemonade-studio/"
  },
  {
    "id": "1660759310694661",
    "name": "ОСК «Металіст» / Metalist Stadium",
    "city": "Kharkiv",
    "url": "https://www.instagram.com/explore/locations/1660759310694661/metalist-stadium/"
  },
  {
    "id": "705880479752712",
    "name": "Pulse Gym на Гагарина",
    "city": "Kharkiv",
    "url": "https://www.instagram.com/explore/locations/705880479752712/pulse-gym/"
  },
  {
    "id": "112692286971950",
    "name": "The Ditch",
    "city": "Kharkiv",
    "url": "https://www.instagram.com/explore/locations/112692286971950/the-ditch/"
  },
  {
    "id": "222014685",
    "name": "Динамовская 4",
    "city": "Kharkiv",
    "url": "https://www.instagram.com/explore/locations/222014685/4/"
  },
  {
    "id": "792690873",
    "name": "Континент - центр красоты и дневной спа",
    "city": "Kharkiv",
    "url": "https://www.instagram.com/explore/locations/792690873/-/"
  },
  {
    "id": "225496120",
    "name": "Smart Cinema 8 1/2",
    "city": "Kharkiv",
    "url": "https://www.instagram.com/explore/locations/225496120/smart-cinema-8-12/"
  },
  {
    "id": "261450721",
    "name": "Zavod Imeni Malysheva",
    "city": "Kharkiv",
    "url": "https://www.instagram.com/explore/locations/261450721/zavod-imeni-malysheva/"
  },
  {
    "id": "113473126006765",
    "name": "Bowling Holiday",
    "city": "Kharkiv",
    "url": "https://www.instagram.com/explore/locations/113473126006765/bowling-holiday/"
  },
  {
    "id": "254062109",
    "name": "Al Cuisine",
    "city": "Kharkiv",
    "url": "https://www.instagram.com/explore/locations/254062109/al-cuisine/"
  },
  {
    "id": "102088051400324",
    "name": "PIED-DE-POULE на Пушкинской",
    "city": "Kharkiv",
    "url": "https://www.instagram.com/explore/locations/102088051400324/pied-de-poule/"
  },
  {
    "id": "158038024824173",
    "name": "Beef Club",
    "city": "Kharkiv",
    "url": "https://www.instagram.com/explore/locations/158038024824173/beef-club/"
  },
  {
    "id": "2542742775752309",
    "name": "McDonald's",
    "city": "Kharkiv",
    "url": "https://www.instagram.com/explore/locations/2542742775752309/mcdonalds/"
  },
  {
    "id": "1021563073",
    "name": "ХНМУ (Харьковский Национальный медицинский университет) KhNMU",
    "city": "Kharkiv",
    "url": "https://www.instagram.com/explore/locations/1021563073/khnmu/"
  },
  {
    "id": "304994096",
    "name": "Montana Kharkiv",
    "city": "Kharkiv",
    "url": "https://www.instagram.com/explore/locations/304994096/montana-kharkiv/"
  },
  {
    "id": "1018938087",
    "name": "Kharkiv , Ukraine",
    "city": "Kharkiv",
    "url": "https://www.instagram.com/explore/locations/1018938087/kharkiv-ukraine/"
  },
  {
    "id": "1623818911280587",
    "name": "Kiroff Hotel",
    "city": "Kharkiv",
    "url": "https://www.instagram.com/explore/locations/1623818911280587/kiroff-hotel/"
  },
  {
    "id": "766341645",
    "name": "Ukraina Kharkiv.gorki",
    "city": "Kharkiv",
    "url": "https://www.instagram.com/explore/locations/766341645/ukraina-kharkivgorki/"
  },
  {
    "id": "683811510",
    "name": "Just One tattoo studio",
    "city": "Kharkiv",
    "url": "https://www.instagram.com/explore/locations/683811510/just-one-tattoo-studio/"
  },
  {
    "id": "422732011489817",
    "name": "Selfie hookah bar",
    "city": "Kharkiv",
    "url": "https://www.instagram.com/explore/locations/422732011489817/selfie-hookah-bar/"
  },
  {
    "id": "451954324862519",
    "name": "Luxury 5 звезд",
    "city": "Kharkiv",
    "url": "https://www.instagram.com/explore/locations/451954324862519/luxury-5/"
  },
  {
    "id": "195532554204620",
    "name": "Фотостудия Los Angeles",
    "city": "Kharkiv",
    "url": "https://www.instagram.com/explore/locations/195532554204620/los-angeles/"
  },
  {
    "id": "100554381374129",
    "name": "Makers",
    "city": "Kharkiv",
    "url": "https://www.instagram.com/explore/locations/100554381374129/makers/"
  },
  {
    "id": "298562185",
    "name": "Shevchenko garden. Kharkiv",
    "city": "Kharkiv",
    "url": "https://www.instagram.com/explore/locations/298562185/shevchenko-garden-kharkiv/"
  },
  {
    "id": "20443137",
    "name": "GlobalLogic",
    "city": "Kharkiv",
    "url": "https://www.instagram.com/explore/locations/20443137/globallogic/"
  },
  {
    "id": "803514623142507",
    "name": "Kartina Maslom",
    "city": "Kharkiv",
    "url": "https://www.instagram.com/explore/locations/803514623142507/kartina-maslom/"
  },
  {
    "id": "896997433744053",
    "name": "Theodoros boxing club by Sergey Fedchenko",
    "city": "Kharkiv",
    "url": "https://www.instagram.com/explore/locations/896997433744053/theodoros-boxing-club-by-sergey-fedchenko/"
  },
  {
    "id": "626765762",
    "name": "Харьков, Ул. Батумская, 4А, \"Наша Дача \"",
    "city": "Kharkiv",
    "url": "https://www.instagram.com/explore/locations/626765762/4/"
  },
  {
    "id": "293771663",
    "name": "Tsentralnyi Rynok",
    "city": "Kharkiv",
    "url": "https://www.instagram.com/explore/locations/293771663/tsentralnyi-rynok/"
  },
  {
    "id": "437650270311165",
    "name": "OldRoom Lounge Place",
    "city": "Kharkiv",
    "url": "https://www.instagram.com/explore/locations/437650270311165/oldroom-lounge-place/"
  },
  {
    "id": "200949683326470",
    "name": "Yaroslav the Wise National Law University of Ukraine",
    "city": "Kharkiv",
    "url": "https://www.instagram.com/explore/locations/200949683326470/yaroslav-the-wise-national-law-university-of-ukraine/"
  },
  {
    "id": "351715892392690",
    "name": "EnerGym",
    "city": "Kharkiv",
    "url": "https://www.instagram.com/explore/locations/351715892392690/energym/"
  },
  {
    "id": "1930550587169511",
    "name": "Kiskis Nails",
    "city": "Kharkiv",
    "url": "https://www.instagram.com/explore/locations/1930550587169511/kiskis-nails/"
  },
  {
    "id": "577502699",
    "name": "Ampersand food&art",
    "city": "Kharkiv",
    "url": "https://www.instagram.com/explore/locations/577502699/ampersand-foodart/"
  },
  {
    "id": "717404705",
    "name": "Харьков-Пассажирский",
    "city": "Kharkiv",
    "url": "https://www.instagram.com/explore/locations/717404705/-/"
  },
  {
    "id": "1032788641",
    "name": "Центр \"lalio\"",
    "city": "Kharkiv",
    "url": "https://www.instagram.com/explore/locations/1032788641/lalio/"
  },
  {
    "id": "1186498471461320",
    "name": "Центр Подологии \"Harlen\"",
    "city": "Kharkiv",
    "url": "https://www.instagram.com/explore/locations/1186498471461320/harlen/"
  },
  {
    "id": "149068605520677",
    "name": "Lacan",
    "city": "Kharkiv",
    "url": "https://www.instagram.com/explore/locations/149068605520677/lacan/"
  },
  {
    "id": "108713507421876",
    "name": "ByKetik Flower shop & Coffee",
    "city": "Kharkiv",
    "url": "https://www.instagram.com/explore/locations/108713507421876/byketik-flower-shop-coffee/"
  },
  {
    "id": "2221022868183670",
    "name": "НЮУім. Ярослава Мудрого / National Law University",
    "city": "Kharkiv",
    "url": "https://www.instagram.com/explore/locations/2221022868183670/national-law-university/"
  },
  {
    "id": "1975796899306989",
    "name": "Kharkiv School of Architecture",
    "city": "Kharkiv",
    "url": "https://www.instagram.com/explore/locations/1975796899306989/kharkiv-school-of-architecture/"
  },
  {
    "id": "239855773548911",
    "name": "McDonald's",
    "city": "Kharkiv",
    "url": "https://www.instagram.com/explore/locations/239855773548911/mcdonalds/"
  },
  {
    "id": "167357483902552",
    "name": "D4 Фотостудия",
    "city": "Kharkiv",
    "url": "https://www.instagram.com/explore/locations/167357483902552/d4/"
  },
  {
    "id": "234858811",
    "name": "Украинская инженерно-педагогическая академия (УИПА)",
    "city": "Kharkiv",
    "url": "https://www.instagram.com/explore/locations/234858811/-/"
  },
  {
    "id": "2099575116996054",
    "name": "GREEN POND -база отдыха, Харьков",
    "city": "Kharkiv",
    "url": "https://www.instagram.com/explore/locations/2099575116996054/green-pond-/"
  },
  {
    "id": "105422835115029",
    "name": "vs_gym",
    "city": "Kharkiv",
    "url": "https://www.instagram.com/explore/locations/105422835115029/vs_gym/"
  },
  {
    "id": "349610628715036",
    "name": "Пушкинская 5",
    "city": "Kharkiv",
    "url": "https://www.instagram.com/explore/locations/349610628715036/5/"
  },
  {
    "id": "113606951240499",
    "name": "Smartass Kharkiv",
    "city": "Kharkiv",
    "url": "https://www.instagram.com/explore/locations/113606951240499/smartass-kharkiv/"
  },
  {
    "id": "1794652250577305",
    "name": "Dovira - Ветеринарна клініка, готель, Харків",
    "city": "Kharkiv",
    "url": "https://www.instagram.com/explore/locations/1794652250577305/dovira-/"
  },
  {
    "id": "310708689412290",
    "name": "Green Food Cafe",
    "city": "Kharkiv",
    "url": "https://www.instagram.com/explore/locations/310708689412290/green-food-cafe/"
  },
  {
    "id": "689605584529696",
    "name": "Beauty Pro Харків- салон краси",
    "city": "Kharkiv",
    "url": "https://www.instagram.com/explore/locations/689605584529696/beauty-pro-/"
  },
  {
    "id": "101666308889849",
    "name": "NOM / ТРЦ \"Nikolsky\"",
    "city": "Kharkiv",
    "url": "https://www.instagram.com/explore/locations/101666308889849/nom-nikolsky/"
  },
  {
    "id": "261454575",
    "name": "Тренинговый центр \"SoFine\"",
    "city": "Kharkiv",
    "url": "https://www.instagram.com/explore/locations/261454575/sofine/"
  },
  {
    "id": "143524472920298",
    "name": "DaVydova Nail Studio",
    "city": "Kharkiv",
    "url": "https://www.instagram.com/explore/locations/143524472920298/davydova-nail-studio/"
  },
  {
    "id": "584903728631932",
    "name": "Family 2.0",
    "city": "Kharkiv",
    "url": "https://www.instagram.com/explore/locations/584903728631932/family-20/"
  },
  {
    "id": "101816645691494",
    "name": "ISKRA",
    "city": "Kharkiv",
    "url": "https://www.instagram.com/explore/locations/101816645691494/iskra/"
  },
  {
    "id": "2296881667234533",
    "name": "Space hall",
    "city": "Kharkiv",
    "url": "https://www.instagram.com/explore/locations/2296881667234533/space-hall/"
  },
  {
    "id": "416883335797357",
    "name": "Пологовий будинок 1",
    "city": "Kharkiv",
    "url": "https://www.instagram.com/explore/locations/416883335797357/1/"
  },
  {
    "id": "1607247095967428",
    "name": "InVino Кафе",
    "city": "Kharkiv",
    "url": "https://www.instagram.com/explore/locations/1607247095967428/invino/"
  },
  {
    "id": "1024997253",
    "name": "Labyrinth Gym",
    "city": "Kharkiv",
    "url": "https://www.instagram.com/explore/locations/1024997253/labyrinth-gym/"
  },
  {
    "id": "1731001590526724",
    "name": "Готель НЕМО в Харкові / Hotel & Spa NEMO with dolphins",
    "city": "Kharkiv",
    "url": "https://www.instagram.com/explore/locations/1731001590526724/hotel-spa-nemo-with-dolphins/"
  },
  {
    "id": "1860157587577230",
    "name": "Barsalata",
    "city": "Kharkiv",
    "url": "https://www.instagram.com/explore/locations/1860157587577230/barsalata/"
  },
  {
    "id": "1034562817",
    "name": "Фотостудия Studio OK",
    "city": "Kharkiv",
    "url": "https://www.instagram.com/explore/locations/1034562817/studio-ok/"
  },
  {
    "id": "252206897",
    "name": "Big Ben Pub",
    "city": "Kharkiv",
    "url": "https://www.instagram.com/explore/locations/252206897/big-ben-pub/"
  },
  {
    "id": "2134889326725536",
    "name": "Shvili Shvili Wine bar&shop",
    "city": "Kharkiv",
    "url": "https://www.instagram.com/explore/locations/2134889326725536/shvili-shvili-wine-barshop/"
  },
  {
    "id": "1791004057853287",
    "name": "Beer&Man",
    "city": "Kharkiv",
    "url": "https://www.instagram.com/explore/locations/1791004057853287/beerman/"
  },
  {
    "id": "228028456",
    "name": "Park chevchenka",
    "city": "Kharkiv",
    "url": "https://www.instagram.com/explore/locations/228028456/park-chevchenka/"
  },
  {
    "id": "159695",
    "name": "La Strada",
    "city": "Kharkiv",
    "url": "https://www.instagram.com/explore/locations/159695/la-strada/"
  },
  {
    "id": "306462683534053",
    "name": "Fantasy Room Kharkiv",
    "city": "Kharkiv",
    "url": "https://www.instagram.com/explore/locations/306462683534053/fantasy-room-kharkiv/"
  },
  {
    "id": "216049350",
    "name": "Boutique Hotel Mirax (Харьков)",
    "city": "Kharkiv",
    "url": "https://www.instagram.com/explore/locations/216049350/boutique-hotel-mirax/"
  },
  {
    "id": "104174105539317",
    "name": "Bali casual cafe",
    "city": "Kharkiv",
    "url": "https://www.instagram.com/explore/locations/104174105539317/bali-casual-cafe/"
  },
  {
    "id": "287250895243539",
    "name": "Phasmophobia",
    "city": "Kharkiv",
    "url": "https://www.instagram.com/explore/locations/287250895243539/phasmophobia/"
  },
  {
    "id": "2265962796977897",
    "name": "Argentina Grill",
    "city": "Kharkiv",
    "url": "https://www.instagram.com/explore/locations/2265962796977897/argentina-grill/"
  },
  {
    "id": "348178659028299",
    "name": "Клуб красоты Be Better Beauty Club",
    "city": "Kharkiv",
    "url": "https://www.instagram.com/explore/locations/348178659028299/be-better-beauty-club/"
  },
  {
    "id": "1015098266",
    "name": "Emporio Armani Boutique",
    "city": "Kharkiv",
    "url": "https://www.instagram.com/explore/locations/1015098266/emporio-armani-boutique/"
  },
  {
    "id": "265113133925228",
    "name": "Aroma Kava ул. Сумская 15",
    "city": "Kharkiv",
    "url": "https://www.instagram.com/explore/locations/265113133925228/aroma-kava-15/"
  },
  {
    "id": "194445957859819",
    "name": "Waffle Time",
    "city": "Kharkiv",
    "url": "https://www.instagram.com/explore/locations/194445957859819/waffle-time/"
  },
  {
    "id": "1675181136125654",
    "name": "On Fridays Studio",
    "city": "Kharkiv",
    "url": "https://www.instagram.com/explore/locations/1675181136125654/on-fridays-studio/"
  },
  {
    "id": "638957076264018",
    "name": "Anastasiya Mehovaya",
    "city": "Kharkiv",
    "url": "https://www.instagram.com/explore/locations/638957076264018/anastasiya-mehovaya/"
  },
  {
    "id": "244657965",
    "name": "Home Bar Doska",
    "city": "Kharkiv",
    "url": "https://www.instagram.com/explore/locations/244657965/home-bar-doska/"
  },
  {
    "id": "227073521",
    "name": "Kharkiv National Medical University, Main Building",
    "city": "Kharkiv",
    "url": "https://www.instagram.com/explore/locations/227073521/kharkiv-national-medical-university-main-building/"
  },
  {
    "id": "146433412561114",
    "name": "Euphoria pole choreography studio",
    "city": "Kharkiv",
    "url": "https://www.instagram.com/explore/locations/146433412561114/euphoria-pole-choreography-studio/"
  },
  {
    "id": "945918279",
    "name": "Милена / Milena",
    "city": "Kharkiv",
    "url": "https://www.instagram.com/explore/locations/945918279/milena/"
  },
  {
    "id": "204817982871987",
    "name": "Hotel Kharkov - Гостиница Харьков",
    "city": "Kharkiv",
    "url": "https://www.instagram.com/explore/locations/204817982871987/hotel-kharkov-/"
  },
  {
    "id": "1336283913049183",
    "name": "Майстерня Карамелі - Харків",
    "city": "Kharkiv",
    "url": "https://www.instagram.com/explore/locations/1336283913049183/-/"
  },
  {
    "id": "109359123748248",
    "name": "88ottantotto_kharkov",
    "city": "Kharkiv",
    "url": "https://www.instagram.com/explore/locations/109359123748248/88ottantotto_kharkov/"
  },
  {
    "id": "753249628148201",
    "name": "Pulse Gym",
    "city": "Kharkiv",
    "url": "https://www.instagram.com/explore/locations/753249628148201/pulse-gym/"
  },
  {
    "id": "1107330046054405",
    "name": "Beauty clinic Roksolana",
    "city": "Kharkiv",
    "url": "https://www.instagram.com/explore/locations/1107330046054405/beauty-clinic-roksolana/"
  },
  {
    "id": "1804337373215653",
    "name": "Only you beauty salon",
    "city": "Kharkiv",
    "url": "https://www.instagram.com/explore/locations/1804337373215653/only-you-beauty-salon/"
  },
  {
    "id": "1548096278590089",
    "name": "YOGA Махараджа",
    "city": "Kharkiv",
    "url": "https://www.instagram.com/explore/locations/1548096278590089/yoga/"
  },
  {
    "id": "555793438",
    "name": "Hotel Kharkov",
    "city": "Kharkiv",
    "url": "https://www.instagram.com/explore/locations/555793438/hotel-kharkov/"
  },
  {
    "id": "105501561490586",
    "name": "Бц \"diamond City\"",
    "city": "Kharkiv",
    "url": "https://www.instagram.com/explore/locations/105501561490586/diamond-city/"
  },
  {
    "id": "1745965842308898",
    "name": "Мама врач-детский медицинский центр",
    "city": "Kharkiv",
    "url": "https://www.instagram.com/explore/locations/1745965842308898/-/"
  },
  {
    "id": "1021274770",
    "name": "Aromakava",
    "city": "Kharkiv",
    "url": "https://www.instagram.com/explore/locations/1021274770/aromakava/"
  },
  {
    "id": "100919401584843",
    "name": "Жк Левада 2",
    "city": "Kharkiv",
    "url": "https://www.instagram.com/explore/locations/100919401584843/2/"
  },
  {
    "id": "101604695538246",
    "name": "Fish Fetish Харків",
    "city": "Kharkiv",
    "url": "https://www.instagram.com/explore/locations/101604695538246/fish-fetish/"
  },
  {
    "id": "170020556201755",
    "name": "Provocator.bar",
    "city": "Kharkiv",
    "url": "https://www.instagram.com/explore/locations/170020556201755/provocatorbar/"
  },
  {
    "id": "1822360451402805",
    "name": "LECO Professional",
    "city": "Kharkiv",
    "url": "https://www.instagram.com/explore/locations/1822360451402805/leco-professional/"
  },
  {
    "id": "463629719",
    "name": "44 Favorite Place",
    "city": "Kharkiv",
    "url": "https://www.instagram.com/explore/locations/463629719/44-favorite-place/"
  },
  {
    "id": "102206285645177",
    "name": "Basta Pasta Kharkov",
    "city": "Kharkiv",
    "url": "https://www.instagram.com/explore/locations/102206285645177/basta-pasta-kharkov/"
  },
  {
    "id": "315089398",
    "name": "Plaza de la Libertad",
    "city": "Kharkiv",
    "url": "https://www.instagram.com/explore/locations/315089398/plaza-de-la-libertad/"
  },
  {
    "id": "1026572645",
    "name": "Maximus MUAY THAI News / Тайский бокс в Харькове",
    "city": "Kharkiv",
    "url": "https://www.instagram.com/explore/locations/1026572645/maximus-muay-thai-news/"
  },
  {
    "id": "4033266",
    "name": "Park Hotel",
    "city": "Kharkiv",
    "url": "https://www.instagram.com/explore/locations/4033266/park-hotel/"
  },
  {
    "id": "359720027",
    "name": "Kiev, Ukraine",
    "city": "Kharkiv",
    "url": "https://www.instagram.com/explore/locations/359720027/kiev-ukraine/"
  },
  {
    "id": "292580557998239",
    "name": "Marcus karaoke bar",
    "city": "Kharkiv",
    "url": "https://www.instagram.com/explore/locations/292580557998239/marcus-karaoke-bar/"
  },
  {
    "id": "1029365545",
    "name": "Панорамний ресторан Sky Lounge",
    "city": "Kharkiv",
    "url": "https://www.instagram.com/explore/locations/1029365545/sky-lounge/"
  },
  {
    "id": "1026177476",
    "name": "Харківський торговельно-економічний інститут",
    "city": "Kharkiv",
    "url": "https://www.instagram.com/explore/locations/1026177476/-/"
  },
  {
    "id": "708939030",
    "name": "Ресторан Frau Müller",
    "city": "Kharkiv",
    "url": "https://www.instagram.com/explore/locations/708939030/frau-muller/"
  },
  {
    "id": "721664321322609",
    "name": "Nails.Star",
    "city": "Kharkiv",
    "url": "https://www.instagram.com/explore/locations/721664321322609/nailsstar/"
  },
  {
    "id": "355971318239983",
    "name": "Rabbit Coffee Roasters",
    "city": "Kharkiv",
    "url": "https://www.instagram.com/explore/locations/355971318239983/rabbit-coffee-roasters/"
  },
  {
    "id": "105507051268394",
    "name": "Home-Land Ukraine",
    "city": "Kharkiv",
    "url": "https://www.instagram.com/explore/locations/105507051268394/home-land-ukraine/"
  }
]