[
  {
    "id": "217478883",
    "name": "Odessa, Ukraine",
    "city": "Odessa",
    "url": "https://www.instagram.com/explore/locations/217478883/odessa-ukraine/"
  },
  {
    "id": "873012307",
    "name": "Deribasivska Street",
    "city": "Odessa",
    "url": "https://www.instagram.com/explore/locations/873012307/deribasivska-street/"
  },
  {
    "id": "213088420",
    "name": "Odessa Opera and Ballet Theater",
    "city": "Odessa",
    "url": "https://www.instagram.com/explore/locations/213088420/odessa-opera-and-ballet-theater/"
  },
  {
    "id": "112181863884179",
    "name": "Odesa Ukraine",
    "city": "Odessa",
    "url": "https://www.instagram.com/explore/locations/112181863884179/odesa-ukraine/"
  },
  {
    "id": "100776970396576",
    "name": "Одесса - Мама",
    "city": "Odessa",
    "url": "https://www.instagram.com/explore/locations/100776970396576/-/"
  },
  {
    "id": "588163871622906",
    "name": "LOU LOU",
    "city": "Odessa",
    "url": "https://www.instagram.com/explore/locations/588163871622906/lou-lou/"
  },
  {
    "id": "871523926526982",
    "name": "Monica Pinza Pasta Bar",
    "city": "Odessa",
    "url": "https://www.instagram.com/explore/locations/871523926526982/monica-pinza-pasta-bar/"
  },
  {
    "id": "872983162",
    "name": "Odessa Passage",
    "city": "Odessa",
    "url": "https://www.instagram.com/explore/locations/872983162/odessa-passage/"
  },
  {
    "id": "216040577",
    "name": "Potemkin Stairs",
    "city": "Odessa",
    "url": "https://www.instagram.com/explore/locations/216040577/potemkin-stairs/"
  },
  {
    "id": "109961844094150",
    "name": "12monkeys.odessa",
    "city": "Odessa",
    "url": "https://www.instagram.com/explore/locations/109961844094150/12monkeysodessa/"
  },
  {
    "id": "160449307902832",
    "name": "Odessa , Ukraine",
    "city": "Odessa",
    "url": "https://www.instagram.com/explore/locations/160449307902832/odessa-ukraine/"
  },
  {
    "id": "104807248515339",
    "name": "Nikos Greek Bistro",
    "city": "Odessa",
    "url": "https://www.instagram.com/explore/locations/104807248515339/nikos-greek-bistro/"
  },
  {
    "id": "114369583539789",
    "name": "Любовь - это просто",
    "city": "Odessa",
    "url": "https://www.instagram.com/explore/locations/114369583539789/-/"
  },
  {
    "id": "369048523430891",
    "name": "7 Седьмое Небо",
    "city": "Odessa",
    "url": "https://www.instagram.com/explore/locations/369048523430891/7/"
  },
  {
    "id": "182054445752378",
    "name": "Odesa, Ukraine",
    "city": "Odessa",
    "url": "https://www.instagram.com/explore/locations/182054445752378/odesa-ukraine/"
  },
  {
    "id": "961888940608899",
    "name": "Amsterdam Restaurant & Bar",
    "city": "Odessa",
    "url": "https://www.instagram.com/explore/locations/961888940608899/amsterdam-restaurant-bar/"
  },
  {
    "id": "3313489",
    "name": "Bristol Hotel Odesa",
    "city": "Odessa",
    "url": "https://www.instagram.com/explore/locations/3313489/bristol-hotel-odesa/"
  },
  {
    "id": "321748625",
    "name": "Odessa International Airport (ODS) / Міжнародний аеропорт",
    "city": "Odessa",
    "url": "https://www.instagram.com/explore/locations/321748625/odessa-international-airport-ods/"
  },
  {
    "id": "214349315",
    "name": "Lounge Cafe Гранат",
    "city": "Odessa",
    "url": "https://www.instagram.com/explore/locations/214349315/lounge-cafe/"
  },
  {
    "id": "380287517",
    "name": "Moldavanka",
    "city": "Odessa",
    "url": "https://www.instagram.com/explore/locations/380287517/moldavanka/"
  },
  {
    "id": "1027574503",
    "name": "The Fitz",
    "city": "Odessa",
    "url": "https://www.instagram.com/explore/locations/1027574503/the-fitz/"
  },
  {
    "id": "179879139552211",
    "name": "Dvor 12",
    "city": "Odessa",
    "url": "https://www.instagram.com/explore/locations/179879139552211/dvor-12/"
  },
  {
    "id": "123258498089564",
    "name": "Fontan Sky",
    "city": "Odessa",
    "url": "https://www.instagram.com/explore/locations/123258498089564/fontan-sky/"
  },
  {
    "id": "103463578344057",
    "name": "Одеса • Одесса • Odessa",
    "city": "Odessa",
    "url": "https://www.instagram.com/explore/locations/103463578344057/odessa/"
  },
  {
    "id": "111090897714408",
    "name": "Odessa",
    "city": "Odessa",
    "url": "https://www.instagram.com/explore/locations/111090897714408/odessa/"
  },
  {
    "id": "11699311",
    "name": "Tavernetta",
    "city": "Odessa",
    "url": "https://www.instagram.com/explore/locations/11699311/tavernetta/"
  },
  {
    "id": "226049465",
    "name": "Odessa International Airport",
    "city": "Odessa",
    "url": "https://www.instagram.com/explore/locations/226049465/odessa-international-airport/"
  },
  {
    "id": "765708223",
    "name": "Тишина. espresso bar",
    "city": "Odessa",
    "url": "https://www.instagram.com/explore/locations/765708223/espresso-bar/"
  },
  {
    "id": "217365008743890",
    "name": "Odesa Food Market",
    "city": "Odessa",
    "url": "https://www.instagram.com/explore/locations/217365008743890/odesa-food-market/"
  },
  {
    "id": "213264898",
    "name": "Palladium Night Club",
    "city": "Odessa",
    "url": "https://www.instagram.com/explore/locations/213264898/palladium-night-club/"
  },
  {
    "id": "285562799",
    "name": "Odessa, Дерибасiвська Вул.",
    "city": "Odessa",
    "url": "https://www.instagram.com/explore/locations/285562799/odessa-i/"
  },
  {
    "id": "407355692",
    "name": "Odesa/ukrayna",
    "city": "Odessa",
    "url": "https://www.instagram.com/explore/locations/407355692/odesaukrayna/"
  },
  {
    "id": "248508342",
    "name": "Traveler's Coffee Odessa",
    "city": "Odessa",
    "url": "https://www.instagram.com/explore/locations/248508342/travelers-coffee-odessa/"
  },
  {
    "id": "276328919535120",
    "name": "Где-То в Одессе",
    "city": "Odessa",
    "url": "https://www.instagram.com/explore/locations/276328919535120/-/"
  },
  {
    "id": "775030874",
    "name": "Fitness Stadium",
    "city": "Odessa",
    "url": "https://www.instagram.com/explore/locations/775030874/fitness-stadium/"
  },
  {
    "id": "105639074384090",
    "name": "Mamma Italia",
    "city": "Odessa",
    "url": "https://www.instagram.com/explore/locations/105639074384090/mamma-italia/"
  },
  {
    "id": "261440869",
    "name": "Pizza Spot",
    "city": "Odessa",
    "url": "https://www.instagram.com/explore/locations/261440869/pizza-spot/"
  },
  {
    "id": "111044573888355",
    "name": "БРИК / BRIK",
    "city": "Odessa",
    "url": "https://www.instagram.com/explore/locations/111044573888355/brik/"
  },
  {
    "id": "213933527",
    "name": "Deribasovskaya st.",
    "city": "Odessa",
    "url": "https://www.instagram.com/explore/locations/213933527/deribasovskaya-st/"
  },
  {
    "id": "216473222",
    "name": "Ресторан Fratelli",
    "city": "Odessa",
    "url": "https://www.instagram.com/explore/locations/216473222/fratelli/"
  },
  {
    "id": "108497631443675",
    "name": "Muse by Hedonist",
    "city": "Odessa",
    "url": "https://www.instagram.com/explore/locations/108497631443675/muse-by-hedonist/"
  },
  {
    "id": "242016800",
    "name": "WEartMuseum / Одеський музей західного і східного мистецтва",
    "city": "Odessa",
    "url": "https://www.instagram.com/explore/locations/242016800/weartmuseum/"
  },
  {
    "id": "867886823",
    "name": "Odessa city garden",
    "city": "Odessa",
    "url": "https://www.instagram.com/explore/locations/867886823/odessa-city-garden/"
  },
  {
    "id": "1945355368891599",
    "name": "Приморский бульвар / Primorskiy Boulevard",
    "city": "Odessa",
    "url": "https://www.instagram.com/explore/locations/1945355368891599/primorskiy-boulevard/"
  },
  {
    "id": "2136128716416624",
    "name": "Sabaneev",
    "city": "Odessa",
    "url": "https://www.instagram.com/explore/locations/2136128716416624/sabaneev/"
  },
  {
    "id": "933468389",
    "name": "Derybasivs'ka",
    "city": "Odessa",
    "url": "https://www.instagram.com/explore/locations/933468389/derybasivska/"
  },
  {
    "id": "685236989",
    "name": "Odessa Deribasovskaya",
    "city": "Odessa",
    "url": "https://www.instagram.com/explore/locations/685236989/odessa-deribasovskaya/"
  },
  {
    "id": "106276641145189",
    "name": "Odesa Food Market",
    "city": "Odessa",
    "url": "https://www.instagram.com/explore/locations/106276641145189/odesa-food-market/"
  },
  {
    "id": "105570334511526",
    "name": "Flacon bar",
    "city": "Odessa",
    "url": "https://www.instagram.com/explore/locations/105570334511526/flacon-bar/"
  },
  {
    "id": "345538652568358",
    "name": "Среднефонтанская 19/а",
    "city": "Odessa",
    "url": "https://www.instagram.com/explore/locations/345538652568358/19/"
  },
  {
    "id": "56588949",
    "name": "Чудо-город",
    "city": "Odessa",
    "url": "https://www.instagram.com/explore/locations/56588949/-/"
  },
  {
    "id": "105149331202702",
    "name": "ALT Альтернатива",
    "city": "Odessa",
    "url": "https://www.instagram.com/explore/locations/105149331202702/alt/"
  },
  {
    "id": "217087674",
    "name": "Думская Площадь - Одесса",
    "city": "Odessa",
    "url": "https://www.instagram.com/explore/locations/217087674/-/"
  },
  {
    "id": "127043871321466",
    "name": "Vanity",
    "city": "Odessa",
    "url": "https://www.instagram.com/explore/locations/127043871321466/vanity/"
  },
  {
    "id": "1021276895",
    "name": "ТОЦ Kadorr",
    "city": "Odessa",
    "url": "https://www.instagram.com/explore/locations/1021276895/kadorr/"
  },
  {
    "id": "596999797316465",
    "name": "Преображенская 37 Одесса",
    "city": "Odessa",
    "url": "https://www.instagram.com/explore/locations/596999797316465/37/"
  },
  {
    "id": "427452870",
    "name": "Lviv",
    "city": "Odessa",
    "url": "https://www.instagram.com/explore/locations/427452870/lviv/"
  },
  {
    "id": "235026031",
    "name": "Salieri",
    "city": "Odessa",
    "url": "https://www.instagram.com/explore/locations/235026031/salieri/"
  },
  {
    "id": "600766240357755",
    "name": "Star Tours",
    "city": "Odessa",
    "url": "https://www.instagram.com/explore/locations/600766240357755/star-tours/"
  },
  {
    "id": "250695468673532",
    "name": "Pasta & Pizza",
    "city": "Odessa",
    "url": "https://www.instagram.com/explore/locations/250695468673532/pasta-pizza/"
  },
  {
    "id": "493600341",
    "name": "Londonska Hotel",
    "city": "Odessa",
    "url": "https://www.instagram.com/explore/locations/493600341/londonska-hotel/"
  },
  {
    "id": "241450347",
    "name": "Кафе Мамаn",
    "city": "Odessa",
    "url": "https://www.instagram.com/explore/locations/241450347/n/"
  },
  {
    "id": "129172881032878",
    "name": "ZELDA BAR",
    "city": "Odessa",
    "url": "https://www.instagram.com/explore/locations/129172881032878/zelda-bar/"
  },
  {
    "id": "2271339282908140",
    "name": "Одеса • Odesa • Одесса • Ukraine",
    "city": "Odessa",
    "url": "https://www.instagram.com/explore/locations/2271339282908140/odesa-ukraine/"
  },
  {
    "id": "332249154065402",
    "name": "Europe/ Odessa",
    "city": "Odessa",
    "url": "https://www.instagram.com/explore/locations/332249154065402/europe-odessa/"
  },
  {
    "id": "14726087",
    "name": "Ministerium",
    "city": "Odessa",
    "url": "https://www.instagram.com/explore/locations/14726087/ministerium/"
  },
  {
    "id": "217168615",
    "name": "Italia and more Prosecco - Ресторан В Городском Саду",
    "city": "Odessa",
    "url": "https://www.instagram.com/explore/locations/217168615/italia-and-more-prosecco-/"
  },
  {
    "id": "107026184456967",
    "name": "SUKÉ bistro",
    "city": "Odessa",
    "url": "https://www.instagram.com/explore/locations/107026184456967/suke-bistro/"
  },
  {
    "id": "648939636",
    "name": "Oddesa Ukraine",
    "city": "Odessa",
    "url": "https://www.instagram.com/explore/locations/648939636/oddesa-ukraine/"
  },
  {
    "id": "101183328243707",
    "name": "Odessa",
    "city": "Odessa",
    "url": "https://www.instagram.com/explore/locations/101183328243707/odessa/"
  },
  {
    "id": "945220783",
    "name": "Одесская Кирха - Лютеранская Церковь Святого Павла",
    "city": "Odessa",
    "url": "https://www.instagram.com/explore/locations/945220783/-/"
  },
  {
    "id": "734829238",
    "name": "Not In Paris",
    "city": "Odessa",
    "url": "https://www.instagram.com/explore/locations/734829238/not-in-paris/"
  },
  {
    "id": "235721438",
    "name": "Odessa Arkadia",
    "city": "Odessa",
    "url": "https://www.instagram.com/explore/locations/235721438/odessa-arkadia/"
  },
  {
    "id": "962209821",
    "name": "Торговый город \"Сити 25\"",
    "city": "Odessa",
    "url": "https://www.instagram.com/explore/locations/962209821/25/"
  },
  {
    "id": "234377642",
    "name": "Odessa Center- Ukraine",
    "city": "Odessa",
    "url": "https://www.instagram.com/explore/locations/234377642/odessa-center-ukraine/"
  },
  {
    "id": "236835424",
    "name": "Odesa Airport / Міжнародний аеропорт \"Одеса\"",
    "city": "Odessa",
    "url": "https://www.instagram.com/explore/locations/236835424/odesa-airport/"
  },
  {
    "id": "293711439",
    "name": "Odessa railway station",
    "city": "Odessa",
    "url": "https://www.instagram.com/explore/locations/293711439/odessa-railway-station/"
  },
  {
    "id": "236551143",
    "name": "More Music Club",
    "city": "Odessa",
    "url": "https://www.instagram.com/explore/locations/236551143/more-music-club/"
  },
  {
    "id": "124411773",
    "name": "Дерибасiвська вулиця",
    "city": "Odessa",
    "url": "https://www.instagram.com/explore/locations/124411773/i/"
  },
  {
    "id": "1026509635",
    "name": "Dizyngoff",
    "city": "Odessa",
    "url": "https://www.instagram.com/explore/locations/1026509635/dizyngoff/"
  },
  {
    "id": "332626707195858",
    "name": "Где-То Рядом",
    "city": "Odessa",
    "url": "https://www.instagram.com/explore/locations/332626707195858/-/"
  },
  {
    "id": "386785432",
    "name": "Одесса, 1-я Станция Люстдорфской Дороги",
    "city": "Odessa",
    "url": "https://www.instagram.com/explore/locations/386785432/1-/"
  },
  {
    "id": "251219426",
    "name": "Black Sea",
    "city": "Odessa",
    "url": "https://www.instagram.com/explore/locations/251219426/black-sea/"
  },
  {
    "id": "412143975948097",
    "name": "Boffo Gallery Bar",
    "city": "Odessa",
    "url": "https://www.instagram.com/explore/locations/412143975948097/boffo-gallery-bar/"
  },
  {
    "id": "1024405310",
    "name": "Медичний дім Odrex",
    "city": "Odessa",
    "url": "https://www.instagram.com/explore/locations/1024405310/odrex/"
  },
  {
    "id": "357222375",
    "name": "Ресторан Моцарт / Mozart Restaurant",
    "city": "Odessa",
    "url": "https://www.instagram.com/explore/locations/357222375/mozart-restaurant/"
  },
  {
    "id": "588452208183485",
    "name": "Одеська Філармонія / Odesa Filarmonic Society",
    "city": "Odessa",
    "url": "https://www.instagram.com/explore/locations/588452208183485/odesa-filarmonic-society/"
  },
  {
    "id": "236993603",
    "name": "Grand Prix Restaurant",
    "city": "Odessa",
    "url": "https://www.instagram.com/explore/locations/236993603/grand-prix-restaurant/"
  },
  {
    "id": "948502639",
    "name": "Єврейський культурний центр \"Beit Grand\"",
    "city": "Odessa",
    "url": "https://www.instagram.com/explore/locations/948502639/beit-grand/"
  },
  {
    "id": "2018787538188082",
    "name": "Zavod Studio",
    "city": "Odessa",
    "url": "https://www.instagram.com/explore/locations/2018787538188082/zavod-studio/"
  },
  {
    "id": "914464231",
    "name": "Foundation Coffee Place",
    "city": "Odessa",
    "url": "https://www.instagram.com/explore/locations/914464231/foundation-coffee-place/"
  },
  {
    "id": "1023932966",
    "name": "Одесса, Роддом №7",
    "city": "Odessa",
    "url": "https://www.instagram.com/explore/locations/1023932966/no7/"
  },
  {
    "id": "386837943",
    "name": "Odessa Zoo",
    "city": "Odessa",
    "url": "https://www.instagram.com/explore/locations/386837943/odessa-zoo/"
  },
  {
    "id": "467044",
    "name": "McDonald's",
    "city": "Odessa",
    "url": "https://www.instagram.com/explore/locations/467044/mcdonalds/"
  },
  {
    "id": "4363066",
    "name": "Арт-клуб ШКАФ",
    "city": "Odessa",
    "url": "https://www.instagram.com/explore/locations/4363066/-/"
  },
  {
    "id": "2061245947538418",
    "name": "Atelier. Coffee & Crafts",
    "city": "Odessa",
    "url": "https://www.instagram.com/explore/locations/2061245947538418/atelier-coffee-crafts/"
  },
  {
    "id": "218819570",
    "name": "Караоке-ресторан Nice",
    "city": "Odessa",
    "url": "https://www.instagram.com/explore/locations/218819570/-nice/"
  },
  {
    "id": "228366013",
    "name": "Impact Hub Odesa",
    "city": "Odessa",
    "url": "https://www.instagram.com/explore/locations/228366013/impact-hub-odesa/"
  },
  {
    "id": "251261543",
    "name": "Make My Cake",
    "city": "Odessa",
    "url": "https://www.instagram.com/explore/locations/251261543/make-my-cake/"
  },
  {
    "id": "4535583",
    "name": "Olio Pizza",
    "city": "Odessa",
    "url": "https://www.instagram.com/explore/locations/4535583/olio-pizza/"
  },
  {
    "id": "1593381440972102",
    "name": "Givi To Me",
    "city": "Odessa",
    "url": "https://www.instagram.com/explore/locations/1593381440972102/givi-to-me/"
  },
  {
    "id": "253255541",
    "name": "Museum of Odesa Modern Art",
    "city": "Odessa",
    "url": "https://www.instagram.com/explore/locations/253255541/museum-of-odesa-modern-art/"
  },
  {
    "id": "660926927",
    "name": "Formula Wellness SPA",
    "city": "Odessa",
    "url": "https://www.instagram.com/explore/locations/660926927/formula-wellness-spa/"
  },
  {
    "id": "591710590990716",
    "name": "Tart the Bar",
    "city": "Odessa",
    "url": "https://www.instagram.com/explore/locations/591710590990716/tart-the-bar/"
  },
  {
    "id": "783771611822372",
    "name": "Г. Одесса, Преображенская, 35",
    "city": "Odessa",
    "url": "https://www.instagram.com/explore/locations/783771611822372/35/"
  },
  {
    "id": "315074498",
    "name": "Перемога.ua",
    "city": "Odessa",
    "url": "https://www.instagram.com/explore/locations/315074498/ua/"
  },
  {
    "id": "114952225875270",
    "name": "Odessa Beach Langeron",
    "city": "Odessa",
    "url": "https://www.instagram.com/explore/locations/114952225875270/odessa-beach-langeron/"
  },
  {
    "id": "689508204403778",
    "name": "Спасо-Преображенский собор (Одесса)",
    "city": "Odessa",
    "url": "https://www.instagram.com/explore/locations/689508204403778/-/"
  },
  {
    "id": "101255201809362",
    "name": "Boho Bar ODESA",
    "city": "Odessa",
    "url": "https://www.instagram.com/explore/locations/101255201809362/boho-bar-odesa/"
  },
  {
    "id": "1023030154",
    "name": "LIBRO dry bar",
    "city": "Odessa",
    "url": "https://www.instagram.com/explore/locations/1023030154/libro-dry-bar/"
  },
  {
    "id": "1208329742525736",
    "name": "Ресторан Щастье Пале-Рояль \"",
    "city": "Odessa",
    "url": "https://www.instagram.com/explore/locations/1208329742525736/-/"
  },
  {
    "id": "374157440",
    "name": "MamaCasalla",
    "city": "Odessa",
    "url": "https://www.instagram.com/explore/locations/374157440/mamacasalla/"
  },
  {
    "id": "1908223815932691",
    "name": "Далеко-Далеко",
    "city": "Odessa",
    "url": "https://www.instagram.com/explore/locations/1908223815932691/-/"
  },
  {
    "id": "214211458",
    "name": "GNEZDO",
    "city": "Odessa",
    "url": "https://www.instagram.com/explore/locations/214211458/gnezdo/"
  },
  {
    "id": "447080259148206",
    "name": "Роддом №2",
    "city": "Odessa",
    "url": "https://www.instagram.com/explore/locations/447080259148206/no2/"
  },
  {
    "id": "426250624604735",
    "name": "Passage Odesa",
    "city": "Odessa",
    "url": "https://www.instagram.com/explore/locations/426250624604735/passage-odesa/"
  },
  {
    "id": "110286660329552",
    "name": "BRUNO • Flemish Restaurant",
    "city": "Odessa",
    "url": "https://www.instagram.com/explore/locations/110286660329552/bruno-flemish-restaurant/"
  },
  {
    "id": "213074431",
    "name": "Odessa - Ukraine",
    "city": "Odessa",
    "url": "https://www.instagram.com/explore/locations/213074431/odessa-ukraine/"
  },
  {
    "id": "326948528102245",
    "name": "Ministerium",
    "city": "Odessa",
    "url": "https://www.instagram.com/explore/locations/326948528102245/ministerium/"
  },
  {
    "id": "312427985",
    "name": "Bourbon Rock Bar",
    "city": "Odessa",
    "url": "https://www.instagram.com/explore/locations/312427985/bourbon-rock-bar/"
  },
  {
    "id": "747035645396385",
    "name": "Одесса М1 Гостинично-Ресторанный Комплекс",
    "city": "Odessa",
    "url": "https://www.instagram.com/explore/locations/747035645396385/1-/"
  },
  {
    "id": "255544728242685",
    "name": "Restopark Клумба",
    "city": "Odessa",
    "url": "https://www.instagram.com/explore/locations/255544728242685/restopark/"
  },
  {
    "id": "248934815",
    "name": "National University - Odessa National Maritime Academy",
    "city": "Odessa",
    "url": "https://www.instagram.com/explore/locations/248934815/national-university-odessa-national-maritime-academy/"
  },
  {
    "id": "361850050915230",
    "name": "Vinobroteria",
    "city": "Odessa",
    "url": "https://www.instagram.com/explore/locations/361850050915230/vinobroteria/"
  },
  {
    "id": "286537048861345",
    "name": "Думская площадь / Dumskaya sq.",
    "city": "Odessa",
    "url": "https://www.instagram.com/explore/locations/286537048861345/dumskaya-sq/"
  },
  {
    "id": "281369169339361",
    "name": "American 50s Diner",
    "city": "Odessa",
    "url": "https://www.instagram.com/explore/locations/281369169339361/american-50s-diner/"
  },
  {
    "id": "1936668703025137",
    "name": "Oblaka_odessa",
    "city": "Odessa",
    "url": "https://www.instagram.com/explore/locations/1936668703025137/oblaka_odessa/"
  },
  {
    "id": "240194573111423",
    "name": "Frapolli 21",
    "city": "Odessa",
    "url": "https://www.instagram.com/explore/locations/240194573111423/frapolli-21/"
  },
  {
    "id": "2144250032517979",
    "name": "Daily",
    "city": "Odessa",
    "url": "https://www.instagram.com/explore/locations/2144250032517979/daily/"
  },
  {
    "id": "40641298",
    "name": "Одесская Областная Филармония / Odessa's Philharmonic Theatre",
    "city": "Odessa",
    "url": "https://www.instagram.com/explore/locations/40641298/odessas-philharmonic-theatre/"
  },
  {
    "id": "265769791",
    "name": "Ирландский паб «Mick O'Neills» ул. Дерибасовская 13",
    "city": "Odessa",
    "url": "https://www.instagram.com/explore/locations/265769791/mick-oneills-13/"
  },
  {
    "id": "109718794626454",
    "name": "12 coffee & croissants",
    "city": "Odessa",
    "url": "https://www.instagram.com/explore/locations/109718794626454/12-coffee-croissants/"
  },
  {
    "id": "101177955621061",
    "name": "Odessa",
    "city": "Odessa",
    "url": "https://www.instagram.com/explore/locations/101177955621061/odessa/"
  },
  {
    "id": "104751741135013",
    "name": "Black Sea",
    "city": "Odessa",
    "url": "https://www.instagram.com/explore/locations/104751741135013/black-sea/"
  },
  {
    "id": "646132475",
    "name": "Mozart Hotel / Отель Моцарт",
    "city": "Odessa",
    "url": "https://www.instagram.com/explore/locations/646132475/mozart-hotel/"
  },
  {
    "id": "809747962703500",
    "name": "Fox & Pipe - Irish pub",
    "city": "Odessa",
    "url": "https://www.instagram.com/explore/locations/809747962703500/fox-pipe-irish-pub/"
  },
  {
    "id": "117329899650816",
    "name": "pray.bar",
    "city": "Odessa",
    "url": "https://www.instagram.com/explore/locations/117329899650816/praybar/"
  },
  {
    "id": "102844268761371",
    "name": "JY.odessa",
    "city": "Odessa",
    "url": "https://www.instagram.com/explore/locations/102844268761371/jyodessa/"
  },
  {
    "id": "462761037",
    "name": "Velvet Young Dance Centre",
    "city": "Odessa",
    "url": "https://www.instagram.com/explore/locations/462761037/velvet-young-dance-centre/"
  },
  {
    "id": "288476984921191",
    "name": "Pasta & Pizza",
    "city": "Odessa",
    "url": "https://www.instagram.com/explore/locations/288476984921191/pasta-pizza/"
  },
  {
    "id": "122233500866184",
    "name": "Культурний центр Union",
    "city": "Odessa",
    "url": "https://www.instagram.com/explore/locations/122233500866184/union/"
  },
  {
    "id": "247638219",
    "name": "Где-То)",
    "city": "Odessa",
    "url": "https://www.instagram.com/explore/locations/247638219/-/"
  },
  {
    "id": "106980745027903",
    "name": "Одесса-Мама",
    "city": "Odessa",
    "url": "https://www.instagram.com/explore/locations/106980745027903/-/"
  },
  {
    "id": "3649913",
    "name": "Buffalo 99",
    "city": "Odessa",
    "url": "https://www.instagram.com/explore/locations/3649913/buffalo-99/"
  },
  {
    "id": "226987633",
    "name": "Гоголь-Моголь",
    "city": "Odessa",
    "url": "https://www.instagram.com/explore/locations/226987633/-/"
  },
  {
    "id": "1034585621",
    "name": "Farsh / Фарш",
    "city": "Odessa",
    "url": "https://www.instagram.com/explore/locations/1034585621/farsh/"
  },
  {
    "id": "1020754627",
    "name": "The Дом",
    "city": "Odessa",
    "url": "https://www.instagram.com/explore/locations/1020754627/the/"
  },
  {
    "id": "972513689550462",
    "name": "Fitness club Rio",
    "city": "Odessa",
    "url": "https://www.instagram.com/explore/locations/972513689550462/fitness-club-rio/"
  },
  {
    "id": "1017808185",
    "name": "Romm Room",
    "city": "Odessa",
    "url": "https://www.instagram.com/explore/locations/1017808185/romm-room/"
  },
  {
    "id": "136248913137157",
    "name": "Гешефт Garage Sale",
    "city": "Odessa",
    "url": "https://www.instagram.com/explore/locations/136248913137157/garage-sale/"
  },
  {
    "id": "246097393189862",
    "name": "Eyes",
    "city": "Odessa",
    "url": "https://www.instagram.com/explore/locations/246097393189862/eyes/"
  },
  {
    "id": "366938894051504",
    "name": "Одеський національний академiчний театр опери та балету / Odessa National Opera and Ballet Theatre",
    "city": "Odessa",
    "url": "https://www.instagram.com/explore/locations/366938894051504/i-odessa-national-opera-and-ballet-theatre/"
  },
  {
    "id": "1028260105",
    "name": "Port.WineBar",
    "city": "Odessa",
    "url": "https://www.instagram.com/explore/locations/1028260105/portwinebar/"
  },
  {
    "id": "591306431051949",
    "name": "4City",
    "city": "Odessa",
    "url": "https://www.instagram.com/explore/locations/591306431051949/4city/"
  },
  {
    "id": "1717596645167227",
    "name": "Teta Tattoo Workroom - тату, татуаж, пирсинг, тату школа - Одесса",
    "city": "Odessa",
    "url": "https://www.instagram.com/explore/locations/1717596645167227/teta-tattoo-workroom-/"
  },
  {
    "id": "43034177",
    "name": "Gnezdo",
    "city": "Odessa",
    "url": "https://www.instagram.com/explore/locations/43034177/gnezdo/"
  },
  {
    "id": "550648668465687",
    "name": "ЖК Manhattan - Манхеттен",
    "city": "Odessa",
    "url": "https://www.instagram.com/explore/locations/550648668465687/manhattan-/"
  },
  {
    "id": "1022789140",
    "name": "Dogma Сlub Ministerium Odessa",
    "city": "Odessa",
    "url": "https://www.instagram.com/explore/locations/1022789140/dogma-lub-ministerium-odessa/"
  },
  {
    "id": "234361216",
    "name": "Кафе-кондитерські «Профітролі»",
    "city": "Odessa",
    "url": "https://www.instagram.com/explore/locations/234361216/-/"
  },
  {
    "id": "7191812",
    "name": "Pizza & Grill",
    "city": "Odessa",
    "url": "https://www.instagram.com/explore/locations/7191812/pizza-grill/"
  },
  {
    "id": "1600033603622175",
    "name": "Ukrayna",
    "city": "Odessa",
    "url": "https://www.instagram.com/explore/locations/1600033603622175/ukrayna/"
  },
  {
    "id": "100388725699670",
    "name": "Virgin Izakaya Odesa",
    "city": "Odessa",
    "url": "https://www.instagram.com/explore/locations/100388725699670/virgin-izakaya-odesa/"
  },
  {
    "id": "105545931636824",
    "name": "Antica Cantina",
    "city": "Odessa",
    "url": "https://www.instagram.com/explore/locations/105545931636824/antica-cantina/"
  },
  {
    "id": "313178920",
    "name": "Pizza & Grill",
    "city": "Odessa",
    "url": "https://www.instagram.com/explore/locations/313178920/pizza-grill/"
  },
  {
    "id": "106694315273908",
    "name": "TANU",
    "city": "Odessa",
    "url": "https://www.instagram.com/explore/locations/106694315273908/tanu/"
  },
  {
    "id": "102072061570710",
    "name": "Одесса 7 км",
    "city": "Odessa",
    "url": "https://www.instagram.com/explore/locations/102072061570710/7/"
  },
  {
    "id": "241269755",
    "name": "KlaraBara",
    "city": "Odessa",
    "url": "https://www.instagram.com/explore/locations/241269755/klarabara/"
  },
  {
    "id": "264054120120231",
    "name": "mamaliga.od.ua",
    "city": "Odessa",
    "url": "https://www.instagram.com/explore/locations/264054120120231/mamaligaodua/"
  },
  {
    "id": "244515882",
    "name": "Стрекоза. Система Фитнес-Клубов",
    "city": "Odessa",
    "url": "https://www.instagram.com/explore/locations/244515882/-/"
  },
  {
    "id": "215115659",
    "name": "\"Ministeriumdogma club",
    "city": "Odessa",
    "url": "https://www.instagram.com/explore/locations/215115659/ministeriumdogma-club/"
  },
  {
    "id": "117651006300797",
    "name": "Hidden Place",
    "city": "Odessa",
    "url": "https://www.instagram.com/explore/locations/117651006300797/hidden-place/"
  },
  {
    "id": "245141829529889",
    "name": "Blidiy Блідий",
    "city": "Odessa",
    "url": "https://www.instagram.com/explore/locations/245141829529889/blidiy/"
  },
  {
    "id": "1188334551295781",
    "name": "LIBRO Location",
    "city": "Odessa",
    "url": "https://www.instagram.com/explore/locations/1188334551295781/libro-location/"
  },
  {
    "id": "2129474373745310",
    "name": "Maman",
    "city": "Odessa",
    "url": "https://www.instagram.com/explore/locations/2129474373745310/maman/"
  },
  {
    "id": "180771872476470",
    "name": "MBarGo",
    "city": "Odessa",
    "url": "https://www.instagram.com/explore/locations/180771872476470/mbargo/"
  },
  {
    "id": "141166806315001",
    "name": "Moloko Bar",
    "city": "Odessa",
    "url": "https://www.instagram.com/explore/locations/141166806315001/moloko-bar/"
  },
  {
    "id": "562861990748711",
    "name": "Фитнес-клуб Skyfit club ул. Филатова, 38",
    "city": "Odessa",
    "url": "https://www.instagram.com/explore/locations/562861990748711/-skyfit-club-38/"
  },
  {
    "id": "42282224",
    "name": "Del Prado",
    "city": "Odessa",
    "url": "https://www.instagram.com/explore/locations/42282224/del-prado/"
  },
  {
    "id": "237052604",
    "name": "Maramax Academy Odessa - академия для парикмахера",
    "city": "Odessa",
    "url": "https://www.instagram.com/explore/locations/237052604/maramax-academy-odessa-/"
  },
  {
    "id": "1017033239",
    "name": "Pierre - La Sweet Boutique",
    "city": "Odessa",
    "url": "https://www.instagram.com/explore/locations/1017033239/pierre-la-sweet-boutique/"
  },
  {
    "id": "401517327365756",
    "name": "Vandal Odessa",
    "city": "Odessa",
    "url": "https://www.instagram.com/explore/locations/401517327365756/vandal-odessa/"
  },
  {
    "id": "1841549185856562",
    "name": "G.Bar Одесса",
    "city": "Odessa",
    "url": "https://www.instagram.com/explore/locations/1841549185856562/gbar/"
  },
  {
    "id": "235454730",
    "name": "РесторанZucchini",
    "city": "Odessa",
    "url": "https://www.instagram.com/explore/locations/235454730/zucchini/"
  },
  {
    "id": "1243438002440336",
    "name": "Madison Odesa",
    "city": "Odessa",
    "url": "https://www.instagram.com/explore/locations/1243438002440336/madison-odesa/"
  },
  {
    "id": "115546102393652",
    "name": "Il Decameron Luxury Design Hotel",
    "city": "Odessa",
    "url": "https://www.instagram.com/explore/locations/115546102393652/il-decameron-luxury-design-hotel/"
  },
  {
    "id": "987054642",
    "name": "UNIT CAFE",
    "city": "Odessa",
    "url": "https://www.instagram.com/explore/locations/987054642/unit-cafe/"
  },
  {
    "id": "396733235",
    "name": "Invogue Concept Store",
    "city": "Odessa",
    "url": "https://www.instagram.com/explore/locations/396733235/invogue-concept-store/"
  },
  {
    "id": "465265060688997",
    "name": "Vanil",
    "city": "Odessa",
    "url": "https://www.instagram.com/explore/locations/465265060688997/vanil/"
  },
  {
    "id": "555074301497051",
    "name": "Tavernetta. Pizza & Prosecco",
    "city": "Odessa",
    "url": "https://www.instagram.com/explore/locations/555074301497051/tavernetta-pizza-prosecco/"
  },
  {
    "id": "2264673013773207",
    "name": "Odessa Mama",
    "city": "Odessa",
    "url": "https://www.instagram.com/explore/locations/2264673013773207/odessa-mama/"
  },
  {
    "id": "215716427",
    "name": "Ministerium Dogma Club",
    "city": "Odessa",
    "url": "https://www.instagram.com/explore/locations/215716427/ministerium-dogma-club/"
  },
  {
    "id": "1495315543884913",
    "name": "Спорт-Лайф Таирова.одесса, Ситицентр",
    "city": "Odessa",
    "url": "https://www.instagram.com/explore/locations/1495315543884913/-/"
  },
  {
    "id": "268340194",
    "name": "Роддом 1",
    "city": "Odessa",
    "url": "https://www.instagram.com/explore/locations/268340194/1/"
  },
  {
    "id": "757930197703734",
    "name": "Магазин Гель-Лаков Лакомания улица Героев Крут, 15",
    "city": "Odessa",
    "url": "https://www.instagram.com/explore/locations/757930197703734/-15/"
  },
  {
    "id": "264679953",
    "name": "25 Чапаевской Дивизии",
    "city": "Odessa",
    "url": "https://www.instagram.com/explore/locations/264679953/25/"
  },
  {
    "id": "269122530",
    "name": "Pryvoz Market",
    "city": "Odessa",
    "url": "https://www.instagram.com/explore/locations/269122530/pryvoz-market/"
  },
  {
    "id": "195517560860112",
    "name": "Vanil",
    "city": "Odessa",
    "url": "https://www.instagram.com/explore/locations/195517560860112/vanil/"
  },
  {
    "id": "1951216921787797",
    "name": "Marlin Hotel Odessa",
    "city": "Odessa",
    "url": "https://www.instagram.com/explore/locations/1951216921787797/marlin-hotel-odessa/"
  },
  {
    "id": "217071739",
    "name": "Мережа ресторанів Olio Pizza",
    "city": "Odessa",
    "url": "https://www.instagram.com/explore/locations/217071739/olio-pizza/"
  },
  {
    "id": "363672441053001",
    "name": "AFRIKA.CAFE",
    "city": "Odessa",
    "url": "https://www.instagram.com/explore/locations/363672441053001/afrikacafe/"
  },
  {
    "id": "642717016212202",
    "name": "6 Км Odessa Drift Battle",
    "city": "Odessa",
    "url": "https://www.instagram.com/explore/locations/642717016212202/6-odessa-drift-battle/"
  },
  {
    "id": "116086138258661",
    "name": "GRACE CAFE",
    "city": "Odessa",
    "url": "https://www.instagram.com/explore/locations/116086138258661/grace-cafe/"
  },
  {
    "id": "1029274465",
    "name": "Inglot Odessa",
    "city": "Odessa",
    "url": "https://www.instagram.com/explore/locations/1029274465/inglot-odessa/"
  },
  {
    "id": "933919983344827",
    "name": "Арт-пространство Усадьба",
    "city": "Odessa",
    "url": "https://www.instagram.com/explore/locations/933919983344827/-/"
  },
  {
    "id": "235473107",
    "name": "Just Pole Dance Studio",
    "city": "Odessa",
    "url": "https://www.instagram.com/explore/locations/235473107/just-pole-dance-studio/"
  },
  {
    "id": "1943866342544318",
    "name": "Фитнес- клуб Skyfit club , ул. Асташкина, 29",
    "city": "Odessa",
    "url": "https://www.instagram.com/explore/locations/1943866342544318/-skyfit-club-29/"
  },
  {
    "id": "650724948",
    "name": "marAmax institute Kerastase",
    "city": "Odessa",
    "url": "https://www.instagram.com/explore/locations/650724948/maramax-institute-kerastase/"
  },
  {
    "id": "745957832",
    "name": "Deribasovskay, Odessa, Ukraine",
    "city": "Odessa",
    "url": "https://www.instagram.com/explore/locations/745957832/deribasovskay-odessa-ukraine/"
  },
  {
    "id": "1574819329240675",
    "name": "BreadWay",
    "city": "Odessa",
    "url": "https://www.instagram.com/explore/locations/1574819329240675/breadway/"
  },
  {
    "id": "100697578307496",
    "name": "Odessa, Odes’ka Oblast’, Ukraine",
    "city": "Odessa",
    "url": "https://www.instagram.com/explore/locations/100697578307496/odessa-odeska-oblast-ukraine/"
  },
  {
    "id": "1015288421",
    "name": "Eleven Dogs",
    "city": "Odessa",
    "url": "https://www.instagram.com/explore/locations/1015288421/eleven-dogs/"
  },
  {
    "id": "471387372",
    "name": "Fantasy Room Ukraine",
    "city": "Odessa",
    "url": "https://www.instagram.com/explore/locations/471387372/fantasy-room-ukraine/"
  },
  {
    "id": "102943316498135",
    "name": "Трасса Е-95",
    "city": "Odessa",
    "url": "https://www.instagram.com/explore/locations/102943316498135/-95/"
  },
  {
    "id": "101134071275927",
    "name": "Пологовий будинок 1 Одеса",
    "city": "Odessa",
    "url": "https://www.instagram.com/explore/locations/101134071275927/1/"
  },
  {
    "id": "2143215276006854",
    "name": "Langeront Beach",
    "city": "Odessa",
    "url": "https://www.instagram.com/explore/locations/2143215276006854/langeront-beach/"
  },
  {
    "id": "451163218676399",
    "name": "Nonna Letizia",
    "city": "Odessa",
    "url": "https://www.instagram.com/explore/locations/451163218676399/nonna-letizia/"
  },
  {
    "id": "3042731",
    "name": "Trueman",
    "city": "Odessa",
    "url": "https://www.instagram.com/explore/locations/3042731/trueman/"
  },
  {
    "id": "258069364646703",
    "name": "Whoopie Coffee & Pancakes",
    "city": "Odessa",
    "url": "https://www.instagram.com/explore/locations/258069364646703/whoopie-coffee-pancakes/"
  },
  {
    "id": "411882055891002",
    "name": "Poncho Snack Art Bar",
    "city": "Odessa",
    "url": "https://www.instagram.com/explore/locations/411882055891002/poncho-snack-art-bar/"
  },
  {
    "id": "1020321204",
    "name": "Soccer Market",
    "city": "Odessa",
    "url": "https://www.instagram.com/explore/locations/1020321204/soccer-market/"
  },
  {
    "id": "237133250",
    "name": "Одесса , Французский Бульвар . - Город моего детства)",
    "city": "Odessa",
    "url": "https://www.instagram.com/explore/locations/237133250/-/"
  },
  {
    "id": "7530313",
    "name": "Мега-Антошка",
    "city": "Odessa",
    "url": "https://www.instagram.com/explore/locations/7530313/-/"
  },
  {
    "id": "161181347922535",
    "name": "Passage Пассаж",
    "city": "Odessa",
    "url": "https://www.instagram.com/explore/locations/161181347922535/passage/"
  },
  {
    "id": "256582604702377",
    "name": "Wall Street",
    "city": "Odessa",
    "url": "https://www.instagram.com/explore/locations/256582604702377/wall-street/"
  },
  {
    "id": "114577974983290",
    "name": "Dvir 12/2",
    "city": "Odessa",
    "url": "https://www.instagram.com/explore/locations/114577974983290/dvir-122/"
  },
  {
    "id": "104301234249899",
    "name": "La Mer de beauté",
    "city": "Odessa",
    "url": "https://www.instagram.com/explore/locations/104301234249899/la-mer-de-beaute/"
  },
  {
    "id": "154503061659157",
    "name": "Мята Lounge",
    "city": "Odessa",
    "url": "https://www.instagram.com/explore/locations/154503061659157/lounge/"
  },
  {
    "id": "1626776477465717",
    "name": "Odesa’s First Private Dental Center",
    "city": "Odessa",
    "url": "https://www.instagram.com/explore/locations/1626776477465717/odesas-first-private-dental-center/"
  },
  {
    "id": "101606575731565",
    "name": "Maharadj smart body club",
    "city": "Odessa",
    "url": "https://www.instagram.com/explore/locations/101606575731565/maharadj-smart-body-club/"
  },
  {
    "id": "2162977924005109",
    "name": "Odessa Port",
    "city": "Odessa",
    "url": "https://www.instagram.com/explore/locations/2162977924005109/odessa-port/"
  },
  {
    "id": "282539675",
    "name": "Fanconi,Odessa",
    "city": "Odessa",
    "url": "https://www.instagram.com/explore/locations/282539675/fanconiodessa/"
  },
  {
    "id": "234893331",
    "name": "Парк Горького/Gorkiy Park",
    "city": "Odessa",
    "url": "https://www.instagram.com/explore/locations/234893331/gorkiy-park/"
  },
  {
    "id": "101064671457357",
    "name": "Where in the world?",
    "city": "Odessa",
    "url": "https://www.instagram.com/explore/locations/101064671457357/where-in-the-world/"
  },
  {
    "id": "1944877018934182",
    "name": "Староконный рынок / Starokonnyy market",
    "city": "Odessa",
    "url": "https://www.instagram.com/explore/locations/1944877018934182/starokonnyy-market/"
  },
  {
    "id": "1825719364206930",
    "name": "Kinza",
    "city": "Odessa",
    "url": "https://www.instagram.com/explore/locations/1825719364206930/kinza/"
  },
  {
    "id": "1429433597201397",
    "name": "Сказка Restart",
    "city": "Odessa",
    "url": "https://www.instagram.com/explore/locations/1429433597201397/restart/"
  },
  {
    "id": "437610723267740",
    "name": "Park Leo",
    "city": "Odessa",
    "url": "https://www.instagram.com/explore/locations/437610723267740/park-leo/"
  },
  {
    "id": "115965906454236",
    "name": "Компот на Леонтовича 15",
    "city": "Odessa",
    "url": "https://www.instagram.com/explore/locations/115965906454236/15/"
  },
  {
    "id": "265533424307172",
    "name": "Махарадж / Maharadj",
    "city": "Odessa",
    "url": "https://www.instagram.com/explore/locations/265533424307172/maharadj/"
  },
  {
    "id": "1559043287494371",
    "name": "omg",
    "city": "Odessa",
    "url": "https://www.instagram.com/explore/locations/1559043287494371/omg/"
  },
  {
    "id": "163132964234835",
    "name": "Iznanka БДСМ бар",
    "city": "Odessa",
    "url": "https://www.instagram.com/explore/locations/163132964234835/iznanka/"
  },
  {
    "id": "1029377289",
    "name": "TimeOut",
    "city": "Odessa",
    "url": "https://www.instagram.com/explore/locations/1029377289/timeout/"
  },
  {
    "id": "102117441454269",
    "name": "Bloom Cafe Odessa",
    "city": "Odessa",
    "url": "https://www.instagram.com/explore/locations/102117441454269/bloom-cafe-odessa/"
  },
  {
    "id": "26818565",
    "name": "Maman",
    "city": "Odessa",
    "url": "https://www.instagram.com/explore/locations/26818565/maman/"
  },
  {
    "id": "160256777",
    "name": "Bourbon Rock Bar",
    "city": "Odessa",
    "url": "https://www.instagram.com/explore/locations/160256777/bourbon-rock-bar/"
  },
  {
    "id": "2129499644028466",
    "name": "Mister Cat Odessa",
    "city": "Odessa",
    "url": "https://www.instagram.com/explore/locations/2129499644028466/mister-cat-odessa/"
  },
  {
    "id": "205810472782641",
    "name": "\"Morgan club\"",
    "city": "Odessa",
    "url": "https://www.instagram.com/explore/locations/205810472782641/morgan-club/"
  },
  {
    "id": "239046062",
    "name": "13 Станция Фонтана",
    "city": "Odessa",
    "url": "https://www.instagram.com/explore/locations/239046062/13/"
  },
  {
    "id": "1089800551080734",
    "name": "Invogue#Art",
    "city": "Odessa",
    "url": "https://www.instagram.com/explore/locations/1089800551080734/invogueart/"
  },
  {
    "id": "243108723",
    "name": "Shevchenko Park",
    "city": "Odessa",
    "url": "https://www.instagram.com/explore/locations/243108723/shevchenko-park/"
  },
  {
    "id": "111592770699220",
    "name": "Art hall ministry of events",
    "city": "Odessa",
    "url": "https://www.instagram.com/explore/locations/111592770699220/art-hall-ministry-of-events/"
  },
  {
    "id": "152401725439154",
    "name": "Студия Красоты Good Day",
    "city": "Odessa",
    "url": "https://www.instagram.com/explore/locations/152401725439154/good-day/"
  },
  {
    "id": "651724639",
    "name": "Beauty Point",
    "city": "Odessa",
    "url": "https://www.instagram.com/explore/locations/651724639/beauty-point/"
  },
  {
    "id": "252794566648971",
    "name": "SHIZZA PARTY BAR",
    "city": "Odessa",
    "url": "https://www.instagram.com/explore/locations/252794566648971/shizza-party-bar/"
  },
  {
    "id": "377626276314391",
    "name": "G.Bar French",
    "city": "Odessa",
    "url": "https://www.instagram.com/explore/locations/377626276314391/gbar-french/"
  },
  {
    "id": "450012569124688",
    "name": "Odessa",
    "city": "Odessa",
    "url": "https://www.instagram.com/explore/locations/450012569124688/odessa/"
  },
  {
    "id": "2071158956498882",
    "name": "Top Garage Автомастерская",
    "city": "Odessa",
    "url": "https://www.instagram.com/explore/locations/2071158956498882/top-garage/"
  },
  {
    "id": "145723805868722",
    "name": "Mara by Nikitochkin",
    "city": "Odessa",
    "url": "https://www.instagram.com/explore/locations/145723805868722/mara-by-nikitochkin/"
  },
  {
    "id": "1020658599",
    "name": "RICH Concept Store",
    "city": "Odessa",
    "url": "https://www.instagram.com/explore/locations/1020658599/rich-concept-store/"
  },
  {
    "id": "1002851766458729",
    "name": "1794 - Pizza, Burgers & Beer",
    "city": "Odessa",
    "url": "https://www.instagram.com/explore/locations/1002851766458729/1794-pizza-burgers-beer/"
  },
  {
    "id": "464921206",
    "name": "Odessa Sea Port",
    "city": "Odessa",
    "url": "https://www.instagram.com/explore/locations/464921206/odessa-sea-port/"
  },
  {
    "id": "409743716",
    "name": "Teatro de Ópera y Ballet de Odesa",
    "city": "Odessa",
    "url": "https://www.instagram.com/explore/locations/409743716/teatro-de-opera-y-ballet-de-odesa/"
  },
  {
    "id": "717026245123057",
    "name": "Al Mezze",
    "city": "Odessa",
    "url": "https://www.instagram.com/explore/locations/717026245123057/al-mezze/"
  },
  {
    "id": "676546885758405",
    "name": "Odessa,Ukraine",
    "city": "Odessa",
    "url": "https://www.instagram.com/explore/locations/676546885758405/odessaukraine/"
  },
  {
    "id": "952619055",
    "name": "ОНАПТ ONAFT",
    "city": "Odessa",
    "url": "https://www.instagram.com/explore/locations/952619055/onaft/"
  },
  {
    "id": "1739203869628828",
    "name": "34 Жемчужина",
    "city": "Odessa",
    "url": "https://www.instagram.com/explore/locations/1739203869628828/34/"
  },
  {
    "id": "235543459",
    "name": "YES",
    "city": "Odessa",
    "url": "https://www.instagram.com/explore/locations/235543459/yes/"
  },
  {
    "id": "434147030",
    "name": "Kafe Granat",
    "city": "Odessa",
    "url": "https://www.instagram.com/explore/locations/434147030/kafe-granat/"
  },
  {
    "id": "1026795954",
    "name": "Первый подземный шопинг-центр в Одессе - под Греческой площадью",
    "city": "Odessa",
    "url": "https://www.instagram.com/explore/locations/1026795954/-/"
  },
  {
    "id": "830107233846674",
    "name": "Пологовий будинок 7",
    "city": "Odessa",
    "url": "https://www.instagram.com/explore/locations/830107233846674/7/"
  },
  {
    "id": "2228503217476253",
    "name": "Wine & Pillow Hotel” by Frapolli",
    "city": "Odessa",
    "url": "https://www.instagram.com/explore/locations/2228503217476253/wine-pillow-hotel-by-frapolli/"
  },
  {
    "id": "722679167928800",
    "name": "Пале-Рояль, Одесса",
    "city": "Odessa",
    "url": "https://www.instagram.com/explore/locations/722679167928800/-/"
  },
  {
    "id": "236504189",
    "name": "Medical SPA \"Формула\"",
    "city": "Odessa",
    "url": "https://www.instagram.com/explore/locations/236504189/medical-spa/"
  },
  {
    "id": "316079399225101",
    "name": "Grafit Athletic",
    "city": "Odessa",
    "url": "https://www.instagram.com/explore/locations/316079399225101/grafit-athletic/"
  },
  {
    "id": "71318496",
    "name": "KADORR Group",
    "city": "Odessa",
    "url": "https://www.instagram.com/explore/locations/71318496/kadorr-group/"
  },
  {
    "id": "106571727615124",
    "name": "ЖК «47 Жемчужина» Kadorr",
    "city": "Odessa",
    "url": "https://www.instagram.com/explore/locations/106571727615124/47-kadorr/"
  },
  {
    "id": "2278479389061187",
    "name": "Pepe cafe",
    "city": "Odessa",
    "url": "https://www.instagram.com/explore/locations/2278479389061187/pepe-cafe/"
  },
  {
    "id": "294200942",
    "name": "Top Cafe Дерибасовская 18",
    "city": "Odessa",
    "url": "https://www.instagram.com/explore/locations/294200942/top-cafe-18/"
  },
  {
    "id": "238204545",
    "name": "Памятник Екатерине II (Одесса)",
    "city": "Odessa",
    "url": "https://www.instagram.com/explore/locations/238204545/ii/"
  },
  {
    "id": "488308354694240",
    "name": "Pizza & Grill",
    "city": "Odessa",
    "url": "https://www.instagram.com/explore/locations/488308354694240/pizza-grill/"
  },
  {
    "id": "330209137697036",
    "name": "Auto Club \"The MOST FamilyOdessa",
    "city": "Odessa",
    "url": "https://www.instagram.com/explore/locations/330209137697036/auto-club-the-most-familyodessa/"
  },
  {
    "id": "1719193611648872",
    "name": "iQSpace",
    "city": "Odessa",
    "url": "https://www.instagram.com/explore/locations/1719193611648872/iqspace/"
  },
  {
    "id": "327101980",
    "name": "25-Чапаевская Рынок,Сити-25",
    "city": "Odessa",
    "url": "https://www.instagram.com/explore/locations/327101980/25-25/"
  },
  {
    "id": "1024253852",
    "name": "Kadorr Kids",
    "city": "Odessa",
    "url": "https://www.instagram.com/explore/locations/1024253852/kadorr-kids/"
  },
  {
    "id": "1029253359",
    "name": "A-Priori Beauty Salon",
    "city": "Odessa",
    "url": "https://www.instagram.com/explore/locations/1029253359/a-priori-beauty-salon/"
  },
  {
    "id": "1018929769",
    "name": "Магазин техники и аксессуаров SoftClub",
    "city": "Odessa",
    "url": "https://www.instagram.com/explore/locations/1018929769/softclub/"
  },
  {
    "id": "875162292",
    "name": "Pushkinska Street, Odessa",
    "city": "Odessa",
    "url": "https://www.instagram.com/explore/locations/875162292/pushkinska-street-odessa/"
  },
  {
    "id": "1810951765799317",
    "name": "Одесса Садовая 19 , Ресторан Бенедикт",
    "city": "Odessa",
    "url": "https://www.instagram.com/explore/locations/1810951765799317/19/"
  },
  {
    "id": "1052642984829293",
    "name": "MAKE ME UP Studio and School",
    "city": "Odessa",
    "url": "https://www.instagram.com/explore/locations/1052642984829293/make-me-up-studio-and-school/"
  },
  {
    "id": "239529776755616",
    "name": "TRYM fitness",
    "city": "Odessa",
    "url": "https://www.instagram.com/explore/locations/239529776755616/trym-fitness/"
  },
  {
    "id": "213641566",
    "name": "Odessa National Maritime Academy (ONMA / ОНМА)",
    "city": "Odessa",
    "url": "https://www.instagram.com/explore/locations/213641566/odessa-national-maritime-academy-onma/"
  },
  {
    "id": "2519293821414179",
    "name": "Restaurant 52",
    "city": "Odessa",
    "url": "https://www.instagram.com/explore/locations/2519293821414179/restaurant-52/"
  },
  {
    "id": "105982697863137",
    "name": "Krabi",
    "city": "Odessa",
    "url": "https://www.instagram.com/explore/locations/105982697863137/krabi/"
  },
  {
    "id": "294053420",
    "name": "Spartak Stadium (Odessa)",
    "city": "Odessa",
    "url": "https://www.instagram.com/explore/locations/294053420/spartak-stadium-odessa/"
  },
  {
    "id": "1021265187",
    "name": "Sailor Jack",
    "city": "Odessa",
    "url": "https://www.instagram.com/explore/locations/1021265187/sailor-jack/"
  },
  {
    "id": "1921693691449672",
    "name": "Фотостудия и студия декора \"Budu-Art\"",
    "city": "Odessa",
    "url": "https://www.instagram.com/explore/locations/1921693691449672/budu-art/"
  },
  {
    "id": "1726814334253003",
    "name": "MEX Mexican grill",
    "city": "Odessa",
    "url": "https://www.instagram.com/explore/locations/1726814334253003/mex-mexican-grill/"
  },
  {
    "id": "107830434920164",
    "name": "Jela",
    "city": "Odessa",
    "url": "https://www.instagram.com/explore/locations/107830434920164/jela/"
  },
  {
    "id": "106833664463199",
    "name": "KAMIN Караоке & Lounge bar",
    "city": "Odessa",
    "url": "https://www.instagram.com/explore/locations/106833664463199/kamin-lounge-bar/"
  },
  {
    "id": "104599354319787",
    "name": "Old Oak Enoteca",
    "city": "Odessa",
    "url": "https://www.instagram.com/explore/locations/104599354319787/old-oak-enoteca/"
  },
  {
    "id": "31291004",
    "name": "Одесский Дворик - Odesskiy Dvorik",
    "city": "Odessa",
    "url": "https://www.instagram.com/explore/locations/31291004/-odesskiy-dvorik/"
  },
  {
    "id": "1067740143429501",
    "name": "Food Market",
    "city": "Odessa",
    "url": "https://www.instagram.com/explore/locations/1067740143429501/food-market/"
  },
  {
    "id": "2086587788126759",
    "name": "NAUTILUS Lounge Cafe",
    "city": "Odessa",
    "url": "https://www.instagram.com/explore/locations/2086587788126759/nautilus-lounge-cafe/"
  },
  {
    "id": "1966246873657911",
    "name": "Wei Wei",
    "city": "Odessa",
    "url": "https://www.instagram.com/explore/locations/1966246873657911/wei-wei/"
  },
  {
    "id": "252184581",
    "name": "Академия VT Academy Odessa",
    "city": "Odessa",
    "url": "https://www.instagram.com/explore/locations/252184581/vt-academy-odessa/"
  },
  {
    "id": "536562763434849",
    "name": "Бристоль / Bristol",
    "city": "Odessa",
    "url": "https://www.instagram.com/explore/locations/536562763434849/bristol/"
  },
  {
    "id": "135372073876939",
    "name": "Одесса-Мама",
    "city": "Odessa",
    "url": "https://www.instagram.com/explore/locations/135372073876939/-/"
  },
  {
    "id": "1231495533634551",
    "name": "Кароліно-Бугаз, Одеська Область Україна",
    "city": "Odessa",
    "url": "https://www.instagram.com/explore/locations/1231495533634551/-/"
  },
  {
    "id": "377032749781211",
    "name": "Le beauty boutique",
    "city": "Odessa",
    "url": "https://www.instagram.com/explore/locations/377032749781211/le-beauty-boutique/"
  },
  {
    "id": "63519745",
    "name": "Odessa International Airport",
    "city": "Odessa",
    "url": "https://www.instagram.com/explore/locations/63519745/odessa-international-airport/"
  },
  {
    "id": "103319434613645",
    "name": "SlowPiggy",
    "city": "Odessa",
    "url": "https://www.instagram.com/explore/locations/103319434613645/slowpiggy/"
  },
  {
    "id": "498198049",
    "name": "Студия красоты Passion",
    "city": "Odessa",
    "url": "https://www.instagram.com/explore/locations/498198049/passion/"
  },
  {
    "id": "1804771896428017",
    "name": "NZT48",
    "city": "Odessa",
    "url": "https://www.instagram.com/explore/locations/1804771896428017/nzt48/"
  },
  {
    "id": "273515659962552",
    "name": "Fanconi / Фанкони",
    "city": "Odessa",
    "url": "https://www.instagram.com/explore/locations/273515659962552/fanconi/"
  },
  {
    "id": "482445192163851",
    "name": "где-то во дворах",
    "city": "Odessa",
    "url": "https://www.instagram.com/explore/locations/482445192163851/-/"
  },
  {
    "id": "1940677779531266",
    "name": "The LOFT",
    "city": "Odessa",
    "url": "https://www.instagram.com/explore/locations/1940677779531266/the-loft/"
  },
  {
    "id": "108627930954285",
    "name": "Морозиво та солодощі - icetory.cafe",
    "city": "Odessa",
    "url": "https://www.instagram.com/explore/locations/108627930954285/-icetorycafe/"
  },
  {
    "id": "497124221",
    "name": "Steam Bar",
    "city": "Odessa",
    "url": "https://www.instagram.com/explore/locations/497124221/steam-bar/"
  },
  {
    "id": "1022468522",
    "name": "Gas Bar : Мясо и Пиво",
    "city": "Odessa",
    "url": "https://www.instagram.com/explore/locations/1022468522/gas-bar/"
  },
  {
    "id": "2349883961899665",
    "name": "Vanil",
    "city": "Odessa",
    "url": "https://www.instagram.com/explore/locations/2349883961899665/vanil/"
  },
  {
    "id": "234390555",
    "name": "Hub Гостиная",
    "city": "Odessa",
    "url": "https://www.instagram.com/explore/locations/234390555/hub/"
  },
  {
    "id": "238816688",
    "name": "Art Gallery в \"Пассаже\"",
    "city": "Odessa",
    "url": "https://www.instagram.com/explore/locations/238816688/art-gallery/"
  },
  {
    "id": "153127055090691",
    "name": "Otrada Beach",
    "city": "Odessa",
    "url": "https://www.instagram.com/explore/locations/153127055090691/otrada-beach/"
  },
  {
    "id": "458079934707926",
    "name": "Черноморский Яхт-Клуб Одесса",
    "city": "Odessa",
    "url": "https://www.instagram.com/explore/locations/458079934707926/-/"
  },
  {
    "id": "303452553805575",
    "name": "Гранат / Granat Cafe",
    "city": "Odessa",
    "url": "https://www.instagram.com/explore/locations/303452553805575/granat-cafe/"
  },
  {
    "id": "1776123829281826",
    "name": "Manjulteamua",
    "city": "Odessa",
    "url": "https://www.instagram.com/explore/locations/1776123829281826/manjulteamua/"
  },
  {
    "id": "143310873062350",
    "name": "Каток \"ICE AGEОдесса. Парк Горького",
    "city": "Odessa",
    "url": "https://www.instagram.com/explore/locations/143310873062350/ice-age/"
  },
  {
    "id": "623550641317596",
    "name": "Grill Park",
    "city": "Odessa",
    "url": "https://www.instagram.com/explore/locations/623550641317596/grill-park/"
  },
  {
    "id": "272235186468606",
    "name": "Сеть Фитнес-клубов \"СмайлОдесса",
    "city": "Odessa",
    "url": "https://www.instagram.com/explore/locations/272235186468606/-/"
  },
  {
    "id": "521831945256112",
    "name": "Givi to mi",
    "city": "Odessa",
    "url": "https://www.instagram.com/explore/locations/521831945256112/givi-to-mi/"
  },
  {
    "id": "1203563286386349",
    "name": "Mr. Solomon Barbershop",
    "city": "Odessa",
    "url": "https://www.instagram.com/explore/locations/1203563286386349/mr-solomon-barbershop/"
  },
  {
    "id": "415720812555083",
    "name": "Flagman Одесса",
    "city": "Odessa",
    "url": "https://www.instagram.com/explore/locations/415720812555083/flagman/"
  },
  {
    "id": "1969694999977297",
    "name": "Одесса.приморский Бульвар-Турецкий парк",
    "city": "Odessa",
    "url": "https://www.instagram.com/explore/locations/1969694999977297/-/"
  },
  {
    "id": "767150813",
    "name": "Odessa",
    "city": "Odessa",
    "url": "https://www.instagram.com/explore/locations/767150813/odessa/"
  },
  {
    "id": "108067860974122",
    "name": "Bella Vermuteria",
    "city": "Odessa",
    "url": "https://www.instagram.com/explore/locations/108067860974122/bella-vermuteria/"
  },
  {
    "id": "2270026886598116",
    "name": "Odry.ua",
    "city": "Odessa",
    "url": "https://www.instagram.com/explore/locations/2270026886598116/odryua/"
  },
  {
    "id": "344172950",
    "name": "Одесса Мастерская 49",
    "city": "Odessa",
    "url": "https://www.instagram.com/explore/locations/344172950/49/"
  },
  {
    "id": "302969905",
    "name": "Джаз-клуб «Перрон #7»",
    "city": "Odessa",
    "url": "https://www.instagram.com/explore/locations/302969905/-7/"
  },
  {
    "id": "111074874751122",
    "name": "Mimi Cafe",
    "city": "Odessa",
    "url": "https://www.instagram.com/explore/locations/111074874751122/mimi-cafe/"
  },
  {
    "id": "112047733",
    "name": "Fiori",
    "city": "Odessa",
    "url": "https://www.instagram.com/explore/locations/112047733/fiori/"
  },
  {
    "id": "1023187477853805",
    "name": "Zazerkalye Art studio",
    "city": "Odessa",
    "url": "https://www.instagram.com/explore/locations/1023187477853805/zazerkalye-art-studio/"
  },
  {
    "id": "434721125",
    "name": "Мышеловка, сеть квест-комнат",
    "city": "Odessa",
    "url": "https://www.instagram.com/explore/locations/434721125/-/"
  },
  {
    "id": "943398054",
    "name": "Adrenalin",
    "city": "Odessa",
    "url": "https://www.instagram.com/explore/locations/943398054/adrenalin/"
  },
  {
    "id": "2310878842494162",
    "name": "less studio",
    "city": "Odessa",
    "url": "https://www.instagram.com/explore/locations/2310878842494162/less-studio/"
  },
  {
    "id": "109343517166729",
    "name": "Ресторан грузинской кухни Gaga",
    "city": "Odessa",
    "url": "https://www.instagram.com/explore/locations/109343517166729/gaga/"
  },
  {
    "id": "1026712543",
    "name": "Bukowski Bar",
    "city": "Odessa",
    "url": "https://www.instagram.com/explore/locations/1026712543/bukowski-bar/"
  },
  {
    "id": "110940627185949",
    "name": "7км",
    "city": "Odessa",
    "url": "https://www.instagram.com/explore/locations/110940627185949/7/"
  },
  {
    "id": "1019086885",
    "name": "KISS Chocolaterie",
    "city": "Odessa",
    "url": "https://www.instagram.com/explore/locations/1019086885/kiss-chocolaterie/"
  },
  {
    "id": "234337528",
    "name": "411 Военный Госпиталь",
    "city": "Odessa",
    "url": "https://www.instagram.com/explore/locations/234337528/411/"
  },
  {
    "id": "1813848075553803",
    "name": "ШИКÓ кондитерский-ресторан",
    "city": "Odessa",
    "url": "https://www.instagram.com/explore/locations/1813848075553803/o-/"
  },
  {
    "id": "571114206416512",
    "name": "Ресторан Venezia",
    "city": "Odessa",
    "url": "https://www.instagram.com/explore/locations/571114206416512/venezia/"
  },
  {
    "id": "680026146",
    "name": "Kompot Restaurant Odessa",
    "city": "Odessa",
    "url": "https://www.instagram.com/explore/locations/680026146/kompot-restaurant-odessa/"
  },
  {
    "id": "237453668",
    "name": "Estrellita Odessa",
    "city": "Odessa",
    "url": "https://www.instagram.com/explore/locations/237453668/estrellita-odessa/"
  },
  {
    "id": "858267153",
    "name": "Паника Quest Room Odessa",
    "city": "Odessa",
    "url": "https://www.instagram.com/explore/locations/858267153/quest-room-odessa/"
  },
  {
    "id": "649895174",
    "name": "Momincube Healthy Bar",
    "city": "Odessa",
    "url": "https://www.instagram.com/explore/locations/649895174/momincube-healthy-bar/"
  },
  {
    "id": "234416807",
    "name": "Black Sea Hotel",
    "city": "Odessa",
    "url": "https://www.instagram.com/explore/locations/234416807/black-sea-hotel/"
  },
  {
    "id": "1154163451367609",
    "name": "Греческая Площадь 1",
    "city": "Odessa",
    "url": "https://www.instagram.com/explore/locations/1154163451367609/1/"
  },
  {
    "id": "114529093740464",
    "name": "Kadorr City",
    "city": "Odessa",
    "url": "https://www.instagram.com/explore/locations/114529093740464/kadorr-city/"
  },
  {
    "id": "250420507",
    "name": "Медицинский центр - Мультимед",
    "city": "Odessa",
    "url": "https://www.instagram.com/explore/locations/250420507/-/"
  },
  {
    "id": "1030285096",
    "name": "Eeueeu - Салон Нескучного Маникюра",
    "city": "Odessa",
    "url": "https://www.instagram.com/explore/locations/1030285096/eeueeu-/"
  },
  {
    "id": "465479927292378",
    "name": "Площа Льва Толстого / Lev Tolstoy sq.",
    "city": "Odessa",
    "url": "https://www.instagram.com/explore/locations/465479927292378/lev-tolstoy-sq/"
  },
  {
    "id": "241865850",
    "name": "Луно-парк",
    "city": "Odessa",
    "url": "https://www.instagram.com/explore/locations/241865850/-/"
  },
  {
    "id": "1083437401724816",
    "name": "Black Pepper",
    "city": "Odessa",
    "url": "https://www.instagram.com/explore/locations/1083437401724816/black-pepper/"
  },
  {
    "id": "517233382",
    "name": "Bristol Hotel",
    "city": "Odessa",
    "url": "https://www.instagram.com/explore/locations/517233382/bristol-hotel/"
  },
  {
    "id": "722413564806801",
    "name": "Black Art Bar",
    "city": "Odessa",
    "url": "https://www.instagram.com/explore/locations/722413564806801/black-art-bar/"
  },
  {
    "id": "381757092305550",
    "name": "Piana Vyshnia / П'яна Вишня",
    "city": "Odessa",
    "url": "https://www.instagram.com/explore/locations/381757092305550/piana-vyshnia/"
  },
  {
    "id": "948374851",
    "name": "Zara Pizzara / Зара Пиззара",
    "city": "Odessa",
    "url": "https://www.instagram.com/explore/locations/948374851/zara-pizzara/"
  },
  {
    "id": "742173359286392",
    "name": "BEER CLUB",
    "city": "Odessa",
    "url": "https://www.instagram.com/explore/locations/742173359286392/beer-club/"
  },
  {
    "id": "289170588543506",
    "name": "Olio Pizza на Бунина",
    "city": "Odessa",
    "url": "https://www.instagram.com/explore/locations/289170588543506/olio-pizza/"
  },
  {
    "id": "218591235",
    "name": "Гимназия # 2",
    "city": "Odessa",
    "url": "https://www.instagram.com/explore/locations/218591235/2/"
  },
  {
    "id": "2535552",
    "name": "Bernardazzi Wine Club",
    "city": "Odessa",
    "url": "https://www.instagram.com/explore/locations/2535552/bernardazzi-wine-club/"
  },
  {
    "id": "220768361719638",
    "name": "Odessa Internarional Airport Business Lounge",
    "city": "Odessa",
    "url": "https://www.instagram.com/explore/locations/220768361719638/odessa-internarional-airport-business-lounge/"
  },
  {
    "id": "1017928569",
    "name": "Ukrayna / Odessa",
    "city": "Odessa",
    "url": "https://www.instagram.com/explore/locations/1017928569/ukrayna-odessa/"
  },
  {
    "id": "269321186744549",
    "name": "Oh My Look Одесса",
    "city": "Odessa",
    "url": "https://www.instagram.com/explore/locations/269321186744549/oh-my-look/"
  },
  {
    "id": "1499962906719366",
    "name": "Профитроли , Филатова 16",
    "city": "Odessa",
    "url": "https://www.instagram.com/explore/locations/1499962906719366/16/"
  },
  {
    "id": "2223001698023743",
    "name": "Смайл/Smile",
    "city": "Odessa",
    "url": "https://www.instagram.com/explore/locations/2223001698023743/smile/"
  },
  {
    "id": "1000371410352474",
    "name": "Odessa, Ukraine",
    "city": "Odessa",
    "url": "https://www.instagram.com/explore/locations/1000371410352474/odessa-ukraine/"
  },
  {
    "id": "189474254808220",
    "name": "R&B studio",
    "city": "Odessa",
    "url": "https://www.instagram.com/explore/locations/189474254808220/rb-studio/"
  },
  {
    "id": "2046136088945825",
    "name": "Милые Штучки - товары для творчества",
    "city": "Odessa",
    "url": "https://www.instagram.com/explore/locations/2046136088945825/-/"
  },
  {
    "id": "242758543",
    "name": "Одеська Національна Опера / Odesa National Opera",
    "city": "Odessa",
    "url": "https://www.instagram.com/explore/locations/242758543/odesa-national-opera/"
  },
  {
    "id": "310107850",
    "name": "Ресторан Sophie Café",
    "city": "Odessa",
    "url": "https://www.instagram.com/explore/locations/310107850/sophie-cafe/"
  },
  {
    "id": "389757428067502",
    "name": "SHARK Radio",
    "city": "Odessa",
    "url": "https://www.instagram.com/explore/locations/389757428067502/shark-radio/"
  },
  {
    "id": "1901757153201849",
    "name": "BAO.14",
    "city": "Odessa",
    "url": "https://www.instagram.com/explore/locations/1901757153201849/bao14/"
  },
  {
    "id": "524595437745137",
    "name": "Barco Od",
    "city": "Odessa",
    "url": "https://www.instagram.com/explore/locations/524595437745137/barco-od/"
  },
  {
    "id": "279938333",
    "name": "ILA English School",
    "city": "Odessa",
    "url": "https://www.instagram.com/explore/locations/279938333/ila-english-school/"
  },
  {
    "id": "125850784733964",
    "name": "SK_nailgallery",
    "city": "Odessa",
    "url": "https://www.instagram.com/explore/locations/125850784733964/sk_nailgallery/"
  },
  {
    "id": "950842685033497",
    "name": "Gastrobar Odessa",
    "city": "Odessa",
    "url": "https://www.instagram.com/explore/locations/950842685033497/gastrobar-odessa/"
  },
  {
    "id": "166318420715539",
    "name": "Sparkling Wine Gallery",
    "city": "Odessa",
    "url": "https://www.instagram.com/explore/locations/166318420715539/sparkling-wine-gallery/"
  },
  {
    "id": "1594044367590702",
    "name": "Top Waffle",
    "city": "Odessa",
    "url": "https://www.instagram.com/explore/locations/1594044367590702/top-waffle/"
  },
  {
    "id": "112736117121492",
    "name": "Одесса-Киев",
    "city": "Odessa",
    "url": "https://www.instagram.com/explore/locations/112736117121492/-/"
  },
  {
    "id": "202790493882456",
    "name": "Loggia",
    "city": "Odessa",
    "url": "https://www.instagram.com/explore/locations/202790493882456/loggia/"
  },
  {
    "id": "238792699",
    "name": "Palais Royal - Пале Рояль",
    "city": "Odessa",
    "url": "https://www.instagram.com/explore/locations/238792699/palais-royal-/"
  },
  {
    "id": "184767425506241",
    "name": "Villa Otrada",
    "city": "Odessa",
    "url": "https://www.instagram.com/explore/locations/184767425506241/villa-otrada/"
  },
  {
    "id": "1680128092204246",
    "name": "Radio MORE.FM",
    "city": "Odessa",
    "url": "https://www.instagram.com/explore/locations/1680128092204246/radio-morefm/"
  },
  {
    "id": "263103228",
    "name": "Shanti Spa",
    "city": "Odessa",
    "url": "https://www.instagram.com/explore/locations/263103228/shanti-spa/"
  },
  {
    "id": "384872128942575",
    "name": "Merry Berry",
    "city": "Odessa",
    "url": "https://www.instagram.com/explore/locations/384872128942575/merry-berry/"
  },
  {
    "id": "5543544",
    "name": "Palladium",
    "city": "Odessa",
    "url": "https://www.instagram.com/explore/locations/5543544/palladium/"
  },
  {
    "id": "3166027",
    "name": "Уточкино Jazz Cafe",
    "city": "Odessa",
    "url": "https://www.instagram.com/explore/locations/3166027/jazz-cafe/"
  },
  {
    "id": "122225231292435",
    "name": "Дома ;-)",
    "city": "Odessa",
    "url": "https://www.instagram.com/explore/locations/122225231292435/-/"
  },
  {
    "id": "263731803",
    "name": "Вулкан - Покраска Дисков, Сеть Шиномонтажных мастерских",
    "city": "Odessa",
    "url": "https://www.instagram.com/explore/locations/263731803/-/"
  },
  {
    "id": "106785484916076",
    "name": "Shelter",
    "city": "Odessa",
    "url": "https://www.instagram.com/explore/locations/106785484916076/shelter/"
  },
  {
    "id": "104143201206513",
    "name": "Лаунж-бар Nomer 4",
    "city": "Odessa",
    "url": "https://www.instagram.com/explore/locations/104143201206513/-nomer-4/"
  },
  {
    "id": "1958713951058421",
    "name": "Autogorod - центр выкупа автомобилей",
    "city": "Odessa",
    "url": "https://www.instagram.com/explore/locations/1958713951058421/autogorod-/"
  },
  {
    "id": "276274912859913",
    "name": "Одесса Площадь 10 Апреля",
    "city": "Odessa",
    "url": "https://www.instagram.com/explore/locations/276274912859913/10/"
  },
  {
    "id": "1552150744847175",
    "name": "Odessa Ул. Водопроводная",
    "city": "Odessa",
    "url": "https://www.instagram.com/explore/locations/1552150744847175/odessa/"
  },
  {
    "id": "346461029250485",
    "name": "Парк Горького / Gorky Park",
    "city": "Odessa",
    "url": "https://www.instagram.com/explore/locations/346461029250485/gorky-park/"
  },
  {
    "id": "931192255",
    "name": "Чудо-город, секция \"Б\"",
    "city": "Odessa",
    "url": "https://www.instagram.com/explore/locations/931192255/-/"
  },
  {
    "id": "477059827",
    "name": "Бизнес-центр \"Адмиральский\"",
    "city": "Odessa",
    "url": "https://www.instagram.com/explore/locations/477059827/-/"
  },
  {
    "id": "2188930457860761",
    "name": "Fresco Cafe",
    "city": "Odessa",
    "url": "https://www.instagram.com/explore/locations/2188930457860761/fresco-cafe/"
  },
  {
    "id": "735829366818840",
    "name": "U Restaurant",
    "city": "Odessa",
    "url": "https://www.instagram.com/explore/locations/735829366818840/u-restaurant/"
  },
  {
    "id": "1022915295",
    "name": "Караоке-кафе Mershal",
    "city": "Odessa",
    "url": "https://www.instagram.com/explore/locations/1022915295/-mershal/"
  },
  {
    "id": "974920866",
    "name": "Отель Лондон / Hotel London",
    "city": "Odessa",
    "url": "https://www.instagram.com/explore/locations/974920866/hotel-london/"
  },
  {
    "id": "2025575831022169",
    "name": "Place by Fusion",
    "city": "Odessa",
    "url": "https://www.instagram.com/explore/locations/2025575831022169/place-by-fusion/"
  },
  {
    "id": "1920279871569690",
    "name": "Rock&Pole pole dance studio",
    "city": "Odessa",
    "url": "https://www.instagram.com/explore/locations/1920279871569690/rockpole-pole-dance-studio/"
  },
  {
    "id": "86531760",
    "name": "FACE Odessa",
    "city": "Odessa",
    "url": "https://www.instagram.com/explore/locations/86531760/face-odessa/"
  },
  {
    "id": "104904117594037",
    "name": "Канатная 6",
    "city": "Odessa",
    "url": "https://www.instagram.com/explore/locations/104904117594037/6/"
  },
  {
    "id": "1459096461077279",
    "name": "Elle Fortuna",
    "city": "Odessa",
    "url": "https://www.instagram.com/explore/locations/1459096461077279/elle-fortuna/"
  },
  {
    "id": "108346941062117",
    "name": "BUDKA. Coffeebar",
    "city": "Odessa",
    "url": "https://www.instagram.com/explore/locations/108346941062117/budka-coffeebar/"
  },
  {
    "id": "2156013624516509",
    "name": "Beauty Hunter",
    "city": "Odessa",
    "url": "https://www.instagram.com/explore/locations/2156013624516509/beauty-hunter/"
  },
  {
    "id": "1939638129621151",
    "name": "Одесская Городская Больница #10",
    "city": "Odessa",
    "url": "https://www.instagram.com/explore/locations/1939638129621151/10/"
  },
  {
    "id": "2013761192074615",
    "name": "Кадор Групп-Жемчужины",
    "city": "Odessa",
    "url": "https://www.instagram.com/explore/locations/2013761192074615/-/"
  },
  {
    "id": "103828061722323",
    "name": "Heidrun Viking Pub",
    "city": "Odessa",
    "url": "https://www.instagram.com/explore/locations/103828061722323/heidrun-viking-pub/"
  },
  {
    "id": "869196203",
    "name": "Арт-Студия Мила Арт",
    "city": "Odessa",
    "url": "https://www.instagram.com/explore/locations/869196203/-/"
  },
  {
    "id": "116910980101718",
    "name": "Nipper",
    "city": "Odessa",
    "url": "https://www.instagram.com/explore/locations/116910980101718/nipper/"
  }
]