[
  {
    "id": "943465679",
    "name": "Osocor Residence",
    "city": "Bortnitschi",
    "url": "https://www.instagram.com/explore/locations/943465679/osocor-residence/"
  },
  {
    "id": "292191156",
    "name": "Dniprovska Riviera",
    "city": "Bortnitschi",
    "url": "https://www.instagram.com/explore/locations/292191156/dniprovska-riviera/"
  },
  {
    "id": "235800782",
    "name": "Darnitsa",
    "city": "Bortnitschi",
    "url": "https://www.instagram.com/explore/locations/235800782/darnitsa/"
  },
  {
    "id": "1416661381908002",
    "name": "Маячок Beach Club",
    "city": "Bortnitschi",
    "url": "https://www.instagram.com/explore/locations/1416661381908002/beach-club/"
  },
  {
    "id": "2127938734161106",
    "name": "Osocor Beach",
    "city": "Bortnitschi",
    "url": "https://www.instagram.com/explore/locations/2127938734161106/osocor-beach/"
  },
  {
    "id": "106237904379016",
    "name": "Osocor Panorama Hall",
    "city": "Bortnitschi",
    "url": "https://www.instagram.com/explore/locations/106237904379016/osocor-panorama-hall/"
  },
  {
    "id": "102576642144245",
    "name": "Nicolas Resort Club",
    "city": "Bortnitschi",
    "url": "https://www.instagram.com/explore/locations/102576642144245/nicolas-resort-club/"
  },
  {
    "id": "102083264756601",
    "name": "Osocor BBQ",
    "city": "Bortnitschi",
    "url": "https://www.instagram.com/explore/locations/102083264756601/osocor-bbq/"
  },
  {
    "id": "418705644",
    "name": "Bortnitschi, Kyyivs'Ka Oblast', Ukraine",
    "city": "Bortnitschi",
    "url": "https://www.instagram.com/explore/locations/418705644/bortnitschi-kyyivska-oblast-ukraine/"
  },
  {
    "id": "1608502652587789",
    "name": "Pioppo Nero Restaurant",
    "city": "Bortnitschi",
    "url": "https://www.instagram.com/explore/locations/1608502652587789/pioppo-nero-restaurant/"
  },
  {
    "id": "319252254601859",
    "name": "Osocor Village",
    "city": "Bortnitschi",
    "url": "https://www.instagram.com/explore/locations/319252254601859/osocor-village/"
  },
  {
    "id": "2290802264569827",
    "name": "Mom And Son",
    "city": "Bortnitschi",
    "url": "https://www.instagram.com/explore/locations/2290802264569827/mom-and-son/"
  },
  {
    "id": "1014822211",
    "name": "Gold Laser",
    "city": "Bortnitschi",
    "url": "https://www.instagram.com/explore/locations/1014822211/gold-laser/"
  },
  {
    "id": "463241960515630",
    "name": "LeDacha",
    "city": "Bortnitschi",
    "url": "https://www.instagram.com/explore/locations/463241960515630/ledacha/"
  },
  {
    "id": "546455460",
    "name": "Restaurant Fire Bull",
    "city": "Bortnitschi",
    "url": "https://www.instagram.com/explore/locations/546455460/restaurant-fire-bull/"
  },
  {
    "id": "105135227764115",
    "name": "Bakery HUB",
    "city": "Bortnitschi",
    "url": "https://www.instagram.com/explore/locations/105135227764115/bakery-hub/"
  },
  {
    "id": "209727472517655",
    "name": "Dniprovska Riviera",
    "city": "Bortnitschi",
    "url": "https://www.instagram.com/explore/locations/209727472517655/dniprovska-riviera/"
  },
  {
    "id": "103678497770297",
    "name": "You Can",
    "city": "Bortnitschi",
    "url": "https://www.instagram.com/explore/locations/103678497770297/you-can/"
  },
  {
    "id": "105862834818693",
    "name": "Adonis",
    "city": "Bortnitschi",
    "url": "https://www.instagram.com/explore/locations/105862834818693/adonis/"
  },
  {
    "id": "727444020975155",
    "name": "Новый год 2019",
    "city": "Bortnitschi",
    "url": "https://www.instagram.com/explore/locations/727444020975155/2019/"
  },
  {
    "id": "355271551913651",
    "name": "Plyazh Osokor / Пляж Осокор",
    "city": "Bortnitschi",
    "url": "https://www.instagram.com/explore/locations/355271551913651/plyazh-osokor/"
  },
  {
    "id": "103809428731789",
    "name": "Pilpili",
    "city": "Bortnitschi",
    "url": "https://www.instagram.com/explore/locations/103809428731789/pilpili/"
  },
  {
    "id": "101284315946389",
    "name": "Guilty Gear Strive",
    "city": "Bortnitschi",
    "url": "https://www.instagram.com/explore/locations/101284315946389/guilty-gear-strive/"
  },
  {
    "id": "100657022893529",
    "name": "broom_banya",
    "city": "Bortnitschi",
    "url": "https://www.instagram.com/explore/locations/100657022893529/broom_banya/"
  },
  {
    "id": "262671147",
    "name": "YWAM Kyiv",
    "city": "Bortnitschi",
    "url": "https://www.instagram.com/explore/locations/262671147/ywam-kyiv/"
  },
  {
    "id": "689553618",
    "name": "Riverside Family Club",
    "city": "Bortnitschi",
    "url": "https://www.instagram.com/explore/locations/689553618/riverside-family-club/"
  },
  {
    "id": "110043004787737",
    "name": "El-Garden",
    "city": "Bortnitschi",
    "url": "https://www.instagram.com/explore/locations/110043004787737/el-garden/"
  },
  {
    "id": "1732480730396367",
    "name": "Студия танцев Sweet Time",
    "city": "Bortnitschi",
    "url": "https://www.instagram.com/explore/locations/1732480730396367/sweet-time/"
  },
  {
    "id": "105556005617113",
    "name": "Momento More",
    "city": "Bortnitschi",
    "url": "https://www.instagram.com/explore/locations/105556005617113/momento-more/"
  },
  {
    "id": "105135451266946",
    "name": "ФК \"Лівий Берег2011",
    "city": "Bortnitschi",
    "url": "https://www.instagram.com/explore/locations/105135451266946/2011/"
  },
  {
    "id": "360990337823032",
    "name": "River Island коттеджи на Днепре",
    "city": "Bortnitschi",
    "url": "https://www.instagram.com/explore/locations/360990337823032/river-island/"
  },
  {
    "id": "2163780957194679",
    "name": "Bortnichi Village.",
    "city": "Bortnitschi",
    "url": "https://www.instagram.com/explore/locations/2163780957194679/bortnichi-village/"
  },
  {
    "id": "2259848800762872",
    "name": "Храм на честь Собору славних і всехвальних 12-ти апостолів",
    "city": "Bortnitschi",
    "url": "https://www.instagram.com/explore/locations/2259848800762872/12-/"
  },
  {
    "id": "101159895715881",
    "name": "Meaningful",
    "city": "Bortnitschi",
    "url": "https://www.instagram.com/explore/locations/101159895715881/meaningful/"
  },
  {
    "id": "589610574576121",
    "name": "Озеро-Зеркало",
    "city": "Bortnitschi",
    "url": "https://www.instagram.com/explore/locations/589610574576121/-/"
  },
  {
    "id": "101989555099835",
    "name": "Serene Souls",
    "city": "Bortnitschi",
    "url": "https://www.instagram.com/explore/locations/101989555099835/serene-souls/"
  },
  {
    "id": "100876678433266",
    "name": "Golden autumn",
    "city": "Bortnitschi",
    "url": "https://www.instagram.com/explore/locations/100876678433266/golden-autumn/"
  },
  {
    "id": "111315986951452",
    "name": "Like Time",
    "city": "Bortnitschi",
    "url": "https://www.instagram.com/explore/locations/111315986951452/like-time/"
  },
  {
    "id": "1042409409251142",
    "name": "Bortnichi HOUSE мини-отель",
    "city": "Bortnitschi",
    "url": "https://www.instagram.com/explore/locations/1042409409251142/bortnichi-house-/"
  },
  {
    "id": "1026786029",
    "name": "Італійські традиції «Italiano Vero»",
    "city": "Bortnitschi",
    "url": "https://www.instagram.com/explore/locations/1026786029/italiano-vero/"
  },
  {
    "id": "922839561162473",
    "name": "ROSA - Ukrainian Manufacturer of Fine Art Materials",
    "city": "Bortnitschi",
    "url": "https://www.instagram.com/explore/locations/922839561162473/rosa-ukrainian-manufacturer-of-fine-art-materials/"
  },
  {
    "id": "282291676",
    "name": "Fire Bull",
    "city": "Bortnitschi",
    "url": "https://www.instagram.com/explore/locations/282291676/fire-bull/"
  },
  {
    "id": "172667562941597",
    "name": "Tutta Italia",
    "city": "Bortnitschi",
    "url": "https://www.instagram.com/explore/locations/172667562941597/tutta-italia/"
  },
  {
    "id": "113580564989036",
    "name": "Ty Dalbayob",
    "city": "Bortnitschi",
    "url": "https://www.instagram.com/explore/locations/113580564989036/ty-dalbayob/"
  },
  {
    "id": "333121864267629",
    "name": "Work 24/7",
    "city": "Bortnitschi",
    "url": "https://www.instagram.com/explore/locations/333121864267629/work-247/"
  },
  {
    "id": "106457658771494",
    "name": "Ballistic",
    "city": "Bortnitschi",
    "url": "https://www.instagram.com/explore/locations/106457658771494/ballistic/"
  },
  {
    "id": "103805461313954",
    "name": "Wakeup",
    "city": "Bortnitschi",
    "url": "https://www.instagram.com/explore/locations/103805461313954/wakeup/"
  },
  {
    "id": "111281688285162",
    "name": "Hyeee",
    "city": "Bortnitschi",
    "url": "https://www.instagram.com/explore/locations/111281688285162/hyeee/"
  },
  {
    "id": "1018575920",
    "name": "Borysovy House",
    "city": "Bortnitschi",
    "url": "https://www.instagram.com/explore/locations/1018575920/borysovy-house/"
  },
  {
    "id": "881151580",
    "name": "Gallian Terrace",
    "city": "Bortnitschi",
    "url": "https://www.instagram.com/explore/locations/881151580/gallian-terrace/"
  },
  {
    "id": "513612542710328",
    "name": "Give Me The Loot",
    "city": "Bortnitschi",
    "url": "https://www.instagram.com/explore/locations/513612542710328/give-me-the-loot/"
  },
  {
    "id": "360139021427167",
    "name": "Святище, Osokorky, Kyiv",
    "city": "Bortnitschi",
    "url": "https://www.instagram.com/explore/locations/360139021427167/osokorky-kyiv/"
  },
  {
    "id": "1793455897370688",
    "name": "Дитячий садочок Giraffe - Жираф",
    "city": "Bortnitschi",
    "url": "https://www.instagram.com/explore/locations/1793455897370688/giraffe-/"
  },
  {
    "id": "110356097291802",
    "name": "FORTA KAVA",
    "city": "Bortnitschi",
    "url": "https://www.instagram.com/explore/locations/110356097291802/forta-kava/"
  },
  {
    "id": "177813769339635",
    "name": "Камушки-стразики",
    "city": "Bortnitschi",
    "url": "https://www.instagram.com/explore/locations/177813769339635/-/"
  },
  {
    "id": "534647270071031",
    "name": "Beeze Club",
    "city": "Bortnitschi",
    "url": "https://www.instagram.com/explore/locations/534647270071031/beeze-club/"
  },
  {
    "id": "2712947615413993",
    "name": "Kozak печи-булерьяны, бетономешалки",
    "city": "Bortnitschi",
    "url": "https://www.instagram.com/explore/locations/2712947615413993/kozak-/"
  },
  {
    "id": "103400221050593",
    "name": "KIDEV Конференц-Сервис",
    "city": "Bortnitschi",
    "url": "https://www.instagram.com/explore/locations/103400221050593/kidev-/"
  },
  {
    "id": "101570101627010",
    "name": "Vetpet",
    "city": "Bortnitschi",
    "url": "https://www.instagram.com/explore/locations/101570101627010/vetpet/"
  },
  {
    "id": "1022294939",
    "name": "Kids Planet",
    "city": "Bortnitschi",
    "url": "https://www.instagram.com/explore/locations/1022294939/kids-planet/"
  },
  {
    "id": "409340352253784",
    "name": "Кінні прогулянки, Індивідуальні тренування, Іпотерапія - Київ, Бортничі",
    "city": "Bortnitschi",
    "url": "https://www.instagram.com/explore/locations/409340352253784/-/"
  },
  {
    "id": "548037920",
    "name": "Sweet Home Osokorky",
    "city": "Bortnitschi",
    "url": "https://www.instagram.com/explore/locations/548037920/sweet-home-osokorky/"
  },
  {
    "id": "111744160708585",
    "name": "Биполярочка sлота",
    "city": "Bortnitschi",
    "url": "https://www.instagram.com/explore/locations/111744160708585/s/"
  },
  {
    "id": "100127881905565",
    "name": "Рассветы- Закаты",
    "city": "Bortnitschi",
    "url": "https://www.instagram.com/explore/locations/100127881905565/-/"
  },
  {
    "id": "271355546851942",
    "name": "KLO",
    "city": "Bortnitschi",
    "url": "https://www.instagram.com/explore/locations/271355546851942/klo/"
  },
  {
    "id": "342760781",
    "name": "LuxuryHouse",
    "city": "Bortnitschi",
    "url": "https://www.instagram.com/explore/locations/342760781/luxuryhouse/"
  },
  {
    "id": "753941231437434",
    "name": "Салон кухонь Roda.Araks Киев",
    "city": "Bortnitschi",
    "url": "https://www.instagram.com/explore/locations/753941231437434/rodaaraks/"
  },
  {
    "id": "100893949380482",
    "name": "I'm not going to give up.",
    "city": "Bortnitschi",
    "url": "https://www.instagram.com/explore/locations/100893949380482/im-not-going-to-give-up/"
  },
  {
    "id": "1755192224774400",
    "name": "Welcome to Ukraine",
    "city": "Bortnitschi",
    "url": "https://www.instagram.com/explore/locations/1755192224774400/welcome-to-ukraine/"
  },
  {
    "id": "108320221011327",
    "name": "My best photo",
    "city": "Bortnitschi",
    "url": "https://www.instagram.com/explore/locations/108320221011327/my-best-photo/"
  },
  {
    "id": "241387129889102",
    "name": "Гаевая 2",
    "city": "Bortnitschi",
    "url": "https://www.instagram.com/explore/locations/241387129889102/2/"
  },
  {
    "id": "96380059",
    "name": "Гаевая, 2",
    "city": "Bortnitschi",
    "url": "https://www.instagram.com/explore/locations/96380059/2/"
  },
  {
    "id": "104131745034866",
    "name": "Very Big",
    "city": "Bortnitschi",
    "url": "https://www.instagram.com/explore/locations/104131745034866/very-big/"
  },
  {
    "id": "111808457121191",
    "name": "Beautiful Ukraine",
    "city": "Bortnitschi",
    "url": "https://www.instagram.com/explore/locations/111808457121191/beautiful-ukraine/"
  },
  {
    "id": "110711270413912",
    "name": "WOOD MOOD",
    "city": "Bortnitschi",
    "url": "https://www.instagram.com/explore/locations/110711270413912/wood-mood/"
  },
  {
    "id": "338535676694897",
    "name": "Bortnychi Beach Club",
    "city": "Bortnitschi",
    "url": "https://www.instagram.com/explore/locations/338535676694897/bortnychi-beach-club/"
  },
  {
    "id": "107097150823556",
    "name": "Топ 2020",
    "city": "Bortnitschi",
    "url": "https://www.instagram.com/explore/locations/107097150823556/2020/"
  },
  {
    "id": "871504369685773",
    "name": "LashMaker",
    "city": "Bortnitschi",
    "url": "https://www.instagram.com/explore/locations/871504369685773/lashmaker/"
  },
  {
    "id": "641831393",
    "name": "Фан-Бар \"банкаЛьва Толстого",
    "city": "Bortnitschi",
    "url": "https://www.instagram.com/explore/locations/641831393/-/"
  },
  {
    "id": "113614693813520",
    "name": "My OWN diary",
    "city": "Bortnitschi",
    "url": "https://www.instagram.com/explore/locations/113614693813520/my-own-diary/"
  },
  {
    "id": "1554172504879017",
    "name": "O.O. Bogomolets National Medical University",
    "city": "Bortnitschi",
    "url": "https://www.instagram.com/explore/locations/1554172504879017/oo-bogomolets-national-medical-university/"
  },
  {
    "id": "877855948901649",
    "name": "A-tune",
    "city": "Bortnitschi",
    "url": "https://www.instagram.com/explore/locations/877855948901649/a-tune/"
  },
  {
    "id": "298684507145276",
    "name": "GAFF Design Studio",
    "city": "Bortnitschi",
    "url": "https://www.instagram.com/explore/locations/298684507145276/gaff-design-studio/"
  },
  {
    "id": "468771764",
    "name": "Горького, 157",
    "city": "Bortnitschi",
    "url": "https://www.instagram.com/explore/locations/468771764/157/"
  },
  {
    "id": "1678659669093509",
    "name": "Design Clan",
    "city": "Bortnitschi",
    "url": "https://www.instagram.com/explore/locations/1678659669093509/design-clan/"
  },
  {
    "id": "100450899381160",
    "name": "You step outside, you risk your life",
    "city": "Bortnitschi",
    "url": "https://www.instagram.com/explore/locations/100450899381160/you-step-outside-you-risk-your-life/"
  },
  {
    "id": "103952181359274",
    "name": "Koltan",
    "city": "Bortnitschi",
    "url": "https://www.instagram.com/explore/locations/103952181359274/koltan/"
  },
  {
    "id": "104154271322423",
    "name": "Few moment later",
    "city": "Bortnitschi",
    "url": "https://www.instagram.com/explore/locations/104154271322423/few-moment-later/"
  },
  {
    "id": "745534541",
    "name": "My Home Osokorky",
    "city": "Bortnitschi",
    "url": "https://www.instagram.com/explore/locations/745534541/my-home-osokorky/"
  },
  {
    "id": "109156991311618",
    "name": "Hotline Miami",
    "city": "Bortnitschi",
    "url": "https://www.instagram.com/explore/locations/109156991311618/hotline-miami/"
  },
  {
    "id": "1418828371578966",
    "name": "Осокорки Дачи Цветочная 5",
    "city": "Bortnitschi",
    "url": "https://www.instagram.com/explore/locations/1418828371578966/5/"
  },
  {
    "id": "324065204615969",
    "name": "Revocanda",
    "city": "Bortnitschi",
    "url": "https://www.instagram.com/explore/locations/324065204615969/revocanda/"
  },
  {
    "id": "102979948673363",
    "name": "U_prostir",
    "city": "Bortnitschi",
    "url": "https://www.instagram.com/explore/locations/102979948673363/u_prostir/"
  },
  {
    "id": "110874832269558",
    "name": "School № 306",
    "city": "Bortnitschi",
    "url": "https://www.instagram.com/explore/locations/110874832269558/school-no-306/"
  },
  {
    "id": "107839967772386",
    "name": "LoveBooks - книги",
    "city": "Bortnitschi",
    "url": "https://www.instagram.com/explore/locations/107839967772386/lovebooks-/"
  },
  {
    "id": "804388982919484",
    "name": "Art school of Daria Babich",
    "city": "Bortnitschi",
    "url": "https://www.instagram.com/explore/locations/804388982919484/art-school-of-daria-babich/"
  },
  {
    "id": "107048762321533",
    "name": "Marudy",
    "city": "Bortnitschi",
    "url": "https://www.instagram.com/explore/locations/107048762321533/marudy/"
  },
  {
    "id": "105198570868791",
    "name": "Osocor.residence",
    "city": "Bortnitschi",
    "url": "https://www.instagram.com/explore/locations/105198570868791/osocorresidence/"
  },
  {
    "id": "106575848781004",
    "name": "That's how it should be",
    "city": "Bortnitschi",
    "url": "https://www.instagram.com/explore/locations/106575848781004/thats-how-it-should-be/"
  },
  {
    "id": "294116147122278",
    "name": "Dental Office",
    "city": "Bortnitschi",
    "url": "https://www.instagram.com/explore/locations/294116147122278/dental-office/"
  },
  {
    "id": "100513365134840",
    "name": "All about my life",
    "city": "Bortnitschi",
    "url": "https://www.instagram.com/explore/locations/100513365134840/all-about-my-life/"
  },
  {
    "id": "490924484605356",
    "name": "Спеціалізована школа 31",
    "city": "Bortnitschi",
    "url": "https://www.instagram.com/explore/locations/490924484605356/31/"
  },
  {
    "id": "105841457850199",
    "name": "Lady Stretch Уфа",
    "city": "Bortnitschi",
    "url": "https://www.instagram.com/explore/locations/105841457850199/lady-stretch/"
  },
  {
    "id": "852774524860783",
    "name": "Dogo argentino kennel Mary M. Style",
    "city": "Bortnitschi",
    "url": "https://www.instagram.com/explore/locations/852774524860783/dogo-argentino-kennel-mary-m-style/"
  },
  {
    "id": "107681221078427",
    "name": "My life my rules",
    "city": "Bortnitschi",
    "url": "https://www.instagram.com/explore/locations/107681221078427/my-life-my-rules/"
  },
  {
    "id": "100318375864381",
    "name": "Fhj",
    "city": "Bortnitschi",
    "url": "https://www.instagram.com/explore/locations/100318375864381/fhj/"
  },
  {
    "id": "522852522",
    "name": "Студия живописи \"ART-Рыба\"",
    "city": "Bortnitschi",
    "url": "https://www.instagram.com/explore/locations/522852522/art-/"
  },
  {
    "id": "103846904784130",
    "name": "Дача-Сад",
    "city": "Bortnitschi",
    "url": "https://www.instagram.com/explore/locations/103846904784130/-/"
  },
  {
    "id": "265874843",
    "name": "Kiev, UA",
    "city": "Bortnitschi",
    "url": "https://www.instagram.com/explore/locations/265874843/kiev-ua/"
  },
  {
    "id": "105071337729595",
    "name": "Banana Banananana",
    "city": "Bortnitschi",
    "url": "https://www.instagram.com/explore/locations/105071337729595/banana-banananana/"
  },
  {
    "id": "102732628803471",
    "name": "Megachans",
    "city": "Bortnitschi",
    "url": "https://www.instagram.com/explore/locations/102732628803471/megachans/"
  },
  {
    "id": "1022337724",
    "name": "Mamadentist",
    "city": "Bortnitschi",
    "url": "https://www.instagram.com/explore/locations/1022337724/mamadentist/"
  },
  {
    "id": "104543370960802",
    "name": "Klyb klyb",
    "city": "Bortnitschi",
    "url": "https://www.instagram.com/explore/locations/104543370960802/klyb-klyb/"
  },
  {
    "id": "103817882516962",
    "name": "GRKY - Espresso Bar - мережа кав'ярень",
    "city": "Bortnitschi",
    "url": "https://www.instagram.com/explore/locations/103817882516962/grky-espresso-bar-/"
  },
  {
    "id": "110332053881889",
    "name": "Pizzhub",
    "city": "Bortnitschi",
    "url": "https://www.instagram.com/explore/locations/110332053881889/pizzhub/"
  },
  {
    "id": "197263314373691",
    "name": "Благовіщенський Чоловічий Монастир - місто Київ",
    "city": "Bortnitschi",
    "url": "https://www.instagram.com/explore/locations/197263314373691/-/"
  },
  {
    "id": "625134744322217",
    "name": "Салон красоты Velardi",
    "city": "Bortnitschi",
    "url": "https://www.instagram.com/explore/locations/625134744322217/velardi/"
  },
  {
    "id": "110156677129959",
    "name": "ArmelleЙошкар Ола",
    "city": "Bortnitschi",
    "url": "https://www.instagram.com/explore/locations/110156677129959/armelle/"
  },
  {
    "id": "114757250343234",
    "name": "Greek island of Rhodes",
    "city": "Bortnitschi",
    "url": "https://www.instagram.com/explore/locations/114757250343234/greek-island-of-rhodes/"
  },
  {
    "id": "1668423203466398",
    "name": "Bezboz",
    "city": "Bortnitschi",
    "url": "https://www.instagram.com/explore/locations/1668423203466398/bezboz/"
  },
  {
    "id": "726980680735620",
    "name": "Соєві свічки Sage up",
    "city": "Bortnitschi",
    "url": "https://www.instagram.com/explore/locations/726980680735620/sage-up/"
  },
  {
    "id": "716079715405793",
    "name": "El Grano",
    "city": "Bortnitschi",
    "url": "https://www.instagram.com/explore/locations/716079715405793/el-grano/"
  },
  {
    "id": "110318740667361",
    "name": "I Belive In You",
    "city": "Bortnitschi",
    "url": "https://www.instagram.com/explore/locations/110318740667361/i-belive-in-you/"
  },
  {
    "id": "325221381440980",
    "name": "TISO Металообробка",
    "city": "Bortnitschi",
    "url": "https://www.instagram.com/explore/locations/325221381440980/tiso/"
  },
  {
    "id": "381643949148156",
    "name": "Life Love",
    "city": "Bortnitschi",
    "url": "https://www.instagram.com/explore/locations/381643949148156/life-love/"
  },
  {
    "id": "492012314309600",
    "name": "Glassgo - ексклюзивна склотара",
    "city": "Bortnitschi",
    "url": "https://www.instagram.com/explore/locations/492012314309600/glassgo-/"
  },
  {
    "id": "103364704812097",
    "name": "From_Paradise",
    "city": "Bortnitschi",
    "url": "https://www.instagram.com/explore/locations/103364704812097/from_paradise/"
  },
  {
    "id": "101436452451165",
    "name": "Sdgh",
    "city": "Bortnitschi",
    "url": "https://www.instagram.com/explore/locations/101436452451165/sdgh/"
  },
  {
    "id": "1981709052140286",
    "name": "Interactivity",
    "city": "Bortnitschi",
    "url": "https://www.instagram.com/explore/locations/1981709052140286/interactivity/"
  },
  {
    "id": "175373196376078",
    "name": "MasterMommy",
    "city": "Bortnitschi",
    "url": "https://www.instagram.com/explore/locations/175373196376078/mastermommy/"
  },
  {
    "id": "100869254946364",
    "name": "Berrrr",
    "city": "Bortnitschi",
    "url": "https://www.instagram.com/explore/locations/100869254946364/berrrr/"
  },
  {
    "id": "305168122841374",
    "name": "Ресторан-клуб \"Fiesta\"",
    "city": "Bortnitschi",
    "url": "https://www.instagram.com/explore/locations/305168122841374/-fiesta/"
  },
  {
    "id": "166293986557849",
    "name": "Loving Hut Kyiv, Ukraine",
    "city": "Bortnitschi",
    "url": "https://www.instagram.com/explore/locations/166293986557849/loving-hut-kyiv-ukraine/"
  },
  {
    "id": "108785235308717",
    "name": "Dobrobut",
    "city": "Bortnitschi",
    "url": "https://www.instagram.com/explore/locations/108785235308717/dobrobut/"
  },
  {
    "id": "263399362182524",
    "name": "Good Moment",
    "city": "Bortnitschi",
    "url": "https://www.instagram.com/explore/locations/263399362182524/good-moment/"
  },
  {
    "id": "100929945240899",
    "name": "Billish",
    "city": "Bortnitschi",
    "url": "https://www.instagram.com/explore/locations/100929945240899/billish/"
  },
  {
    "id": "108727117624558",
    "name": "MayBon",
    "city": "Bortnitschi",
    "url": "https://www.instagram.com/explore/locations/108727117624558/maybon/"
  },
  {
    "id": "105355068830044",
    "name": "Space Jam",
    "city": "Bortnitschi",
    "url": "https://www.instagram.com/explore/locations/105355068830044/space-jam/"
  },
  {
    "id": "104568057956888",
    "name": "Осокор-Барбекю",
    "city": "Bortnitschi",
    "url": "https://www.instagram.com/explore/locations/104568057956888/-/"
  },
  {
    "id": "614359352045017",
    "name": "Педагогическое училище/колледж 1",
    "city": "Bortnitschi",
    "url": "https://www.instagram.com/explore/locations/614359352045017/1/"
  },
  {
    "id": "101269958750815",
    "name": "Time management",
    "city": "Bortnitschi",
    "url": "https://www.instagram.com/explore/locations/101269958750815/time-management/"
  },
  {
    "id": "1721178001516602",
    "name": "Portobello Cafe",
    "city": "Bortnitschi",
    "url": "https://www.instagram.com/explore/locations/1721178001516602/portobello-cafe/"
  },
  {
    "id": "114033433382487",
    "name": "Manualistic Ukraine Международная Школа Эстетики и Массажа",
    "city": "Bortnitschi",
    "url": "https://www.instagram.com/explore/locations/114033433382487/manualistic-ukraine/"
  },
  {
    "id": "209325893318963",
    "name": "Life On Board",
    "city": "Bortnitschi",
    "url": "https://www.instagram.com/explore/locations/209325893318963/life-on-board/"
  },
  {
    "id": "198834784101680",
    "name": "Pioppo Nero",
    "city": "Bortnitschi",
    "url": "https://www.instagram.com/explore/locations/198834784101680/pioppo-nero/"
  },
  {
    "id": "824044581101323",
    "name": "Atelier by Matinee",
    "city": "Bortnitschi",
    "url": "https://www.instagram.com/explore/locations/824044581101323/atelier-by-matinee/"
  },
  {
    "id": "108223128575789",
    "name": "Mortician",
    "city": "Bortnitschi",
    "url": "https://www.instagram.com/explore/locations/108223128575789/mortician/"
  },
  {
    "id": "103532860995189",
    "name": "Sport life sport",
    "city": "Bortnitschi",
    "url": "https://www.instagram.com/explore/locations/103532860995189/sport-life-sport/"
  },
  {
    "id": "103390251809582",
    "name": "Osocor",
    "city": "Bortnitschi",
    "url": "https://www.instagram.com/explore/locations/103390251809582/osocor/"
  },
  {
    "id": "471257516",
    "name": "Дача Esquire",
    "city": "Bortnitschi",
    "url": "https://www.instagram.com/explore/locations/471257516/esquire/"
  },
  {
    "id": "1019950995",
    "name": "Майстерня краси \"BeautyArt\"",
    "city": "Bortnitschi",
    "url": "https://www.instagram.com/explore/locations/1019950995/beautyart/"
  },
  {
    "id": "110748187246366",
    "name": "World of animals",
    "city": "Bortnitschi",
    "url": "https://www.instagram.com/explore/locations/110748187246366/world-of-animals/"
  },
  {
    "id": "395354666996900",
    "name": "Panorama Osocor",
    "city": "Bortnitschi",
    "url": "https://www.instagram.com/explore/locations/395354666996900/panorama-osocor/"
  },
  {
    "id": "103807778016194",
    "name": "Студия Свадеб MAIVE Studio",
    "city": "Bortnitschi",
    "url": "https://www.instagram.com/explore/locations/103807778016194/maive-studio/"
  },
  {
    "id": "2095641754050068",
    "name": "Сели-Поели",
    "city": "Bortnitschi",
    "url": "https://www.instagram.com/explore/locations/2095641754050068/-/"
  },
  {
    "id": "1026388285",
    "name": "KitchenStuff",
    "city": "Bortnitschi",
    "url": "https://www.instagram.com/explore/locations/1026388285/kitchenstuff/"
  },
  {
    "id": "106254538973247",
    "name": "Grandmothers recipes",
    "city": "Bortnitschi",
    "url": "https://www.instagram.com/explore/locations/106254538973247/grandmothers-recipes/"
  },
  {
    "id": "787170261614646",
    "name": "Merit",
    "city": "Bortnitschi",
    "url": "https://www.instagram.com/explore/locations/787170261614646/merit/"
  },
  {
    "id": "351706472186492",
    "name": "ukraine_kiev_tour_guid",
    "city": "Bortnitschi",
    "url": "https://www.instagram.com/explore/locations/351706472186492/ukraine_kiev_tour_guid/"
  },
  {
    "id": "104038485743682",
    "name": "Local hood",
    "city": "Bortnitschi",
    "url": "https://www.instagram.com/explore/locations/104038485743682/local-hood/"
  },
  {
    "id": "100903691290227",
    "name": "Ariadi",
    "city": "Bortnitschi",
    "url": "https://www.instagram.com/explore/locations/100903691290227/ariadi/"
  },
  {
    "id": "100515175891369",
    "name": "Ghdg",
    "city": "Bortnitschi",
    "url": "https://www.instagram.com/explore/locations/100515175891369/ghdg/"
  },
  {
    "id": "592798074464374",
    "name": "Садик/Preschool \"Logos\"",
    "city": "Bortnitschi",
    "url": "https://www.instagram.com/explore/locations/592798074464374/preschool-logos/"
  },
  {
    "id": "100173178455895",
    "name": "The Дача",
    "city": "Bortnitschi",
    "url": "https://www.instagram.com/explore/locations/100173178455895/the/"
  },
  {
    "id": "110048878439677",
    "name": "Youthfulness of the skin",
    "city": "Bortnitschi",
    "url": "https://www.instagram.com/explore/locations/110048878439677/youthfulness-of-the-skin/"
  },
  {
    "id": "297593120444885",
    "name": "Nocomments Studio",
    "city": "Bortnitschi",
    "url": "https://www.instagram.com/explore/locations/297593120444885/nocomments-studio/"
  },
  {
    "id": "110834078347416",
    "name": "Halfling",
    "city": "Bortnitschi",
    "url": "https://www.instagram.com/explore/locations/110834078347416/halfling/"
  },
  {
    "id": "110861901677151",
    "name": "Twizzler",
    "city": "Bortnitschi",
    "url": "https://www.instagram.com/explore/locations/110861901677151/twizzler/"
  },
  {
    "id": "109133958500471",
    "name": "If at first you don't succeed",
    "city": "Bortnitschi",
    "url": "https://www.instagram.com/explore/locations/109133958500471/if-at-first-you-dont-succeed/"
  },
  {
    "id": "321522888644631",
    "name": "Озеро - карьер",
    "city": "Bortnitschi",
    "url": "https://www.instagram.com/explore/locations/321522888644631/-/"
  },
  {
    "id": "104648924731751",
    "name": "Свято-Благовещенский Мужской Монастырь",
    "city": "Bortnitschi",
    "url": "https://www.instagram.com/explore/locations/104648924731751/-/"
  },
  {
    "id": "116215713555063",
    "name": "Modern Art",
    "city": "Bortnitschi",
    "url": "https://www.instagram.com/explore/locations/116215713555063/modern-art/"
  },
  {
    "id": "111221274036928",
    "name": "Subila",
    "city": "Bortnitschi",
    "url": "https://www.instagram.com/explore/locations/111221274036928/subila/"
  },
  {
    "id": "1127016457338540",
    "name": "Соединение трубопроводов УКС-ГРУП Украина",
    "city": "Bortnitschi",
    "url": "https://www.instagram.com/explore/locations/1127016457338540/-/"
  },
  {
    "id": "113369683721990",
    "name": "Korolyova",
    "city": "Bortnitschi",
    "url": "https://www.instagram.com/explore/locations/113369683721990/korolyova/"
  },
  {
    "id": "100114796334656",
    "name": "Knower",
    "city": "Bortnitschi",
    "url": "https://www.instagram.com/explore/locations/100114796334656/knower/"
  },
  {
    "id": "856044869",
    "name": "LLC \"ITC \"Spline/ Виробничо-торгова компанія \"Сплайн\"",
    "city": "Bortnitschi",
    "url": "https://www.instagram.com/explore/locations/856044869/llc-itc-spline-/"
  },
  {
    "id": "115647563472054",
    "name": "Manufact.cafe",
    "city": "Bortnitschi",
    "url": "https://www.instagram.com/explore/locations/115647563472054/manufactcafe/"
  },
  {
    "id": "102309425988446",
    "name": "Facts about Scythians",
    "city": "Bortnitschi",
    "url": "https://www.instagram.com/explore/locations/102309425988446/facts-about-scythians/"
  },
  {
    "id": "239280202835849",
    "name": "Dog Decor",
    "city": "Bortnitschi",
    "url": "https://www.instagram.com/explore/locations/239280202835849/dog-decor/"
  },
  {
    "id": "103127945162812",
    "name": "Delikat",
    "city": "Bortnitschi",
    "url": "https://www.instagram.com/explore/locations/103127945162812/delikat/"
  },
  {
    "id": "102740622201204",
    "name": "Unit",
    "city": "Bortnitschi",
    "url": "https://www.instagram.com/explore/locations/102740622201204/unit/"
  },
  {
    "id": "105142178906036",
    "name": "Reformer",
    "city": "Bortnitschi",
    "url": "https://www.instagram.com/explore/locations/105142178906036/reformer/"
  },
  {
    "id": "100895952383072",
    "name": "Workout for yourself",
    "city": "Bortnitschi",
    "url": "https://www.instagram.com/explore/locations/100895952383072/workout-for-yourself/"
  },
  {
    "id": "110304260786114",
    "name": "Best name",
    "city": "Bortnitschi",
    "url": "https://www.instagram.com/explore/locations/110304260786114/best-name/"
  },
  {
    "id": "106190211766930",
    "name": "Kris Rose",
    "city": "Bortnitschi",
    "url": "https://www.instagram.com/explore/locations/106190211766930/kris-rose/"
  },
  {
    "id": "106693455262961",
    "name": "Ghj",
    "city": "Bortnitschi",
    "url": "https://www.instagram.com/explore/locations/106693455262961/ghj/"
  },
  {
    "id": "103085501798222",
    "name": "Juroca",
    "city": "Bortnitschi",
    "url": "https://www.instagram.com/explore/locations/103085501798222/juroca/"
  },
  {
    "id": "104341175665923",
    "name": "StroyMir",
    "city": "Bortnitschi",
    "url": "https://www.instagram.com/explore/locations/104341175665923/stroymir/"
  },
  {
    "id": "523859101405344",
    "name": "Neuro-knowledge",
    "city": "Bortnitschi",
    "url": "https://www.instagram.com/explore/locations/523859101405344/neuro-knowledge/"
  },
  {
    "id": "105907344355668",
    "name": "MicroGreen",
    "city": "Bortnitschi",
    "url": "https://www.instagram.com/explore/locations/105907344355668/microgreen/"
  },
  {
    "id": "102845874867309",
    "name": "KFKF",
    "city": "Bortnitschi",
    "url": "https://www.instagram.com/explore/locations/102845874867309/kfkf/"
  },
  {
    "id": "374510590064965",
    "name": "IDHolding",
    "city": "Bortnitschi",
    "url": "https://www.instagram.com/explore/locations/374510590064965/idholding/"
  },
  {
    "id": "104281534375073",
    "name": "Leri",
    "city": "Bortnitschi",
    "url": "https://www.instagram.com/explore/locations/104281534375073/leri/"
  },
  {
    "id": "100323022843209",
    "name": "YYgames56",
    "city": "Bortnitschi",
    "url": "https://www.instagram.com/explore/locations/100323022843209/yygames56/"
  },
  {
    "id": "357209901012119",
    "name": "SOKRUTA MEDICAL GROUP",
    "city": "Bortnitschi",
    "url": "https://www.instagram.com/explore/locations/357209901012119/sokruta-medical-group/"
  },
  {
    "id": "106699782166098",
    "name": "Juvenility",
    "city": "Bortnitschi",
    "url": "https://www.instagram.com/explore/locations/106699782166098/juvenility/"
  },
  {
    "id": "400125330493340",
    "name": "VADA. Безмежна любов до краси - це VADA.",
    "city": "Bortnitschi",
    "url": "https://www.instagram.com/explore/locations/400125330493340/vada-vada/"
  },
  {
    "id": "108551670504196",
    "name": "The ABC",
    "city": "Bortnitschi",
    "url": "https://www.instagram.com/explore/locations/108551670504196/the-abc/"
  },
  {
    "id": "106189178234194",
    "name": "The era of games",
    "city": "Bortnitschi",
    "url": "https://www.instagram.com/explore/locations/106189178234194/the-era-of-games/"
  },
  {
    "id": "112302704238726",
    "name": "Магия Таро -гадаю ,чистки",
    "city": "Bortnitschi",
    "url": "https://www.instagram.com/explore/locations/112302704238726/-/"
  },
  {
    "id": "1665131133762381",
    "name": "Pandora.rel",
    "city": "Bortnitschi",
    "url": "https://www.instagram.com/explore/locations/1665131133762381/pandorarel/"
  },
  {
    "id": "535415836870881",
    "name": "Melissa bakery",
    "city": "Bortnitschi",
    "url": "https://www.instagram.com/explore/locations/535415836870881/melissa-bakery/"
  },
  {
    "id": "1736005993376529",
    "name": "Morozovmx Motocross track",
    "city": "Bortnitschi",
    "url": "https://www.instagram.com/explore/locations/1736005993376529/morozovmx-motocross-track/"
  },
  {
    "id": "106123855201632",
    "name": "Hemoglobin Poop",
    "city": "Bortnitschi",
    "url": "https://www.instagram.com/explore/locations/106123855201632/hemoglobin-poop/"
  },
  {
    "id": "108966647157093",
    "name": "Українська асоціація емоційно-фокусованої терапії",
    "city": "Bortnitschi",
    "url": "https://www.instagram.com/explore/locations/108966647157093/-/"
  },
  {
    "id": "1535453476528151",
    "name": "Hotel Zaplavne",
    "city": "Bortnitschi",
    "url": "https://www.instagram.com/explore/locations/1535453476528151/hotel-zaplavne/"
  },
  {
    "id": "100877521763508",
    "name": "My life and picture",
    "city": "Bortnitschi",
    "url": "https://www.instagram.com/explore/locations/100877521763508/my-life-and-picture/"
  },
  {
    "id": "505846712934979",
    "name": "Dating Bridge",
    "city": "Bortnitschi",
    "url": "https://www.instagram.com/explore/locations/505846712934979/dating-bridge/"
  },
  {
    "id": "180476088486523",
    "name": "Likeeeeee",
    "city": "Bortnitschi",
    "url": "https://www.instagram.com/explore/locations/180476088486523/likeeeeee/"
  },
  {
    "id": "210046026032994",
    "name": "Магазин джибітсів «POO»",
    "city": "Bortnitschi",
    "url": "https://www.instagram.com/explore/locations/210046026032994/poo/"
  },
  {
    "id": "110169640362028",
    "name": "Today a Good Day",
    "city": "Bortnitschi",
    "url": "https://www.instagram.com/explore/locations/110169640362028/today-a-good-day/"
  },
  {
    "id": "105678525536756",
    "name": "NightLady",
    "city": "Bortnitschi",
    "url": "https://www.instagram.com/explore/locations/105678525536756/nightlady/"
  },
  {
    "id": "794965004030850",
    "name": "Avangard",
    "city": "Bortnitschi",
    "url": "https://www.instagram.com/explore/locations/794965004030850/avangard/"
  },
  {
    "id": "775669652576503",
    "name": "TіSO",
    "city": "Bortnitschi",
    "url": "https://www.instagram.com/explore/locations/775669652576503/tso/"
  },
  {
    "id": "105175768026959",
    "name": "Fire Dragon Rise",
    "city": "Bortnitschi",
    "url": "https://www.instagram.com/explore/locations/105175768026959/fire-dragon-rise/"
  },
  {
    "id": "243932335994496",
    "name": "Mary INK",
    "city": "Bortnitschi",
    "url": "https://www.instagram.com/explore/locations/243932335994496/mary-ink/"
  },
  {
    "id": "268949666474882",
    "name": "Samsung Staron",
    "city": "Bortnitschi",
    "url": "https://www.instagram.com/explore/locations/268949666474882/samsung-staron/"
  },
  {
    "id": "104314984661373",
    "name": "Lady Stretch сеть студий растяжки Казахстан",
    "city": "Bortnitschi",
    "url": "https://www.instagram.com/explore/locations/104314984661373/lady-stretch/"
  },
  {
    "id": "628415944275860",
    "name": "Engeneering Solutions",
    "city": "Bortnitschi",
    "url": "https://www.instagram.com/explore/locations/628415944275860/engeneering-solutions/"
  },
  {
    "id": "325356317318745",
    "name": "Teamania",
    "city": "Bortnitschi",
    "url": "https://www.instagram.com/explore/locations/325356317318745/teamania/"
  },
  {
    "id": "103084661849634",
    "name": "New Software",
    "city": "Bortnitschi",
    "url": "https://www.instagram.com/explore/locations/103084661849634/new-software/"
  },
  {
    "id": "108158840650843",
    "name": "Five planets",
    "city": "Bortnitschi",
    "url": "https://www.instagram.com/explore/locations/108158840650843/five-planets/"
  },
  {
    "id": "100801668336344",
    "name": "PlayPlay",
    "city": "Bortnitschi",
    "url": "https://www.instagram.com/explore/locations/100801668336344/playplay/"
  },
  {
    "id": "104355384321290",
    "name": "Top News",
    "city": "Bortnitschi",
    "url": "https://www.instagram.com/explore/locations/104355384321290/top-news/"
  },
  {
    "id": "100946139246785",
    "name": "The more you give the more you love",
    "city": "Bortnitschi",
    "url": "https://www.instagram.com/explore/locations/100946139246785/the-more-you-give-the-more-you-love/"
  },
  {
    "id": "100817546023938",
    "name": "Nightlite",
    "city": "Bortnitschi",
    "url": "https://www.instagram.com/explore/locations/100817546023938/nightlite/"
  },
  {
    "id": "110096748403270",
    "name": "Gerbilator",
    "city": "Bortnitschi",
    "url": "https://www.instagram.com/explore/locations/110096748403270/gerbilator/"
  },
  {
    "id": "280299172636238",
    "name": "ЛОА -текстиль",
    "city": "Bortnitschi",
    "url": "https://www.instagram.com/explore/locations/280299172636238/-/"
  },
  {
    "id": "106564971284823",
    "name": "JNGL apps Vishneve",
    "city": "Bortnitschi",
    "url": "https://www.instagram.com/explore/locations/106564971284823/jngl-apps-vishneve/"
  },
  {
    "id": "109376648486604",
    "name": "RobbingHood",
    "city": "Bortnitschi",
    "url": "https://www.instagram.com/explore/locations/109376648486604/robbinghood/"
  },
  {
    "id": "127663600437093",
    "name": "Osmantus Boutique - посуд та чай",
    "city": "Bortnitschi",
    "url": "https://www.instagram.com/explore/locations/127663600437093/osmantus-boutique-/"
  },
  {
    "id": "103387614648522",
    "name": "Did you know",
    "city": "Bortnitschi",
    "url": "https://www.instagram.com/explore/locations/103387614648522/did-you-know/"
  },
  {
    "id": "111406310273886",
    "name": "Osocor Beach",
    "city": "Bortnitschi",
    "url": "https://www.instagram.com/explore/locations/111406310273886/osocor-beach/"
  },
  {
    "id": "101080536133395",
    "name": "Murie",
    "city": "Bortnitschi",
    "url": "https://www.instagram.com/explore/locations/101080536133395/murie/"
  },
  {
    "id": "645700919220151",
    "name": "Realtime",
    "city": "Bortnitschi",
    "url": "https://www.instagram.com/explore/locations/645700919220151/realtime/"
  },
  {
    "id": "1011553906",
    "name": "Okamoto презервативы",
    "city": "Bortnitschi",
    "url": "https://www.instagram.com/explore/locations/1011553906/okamoto/"
  },
  {
    "id": "103282837913048",
    "name": "Puntata",
    "city": "Bortnitschi",
    "url": "https://www.instagram.com/explore/locations/103282837913048/puntata/"
  },
  {
    "id": "101993215979642",
    "name": "Prettiness",
    "city": "Bortnitschi",
    "url": "https://www.instagram.com/explore/locations/101993215979642/prettiness/"
  },
  {
    "id": "890183087985682",
    "name": "My new life - oil painting. NikoL-T Art.",
    "city": "Bortnitschi",
    "url": "https://www.instagram.com/explore/locations/890183087985682/my-new-life-oil-painting-nikol-t-art/"
  },
  {
    "id": "103293012103406",
    "name": "RUMA ONE",
    "city": "Bortnitschi",
    "url": "https://www.instagram.com/explore/locations/103293012103406/ruma-one/"
  },
  {
    "id": "1020353913",
    "name": "KOKOS | Supper Club",
    "city": "Bortnitschi",
    "url": "https://www.instagram.com/explore/locations/1020353913/kokos-supper-club/"
  },
  {
    "id": "588592591804753",
    "name": "Your Victory",
    "city": "Bortnitschi",
    "url": "https://www.instagram.com/explore/locations/588592591804753/your-victory/"
  },
  {
    "id": "111518673799234",
    "name": "blondInna",
    "city": "Bortnitschi",
    "url": "https://www.instagram.com/explore/locations/111518673799234/blondinna/"
  },
  {
    "id": "111943606934683",
    "name": "BagMax",
    "city": "Bortnitschi",
    "url": "https://www.instagram.com/explore/locations/111943606934683/bagmax/"
  },
  {
    "id": "480991452406113",
    "name": "Atelier by Lena Topalova",
    "city": "Bortnitschi",
    "url": "https://www.instagram.com/explore/locations/480991452406113/atelier-by-lena-topalova/"
  },
  {
    "id": "101048252320838",
    "name": "Emojy Smile",
    "city": "Bortnitschi",
    "url": "https://www.instagram.com/explore/locations/101048252320838/emojy-smile/"
  },
  {
    "id": "102783762529423",
    "name": "Old As Time",
    "city": "Bortnitschi",
    "url": "https://www.instagram.com/explore/locations/102783762529423/old-as-time/"
  },
  {
    "id": "103110444666277",
    "name": "Lunch time",
    "city": "Bortnitschi",
    "url": "https://www.instagram.com/explore/locations/103110444666277/lunch-time/"
  },
  {
    "id": "1020381063",
    "name": "Kiev Party Group",
    "city": "Bortnitschi",
    "url": "https://www.instagram.com/explore/locations/1020381063/kiev-party-group/"
  },
  {
    "id": "100185015826128",
    "name": "Life kiss",
    "city": "Bortnitschi",
    "url": "https://www.instagram.com/explore/locations/100185015826128/life-kiss/"
  },
  {
    "id": "666915100398743",
    "name": "ITishko",
    "city": "Bortnitschi",
    "url": "https://www.instagram.com/explore/locations/666915100398743/itishko/"
  },
  {
    "id": "831210967000270",
    "name": "WHICH BLACK",
    "city": "Bortnitschi",
    "url": "https://www.instagram.com/explore/locations/831210967000270/which-black/"
  },
  {
    "id": "104985501626444",
    "name": "Роддом Adonis",
    "city": "Bortnitschi",
    "url": "https://www.instagram.com/explore/locations/104985501626444/adonis/"
  },
  {
    "id": "268192916375602",
    "name": "Автомийка, Київ, Харківське шосе 143/22",
    "city": "Bortnitschi",
    "url": "https://www.instagram.com/explore/locations/268192916375602/14322/"
  },
  {
    "id": "222894180904780",
    "name": "Фітнес-Студія Tanya Leta: Пілатес, Стретчинг, Функціонал ЖК Комфорт Таун",
    "city": "Bortnitschi",
    "url": "https://www.instagram.com/explore/locations/222894180904780/-tanya-leta/"
  },
  {
    "id": "100899561517363",
    "name": "Antique Big Chest",
    "city": "Bortnitschi",
    "url": "https://www.instagram.com/explore/locations/100899561517363/antique-big-chest/"
  },
  {
    "id": "105286612466399",
    "name": "Fransisko",
    "city": "Bortnitschi",
    "url": "https://www.instagram.com/explore/locations/105286612466399/fransisko/"
  },
  {
    "id": "313711085497253",
    "name": "Sunit",
    "city": "Bortnitschi",
    "url": "https://www.instagram.com/explore/locations/313711085497253/sunit/"
  },
  {
    "id": "107170794560872",
    "name": "RTVELISI-Україна Грузинське вино",
    "city": "Bortnitschi",
    "url": "https://www.instagram.com/explore/locations/107170794560872/rtvelisi-/"
  },
  {
    "id": "1030073775",
    "name": "Свято-Благовещенская Обитель",
    "city": "Bortnitschi",
    "url": "https://www.instagram.com/explore/locations/1030073775/-/"
  },
  {
    "id": "1691708894401239",
    "name": "Pet Kyiv",
    "city": "Bortnitschi",
    "url": "https://www.instagram.com/explore/locations/1691708894401239/pet-kyiv/"
  },
  {
    "id": "570775899797422",
    "name": "АВТОР ЖИЗНИ Kids",
    "city": "Bortnitschi",
    "url": "https://www.instagram.com/explore/locations/570775899797422/kids/"
  },
  {
    "id": "104201730961725",
    "name": "There are nice news",
    "city": "Bortnitschi",
    "url": "https://www.instagram.com/explore/locations/104201730961725/there-are-nice-news/"
  },
  {
    "id": "101436192290133",
    "name": "Few words",
    "city": "Bortnitschi",
    "url": "https://www.instagram.com/explore/locations/101436192290133/few-words/"
  },
  {
    "id": "101469029005510",
    "name": "Perverted Search",
    "city": "Bortnitschi",
    "url": "https://www.instagram.com/explore/locations/101469029005510/perverted-search/"
  },
  {
    "id": "108609435220409",
    "name": "Iksddd",
    "city": "Bortnitschi",
    "url": "https://www.instagram.com/explore/locations/108609435220409/iksddd/"
  },
  {
    "id": "2409761022592040",
    "name": "Свято-Покровський храм",
    "city": "Bortnitschi",
    "url": "https://www.instagram.com/explore/locations/2409761022592040/-/"
  },
  {
    "id": "107530132257497",
    "name": "Mersedes AMG",
    "city": "Bortnitschi",
    "url": "https://www.instagram.com/explore/locations/107530132257497/mersedes-amg/"
  },
  {
    "id": "103710938311752",
    "name": "Swatch",
    "city": "Bortnitschi",
    "url": "https://www.instagram.com/explore/locations/103710938311752/swatch/"
  },
  {
    "id": "252214976678768",
    "name": "Home atmosphere",
    "city": "Bortnitschi",
    "url": "https://www.instagram.com/explore/locations/252214976678768/home-atmosphere/"
  },
  {
    "id": "104319858237518",
    "name": "Интернет-курсы \"Прекрасный день\"",
    "city": "Bortnitschi",
    "url": "https://www.instagram.com/explore/locations/104319858237518/-/"
  },
  {
    "id": "109605238318379",
    "name": "Knyharniaye",
    "city": "Bortnitschi",
    "url": "https://www.instagram.com/explore/locations/109605238318379/knyharniaye/"
  },
  {
    "id": "100127673092983",
    "name": "Pelargonium",
    "city": "Bortnitschi",
    "url": "https://www.instagram.com/explore/locations/100127673092983/pelargonium/"
  },
  {
    "id": "538872829620082",
    "name": "Домашние Тортики На Заказ Киев-Бровары",
    "city": "Bortnitschi",
    "url": "https://www.instagram.com/explore/locations/538872829620082/-/"
  },
  {
    "id": "109492454228412",
    "name": "My photo",
    "city": "Bortnitschi",
    "url": "https://www.instagram.com/explore/locations/109492454228412/my-photo/"
  },
  {
    "id": "106450534517142",
    "name": "Lover Mountain",
    "city": "Bortnitschi",
    "url": "https://www.instagram.com/explore/locations/106450534517142/lover-mountain/"
  },
  {
    "id": "932673326925572",
    "name": "Ул. Рыбацкая, с.т.Святыще-2",
    "city": "Bortnitschi",
    "url": "https://www.instagram.com/explore/locations/932673326925572/-2/"
  },
  {
    "id": "102150858231468",
    "name": "Vetpet",
    "city": "Bortnitschi",
    "url": "https://www.instagram.com/explore/locations/102150858231468/vetpet/"
  },
  {
    "id": "105383609301522",
    "name": "Manu Kiaj",
    "city": "Bortnitschi",
    "url": "https://www.instagram.com/explore/locations/105383609301522/manu-kiaj/"
  },
  {
    "id": "498889656828004",
    "name": "Mangalych-Мангалыч",
    "city": "Bortnitschi",
    "url": "https://www.instagram.com/explore/locations/498889656828004/mangalych-/"
  },
  {
    "id": "101075948997332",
    "name": "Agro Best",
    "city": "Bortnitschi",
    "url": "https://www.instagram.com/explore/locations/101075948997332/agro-best/"
  },
  {
    "id": "105140571906555",
    "name": "Bbbbmm",
    "city": "Bortnitschi",
    "url": "https://www.instagram.com/explore/locations/105140571906555/bbbbmm/"
  },
  {
    "id": "106197345592182",
    "name": "Good Luck 777",
    "city": "Bortnitschi",
    "url": "https://www.instagram.com/explore/locations/106197345592182/good-luck-777/"
  },
  {
    "id": "102721351571119",
    "name": "Top 24",
    "city": "Bortnitschi",
    "url": "https://www.instagram.com/explore/locations/102721351571119/top-24/"
  },
  {
    "id": "100174918975446",
    "name": "Магазин женского белья Julia",
    "city": "Bortnitschi",
    "url": "https://www.instagram.com/explore/locations/100174918975446/julia/"
  },
  {
    "id": "100621965179982",
    "name": "Large dump trucks",
    "city": "Bortnitschi",
    "url": "https://www.instagram.com/explore/locations/100621965179982/large-dump-trucks/"
  },
  {
    "id": "2315386198582477",
    "name": "Fortuna Silvae .Продажа, пригон авто из Европы и Америки",
    "city": "Bortnitschi",
    "url": "https://www.instagram.com/explore/locations/2315386198582477/fortuna-silvae/"
  },
  {
    "id": "2074176796135459",
    "name": "VPGroup",
    "city": "Bortnitschi",
    "url": "https://www.instagram.com/explore/locations/2074176796135459/vpgroup/"
  },
  {
    "id": "105335924297773",
    "name": "Shop toys",
    "city": "Bortnitschi",
    "url": "https://www.instagram.com/explore/locations/105335924297773/shop-toys/"
  },
  {
    "id": "106426555245768",
    "name": "Fgg",
    "city": "Bortnitschi",
    "url": "https://www.instagram.com/explore/locations/106426555245768/fgg/"
  },
  {
    "id": "107786212032519",
    "name": "Body exercise",
    "city": "Bortnitschi",
    "url": "https://www.instagram.com/explore/locations/107786212032519/body-exercise/"
  },
  {
    "id": "105638374960054",
    "name": "Чайная Вокруг Света - Киев",
    "city": "Bortnitschi",
    "url": "https://www.instagram.com/explore/locations/105638374960054/-/"
  },
  {
    "id": "101238161494591",
    "name": "Tanster",
    "city": "Bortnitschi",
    "url": "https://www.instagram.com/explore/locations/101238161494591/tanster/"
  },
  {
    "id": "103785735576895",
    "name": "Blabby",
    "city": "Bortnitschi",
    "url": "https://www.instagram.com/explore/locations/103785735576895/blabby/"
  },
  {
    "id": "110702410274628",
    "name": "TV Staff Ремонт телевизоров на дому в Киеве и Киевской области",
    "city": "Bortnitschi",
    "url": "https://www.instagram.com/explore/locations/110702410274628/tv-staff/"
  },
  {
    "id": "106116591678033",
    "name": "Bogomolec_clinic",
    "city": "Bortnitschi",
    "url": "https://www.instagram.com/explore/locations/106116591678033/bogomolec_clinic/"
  },
  {
    "id": "102928368169131",
    "name": "Salgem",
    "city": "Bortnitschi",
    "url": "https://www.instagram.com/explore/locations/102928368169131/salgem/"
  },
  {
    "id": "104685028931504",
    "name": "Nightlite",
    "city": "Bortnitschi",
    "url": "https://www.instagram.com/explore/locations/104685028931504/nightlite/"
  },
  {
    "id": "104178968728525",
    "name": "Lubov",
    "city": "Bortnitschi",
    "url": "https://www.instagram.com/explore/locations/104178968728525/lubov/"
  },
  {
    "id": "100528752797746",
    "name": "Greatest Photos",
    "city": "Bortnitschi",
    "url": "https://www.instagram.com/explore/locations/100528752797746/greatest-photos/"
  },
  {
    "id": "104283112339996",
    "name": "TrueFate",
    "city": "Bortnitschi",
    "url": "https://www.instagram.com/explore/locations/104283112339996/truefate/"
  },
  {
    "id": "385589785421113",
    "name": "Life Begin",
    "city": "Bortnitschi",
    "url": "https://www.instagram.com/explore/locations/385589785421113/life-begin/"
  },
  {
    "id": "358467367653878",
    "name": "Rush-Speakers",
    "city": "Bortnitschi",
    "url": "https://www.instagram.com/explore/locations/358467367653878/rush-speakers/"
  },
  {
    "id": "376212589558886",
    "name": "Laverat.kiev",
    "city": "Bortnitschi",
    "url": "https://www.instagram.com/explore/locations/376212589558886/laveratkiev/"
  },
  {
    "id": "107729950931981",
    "name": "Деньги под 0%",
    "city": "Bortnitschi",
    "url": "https://www.instagram.com/explore/locations/107729950931981/0/"
  },
  {
    "id": "106054664637567",
    "name": "Blog for me",
    "city": "Bortnitschi",
    "url": "https://www.instagram.com/explore/locations/106054664637567/blog-for-me/"
  },
  {
    "id": "100339255969019",
    "name": "HardGym",
    "city": "Bortnitschi",
    "url": "https://www.instagram.com/explore/locations/100339255969019/hardgym/"
  },
  {
    "id": "106271237690449",
    "name": "Md. Miraj Raj2",
    "city": "Bortnitschi",
    "url": "https://www.instagram.com/explore/locations/106271237690449/md-miraj-raj2/"
  },
  {
    "id": "110130317518898",
    "name": "Women's secrets",
    "city": "Bortnitschi",
    "url": "https://www.instagram.com/explore/locations/110130317518898/womens-secrets/"
  },
  {
    "id": "104110249289816",
    "name": "Mayaki",
    "city": "Bortnitschi",
    "url": "https://www.instagram.com/explore/locations/104110249289816/mayaki/"
  },
  {
    "id": "104840579069737",
    "name": "Princess Shop",
    "city": "Bortnitschi",
    "url": "https://www.instagram.com/explore/locations/104840579069737/princess-shop/"
  },
  {
    "id": "649230911880518",
    "name": "Eurozoo+",
    "city": "Bortnitschi",
    "url": "https://www.instagram.com/explore/locations/649230911880518/eurozoo/"
  },
  {
    "id": "102362742522171",
    "name": "Seismology",
    "city": "Bortnitschi",
    "url": "https://www.instagram.com/explore/locations/102362742522171/seismology/"
  },
  {
    "id": "100205212743280",
    "name": "Like a bird without a cage",
    "city": "Bortnitschi",
    "url": "https://www.instagram.com/explore/locations/100205212743280/like-a-bird-without-a-cage/"
  },
  {
    "id": "106876211763266",
    "name": "Drink House",
    "city": "Bortnitschi",
    "url": "https://www.instagram.com/explore/locations/106876211763266/drink-house/"
  },
  {
    "id": "107948922123208",
    "name": "Funny Images",
    "city": "Bortnitschi",
    "url": "https://www.instagram.com/explore/locations/107948922123208/funny-images/"
  },
  {
    "id": "106998327740813",
    "name": "Beauty savesthe world",
    "city": "Bortnitschi",
    "url": "https://www.instagram.com/explore/locations/106998327740813/beauty-savesthe-world/"
  },
  {
    "id": "102464392350498",
    "name": "What is your favorite movie",
    "city": "Bortnitschi",
    "url": "https://www.instagram.com/explore/locations/102464392350498/what-is-your-favorite-movie/"
  },
  {
    "id": "109255885020995",
    "name": "Fact people",
    "city": "Bortnitschi",
    "url": "https://www.instagram.com/explore/locations/109255885020995/fact-people/"
  },
  {
    "id": "1034010803355291",
    "name": "Структурно-мышечный массаж",
    "city": "Bortnitschi",
    "url": "https://www.instagram.com/explore/locations/1034010803355291/-/"
  },
  {
    "id": "106348772066930",
    "name": "Romeo Shop",
    "city": "Bortnitschi",
    "url": "https://www.instagram.com/explore/locations/106348772066930/romeo-shop/"
  },
  {
    "id": "357927474873194",
    "name": "Life Preasure",
    "city": "Bortnitschi",
    "url": "https://www.instagram.com/explore/locations/357927474873194/life-preasure/"
  },
  {
    "id": "364859600755341",
    "name": "Fantastic Agency",
    "city": "Bortnitschi",
    "url": "https://www.instagram.com/explore/locations/364859600755341/fantastic-agency/"
  },
  {
    "id": "740849853",
    "name": "Борисовы House",
    "city": "Bortnitschi",
    "url": "https://www.instagram.com/explore/locations/740849853/house/"
  },
  {
    "id": "107991292254655",
    "name": "Malath",
    "city": "Bortnitschi",
    "url": "https://www.instagram.com/explore/locations/107991292254655/malath/"
  },
  {
    "id": "105156017951803",
    "name": "The pearl of Scandinavia",
    "city": "Bortnitschi",
    "url": "https://www.instagram.com/explore/locations/105156017951803/the-pearl-of-scandinavia/"
  },
  {
    "id": "644700872813185",
    "name": "FKFK",
    "city": "Bortnitschi",
    "url": "https://www.instagram.com/explore/locations/644700872813185/fkfk/"
  },
  {
    "id": "102274109221085",
    "name": "Freedom Planet",
    "city": "Bortnitschi",
    "url": "https://www.instagram.com/explore/locations/102274109221085/freedom-planet/"
  },
  {
    "id": "106739655236554",
    "name": "Zdg",
    "city": "Bortnitschi",
    "url": "https://www.instagram.com/explore/locations/106739655236554/zdg/"
  },
  {
    "id": "106446658766441",
    "name": "AnarKiss",
    "city": "Bortnitschi",
    "url": "https://www.instagram.com/explore/locations/106446658766441/anarkiss/"
  },
  {
    "id": "106917331778360",
    "name": "Otpusk",
    "city": "Bortnitschi",
    "url": "https://www.instagram.com/explore/locations/106917331778360/otpusk/"
  },
  {
    "id": "109482030532409",
    "name": "Asia Star - Питомник среднеазиатской овчарки и породы мопс в Киеве",
    "city": "Bortnitschi",
    "url": "https://www.instagram.com/explore/locations/109482030532409/asia-star-/"
  },
  {
    "id": "973818369364468",
    "name": "Natalya Belokoneva - массаж и красота",
    "city": "Bortnitschi",
    "url": "https://www.instagram.com/explore/locations/973818369364468/natalya-belokoneva-/"
  },
  {
    "id": "109867988415142",
    "name": "Lpg Shipping",
    "city": "Bortnitschi",
    "url": "https://www.instagram.com/explore/locations/109867988415142/lpg-shipping/"
  },
  {
    "id": "105538024279985",
    "name": "TKS",
    "city": "Bortnitschi",
    "url": "https://www.instagram.com/explore/locations/105538024279985/tks/"
  },
  {
    "id": "106952182044408",
    "name": "ObLk",
    "city": "Bortnitschi",
    "url": "https://www.instagram.com/explore/locations/106952182044408/oblk/"
  },
  {
    "id": "102264125258633",
    "name": "Vaikiki LC",
    "city": "Bortnitschi",
    "url": "https://www.instagram.com/explore/locations/102264125258633/vaikiki-lc/"
  },
  {
    "id": "100397949335854",
    "name": "Travel To Africa",
    "city": "Bortnitschi",
    "url": "https://www.instagram.com/explore/locations/100397949335854/travel-to-africa/"
  },
  {
    "id": "102176972524065",
    "name": "BloodSoul",
    "city": "Bortnitschi",
    "url": "https://www.instagram.com/explore/locations/102176972524065/bloodsoul/"
  },
  {
    "id": "2338318046402328",
    "name": "Beam",
    "city": "Bortnitschi",
    "url": "https://www.instagram.com/explore/locations/2338318046402328/beam/"
  },
  {
    "id": "950040258745487",
    "name": "Life Hope",
    "city": "Bortnitschi",
    "url": "https://www.instagram.com/explore/locations/950040258745487/life-hope/"
  },
  {
    "id": "111925330550536",
    "name": "New Game",
    "city": "Bortnitschi",
    "url": "https://www.instagram.com/explore/locations/111925330550536/new-game/"
  },
  {
    "id": "112735793841436",
    "name": "BB17",
    "city": "Bortnitschi",
    "url": "https://www.instagram.com/explore/locations/112735793841436/bb17/"
  },
  {
    "id": "100520295086776",
    "name": "Top Secret",
    "city": "Bortnitschi",
    "url": "https://www.instagram.com/explore/locations/100520295086776/top-secret/"
  },
  {
    "id": "975615109197687",
    "name": "Zriz.com.ua зріз та видалення дерев",
    "city": "Bortnitschi",
    "url": "https://www.instagram.com/explore/locations/975615109197687/zrizcomua/"
  },
  {
    "id": "113591611226127",
    "name": "Xfn",
    "city": "Bortnitschi",
    "url": "https://www.instagram.com/explore/locations/113591611226127/xfn/"
  },
  {
    "id": "119034106430397",
    "name": "GonzoKey",
    "city": "Bortnitschi",
    "url": "https://www.instagram.com/explore/locations/119034106430397/gonzokey/"
  },
  {
    "id": "113400691134578",
    "name": "Rowing-machine",
    "city": "Bortnitschi",
    "url": "https://www.instagram.com/explore/locations/113400691134578/rowing-machine/"
  },
  {
    "id": "449589562152936",
    "name": "Бортничи, Промышленная 2",
    "city": "Bortnitschi",
    "url": "https://www.instagram.com/explore/locations/449589562152936/2/"
  },
  {
    "id": "111963645025700",
    "name": "Business Billioner",
    "city": "Bortnitschi",
    "url": "https://www.instagram.com/explore/locations/111963645025700/business-billioner/"
  },
  {
    "id": "112144433764056",
    "name": "Agustin Buyatti2",
    "city": "Bortnitschi",
    "url": "https://www.instagram.com/explore/locations/112144433764056/agustin-buyatti2/"
  },
  {
    "id": "111141654018423",
    "name": "Ukrainian summer military games",
    "city": "Bortnitschi",
    "url": "https://www.instagram.com/explore/locations/111141654018423/ukrainian-summer-military-games/"
  },
  {
    "id": "1237364186437939",
    "name": "Military Park",
    "city": "Bortnitschi",
    "url": "https://www.instagram.com/explore/locations/1237364186437939/military-park/"
  },
  {
    "id": "111453464920710",
    "name": "Myopia",
    "city": "Bortnitschi",
    "url": "https://www.instagram.com/explore/locations/111453464920710/myopia/"
  },
  {
    "id": "100170681829603",
    "name": "Musical pause",
    "city": "Bortnitschi",
    "url": "https://www.instagram.com/explore/locations/100170681829603/musical-pause/"
  },
  {
    "id": "110524627301153",
    "name": "Papercraft Shop",
    "city": "Bortnitschi",
    "url": "https://www.instagram.com/explore/locations/110524627301153/papercraft-shop/"
  },
  {
    "id": "102772838342041",
    "name": "BurningTime",
    "city": "Bortnitschi",
    "url": "https://www.instagram.com/explore/locations/102772838342041/burningtime/"
  },
  {
    "id": "122325314102424",
    "name": "Nikita Work",
    "city": "Bortnitschi",
    "url": "https://www.instagram.com/explore/locations/122325314102424/nikita-work/"
  },
  {
    "id": "111122995054394",
    "name": "Nature For Nature",
    "city": "Bortnitschi",
    "url": "https://www.instagram.com/explore/locations/111122995054394/nature-for-nature/"
  },
  {
    "id": "100862219361440",
    "name": "Salamandrine",
    "city": "Bortnitschi",
    "url": "https://www.instagram.com/explore/locations/100862219361440/salamandrine/"
  },
  {
    "id": "481415772622104",
    "name": "Health Wealth",
    "city": "Bortnitschi",
    "url": "https://www.instagram.com/explore/locations/481415772622104/health-wealth/"
  },
  {
    "id": "108239824909208",
    "name": "Ganud Store",
    "city": "Bortnitschi",
    "url": "https://www.instagram.com/explore/locations/108239824909208/ganud-store/"
  },
  {
    "id": "1133497566703797",
    "name": "LC \"Lex&Low\"",
    "city": "Bortnitschi",
    "url": "https://www.instagram.com/explore/locations/1133497566703797/lc-lexlow/"
  },
  {
    "id": "101915259222309",
    "name": "Gerula FOPs",
    "city": "Bortnitschi",
    "url": "https://www.instagram.com/explore/locations/101915259222309/gerula-fops/"
  },
  {
    "id": "110238931815455",
    "name": "starry sky",
    "city": "Bortnitschi",
    "url": "https://www.instagram.com/explore/locations/110238931815455/starry-sky/"
  },
  {
    "id": "439098940152420",
    "name": "Health G",
    "city": "Bortnitschi",
    "url": "https://www.instagram.com/explore/locations/439098940152420/health-g/"
  },
  {
    "id": "1020843587",
    "name": "Kate Melnychuk Photography",
    "city": "Bortnitschi",
    "url": "https://www.instagram.com/explore/locations/1020843587/kate-melnychuk-photography/"
  },
  {
    "id": "1016969426",
    "name": "Адвокат в Киеве Талдыкин Юрий Александрович тел. 050 908 27 33",
    "city": "Bortnitschi",
    "url": "https://www.instagram.com/explore/locations/1016969426/050-908-27-33/"
  },
  {
    "id": "621080187",
    "name": "ORIZAP",
    "city": "Bortnitschi",
    "url": "https://www.instagram.com/explore/locations/621080187/orizap/"
  },
  {
    "id": "284654347",
    "name": "Me Gusta",
    "city": "Bortnitschi",
    "url": "https://www.instagram.com/explore/locations/284654347/me-gusta/"
  },
  {
    "id": "700183803503300",
    "name": "Kaminskys Bakery",
    "city": "Bortnitschi",
    "url": "https://www.instagram.com/explore/locations/700183803503300/kaminskys-bakery/"
  },
  {
    "id": "112755738410458",
    "name": "Tiger Foot",
    "city": "Bortnitschi",
    "url": "https://www.instagram.com/explore/locations/112755738410458/tiger-foot/"
  },
  {
    "id": "1264062413752308",
    "name": "Fantastic Date",
    "city": "Bortnitschi",
    "url": "https://www.instagram.com/explore/locations/1264062413752308/fantastic-date/"
  },
  {
    "id": "1204848306251123",
    "name": "Zoruk Wedding Agency",
    "city": "Bortnitschi",
    "url": "https://www.instagram.com/explore/locations/1204848306251123/zoruk-wedding-agency/"
  },
  {
    "id": "100650125770542",
    "name": "Overhead-compartment",
    "city": "Bortnitschi",
    "url": "https://www.instagram.com/explore/locations/100650125770542/overhead-compartment/"
  },
  {
    "id": "102739418045085",
    "name": "Empfohlen",
    "city": "Bortnitschi",
    "url": "https://www.instagram.com/explore/locations/102739418045085/empfohlen/"
  },
  {
    "id": "111027861351328",
    "name": "Lakoj",
    "city": "Bortnitschi",
    "url": "https://www.instagram.com/explore/locations/111027861351328/lakoj/"
  },
  {
    "id": "118179134592368",
    "name": "Burabor",
    "city": "Bortnitschi",
    "url": "https://www.instagram.com/explore/locations/118179134592368/burabor/"
  },
  {
    "id": "101265428948814",
    "name": "Sad_and_garden",
    "city": "Bortnitschi",
    "url": "https://www.instagram.com/explore/locations/101265428948814/sad_and_garden/"
  },
  {
    "id": "103523099110153",
    "name": "Itkina FIOs",
    "city": "Bortnitschi",
    "url": "https://www.instagram.com/explore/locations/103523099110153/itkina-fios/"
  },
  {
    "id": "100104019466227",
    "name": "Megan Rivera blog",
    "city": "Bortnitschi",
    "url": "https://www.instagram.com/explore/locations/100104019466227/megan-rivera-blog/"
  },
  {
    "id": "112167518174734",
    "name": "Palanquin",
    "city": "Bortnitschi",
    "url": "https://www.instagram.com/explore/locations/112167518174734/palanquin/"
  },
  {
    "id": "144228306188287",
    "name": "TvoePolo",
    "city": "Bortnitschi",
    "url": "https://www.instagram.com/explore/locations/144228306188287/tvoepolo/"
  },
  {
    "id": "107948531977703",
    "name": "Магазинчик-бомба",
    "city": "Bortnitschi",
    "url": "https://www.instagram.com/explore/locations/107948531977703/-/"
  },
  {
    "id": "100878555093744",
    "name": "Dom-Online - медицинские расходные материалы и дезинфекция",
    "city": "Bortnitschi",
    "url": "https://www.instagram.com/explore/locations/100878555093744/dom-online-/"
  },
  {
    "id": "100968203043632",
    "name": "Tgffffffjj",
    "city": "Bortnitschi",
    "url": "https://www.instagram.com/explore/locations/100968203043632/tgffffffjj/"
  },
  {
    "id": "113646881089562",
    "name": "Hdjkfrar",
    "city": "Bortnitschi",
    "url": "https://www.instagram.com/explore/locations/113646881089562/hdjkfrar/"
  },
  {
    "id": "1554435641514187",
    "name": "International Language Agency",
    "city": "Bortnitschi",
    "url": "https://www.instagram.com/explore/locations/1554435641514187/international-language-agency/"
  },
  {
    "id": "113405923757079",
    "name": "Fewqew",
    "city": "Bortnitschi",
    "url": "https://www.instagram.com/explore/locations/113405923757079/fewqew/"
  },
  {
    "id": "115590113225343",
    "name": "Building the future",
    "city": "Bortnitschi",
    "url": "https://www.instagram.com/explore/locations/115590113225343/building-the-future/"
  },
  {
    "id": "576252099737639",
    "name": "Геоборд - іграшка для розвитку",
    "city": "Bortnitschi",
    "url": "https://www.instagram.com/explore/locations/576252099737639/-/"
  },
  {
    "id": "504302287",
    "name": "Fbe School",
    "city": "Bortnitschi",
    "url": "https://www.instagram.com/explore/locations/504302287/fbe-school/"
  },
  {
    "id": "2259576384163600",
    "name": "Just Health",
    "city": "Bortnitschi",
    "url": "https://www.instagram.com/explore/locations/2259576384163600/just-health/"
  },
  {
    "id": "114129091271040",
    "name": "Klara Nozdryova",
    "city": "Bortnitschi",
    "url": "https://www.instagram.com/explore/locations/114129091271040/klara-nozdryova/"
  },
  {
    "id": "111663491577891",
    "name": "MarcAntony",
    "city": "Bortnitschi",
    "url": "https://www.instagram.com/explore/locations/111663491577891/marcantony/"
  },
  {
    "id": "100752732635232",
    "name": "Marketing agent",
    "city": "Bortnitschi",
    "url": "https://www.instagram.com/explore/locations/100752732635232/marketing-agent/"
  },
  {
    "id": "116177023162081",
    "name": "Fun game",
    "city": "Bortnitschi",
    "url": "https://www.instagram.com/explore/locations/116177023162081/fun-game/"
  },
  {
    "id": "102227032367793",
    "name": "NKsmdkfdsfs",
    "city": "Bortnitschi",
    "url": "https://www.instagram.com/explore/locations/102227032367793/nksmdkfdsfs/"
  },
  {
    "id": "102891377829937",
    "name": "Unpredictable news",
    "city": "Bortnitschi",
    "url": "https://www.instagram.com/explore/locations/102891377829937/unpredictable-news/"
  },
  {
    "id": "424295020766505",
    "name": "Olga Hryn",
    "city": "Bortnitschi",
    "url": "https://www.instagram.com/explore/locations/424295020766505/olga-hryn/"
  },
  {
    "id": "462898677192419",
    "name": "Mova Tila",
    "city": "Bortnitschi",
    "url": "https://www.instagram.com/explore/locations/462898677192419/mova-tila/"
  },
  {
    "id": "1272241342881871",
    "name": "Aqualex",
    "city": "Bortnitschi",
    "url": "https://www.instagram.com/explore/locations/1272241342881871/aqualex/"
  },
  {
    "id": "153977787802902",
    "name": "Statuses with meaning",
    "city": "Bortnitschi",
    "url": "https://www.instagram.com/explore/locations/153977787802902/statuses-with-meaning/"
  },
  {
    "id": "108490592317089",
    "name": "Vlad",
    "city": "Bortnitschi",
    "url": "https://www.instagram.com/explore/locations/108490592317089/vlad/"
  },
  {
    "id": "107686651821277",
    "name": "Susan Mayers",
    "city": "Bortnitschi",
    "url": "https://www.instagram.com/explore/locations/107686651821277/susan-mayers/"
  },
  {
    "id": "102056202673721",
    "name": "Farmaks",
    "city": "Bortnitschi",
    "url": "https://www.instagram.com/explore/locations/102056202673721/farmaks/"
  },
  {
    "id": "447250252522651",
    "name": "Life Bond",
    "city": "Bortnitschi",
    "url": "https://www.instagram.com/explore/locations/447250252522651/life-bond/"
  },
  {
    "id": "449868301841657",
    "name": "Royal Models Ukraine",
    "city": "Bortnitschi",
    "url": "https://www.instagram.com/explore/locations/449868301841657/royal-models-ukraine/"
  },
  {
    "id": "103258371565657",
    "name": "Office background",
    "city": "Bortnitschi",
    "url": "https://www.instagram.com/explore/locations/103258371565657/office-background/"
  },
  {
    "id": "257376717963510",
    "name": "RomelasStore",
    "city": "Bortnitschi",
    "url": "https://www.instagram.com/explore/locations/257376717963510/romelasstore/"
  },
  {
    "id": "218594919017024",
    "name": "summer cottage",
    "city": "Bortnitschi",
    "url": "https://www.instagram.com/explore/locations/218594919017024/summer-cottage/"
  }
]