[
  {
    "id": "242841847",
    "name": "Vinnytsya",
    "city": "Vinnytsia",
    "url": "https://www.instagram.com/explore/locations/242841847/vinnytsya/"
  },
  {
    "id": "1429446970705143",
    "name": "Vinnitsa",
    "city": "Vinnytsia",
    "url": "https://www.instagram.com/explore/locations/1429446970705143/vinnitsa/"
  },
  {
    "id": "2482736621746657",
    "name": "Вінниця • Vinnytsia • Винница • Ukraine",
    "city": "Vinnytsia",
    "url": "https://www.instagram.com/explore/locations/2482736621746657/vinnytsia-ukraine/"
  },
  {
    "id": "785462836",
    "name": "Vinnytsia",
    "city": "Vinnytsia",
    "url": "https://www.instagram.com/explore/locations/785462836/vinnytsia/"
  },
  {
    "id": "216354850",
    "name": "ТРЦSky Park",
    "city": "Vinnytsia",
    "url": "https://www.instagram.com/explore/locations/216354850/sky-park/"
  },
  {
    "id": "236216276",
    "name": "Фонтан Roshen",
    "city": "Vinnytsia",
    "url": "https://www.instagram.com/explore/locations/236216276/roshen/"
  },
  {
    "id": "647890685566084",
    "name": "Vinnytsia, Ukraine",
    "city": "Vinnytsia",
    "url": "https://www.instagram.com/explore/locations/647890685566084/vinnytsia-ukraine/"
  },
  {
    "id": "1174272712625097",
    "name": "AURA - ресторан и караоке в Виннице",
    "city": "Vinnytsia",
    "url": "https://www.instagram.com/explore/locations/1174272712625097/aura-/"
  },
  {
    "id": "108505084403118",
    "name": "Vinnytsia, Ukraine",
    "city": "Vinnytsia",
    "url": "https://www.instagram.com/explore/locations/108505084403118/vinnytsia-ukraine/"
  },
  {
    "id": "224182363",
    "name": "Vinnytsya City",
    "city": "Vinnytsia",
    "url": "https://www.instagram.com/explore/locations/224182363/vinnytsya-city/"
  },
  {
    "id": "510369469",
    "name": "Vinnitsya",
    "city": "Vinnytsia",
    "url": "https://www.instagram.com/explore/locations/510369469/vinnitsya/"
  },
  {
    "id": "268259357325095",
    "name": "Rich Ресторан & Готель, Караоке у Вінниці",
    "city": "Vinnytsia",
    "url": "https://www.instagram.com/explore/locations/268259357325095/rich/"
  },
  {
    "id": "773505699464002",
    "name": "Ресторан Mont Blanc",
    "city": "Vinnytsia",
    "url": "https://www.instagram.com/explore/locations/773505699464002/mont-blanc/"
  },
  {
    "id": "109292417145774",
    "name": "La Cucina",
    "city": "Vinnytsia",
    "url": "https://www.instagram.com/explore/locations/109292417145774/la-cucina/"
  },
  {
    "id": "101693331305194",
    "name": "TIFFI",
    "city": "Vinnytsia",
    "url": "https://www.instagram.com/explore/locations/101693331305194/tiffi/"
  },
  {
    "id": "444890899228927",
    "name": "PUDRA",
    "city": "Vinnytsia",
    "url": "https://www.instagram.com/explore/locations/444890899228927/pudra/"
  },
  {
    "id": "102904134467432",
    "name": "rivali_restaurant",
    "city": "Vinnytsia",
    "url": "https://www.instagram.com/explore/locations/102904134467432/rivali_restaurant/"
  },
  {
    "id": "1785316091747516",
    "name": "Komod",
    "city": "Vinnytsia",
    "url": "https://www.instagram.com/explore/locations/1785316091747516/komod/"
  },
  {
    "id": "107585657368087",
    "name": "SmartCinema",
    "city": "Vinnytsia",
    "url": "https://www.instagram.com/explore/locations/107585657368087/smartcinema/"
  },
  {
    "id": "1095883707116378",
    "name": "Fitness Time",
    "city": "Vinnytsia",
    "url": "https://www.instagram.com/explore/locations/1095883707116378/fitness-time/"
  },
  {
    "id": "386983698043551",
    "name": "Вінницький академічний музично-драматичний театр ім.Миколи Садовського",
    "city": "Vinnytsia",
    "url": "https://www.instagram.com/explore/locations/386983698043551/-/"
  },
  {
    "id": "103713995479520",
    "name": "ПОЛУНОЧНИКИ / коктейль-бар",
    "city": "Vinnytsia",
    "url": "https://www.instagram.com/explore/locations/103713995479520/-/"
  },
  {
    "id": "104385234247146",
    "name": "FaWood Family Space",
    "city": "Vinnytsia",
    "url": "https://www.instagram.com/explore/locations/104385234247146/fawood-family-space/"
  },
  {
    "id": "816902761766874",
    "name": "Georgian Factory - ресторан сучасної грузинської кухні на Замості.",
    "city": "Vinnytsia",
    "url": "https://www.instagram.com/explore/locations/816902761766874/georgian-factory-/"
  },
  {
    "id": "113404880422326",
    "name": "Foodmarket_vn",
    "city": "Vinnytsia",
    "url": "https://www.instagram.com/explore/locations/113404880422326/foodmarket_vn/"
  },
  {
    "id": "546039975866172",
    "name": "Pan Cake",
    "city": "Vinnytsia",
    "url": "https://www.instagram.com/explore/locations/546039975866172/pan-cake/"
  },
  {
    "id": "471267083620533",
    "name": "HAPPY Monkey",
    "city": "Vinnytsia",
    "url": "https://www.instagram.com/explore/locations/471267083620533/happy-monkey/"
  },
  {
    "id": "851570921674435",
    "name": "Turkish Factory: середземноморський ресторан в Вінниці на набережній Roshen",
    "city": "Vinnytsia",
    "url": "https://www.instagram.com/explore/locations/851570921674435/turkish-factory-roshen/"
  },
  {
    "id": "430825304332699",
    "name": "VONA_nails",
    "city": "Vinnytsia",
    "url": "https://www.instagram.com/explore/locations/430825304332699/vona_nails/"
  },
  {
    "id": "2126514607361620",
    "name": "Вінницька Башта / Vinnytsia Tower",
    "city": "Vinnytsia",
    "url": "https://www.instagram.com/explore/locations/2126514607361620/vinnytsia-tower/"
  },
  {
    "id": "1813479855610885",
    "name": "ECLIPSE Hookah Bar",
    "city": "Vinnytsia",
    "url": "https://www.instagram.com/explore/locations/1813479855610885/eclipse-hookah-bar/"
  },
  {
    "id": "2150069111709097",
    "name": "Red Cat Tattoo Studio",
    "city": "Vinnytsia",
    "url": "https://www.instagram.com/explore/locations/2150069111709097/red-cat-tattoo-studio/"
  },
  {
    "id": "179559765859966",
    "name": "Soul Dance Centre",
    "city": "Vinnytsia",
    "url": "https://www.instagram.com/explore/locations/179559765859966/soul-dance-centre/"
  },
  {
    "id": "1022700645",
    "name": "Hotel France",
    "city": "Vinnytsia",
    "url": "https://www.instagram.com/explore/locations/1022700645/hotel-france/"
  },
  {
    "id": "1026963613",
    "name": "American Bar&Grill- Вінниця",
    "city": "Vinnytsia",
    "url": "https://www.instagram.com/explore/locations/1026963613/american-bargrill-/"
  },
  {
    "id": "658473674605815",
    "name": "Fitness House",
    "city": "Vinnytsia",
    "url": "https://www.instagram.com/explore/locations/658473674605815/fitness-house/"
  },
  {
    "id": "357845321578638",
    "name": "Lilac Studio",
    "city": "Vinnytsia",
    "url": "https://www.instagram.com/explore/locations/357845321578638/lilac-studio/"
  },
  {
    "id": "368933348",
    "name": "КЦ \"Галерея XXI\"",
    "city": "Vinnytsia",
    "url": "https://www.instagram.com/explore/locations/368933348/xxi/"
  },
  {
    "id": "222789378",
    "name": "Mafia/мафия",
    "city": "Vinnytsia",
    "url": "https://www.instagram.com/explore/locations/222789378/mafia/"
  },
  {
    "id": "431333667437365",
    "name": "521_studio",
    "city": "Vinnytsia",
    "url": "https://www.instagram.com/explore/locations/431333667437365/521_studio/"
  },
  {
    "id": "2097662520510267",
    "name": "ANI BAKERY",
    "city": "Vinnytsia",
    "url": "https://www.instagram.com/explore/locations/2097662520510267/ani-bakery/"
  },
  {
    "id": "570583759799471",
    "name": "River City",
    "city": "Vinnytsia",
    "url": "https://www.instagram.com/explore/locations/570583759799471/river-city/"
  },
  {
    "id": "856029666",
    "name": "Паста-бар Tamero",
    "city": "Vinnytsia",
    "url": "https://www.instagram.com/explore/locations/856029666/-tamero/"
  },
  {
    "id": "428037476",
    "name": "Vinnytsia water tower",
    "city": "Vinnytsia",
    "url": "https://www.instagram.com/explore/locations/428037476/vinnytsia-water-tower/"
  },
  {
    "id": "110295990788469",
    "name": "Бізнес-центр Tetris",
    "city": "Vinnytsia",
    "url": "https://www.instagram.com/explore/locations/110295990788469/-tetris/"
  },
  {
    "id": "336448616706747",
    "name": "Royal Pole Dance Вінниця - студія танцю на пілоні",
    "city": "Vinnytsia",
    "url": "https://www.instagram.com/explore/locations/336448616706747/royal-pole-dance-/"
  },
  {
    "id": "1253936278106674",
    "name": "Studio Hair & Tan By Marta K",
    "city": "Vinnytsia",
    "url": "https://www.instagram.com/explore/locations/1253936278106674/studio-hair-tan-by-marta-k/"
  },
  {
    "id": "919805464",
    "name": "Г. Винница. Фонтан Roshen",
    "city": "Vinnytsia",
    "url": "https://www.instagram.com/explore/locations/919805464/roshen/"
  },
  {
    "id": "976504892478216",
    "name": "Mon Ami cafe",
    "city": "Vinnytsia",
    "url": "https://www.instagram.com/explore/locations/976504892478216/mon-ami-cafe/"
  },
  {
    "id": "745876825602501",
    "name": "Набережна Roshen",
    "city": "Vinnytsia",
    "url": "https://www.instagram.com/explore/locations/745876825602501/roshen/"
  },
  {
    "id": "239336252",
    "name": "Sky Park",
    "city": "Vinnytsia",
    "url": "https://www.instagram.com/explore/locations/239336252/sky-park/"
  },
  {
    "id": "102179728078085",
    "name": "Vinnytsia, Ukraine",
    "city": "Vinnytsia",
    "url": "https://www.instagram.com/explore/locations/102179728078085/vinnytsia-ukraine/"
  },
  {
    "id": "209811119479218",
    "name": "ЧОРНА КІШКА БІЛИЙ КІТ - українська кав'ярня в самому серціВінниці",
    "city": "Vinnytsia",
    "url": "https://www.instagram.com/explore/locations/209811119479218/-/"
  },
  {
    "id": "103543018472844",
    "name": "Endorfina",
    "city": "Vinnytsia",
    "url": "https://www.instagram.com/explore/locations/103543018472844/endorfina/"
  },
  {
    "id": "105966994309388",
    "name": "Sisters Club Studio",
    "city": "Vinnytsia",
    "url": "https://www.instagram.com/explore/locations/105966994309388/sisters-club-studio/"
  },
  {
    "id": "329865340760534",
    "name": "Perfettofood UA",
    "city": "Vinnytsia",
    "url": "https://www.instagram.com/explore/locations/329865340760534/perfettofood-ua/"
  },
  {
    "id": "346085162575133",
    "name": "Staff Vinnytsia",
    "city": "Vinnytsia",
    "url": "https://www.instagram.com/explore/locations/346085162575133/staff-vinnytsia/"
  },
  {
    "id": "576092606167887",
    "name": "Sky Park",
    "city": "Vinnytsia",
    "url": "https://www.instagram.com/explore/locations/576092606167887/sky-park/"
  },
  {
    "id": "399592450794617",
    "name": "Бляха-Муха",
    "city": "Vinnytsia",
    "url": "https://www.instagram.com/explore/locations/399592450794617/-/"
  },
  {
    "id": "106134334266975",
    "name": "Валіко - ресторан грузинської кухні в самому центрі Вишеньки",
    "city": "Vinnytsia",
    "url": "https://www.instagram.com/explore/locations/106134334266975/-/"
  },
  {
    "id": "1023706014",
    "name": "Готельно - ресторанний комплекс «Аристократ»",
    "city": "Vinnytsia",
    "url": "https://www.instagram.com/explore/locations/1023706014/-/"
  },
  {
    "id": "213903246074344",
    "name": "Alise May",
    "city": "Vinnytsia",
    "url": "https://www.instagram.com/explore/locations/213903246074344/alise-may/"
  },
  {
    "id": "1021296875",
    "name": "Marani",
    "city": "Vinnytsia",
    "url": "https://www.instagram.com/explore/locations/1021296875/marani/"
  },
  {
    "id": "1030766339",
    "name": "Панъ Заваркiнъ та Синъ",
    "city": "Vinnytsia",
    "url": "https://www.instagram.com/explore/locations/1030766339/i/"
  },
  {
    "id": "270563973426708",
    "name": "Ігроманія - ігровий центр",
    "city": "Vinnytsia",
    "url": "https://www.instagram.com/explore/locations/270563973426708/-/"
  },
  {
    "id": "106728544815849",
    "name": "Yulia Kravchuk Hair Stylist",
    "city": "Vinnytsia",
    "url": "https://www.instagram.com/explore/locations/106728544815849/yulia-kravchuk-hair-stylist/"
  },
  {
    "id": "359777543",
    "name": "Траттория \"TerraMare\"",
    "city": "Vinnytsia",
    "url": "https://www.instagram.com/explore/locations/359777543/terramare/"
  },
  {
    "id": "1790229047872557",
    "name": "Incanto Dance Studio Vinnitsia",
    "city": "Vinnytsia",
    "url": "https://www.instagram.com/explore/locations/1790229047872557/incanto-dance-studio-vinnitsia/"
  },
  {
    "id": "1021889419",
    "name": "Ресторан Лавінія Lavinia Osteria",
    "city": "Vinnytsia",
    "url": "https://www.instagram.com/explore/locations/1021889419/lavinia-osteria/"
  },
  {
    "id": "818931491",
    "name": "Verona Tour",
    "city": "Vinnytsia",
    "url": "https://www.instagram.com/explore/locations/818931491/verona-tour/"
  },
  {
    "id": "234793503",
    "name": "MacDonald",
    "city": "Vinnytsia",
    "url": "https://www.instagram.com/explore/locations/234793503/macdonald/"
  },
  {
    "id": "635896489954598",
    "name": "Паб - Вінницька Реберня",
    "city": "Vinnytsia",
    "url": "https://www.instagram.com/explore/locations/635896489954598/-/"
  },
  {
    "id": "224859828",
    "name": "Vinnitsa/UKRAİNA",
    "city": "Vinnytsia",
    "url": "https://www.instagram.com/explore/locations/224859828/vinnitsaukraina/"
  },
  {
    "id": "779526632197124",
    "name": "Lviv Croissants",
    "city": "Vinnytsia",
    "url": "https://www.instagram.com/explore/locations/779526632197124/lviv-croissants/"
  },
  {
    "id": "248746049374086",
    "name": "Rich Restaurant & Bar",
    "city": "Vinnytsia",
    "url": "https://www.instagram.com/explore/locations/248746049374086/rich-restaurant-bar/"
  },
  {
    "id": "1019692079",
    "name": "Hotel Optima by Reikartz, Vinnitsa",
    "city": "Vinnytsia",
    "url": "https://www.instagram.com/explore/locations/1019692079/hotel-optima-by-reikartz-vinnitsa/"
  },
  {
    "id": "342545285",
    "name": "Soborna",
    "city": "Vinnytsia",
    "url": "https://www.instagram.com/explore/locations/342545285/soborna/"
  },
  {
    "id": "202613790355541",
    "name": "БаZилик",
    "city": "Vinnytsia",
    "url": "https://www.instagram.com/explore/locations/202613790355541/z/"
  },
  {
    "id": "220365271711323",
    "name": "Frisor Barbershop Vinnitsya",
    "city": "Vinnytsia",
    "url": "https://www.instagram.com/explore/locations/220365271711323/frisor-barbershop-vinnitsya/"
  },
  {
    "id": "1903651123075522",
    "name": "I love Vinnytsia",
    "city": "Vinnytsia",
    "url": "https://www.instagram.com/explore/locations/1903651123075522/i-love-vinnytsia/"
  },
  {
    "id": "1014827289",
    "name": "ЕвропаРесторан караоке-клуб",
    "city": "Vinnytsia",
    "url": "https://www.instagram.com/explore/locations/1014827289/-/"
  },
  {
    "id": "1010957046",
    "name": "Factory PR",
    "city": "Vinnytsia",
    "url": "https://www.instagram.com/explore/locations/1010957046/factory-pr/"
  },
  {
    "id": "99197778",
    "name": "Planet MODA BAR",
    "city": "Vinnytsia",
    "url": "https://www.instagram.com/explore/locations/99197778/planet-moda-bar/"
  },
  {
    "id": "879405392200792",
    "name": "Студия Цветов \"Je T'aime\"",
    "city": "Vinnytsia",
    "url": "https://www.instagram.com/explore/locations/879405392200792/je-taime/"
  },
  {
    "id": "139748473134728",
    "name": "Школа-Ліцей 7",
    "city": "Vinnytsia",
    "url": "https://www.instagram.com/explore/locations/139748473134728/-7/"
  },
  {
    "id": "325227191429762",
    "name": "Vinnytsia",
    "city": "Vinnytsia",
    "url": "https://www.instagram.com/explore/locations/325227191429762/vinnytsia/"
  },
  {
    "id": "1708200242757868",
    "name": "GALActiK makeup&hair studio",
    "city": "Vinnytsia",
    "url": "https://www.instagram.com/explore/locations/1708200242757868/galactik-makeuphair-studio/"
  },
  {
    "id": "1699620753670462",
    "name": "BÜRO",
    "city": "Vinnytsia",
    "url": "https://www.instagram.com/explore/locations/1699620753670462/buro/"
  },
  {
    "id": "104367104808863",
    "name": "Kovilook.brand",
    "city": "Vinnytsia",
    "url": "https://www.instagram.com/explore/locations/104367104808863/kovilookbrand/"
  },
  {
    "id": "105671084764746",
    "name": "Divchata - парфумерний салон Вінниця",
    "city": "Vinnytsia",
    "url": "https://www.instagram.com/explore/locations/105671084764746/divchata-/"
  },
  {
    "id": "1013161885",
    "name": "BARRY BarberShop",
    "city": "Vinnytsia",
    "url": "https://www.instagram.com/explore/locations/1013161885/barry-barbershop/"
  },
  {
    "id": "2111890582457139",
    "name": "Fenix Town Ресторан",
    "city": "Vinnytsia",
    "url": "https://www.instagram.com/explore/locations/2111890582457139/fenix-town/"
  },
  {
    "id": "186508475604532",
    "name": "Школа #31",
    "city": "Vinnytsia",
    "url": "https://www.instagram.com/explore/locations/186508475604532/31/"
  },
  {
    "id": "103743821510356",
    "name": "Вінницькій Академічний Музично-Драматичний театр ім М. Садовського",
    "city": "Vinnytsia",
    "url": "https://www.instagram.com/explore/locations/103743821510356/-/"
  },
  {
    "id": "102223808028053",
    "name": "IPhori",
    "city": "Vinnytsia",
    "url": "https://www.instagram.com/explore/locations/102223808028053/iphori/"
  },
  {
    "id": "1816071845325625",
    "name": "Elena Kovtun make-up studio",
    "city": "Vinnytsia",
    "url": "https://www.instagram.com/explore/locations/1816071845325625/elena-kovtun-make-up-studio/"
  },
  {
    "id": "818383938364589",
    "name": "Park Tower",
    "city": "Vinnytsia",
    "url": "https://www.instagram.com/explore/locations/818383938364589/park-tower/"
  },
  {
    "id": "284089465583092",
    "name": "Сучасна педіатрія \"Evidence\"",
    "city": "Vinnytsia",
    "url": "https://www.instagram.com/explore/locations/284089465583092/evidence/"
  },
  {
    "id": "108637548475488",
    "name": "MODUL Кальянна м.Вінниця",
    "city": "Vinnytsia",
    "url": "https://www.instagram.com/explore/locations/108637548475488/modul/"
  },
  {
    "id": "317241975",
    "name": "Винница - Бригантина .",
    "city": "Vinnytsia",
    "url": "https://www.instagram.com/explore/locations/317241975/-/"
  },
  {
    "id": "1675182285895862",
    "name": "Клуб VR в Виннице",
    "city": "Vinnytsia",
    "url": "https://www.instagram.com/explore/locations/1675182285895862/vr/"
  },
  {
    "id": "1322182897854449",
    "name": "Dental Education Clinic",
    "city": "Vinnytsia",
    "url": "https://www.instagram.com/explore/locations/1322182897854449/dental-education-clinic/"
  },
  {
    "id": "454835544935035",
    "name": "Hide and Seek",
    "city": "Vinnytsia",
    "url": "https://www.instagram.com/explore/locations/454835544935035/hide-and-seek/"
  },
  {
    "id": "1026180300",
    "name": "Цукерня Lvivska Cukiernia",
    "city": "Vinnytsia",
    "url": "https://www.instagram.com/explore/locations/1026180300/lvivska-cukiernia/"
  },
  {
    "id": "510823929346485",
    "name": "Вінницький обласний художній музей/Regional Art Museum of Vinnytsia",
    "city": "Vinnytsia",
    "url": "https://www.instagram.com/explore/locations/510823929346485/regional-art-museum-of-vinnytsia/"
  },
  {
    "id": "437982242",
    "name": "Roshen Fountain Vinnitsya",
    "city": "Vinnytsia",
    "url": "https://www.instagram.com/explore/locations/437982242/roshen-fountain-vinnitsya/"
  },
  {
    "id": "560965611026638",
    "name": "Музей Міні-Копій Моделей Автотранспорту М.вінниця",
    "city": "Vinnytsia",
    "url": "https://www.instagram.com/explore/locations/560965611026638/-/"
  },
  {
    "id": "1028396876",
    "name": "Bezbrendu",
    "city": "Vinnytsia",
    "url": "https://www.instagram.com/explore/locations/1028396876/bezbrendu/"
  },
  {
    "id": "703090592",
    "name": "BEARCAST",
    "city": "Vinnytsia",
    "url": "https://www.instagram.com/explore/locations/703090592/bearcast/"
  },
  {
    "id": "103435681009048",
    "name": "POSTERUM-безкоштовна платформа",
    "city": "Vinnytsia",
    "url": "https://www.instagram.com/explore/locations/103435681009048/posterum-/"
  },
  {
    "id": "2065050003758537",
    "name": "Вінниця Вул Соборна 91",
    "city": "Vinnytsia",
    "url": "https://www.instagram.com/explore/locations/2065050003758537/91/"
  },
  {
    "id": "278025803046552",
    "name": "THE BLACK BAR",
    "city": "Vinnytsia",
    "url": "https://www.instagram.com/explore/locations/278025803046552/the-black-bar/"
  },
  {
    "id": "412905387",
    "name": "Фмг 17",
    "city": "Vinnytsia",
    "url": "https://www.instagram.com/explore/locations/412905387/17/"
  },
  {
    "id": "214278922466311",
    "name": "ДНЗ \"ВПУ 7 м.Вінниці\"",
    "city": "Vinnytsia",
    "url": "https://www.instagram.com/explore/locations/214278922466311/7/"
  },
  {
    "id": "283219092034013",
    "name": "Turman coffee house - кав'ярня в центрі Вінниці",
    "city": "Vinnytsia",
    "url": "https://www.instagram.com/explore/locations/283219092034013/turman-coffee-house-/"
  },
  {
    "id": "1743064072617413",
    "name": "Винница Свято-Преобр Собор",
    "city": "Vinnytsia",
    "url": "https://www.instagram.com/explore/locations/1743064072617413/-/"
  },
  {
    "id": "101111575096750",
    "name": "Secret Garden Vinnitsa",
    "city": "Vinnytsia",
    "url": "https://www.instagram.com/explore/locations/101111575096750/secret-garden-vinnitsa/"
  },
  {
    "id": "721273581568690",
    "name": "Соборная, 38",
    "city": "Vinnytsia",
    "url": "https://www.instagram.com/explore/locations/721273581568690/38/"
  },
  {
    "id": "110818348304147",
    "name": "Relax Space Terrace",
    "city": "Vinnytsia",
    "url": "https://www.instagram.com/explore/locations/110818348304147/relax-space-terrace/"
  },
  {
    "id": "111042404395453",
    "name": "LuLu_studio_",
    "city": "Vinnytsia",
    "url": "https://www.instagram.com/explore/locations/111042404395453/lulu_studio_/"
  },
  {
    "id": "104170434708204",
    "name": "GWM.haval.vn",
    "city": "Vinnytsia",
    "url": "https://www.instagram.com/explore/locations/104170434708204/gwmhavalvn/"
  },
  {
    "id": "301096547286671",
    "name": "Sharikava",
    "city": "Vinnytsia",
    "url": "https://www.instagram.com/explore/locations/301096547286671/sharikava/"
  },
  {
    "id": "107359887291347",
    "name": "Bright dentistry",
    "city": "Vinnytsia",
    "url": "https://www.instagram.com/explore/locations/107359887291347/bright-dentistry/"
  },
  {
    "id": "1109591825882753",
    "name": "2 міська клінічна лікарня",
    "city": "Vinnytsia",
    "url": "https://www.instagram.com/explore/locations/1109591825882753/2/"
  },
  {
    "id": "691026864",
    "name": "Академічний Український Музично-Драматичний Театр Ім М К Садовського",
    "city": "Vinnytsia",
    "url": "https://www.instagram.com/explore/locations/691026864/-/"
  },
  {
    "id": "103349768709146",
    "name": "Feel Photo studio - 21",
    "city": "Vinnytsia",
    "url": "https://www.instagram.com/explore/locations/103349768709146/feel-photo-studio-21/"
  },
  {
    "id": "14387779",
    "name": "Da Lucio",
    "city": "Vinnytsia",
    "url": "https://www.instagram.com/explore/locations/14387779/da-lucio/"
  },
  {
    "id": "1031410099",
    "name": "Дом красоты \"Le paradise de soleil\"",
    "city": "Vinnytsia",
    "url": "https://www.instagram.com/explore/locations/1031410099/le-paradise-de-soleil/"
  },
  {
    "id": "115727880346462",
    "name": "Останнє Китайське азійське бістро на набережній Roshen",
    "city": "Vinnytsia",
    "url": "https://www.instagram.com/explore/locations/115727880346462/roshen/"
  },
  {
    "id": "2019623541427100",
    "name": "NEOfitness",
    "city": "Vinnytsia",
    "url": "https://www.instagram.com/explore/locations/2019623541427100/neofitness/"
  },
  {
    "id": "460447127714474",
    "name": "HUB Місто змістів",
    "city": "Vinnytsia",
    "url": "https://www.instagram.com/explore/locations/460447127714474/hub/"
  },
  {
    "id": "1917579151793363",
    "name": "Фотостудия \"Zebra\"",
    "city": "Vinnytsia",
    "url": "https://www.instagram.com/explore/locations/1917579151793363/zebra/"
  },
  {
    "id": "698650200296859",
    "name": "The Format Студія живопису",
    "city": "Vinnytsia",
    "url": "https://www.instagram.com/explore/locations/698650200296859/the-format/"
  },
  {
    "id": "2076437842601373",
    "name": "Mamavrach.vn",
    "city": "Vinnytsia",
    "url": "https://www.instagram.com/explore/locations/2076437842601373/mamavrachvn/"
  }
]