[
  {
    "id": "103962319641364",
    "name": "Kherson",
    "city": "Kherson",
    "url": "https://www.instagram.com/explore/locations/103962319641364/kherson/"
  },
  {
    "id": "102972497924937",
    "name": "Kherson, Ukraine, Херсон, Україна",
    "city": "Kherson",
    "url": "https://www.instagram.com/explore/locations/102972497924937/kherson-ukraine/"
  },
  {
    "id": "1019557875",
    "name": "ТРЦ \"Fabrika\"",
    "city": "Kherson",
    "url": "https://www.instagram.com/explore/locations/1019557875/fabrika/"
  },
  {
    "id": "103409092296478",
    "name": "Херсон - це Україна",
    "city": "Kherson",
    "url": "https://www.instagram.com/explore/locations/103409092296478/-/"
  },
  {
    "id": "259647484",
    "name": "Fashion cafe Zefir",
    "city": "Kherson",
    "url": "https://www.instagram.com/explore/locations/259647484/fashion-cafe-zefir/"
  },
  {
    "id": "277664906053470",
    "name": "New York studio",
    "city": "Kherson",
    "url": "https://www.instagram.com/explore/locations/277664906053470/new-york-studio/"
  },
  {
    "id": "678194959207833",
    "name": "Al Capone",
    "city": "Kherson",
    "url": "https://www.instagram.com/explore/locations/678194959207833/al-capone/"
  },
  {
    "id": "179853836268846",
    "name": "«Любовь-морковь»",
    "city": "Kherson",
    "url": "https://www.instagram.com/explore/locations/179853836268846/-/"
  },
  {
    "id": "1852675648346674",
    "name": "Херсон, Днепровский Р-н",
    "city": "Kherson",
    "url": "https://www.instagram.com/explore/locations/1852675648346674/-/"
  },
  {
    "id": "1799272266971511",
    "name": "ШАDE",
    "city": "Kherson",
    "url": "https://www.instagram.com/explore/locations/1799272266971511/de/"
  },
  {
    "id": "365975106",
    "name": "FABRIKA Shopping Mall, Kherson",
    "city": "Kherson",
    "url": "https://www.instagram.com/explore/locations/365975106/fabrika-shopping-mall-kherson/"
  },
  {
    "id": "171740380011073",
    "name": "boho bar",
    "city": "Kherson",
    "url": "https://www.instagram.com/explore/locations/171740380011073/boho-bar/"
  },
  {
    "id": "929373343929283",
    "name": "ТРЦ «Променад Плаза» / Promenad Plaza Mall",
    "city": "Kherson",
    "url": "https://www.instagram.com/explore/locations/929373343929283/promenad-plaza-mall/"
  },
  {
    "id": "314721975617159",
    "name": "Urban CAD",
    "city": "Kherson",
    "url": "https://www.instagram.com/explore/locations/314721975617159/urban-cad/"
  },
  {
    "id": "235803473",
    "name": "Multiplex",
    "city": "Kherson",
    "url": "https://www.instagram.com/explore/locations/235803473/multiplex/"
  },
  {
    "id": "504085561",
    "name": "Kherson State University",
    "city": "Kherson",
    "url": "https://www.instagram.com/explore/locations/504085561/kherson-state-university/"
  },
  {
    "id": "785042371635772",
    "name": "ШАDЕ lounge pre-party club",
    "city": "Kherson",
    "url": "https://www.instagram.com/explore/locations/785042371635772/d-lounge-pre-party-club/"
  },
  {
    "id": "1729757740601224",
    "name": "ШАDЕ",
    "city": "Kherson",
    "url": "https://www.instagram.com/explore/locations/1729757740601224/d/"
  },
  {
    "id": "1638161119563070",
    "name": "VIP ROOM Salon",
    "city": "Kherson",
    "url": "https://www.instagram.com/explore/locations/1638161119563070/vip-room-salon/"
  },
  {
    "id": "1019224396",
    "name": "Aquarelle Beauty Salon",
    "city": "Kherson",
    "url": "https://www.instagram.com/explore/locations/1019224396/aquarelle-beauty-salon/"
  },
  {
    "id": "8261585",
    "name": "Rest",
    "city": "Kherson",
    "url": "https://www.instagram.com/explore/locations/8261585/rest/"
  },
  {
    "id": "101906818827364",
    "name": "Пляж Party Place",
    "city": "Kherson",
    "url": "https://www.instagram.com/explore/locations/101906818827364/party-place/"
  },
  {
    "id": "1033493289",
    "name": "Караоке-бар ГАРАЖ",
    "city": "Kherson",
    "url": "https://www.instagram.com/explore/locations/1033493289/-/"
  },
  {
    "id": "842845460",
    "name": "Jump Park",
    "city": "Kherson",
    "url": "https://www.instagram.com/explore/locations/842845460/jump-park/"
  },
  {
    "id": "14116902",
    "name": "Zefir",
    "city": "Kherson",
    "url": "https://www.instagram.com/explore/locations/14116902/zefir/"
  },
  {
    "id": "572374016252584",
    "name": "UMAMI",
    "city": "Kherson",
    "url": "https://www.instagram.com/explore/locations/572374016252584/umami/"
  },
  {
    "id": "241606153",
    "name": "Basta Pasta",
    "city": "Kherson",
    "url": "https://www.instagram.com/explore/locations/241606153/basta-pasta/"
  },
  {
    "id": "461253763",
    "name": "Аскания Нова - Украина",
    "city": "Kherson",
    "url": "https://www.instagram.com/explore/locations/461253763/-/"
  },
  {
    "id": "306098506458822",
    "name": "Медичний центр Taurt Medical",
    "city": "Kherson",
    "url": "https://www.instagram.com/explore/locations/306098506458822/taurt-medical/"
  },
  {
    "id": "1197551310406105",
    "name": "АКВА МАРИНА - Отель, Ресторан, Бассейн",
    "city": "Kherson",
    "url": "https://www.instagram.com/explore/locations/1197551310406105/-/"
  },
  {
    "id": "1993840277569762",
    "name": "Перекопская 163",
    "city": "Kherson",
    "url": "https://www.instagram.com/explore/locations/1993840277569762/163/"
  },
  {
    "id": "111711340691018",
    "name": "ECLIPSE Kherson",
    "city": "Kherson",
    "url": "https://www.instagram.com/explore/locations/111711340691018/eclipse-kherson/"
  },
  {
    "id": "187278735379071",
    "name": "The Roundabout",
    "city": "Kherson",
    "url": "https://www.instagram.com/explore/locations/187278735379071/the-roundabout/"
  },
  {
    "id": "510301198",
    "name": "200 Лет Херсона",
    "city": "Kherson",
    "url": "https://www.instagram.com/explore/locations/510301198/200/"
  },
  {
    "id": "219300259",
    "name": "Verona Cafe",
    "city": "Kherson",
    "url": "https://www.instagram.com/explore/locations/219300259/verona-cafe/"
  },
  {
    "id": "1024964690",
    "name": "Dinail",
    "city": "Kherson",
    "url": "https://www.instagram.com/explore/locations/1024964690/dinail/"
  },
  {
    "id": "101726461325233",
    "name": "Twin Bar Ресторан Бар в центре Херсона",
    "city": "Kherson",
    "url": "https://www.instagram.com/explore/locations/101726461325233/twin-bar/"
  },
  {
    "id": "1966575816733965",
    "name": "boho bar 2.0",
    "city": "Kherson",
    "url": "https://www.instagram.com/explore/locations/1966575816733965/boho-bar-20/"
  },
  {
    "id": "105863881541192",
    "name": "Херсон, Трц Фабрика, Jump Park",
    "city": "Kherson",
    "url": "https://www.instagram.com/explore/locations/105863881541192/jump-park/"
  },
  {
    "id": "1299676566829606",
    "name": "Туристическое агентство Love Travel",
    "city": "Kherson",
    "url": "https://www.instagram.com/explore/locations/1299676566829606/love-travel/"
  },
  {
    "id": "494197600954446",
    "name": "2-й Таврический",
    "city": "Kherson",
    "url": "https://www.instagram.com/explore/locations/494197600954446/2-/"
  },
  {
    "id": "944051429",
    "name": "Боулинг клуб \"Lucky StrikeХерсон",
    "city": "Kherson",
    "url": "https://www.instagram.com/explore/locations/944051429/lucky-strike/"
  },
  {
    "id": "1030169442",
    "name": "ПАБ \"ForsageХерсон",
    "city": "Kherson",
    "url": "https://www.instagram.com/explore/locations/1030169442/forsage/"
  },
  {
    "id": "304150873775148",
    "name": "RYBA HUB",
    "city": "Kherson",
    "url": "https://www.instagram.com/explore/locations/304150873775148/ryba-hub/"
  },
  {
    "id": "1023011416",
    "name": "Суши-бар Doshi Doshi",
    "city": "Kherson",
    "url": "https://www.instagram.com/explore/locations/1023011416/-doshi-doshi/"
  },
  {
    "id": "274168504",
    "name": "La Vi Va",
    "city": "Kherson",
    "url": "https://www.instagram.com/explore/locations/274168504/la-vi-va/"
  },
  {
    "id": "103832411795064",
    "name": "Al Capone",
    "city": "Kherson",
    "url": "https://www.instagram.com/explore/locations/103832411795064/al-capone/"
  },
  {
    "id": "163965827704108",
    "name": "Hotel \"Pаnorаmа\"",
    "city": "Kherson",
    "url": "https://www.instagram.com/explore/locations/163965827704108/hotel-pnorm/"
  },
  {
    "id": "325251924616854",
    "name": "All you need is love",
    "city": "Kherson",
    "url": "https://www.instagram.com/explore/locations/325251924616854/all-you-need-is-love/"
  },
  {
    "id": "1815295768716121",
    "name": "Frederic Moreno, Херсон",
    "city": "Kherson",
    "url": "https://www.instagram.com/explore/locations/1815295768716121/frederic-moreno/"
  },
  {
    "id": "889771181",
    "name": "Туристическое агентство \"All Tours\"",
    "city": "Kherson",
    "url": "https://www.instagram.com/explore/locations/889771181/all-tours/"
  },
  {
    "id": "246935859308065",
    "name": "ВелокафеPeloton”",
    "city": "Kherson",
    "url": "https://www.instagram.com/explore/locations/246935859308065/peloton/"
  },
  {
    "id": "392488977975825",
    "name": "Херсон Бульвар Мирный, 3",
    "city": "Kherson",
    "url": "https://www.instagram.com/explore/locations/392488977975825/3/"
  },
  {
    "id": "614754968992743",
    "name": "Мангал-бар Chili",
    "city": "Kherson",
    "url": "https://www.instagram.com/explore/locations/614754968992743/-chili/"
  },
  {
    "id": "683535340",
    "name": "Салон VT STYLE Херсон",
    "city": "Kherson",
    "url": "https://www.instagram.com/explore/locations/683535340/vt-style/"
  },
  {
    "id": "249971538",
    "name": "Sportlife",
    "city": "Kherson",
    "url": "https://www.instagram.com/explore/locations/249971538/sportlife/"
  },
  {
    "id": "313282379270786",
    "name": "Родина-мать",
    "city": "Kherson",
    "url": "https://www.instagram.com/explore/locations/313282379270786/-/"
  },
  {
    "id": "322770275",
    "name": "Центр Красоты Karintiya",
    "city": "Kherson",
    "url": "https://www.instagram.com/explore/locations/322770275/karintiya/"
  },
  {
    "id": "10485201",
    "name": "Forsaж",
    "city": "Kherson",
    "url": "https://www.instagram.com/explore/locations/10485201/forsa/"
  },
  {
    "id": "647219938816932",
    "name": "Проспект Ушакова 57",
    "city": "Kherson",
    "url": "https://www.instagram.com/explore/locations/647219938816932/57/"
  },
  {
    "id": "1794754324178522",
    "name": "Фитнес клуб Hammer",
    "city": "Kherson",
    "url": "https://www.instagram.com/explore/locations/1794754324178522/hammer/"
  },
  {
    "id": "1010892150",
    "name": "Frisor Barbershop Kherson",
    "city": "Kherson",
    "url": "https://www.instagram.com/explore/locations/1010892150/frisor-barbershop-kherson/"
  },
  {
    "id": "915196844",
    "name": "Green House",
    "city": "Kherson",
    "url": "https://www.instagram.com/explore/locations/915196844/green-house/"
  },
  {
    "id": "464896513999969",
    "name": "Фитнес студия EndorFit",
    "city": "Kherson",
    "url": "https://www.instagram.com/explore/locations/464896513999969/endorfit/"
  },
  {
    "id": "320543504957419",
    "name": "NEBO hookah bar",
    "city": "Kherson",
    "url": "https://www.instagram.com/explore/locations/320543504957419/nebo-hookah-bar/"
  },
  {
    "id": "1946818102305699",
    "name": "Escobar.kherson",
    "city": "Kherson",
    "url": "https://www.instagram.com/explore/locations/1946818102305699/escobarkherson/"
  },
  {
    "id": "302955050542086",
    "name": "Херсонський Державний Університет (корпус №5)",
    "city": "Kherson",
    "url": "https://www.instagram.com/explore/locations/302955050542086/no5/"
  },
  {
    "id": "1049374961883496",
    "name": "Фитнес-клуб \"MaximumХерсон",
    "city": "Kherson",
    "url": "https://www.instagram.com/explore/locations/1049374961883496/-maximum/"
  },
  {
    "id": "416588350",
    "name": "Jump Park Fabrika",
    "city": "Kherson",
    "url": "https://www.instagram.com/explore/locations/416588350/jump-park-fabrika/"
  },
  {
    "id": "163423620429909",
    "name": "Студия Дизайна и Ремонта SanNa",
    "city": "Kherson",
    "url": "https://www.instagram.com/explore/locations/163423620429909/sanna/"
  },
  {
    "id": "100688935093840",
    "name": "G.Bar Kherson",
    "city": "Kherson",
    "url": "https://www.instagram.com/explore/locations/100688935093840/gbar-kherson/"
  },
  {
    "id": "104315027909213",
    "name": "TaurtSurgery",
    "city": "Kherson",
    "url": "https://www.instagram.com/explore/locations/104315027909213/taurtsurgery/"
  },
  {
    "id": "300991297",
    "name": "Fabrika",
    "city": "Kherson",
    "url": "https://www.instagram.com/explore/locations/300991297/fabrika/"
  },
  {
    "id": "1975414306007176",
    "name": "4таврический Район ,херсон",
    "city": "Kherson",
    "url": "https://www.instagram.com/explore/locations/1975414306007176/4/"
  },
  {
    "id": "104812241337246",
    "name": "Nakava",
    "city": "Kherson",
    "url": "https://www.instagram.com/explore/locations/104812241337246/nakava/"
  },
  {
    "id": "922201251288721",
    "name": "Vkushee Vkusnogo",
    "city": "Kherson",
    "url": "https://www.instagram.com/explore/locations/922201251288721/vkushee-vkusnogo/"
  },
  {
    "id": "894537947295955",
    "name": "ART School Kherson - educational and aesthetic complex",
    "city": "Kherson",
    "url": "https://www.instagram.com/explore/locations/894537947295955/art-school-kherson-educational-and-aesthetic-complex/"
  },
  {
    "id": "243868948",
    "name": "Тип-Топ)",
    "city": "Kherson",
    "url": "https://www.instagram.com/explore/locations/243868948/-/"
  },
  {
    "id": "732008993645354",
    "name": "Херсонський кооперативний економіко-правовий фаховий коледж",
    "city": "Kherson",
    "url": "https://www.instagram.com/explore/locations/732008993645354/-/"
  },
  {
    "id": "179359665876071",
    "name": "Ул. Фунзе 3 Центр Nail Бизнеса Алены Баланюк",
    "city": "Kherson",
    "url": "https://www.instagram.com/explore/locations/179359665876071/3-nail/"
  },
  {
    "id": "528869127128465",
    "name": "Тойота Центр Херсон \"Авто-Плаза\"",
    "city": "Kherson",
    "url": "https://www.instagram.com/explore/locations/528869127128465/-/"
  },
  {
    "id": "1652738021455743",
    "name": "Автохаус-Херсон",
    "city": "Kherson",
    "url": "https://www.instagram.com/explore/locations/1652738021455743/-/"
  },
  {
    "id": "1943174182634821",
    "name": "Лаунж-кафе \"TatiХерсон",
    "city": "Kherson",
    "url": "https://www.instagram.com/explore/locations/1943174182634821/-tati/"
  },
  {
    "id": "315949485979198",
    "name": "Kherson, Театральная",
    "city": "Kherson",
    "url": "https://www.instagram.com/explore/locations/315949485979198/kherson/"
  },
  {
    "id": "361204508",
    "name": "Medvedoff",
    "city": "Kherson",
    "url": "https://www.instagram.com/explore/locations/361204508/medvedoff/"
  },
  {
    "id": "1916482815268738",
    "name": "Фитнес клуб Ф-1",
    "city": "Kherson",
    "url": "https://www.instagram.com/explore/locations/1916482815268738/-1/"
  },
  {
    "id": "1375253605847270",
    "name": "Херсонський фізико-технічний ліцей",
    "city": "Kherson",
    "url": "https://www.instagram.com/explore/locations/1375253605847270/-/"
  },
  {
    "id": "364974147",
    "name": "Lucky Strike Bowling",
    "city": "Kherson",
    "url": "https://www.instagram.com/explore/locations/364974147/lucky-strike-bowling/"
  },
  {
    "id": "245010358",
    "name": "Херсонський Державний Унiверситет",
    "city": "Kherson",
    "url": "https://www.instagram.com/explore/locations/245010358/i/"
  },
  {
    "id": "136015307007994",
    "name": "Херсон Ренессанс \"Renaissance\"- салон красоты",
    "city": "Kherson",
    "url": "https://www.instagram.com/explore/locations/136015307007994/renaissance-/"
  },
  {
    "id": "1022009981",
    "name": "BMW Центр Херсон",
    "city": "Kherson",
    "url": "https://www.instagram.com/explore/locations/1022009981/bmw/"
  },
  {
    "id": "712657715",
    "name": "Kherson City",
    "city": "Kherson",
    "url": "https://www.instagram.com/explore/locations/712657715/kherson-city/"
  },
  {
    "id": "1872623879658545",
    "name": "Херсонская гимназия #6",
    "city": "Kherson",
    "url": "https://www.instagram.com/explore/locations/1872623879658545/6/"
  },
  {
    "id": "112911553941960",
    "name": "Freedom.kherson",
    "city": "Kherson",
    "url": "https://www.instagram.com/explore/locations/112911553941960/freedomkherson/"
  },
  {
    "id": "495163297516517",
    "name": "Площадь Свободы,4,",
    "city": "Kherson",
    "url": "https://www.instagram.com/explore/locations/495163297516517/4/"
  },
  {
    "id": "226847454106204",
    "name": "John Howard Pub",
    "city": "Kherson",
    "url": "https://www.instagram.com/explore/locations/226847454106204/john-howard-pub/"
  },
  {
    "id": "258005174870896",
    "name": "Клиника Империя ViP\"",
    "city": "Kherson",
    "url": "https://www.instagram.com/explore/locations/258005174870896/vip/"
  },
  {
    "id": "533539583669691",
    "name": "Караоке-клуб Zapoy Park Place",
    "city": "Kherson",
    "url": "https://www.instagram.com/explore/locations/533539583669691/-zapoy-park-place/"
  },
  {
    "id": "393459267772825",
    "name": "Херсон, пр. 200 лет Херсона",
    "city": "Kherson",
    "url": "https://www.instagram.com/explore/locations/393459267772825/200/"
  },
  {
    "id": "1148269195351971",
    "name": "Тираспольская 1а",
    "city": "Kherson",
    "url": "https://www.instagram.com/explore/locations/1148269195351971/1/"
  },
  {
    "id": "1799402790304596",
    "name": "Салон-Парикмахерская Твой Стиль",
    "city": "Kherson",
    "url": "https://www.instagram.com/explore/locations/1799402790304596/-/"
  },
  {
    "id": "723852734455097",
    "name": "Kvitkovy Atelier",
    "city": "Kherson",
    "url": "https://www.instagram.com/explore/locations/723852734455097/kvitkovy-atelier/"
  },
  {
    "id": "879924472184031",
    "name": "Роддом ХБК - нам 60 лет Херсон",
    "city": "Kherson",
    "url": "https://www.instagram.com/explore/locations/879924472184031/-60/"
  },
  {
    "id": "591403518009693",
    "name": "OLVI",
    "city": "Kherson",
    "url": "https://www.instagram.com/explore/locations/591403518009693/olvi/"
  },
  {
    "id": "113842734128312",
    "name": "Restart школа-майстерня краси",
    "city": "Kherson",
    "url": "https://www.instagram.com/explore/locations/113842734128312/restart-/"
  },
  {
    "id": "1982712458693015",
    "name": "Mama Pizza",
    "city": "Kherson",
    "url": "https://www.instagram.com/explore/locations/1982712458693015/mama-pizza/"
  },
  {
    "id": "2489297354629770",
    "name": "Flirty Sex-shop",
    "city": "Kherson",
    "url": "https://www.instagram.com/explore/locations/2489297354629770/flirty-sex-shop/"
  },
  {
    "id": "2082679378428955",
    "name": "Olga Radishevskaya Studio",
    "city": "Kherson",
    "url": "https://www.instagram.com/explore/locations/2082679378428955/olga-radishevskaya-studio/"
  },
  {
    "id": "1028979647",
    "name": "Ул. Тираспольска 31",
    "city": "Kherson",
    "url": "https://www.instagram.com/explore/locations/1028979647/31/"
  },
  {
    "id": "375473443088387",
    "name": "Шаде кафе-бар",
    "city": "Kherson",
    "url": "https://www.instagram.com/explore/locations/375473443088387/-/"
  },
  {
    "id": "102680454575337",
    "name": "Merry Berry",
    "city": "Kherson",
    "url": "https://www.instagram.com/explore/locations/102680454575337/merry-berry/"
  },
  {
    "id": "107176471086826",
    "name": "Kherson",
    "city": "Kherson",
    "url": "https://www.instagram.com/explore/locations/107176471086826/kherson/"
  },
  {
    "id": "279786703",
    "name": "Karaoke Club \"ЗАПОЙ\"",
    "city": "Kherson",
    "url": "https://www.instagram.com/explore/locations/279786703/karaoke-club/"
  },
  {
    "id": "1004274799756702",
    "name": "Есенин / Esenin",
    "city": "Kherson",
    "url": "https://www.instagram.com/explore/locations/1004274799756702/esenin/"
  },
  {
    "id": "1128277320641394",
    "name": "Hippo Bar",
    "city": "Kherson",
    "url": "https://www.instagram.com/explore/locations/1128277320641394/hippo-bar/"
  },
  {
    "id": "179273792621087",
    "name": "Super Park “V” Херсон",
    "city": "Kherson",
    "url": "https://www.instagram.com/explore/locations/179273792621087/super-park-v/"
  },
  {
    "id": "1641534772553063",
    "name": "Херсон, ул. Кулика 141",
    "city": "Kherson",
    "url": "https://www.instagram.com/explore/locations/1641534772553063/141/"
  },
  {
    "id": "1018991581",
    "name": "BRP Центр Херсон",
    "city": "Kherson",
    "url": "https://www.instagram.com/explore/locations/1018991581/brp/"
  },
  {
    "id": "133387653965045",
    "name": "Салон красоты Desiderio",
    "city": "Kherson",
    "url": "https://www.instagram.com/explore/locations/133387653965045/desiderio/"
  },
  {
    "id": "953545863",
    "name": "Boutique Hotel & Restaurant Greenstone",
    "city": "Kherson",
    "url": "https://www.instagram.com/explore/locations/953545863/boutique-hotel-restaurant-greenstone/"
  },
  {
    "id": "1012876394",
    "name": "Квiтка - цветочный магазин - г. Херсон",
    "city": "Kherson",
    "url": "https://www.instagram.com/explore/locations/1012876394/i-/"
  },
  {
    "id": "801206350032695",
    "name": "FIAT Херсон",
    "city": "Kherson",
    "url": "https://www.instagram.com/explore/locations/801206350032695/fiat/"
  },
  {
    "id": "150891129194865",
    "name": "ул.Мира, 25",
    "city": "Kherson",
    "url": "https://www.instagram.com/explore/locations/150891129194865/25/"
  },
  {
    "id": "357037347709348",
    "name": "Школа № 50",
    "city": "Kherson",
    "url": "https://www.instagram.com/explore/locations/357037347709348/no-50/"
  },
  {
    "id": "368609006",
    "name": "Most Na Đurđevića Tari Жабляк",
    "city": "Kherson",
    "url": "https://www.instagram.com/explore/locations/368609006/most-na-urevica-tari/"
  },
  {
    "id": "1840393119517989",
    "name": "Школа танца URBAN VIBES",
    "city": "Kherson",
    "url": "https://www.instagram.com/explore/locations/1840393119517989/urban-vibes/"
  },
  {
    "id": "1023381818",
    "name": "Херсонская специализированная школа 30",
    "city": "Kherson",
    "url": "https://www.instagram.com/explore/locations/1023381818/30/"
  },
  {
    "id": "1860695470908387",
    "name": "Фитнес-клуб X-life",
    "city": "Kherson",
    "url": "https://www.instagram.com/explore/locations/1860695470908387/-x-life/"
  },
  {
    "id": "111414211175541",
    "name": "GGC_coffee",
    "city": "Kherson",
    "url": "https://www.instagram.com/explore/locations/111414211175541/ggc_coffee/"
  },
  {
    "id": "299622973904429",
    "name": "House Tulupov Ukraine",
    "city": "Kherson",
    "url": "https://www.instagram.com/explore/locations/299622973904429/house-tulupov-ukraine/"
  },
  {
    "id": "257601013",
    "name": "Александр-Шанс",
    "city": "Kherson",
    "url": "https://www.instagram.com/explore/locations/257601013/-/"
  },
  {
    "id": "2190157421230114",
    "name": "херсонська мiська клiнiчна лiкарня iм. о. с. лучанського",
    "city": "Kherson",
    "url": "https://www.instagram.com/explore/locations/2190157421230114/i-ii-i-i/"
  },
  {
    "id": "1017892577",
    "name": "Студия Арт-Инсайт",
    "city": "Kherson",
    "url": "https://www.instagram.com/explore/locations/1017892577/-/"
  },
  {
    "id": "1032440003",
    "name": "Beauty Studio \"comme il faut\"",
    "city": "Kherson",
    "url": "https://www.instagram.com/explore/locations/1032440003/beauty-studio-comme-il-faut/"
  },
  {
    "id": "152988822043269",
    "name": "Свято-Екатерининский собор. Херсон",
    "city": "Kherson",
    "url": "https://www.instagram.com/explore/locations/152988822043269/-/"
  },
  {
    "id": "250342682292573",
    "name": "Школа 52",
    "city": "Kherson",
    "url": "https://www.instagram.com/explore/locations/250342682292573/52/"
  },
  {
    "id": "271219633313238",
    "name": "школа №30",
    "city": "Kherson",
    "url": "https://www.instagram.com/explore/locations/271219633313238/no30/"
  },
  {
    "id": "1549004641852654",
    "name": "Aleksandr San",
    "city": "Kherson",
    "url": "https://www.instagram.com/explore/locations/1549004641852654/aleksandr-san/"
  },
  {
    "id": "838251709844012",
    "name": "N&L Flower Shop",
    "city": "Kherson",
    "url": "https://www.instagram.com/explore/locations/838251709844012/nl-flower-shop/"
  },
  {
    "id": "197115024349668",
    "name": "Hammer Фитне",
    "city": "Kherson",
    "url": "https://www.instagram.com/explore/locations/197115024349668/hammer/"
  },
  {
    "id": "318191062314169",
    "name": "Sport Life",
    "city": "Kherson",
    "url": "https://www.instagram.com/explore/locations/318191062314169/sport-life/"
  },
  {
    "id": "604463306313127",
    "name": "Свято-Екатерининский собор",
    "city": "Kherson",
    "url": "https://www.instagram.com/explore/locations/604463306313127/-/"
  },
  {
    "id": "522982061551313",
    "name": "Prime",
    "city": "Kherson",
    "url": "https://www.instagram.com/explore/locations/522982061551313/prime/"
  },
  {
    "id": "104324055325964",
    "name": "Kidsberry",
    "city": "Kherson",
    "url": "https://www.instagram.com/explore/locations/104324055325964/kidsberry/"
  },
  {
    "id": "2469131959817296",
    "name": "Panorama",
    "city": "Kherson",
    "url": "https://www.instagram.com/explore/locations/2469131959817296/panorama/"
  },
  {
    "id": "1800286890221499",
    "name": "Карбышева 19",
    "city": "Kherson",
    "url": "https://www.instagram.com/explore/locations/1800286890221499/19/"
  },
  {
    "id": "100541525046513",
    "name": "Be Number one",
    "city": "Kherson",
    "url": "https://www.instagram.com/explore/locations/100541525046513/be-number-one/"
  },
  {
    "id": "140993846505210",
    "name": "Tati Cafe&lounge",
    "city": "Kherson",
    "url": "https://www.instagram.com/explore/locations/140993846505210/tati-cafelounge/"
  },
  {
    "id": "161053334398074",
    "name": "Pole Dance Studio BLACK SWIFT",
    "city": "Kherson",
    "url": "https://www.instagram.com/explore/locations/161053334398074/pole-dance-studio-black-swift/"
  },
  {
    "id": "1878803035673262",
    "name": "Art Eskada",
    "city": "Kherson",
    "url": "https://www.instagram.com/explore/locations/1878803035673262/art-eskada/"
  },
  {
    "id": "1802578463131889",
    "name": "Appetissimo -Елітні продукти",
    "city": "Kherson",
    "url": "https://www.instagram.com/explore/locations/1802578463131889/appetissimo-/"
  },
  {
    "id": "228011584486449",
    "name": "Docker Pub",
    "city": "Kherson",
    "url": "https://www.instagram.com/explore/locations/228011584486449/docker-pub/"
  },
  {
    "id": "1032876039",
    "name": "skoroprint.com",
    "city": "Kherson",
    "url": "https://www.instagram.com/explore/locations/1032876039/skoroprintcom/"
  },
  {
    "id": "355154431798861",
    "name": "Школа 32",
    "city": "Kherson",
    "url": "https://www.instagram.com/explore/locations/355154431798861/32/"
  },
  {
    "id": "997329643661101",
    "name": "Агентство Tourmapa",
    "city": "Kherson",
    "url": "https://www.instagram.com/explore/locations/997329643661101/tourmapa/"
  },
  {
    "id": "141862473138019",
    "name": "Tattoo Studio VeAn г. Херсон",
    "city": "Kherson",
    "url": "https://www.instagram.com/explore/locations/141862473138019/tattoo-studio-vean/"
  },
  {
    "id": "2294621684096219",
    "name": "Херсонська спеціалізована школа 27",
    "city": "Kherson",
    "url": "https://www.instagram.com/explore/locations/2294621684096219/27/"
  },
  {
    "id": "1011921332309624",
    "name": "ВелоPitStop Херсон - продажа/ремонт/прокат велосипедов и комплектующих",
    "city": "Kherson",
    "url": "https://www.instagram.com/explore/locations/1011921332309624/pitstop-/"
  },
  {
    "id": "265840124",
    "name": "Flamingo",
    "city": "Kherson",
    "url": "https://www.instagram.com/explore/locations/265840124/flamingo/"
  },
  {
    "id": "101027907969742",
    "name": "STO Kor4ey",
    "city": "Kherson",
    "url": "https://www.instagram.com/explore/locations/101027907969742/sto-kor4ey/"
  },
  {
    "id": "574426312759344",
    "name": "Поликлиника Днепровского р-на им. Лучанского, МСЧ ХБК",
    "city": "Kherson",
    "url": "https://www.instagram.com/explore/locations/574426312759344/-/"
  },
  {
    "id": "298538791",
    "name": "Херсон Бериславское Шоссе 12",
    "city": "Kherson",
    "url": "https://www.instagram.com/explore/locations/298538791/12/"
  },
  {
    "id": "235787393622889",
    "name": "Школа №24",
    "city": "Kherson",
    "url": "https://www.instagram.com/explore/locations/235787393622889/no24/"
  },
  {
    "id": "100723961953224",
    "name": "Детейлинг центр KS Avto",
    "city": "Kherson",
    "url": "https://www.instagram.com/explore/locations/100723961953224/ks-avto/"
  },
  {
    "id": "366542530356310",
    "name": "Feè De Cafè",
    "city": "Kherson",
    "url": "https://www.instagram.com/explore/locations/366542530356310/fee-de-cafe/"
  },
  {
    "id": "288744783",
    "name": "Челентано Херсон 49 Хгд",
    "city": "Kherson",
    "url": "https://www.instagram.com/explore/locations/288744783/49/"
  },
  {
    "id": "105700337640162",
    "name": "Подарки_Сувениры_Вышиванки",
    "city": "Kherson",
    "url": "https://www.instagram.com/explore/locations/105700337640162/__/"
  },
  {
    "id": "420801028301090",
    "name": "Студия современного танца Insight \\ Херсон \\ Танцы",
    "city": "Kherson",
    "url": "https://www.instagram.com/explore/locations/420801028301090/insight/"
  },
  {
    "id": "508120459",
    "name": "Xerson",
    "city": "Kherson",
    "url": "https://www.instagram.com/explore/locations/508120459/xerson/"
  },
  {
    "id": "272499256540455",
    "name": "OMiNA",
    "city": "Kherson",
    "url": "https://www.instagram.com/explore/locations/272499256540455/omina/"
  },
  {
    "id": "1029000308",
    "name": "Караоке-Бар ГАРАЖ",
    "city": "Kherson",
    "url": "https://www.instagram.com/explore/locations/1029000308/-/"
  },
  {
    "id": "107217120796791",
    "name": "Gc barbershop Kherson",
    "city": "Kherson",
    "url": "https://www.instagram.com/explore/locations/107217120796791/gc-barbershop-kherson/"
  },
  {
    "id": "1357865444229647",
    "name": "Комп'ютерна Академія It Step, Херсон",
    "city": "Kherson",
    "url": "https://www.instagram.com/explore/locations/1357865444229647/it-step/"
  },
  {
    "id": "235071771",
    "name": "John Howard Pub",
    "city": "Kherson",
    "url": "https://www.instagram.com/explore/locations/235071771/john-howard-pub/"
  },
  {
    "id": "105434795192323",
    "name": "Merry Berry",
    "city": "Kherson",
    "url": "https://www.instagram.com/explore/locations/105434795192323/merry-berry/"
  },
  {
    "id": "102183811312504",
    "name": "Sex Shop Love Story",
    "city": "Kherson",
    "url": "https://www.instagram.com/explore/locations/102183811312504/sex-shop-love-story/"
  },
  {
    "id": "106623550726929",
    "name": "Beauty Hall Территория Красоты",
    "city": "Kherson",
    "url": "https://www.instagram.com/explore/locations/106623550726929/beauty-hall/"
  },
  {
    "id": "104119714548848",
    "name": "Aleksanr Sann",
    "city": "Kherson",
    "url": "https://www.instagram.com/explore/locations/104119714548848/aleksanr-sann/"
  },
  {
    "id": "100350181622470",
    "name": "Korean mini shop",
    "city": "Kherson",
    "url": "https://www.instagram.com/explore/locations/100350181622470/korean-mini-shop/"
  },
  {
    "id": "183588812398838",
    "name": "Ресторан La Danza",
    "city": "Kherson",
    "url": "https://www.instagram.com/explore/locations/183588812398838/la-danza/"
  },
  {
    "id": "1035556236",
    "name": "Салон краси MODUS",
    "city": "Kherson",
    "url": "https://www.instagram.com/explore/locations/1035556236/modus/"
  },
  {
    "id": "45793029",
    "name": "Basta Pasta",
    "city": "Kherson",
    "url": "https://www.instagram.com/explore/locations/45793029/basta-pasta/"
  },
  {
    "id": "600617310418678",
    "name": "Херсон-Аристанка",
    "city": "Kherson",
    "url": "https://www.instagram.com/explore/locations/600617310418678/-/"
  },
  {
    "id": "352510255343736",
    "name": "Valentino_ks",
    "city": "Kherson",
    "url": "https://www.instagram.com/explore/locations/352510255343736/valentino_ks/"
  },
  {
    "id": "903781793145650",
    "name": "Детский сад #9",
    "city": "Kherson",
    "url": "https://www.instagram.com/explore/locations/903781793145650/9/"
  },
  {
    "id": "216558458830003",
    "name": "BMW Україна",
    "city": "Kherson",
    "url": "https://www.instagram.com/explore/locations/216558458830003/bmw/"
  },
  {
    "id": "2039565266104112",
    "name": "Карбышева, 34",
    "city": "Kherson",
    "url": "https://www.instagram.com/explore/locations/2039565266104112/34/"
  },
  {
    "id": "881837075523469",
    "name": "Sunrise Студия Красоты",
    "city": "Kherson",
    "url": "https://www.instagram.com/explore/locations/881837075523469/sunrise/"
  },
  {
    "id": "199249240783938",
    "name": "Bad Kids",
    "city": "Kherson",
    "url": "https://www.instagram.com/explore/locations/199249240783938/bad-kids/"
  },
  {
    "id": "1980927325485793",
    "name": "Готельно-ресторанний комплекс \"Гостиний Двір\"",
    "city": "Kherson",
    "url": "https://www.instagram.com/explore/locations/1980927325485793/-/"
  },
  {
    "id": "968715840004541",
    "name": "Hammer",
    "city": "Kherson",
    "url": "https://www.instagram.com/explore/locations/968715840004541/hammer/"
  },
  {
    "id": "162856207743713",
    "name": "Квiтка Лазерная Эпиляция Херсон",
    "city": "Kherson",
    "url": "https://www.instagram.com/explore/locations/162856207743713/i/"
  },
  {
    "id": "729648217378908",
    "name": "Херсонський національний технічний університет- ХНТУ",
    "city": "Kherson",
    "url": "https://www.instagram.com/explore/locations/729648217378908/-/"
  },
  {
    "id": "1894174527361738",
    "name": "ХНТУ 6 корпус (ЦДП)",
    "city": "Kherson",
    "url": "https://www.instagram.com/explore/locations/1894174527361738/6/"
  },
  {
    "id": "220747937",
    "name": "Mi Mi beauty Bar",
    "city": "Kherson",
    "url": "https://www.instagram.com/explore/locations/220747937/mi-mi-beauty-bar/"
  },
  {
    "id": "175213923395897",
    "name": "Школа 56",
    "city": "Kherson",
    "url": "https://www.instagram.com/explore/locations/175213923395897/56/"
  },
  {
    "id": "101029691394701",
    "name": "𝐁𝐀𝐑𝐎𝐂𝐂𝐎 Студия Красоты",
    "city": "Kherson",
    "url": "https://www.instagram.com/explore/locations/101029691394701/barocco/"
  },
  {
    "id": "1798917847081333",
    "name": "Brokkoli.deutsch",
    "city": "Kherson",
    "url": "https://www.instagram.com/explore/locations/1798917847081333/brokkolideutsch/"
  },
  {
    "id": "166936867218538",
    "name": "Grand Studio",
    "city": "Kherson",
    "url": "https://www.instagram.com/explore/locations/166936867218538/grand-studio/"
  },
  {
    "id": "522107611",
    "name": "Херсон, Ego",
    "city": "Kherson",
    "url": "https://www.instagram.com/explore/locations/522107611/ego/"
  },
  {
    "id": "101835831709760",
    "name": "Smile Clinic",
    "city": "Kherson",
    "url": "https://www.instagram.com/explore/locations/101835831709760/smile-clinic/"
  },
  {
    "id": "304770653",
    "name": "Кафе Дон Марко Ушакова 62",
    "city": "Kherson",
    "url": "https://www.instagram.com/explore/locations/304770653/62/"
  },
  {
    "id": "346011866157372",
    "name": "вул.Мира 18",
    "city": "Kherson",
    "url": "https://www.instagram.com/explore/locations/346011866157372/18/"
  },
  {
    "id": "330521197736162",
    "name": "49 Гвардейской дивизии 11",
    "city": "Kherson",
    "url": "https://www.instagram.com/explore/locations/330521197736162/49-11/"
  },
  {
    "id": "206850256815807",
    "name": "200 лет херсона 35-А",
    "city": "Kherson",
    "url": "https://www.instagram.com/explore/locations/206850256815807/200-35-/"
  },
  {
    "id": "299026095",
    "name": "Hyundai Херсон Автопланета",
    "city": "Kherson",
    "url": "https://www.instagram.com/explore/locations/299026095/hyundai/"
  },
  {
    "id": "100819258072490",
    "name": "Kiki Shop",
    "city": "Kherson",
    "url": "https://www.instagram.com/explore/locations/100819258072490/kiki-shop/"
  },
  {
    "id": "106784814882771",
    "name": "Platon Hotel",
    "city": "Kherson",
    "url": "https://www.instagram.com/explore/locations/106784814882771/platon-hotel/"
  },
  {
    "id": "755945440",
    "name": "Dance Studio Pride",
    "city": "Kherson",
    "url": "https://www.instagram.com/explore/locations/755945440/dance-studio-pride/"
  },
  {
    "id": "104659125087872",
    "name": "Pizza & Grill Magnum Херсон",
    "city": "Kherson",
    "url": "https://www.instagram.com/explore/locations/104659125087872/pizza-grill-magnum/"
  },
  {
    "id": "425319768050646",
    "name": "General Voice",
    "city": "Kherson",
    "url": "https://www.instagram.com/explore/locations/425319768050646/general-voice/"
  },
  {
    "id": "191840588224306",
    "name": "Bebko-Auto Ford",
    "city": "Kherson",
    "url": "https://www.instagram.com/explore/locations/191840588224306/bebko-auto-ford/"
  },
  {
    "id": "672135292993087",
    "name": "Akvamarin_photostudio_kherson",
    "city": "Kherson",
    "url": "https://www.instagram.com/explore/locations/672135292993087/akvamarin_photostudio_kherson/"
  },
  {
    "id": "163958774237370",
    "name": "HOTCUP_coffee",
    "city": "Kherson",
    "url": "https://www.instagram.com/explore/locations/163958774237370/hotcup_coffee/"
  },
  {
    "id": "110138271284666",
    "name": "Red Rose",
    "city": "Kherson",
    "url": "https://www.instagram.com/explore/locations/110138271284666/red-rose/"
  },
  {
    "id": "285999962025343",
    "name": "Donuts Club",
    "city": "Kherson",
    "url": "https://www.instagram.com/explore/locations/285999962025343/donuts-club/"
  },
  {
    "id": "719104351613669",
    "name": "Булочная Bon Ami",
    "city": "Kherson",
    "url": "https://www.instagram.com/explore/locations/719104351613669/bon-ami/"
  },
  {
    "id": "878746635615837",
    "name": "Broadway. Ма",
    "city": "Kherson",
    "url": "https://www.instagram.com/explore/locations/878746635615837/broadway/"
  },
  {
    "id": "5822737",
    "name": "Ego",
    "city": "Kherson",
    "url": "https://www.instagram.com/explore/locations/5822737/ego/"
  },
  {
    "id": "807037931",
    "name": "Siberian husky kennel Chamonix Deus",
    "city": "Kherson",
    "url": "https://www.instagram.com/explore/locations/807037931/siberian-husky-kennel-chamonix-deus/"
  },
  {
    "id": "445406412521707",
    "name": "Bristot",
    "city": "Kherson",
    "url": "https://www.instagram.com/explore/locations/445406412521707/bristot/"
  },
  {
    "id": "232783810594578",
    "name": "53 школа",
    "city": "Kherson",
    "url": "https://www.instagram.com/explore/locations/232783810594578/53/"
  },
  {
    "id": "1384383735213662",
    "name": "Хобби Шоп-товары для художников и рукодельниц",
    "city": "Kherson",
    "url": "https://www.instagram.com/explore/locations/1384383735213662/-/"
  },
  {
    "id": "358556571269683",
    "name": "Херсон, ул. Некрасова, 82а Автомагазин Час-Пик",
    "city": "Kherson",
    "url": "https://www.instagram.com/explore/locations/358556571269683/82-/"
  },
  {
    "id": "537577940056294",
    "name": "Авицена - медицинский центр, Херсон",
    "city": "Kherson",
    "url": "https://www.instagram.com/explore/locations/537577940056294/-/"
  },
  {
    "id": "104906470937517",
    "name": "Lazerhall Херсон, центр лазерной косметологии",
    "city": "Kherson",
    "url": "https://www.instagram.com/explore/locations/104906470937517/lazerhall/"
  },
  {
    "id": "258692542",
    "name": "Bordo Hotel",
    "city": "Kherson",
    "url": "https://www.instagram.com/explore/locations/258692542/bordo-hotel/"
  },
  {
    "id": "194108924581550",
    "name": "Мозаика- школа рисования",
    "city": "Kherson",
    "url": "https://www.instagram.com/explore/locations/194108924581550/-/"
  },
  {
    "id": "581094982384870",
    "name": "Тіп-Топ",
    "city": "Kherson",
    "url": "https://www.instagram.com/explore/locations/581094982384870/-/"
  },
  {
    "id": "386033722182070",
    "name": "Ветеринарная клиника Animal",
    "city": "Kherson",
    "url": "https://www.instagram.com/explore/locations/386033722182070/animal/"
  },
  {
    "id": "195634190944732",
    "name": "Арт-Инсайт Студия",
    "city": "Kherson",
    "url": "https://www.instagram.com/explore/locations/195634190944732/-/"
  },
  {
    "id": "16391907",
    "name": "Paradise",
    "city": "Kherson",
    "url": "https://www.instagram.com/explore/locations/16391907/paradise/"
  },
  {
    "id": "1863409787315707",
    "name": "Studio Vanilla",
    "city": "Kherson",
    "url": "https://www.instagram.com/explore/locations/1863409787315707/studio-vanilla/"
  },
  {
    "id": "160527711205539",
    "name": "Ушакова 48",
    "city": "Kherson",
    "url": "https://www.instagram.com/explore/locations/160527711205539/48/"
  },
  {
    "id": "234935476",
    "name": "ТЦ FABRIKA",
    "city": "Kherson",
    "url": "https://www.instagram.com/explore/locations/234935476/fabrika/"
  },
  {
    "id": "1937756943196022",
    "name": "Dominant GYM",
    "city": "Kherson",
    "url": "https://www.instagram.com/explore/locations/1937756943196022/dominant-gym/"
  },
  {
    "id": "1088903644622572",
    "name": "SOLO_ KS",
    "city": "Kherson",
    "url": "https://www.instagram.com/explore/locations/1088903644622572/solo_-ks/"
  },
  {
    "id": "338305164",
    "name": "Pub Chernomor",
    "city": "Kherson",
    "url": "https://www.instagram.com/explore/locations/338305164/pub-chernomor/"
  },
  {
    "id": "132445400797782",
    "name": "Туристическое Агентство 200 лет Хенсона, 18",
    "city": "Kherson",
    "url": "https://www.instagram.com/explore/locations/132445400797782/200-18/"
  },
  {
    "id": "572910212870974",
    "name": "Barin ,херсон",
    "city": "Kherson",
    "url": "https://www.instagram.com/explore/locations/572910212870974/barin/"
  },
  {
    "id": "157299841877994",
    "name": "Площадь 40-летия Победы / «Три штыка»",
    "city": "Kherson",
    "url": "https://www.instagram.com/explore/locations/157299841877994/40-/"
  },
  {
    "id": "611194942401398",
    "name": "Студия \"Арт-Инсайт\"",
    "city": "Kherson",
    "url": "https://www.instagram.com/explore/locations/611194942401398/-/"
  },
  {
    "id": "2079316142336504",
    "name": "Baby Boss",
    "city": "Kherson",
    "url": "https://www.instagram.com/explore/locations/2079316142336504/baby-boss/"
  },
  {
    "id": "1026664107",
    "name": "Mоре Туров Херсон",
    "city": "Kherson",
    "url": "https://www.instagram.com/explore/locations/1026664107/m/"
  },
  {
    "id": "734657163565021",
    "name": "Гастропаб Bukowski",
    "city": "Kherson",
    "url": "https://www.instagram.com/explore/locations/734657163565021/bukowski/"
  },
  {
    "id": "1910592852532137",
    "name": "Бильярдный клуб Ф-1",
    "city": "Kherson",
    "url": "https://www.instagram.com/explore/locations/1910592852532137/-1/"
  },
  {
    "id": "1031895990",
    "name": "Victoria - студия фитнеса и танца",
    "city": "Kherson",
    "url": "https://www.instagram.com/explore/locations/1031895990/victoria-/"
  },
  {
    "id": "113463593405717",
    "name": "Провет - ветеринарная клиника",
    "city": "Kherson",
    "url": "https://www.instagram.com/explore/locations/113463593405717/-/"
  },
  {
    "id": "1201896923299356",
    "name": "Decora DeLuxe",
    "city": "Kherson",
    "url": "https://www.instagram.com/explore/locations/1201896923299356/decora-deluxe/"
  },
  {
    "id": "275542416655377",
    "name": "Sushi Master Kherson",
    "city": "Kherson",
    "url": "https://www.instagram.com/explore/locations/275542416655377/sushi-master-kherson/"
  },
  {
    "id": "106193917690911",
    "name": "Kherson, Ukraine",
    "city": "Kherson",
    "url": "https://www.instagram.com/explore/locations/106193917690911/kherson-ukraine/"
  },
  {
    "id": "103188581419852",
    "name": "NaKava_coffee",
    "city": "Kherson",
    "url": "https://www.instagram.com/explore/locations/103188581419852/nakava_coffee/"
  },
  {
    "id": "463302587492560",
    "name": "сенявина 33",
    "city": "Kherson",
    "url": "https://www.instagram.com/explore/locations/463302587492560/33/"
  },
  {
    "id": "257715607639505",
    "name": "Комора Автозвука - Автозвук Херсон",
    "city": "Kherson",
    "url": "https://www.instagram.com/explore/locations/257715607639505/-/"
  },
  {
    "id": "501164890391960",
    "name": "Monro by Alexa",
    "city": "Kherson",
    "url": "https://www.instagram.com/explore/locations/501164890391960/monro-by-alexa/"
  },
  {
    "id": "246657899336727",
    "name": "Семейный ресторан европейской кухни Good People",
    "city": "Kherson",
    "url": "https://www.instagram.com/explore/locations/246657899336727/good-people/"
  },
  {
    "id": "896722883791495",
    "name": "Палац меблiв \"Евро-Стиль\"",
    "city": "Kherson",
    "url": "https://www.instagram.com/explore/locations/896722883791495/i-/"
  },
  {
    "id": "817023911975492",
    "name": "Multibrand Showroom",
    "city": "Kherson",
    "url": "https://www.instagram.com/explore/locations/817023911975492/multibrand-showroom/"
  },
  {
    "id": "160328227784387",
    "name": "Bordo",
    "city": "Kherson",
    "url": "https://www.instagram.com/explore/locations/160328227784387/bordo/"
  },
  {
    "id": "1356598171110639",
    "name": "Top Kherson",
    "city": "Kherson",
    "url": "https://www.instagram.com/explore/locations/1356598171110639/top-kherson/"
  },
  {
    "id": "107607013500436",
    "name": "Институт усовершенствования учителей / Institute of Teachers",
    "city": "Kherson",
    "url": "https://www.instagram.com/explore/locations/107607013500436/institute-of-teachers/"
  },
  {
    "id": "208453649598085",
    "name": "Appetissimo Пл.свободы 5",
    "city": "Kherson",
    "url": "https://www.instagram.com/explore/locations/208453649598085/appetissimo-5/"
  },
  {
    "id": "242965839733735",
    "name": "Поликлиника № 1 больницы им. А. и О.Тропиных (Тропинка)",
    "city": "Kherson",
    "url": "https://www.instagram.com/explore/locations/242965839733735/no-1/"
  },
  {
    "id": "101669491859563",
    "name": "Liffon",
    "city": "Kherson",
    "url": "https://www.instagram.com/explore/locations/101669491859563/liffon/"
  },
  {
    "id": "1019312180",
    "name": "Туристична компанія ХерсON",
    "city": "Kherson",
    "url": "https://www.instagram.com/explore/locations/1019312180/on/"
  },
  {
    "id": "131745470721142",
    "name": "Kidsshop_Kinder",
    "city": "Kherson",
    "url": "https://www.instagram.com/explore/locations/131745470721142/kidsshop_kinder/"
  },
  {
    "id": "178799483038751",
    "name": "Площадь Ганнибала / Hannibal Square",
    "city": "Kherson",
    "url": "https://www.instagram.com/explore/locations/178799483038751/hannibal-square/"
  },
  {
    "id": "2188570158131444",
    "name": "мк хдма Ук 4",
    "city": "Kherson",
    "url": "https://www.instagram.com/explore/locations/2188570158131444/4/"
  },
  {
    "id": "152122002117479",
    "name": "Школа 36",
    "city": "Kherson",
    "url": "https://www.instagram.com/explore/locations/152122002117479/36/"
  },
  {
    "id": "2084833388499049",
    "name": "Общежитие 4",
    "city": "Kherson",
    "url": "https://www.instagram.com/explore/locations/2084833388499049/4/"
  },
  {
    "id": "101680428799699",
    "name": "Peugeot AMPIR Kherson",
    "city": "Kherson",
    "url": "https://www.instagram.com/explore/locations/101680428799699/peugeot-ampir-kherson/"
  },
  {
    "id": "2068825959804330",
    "name": "Херсон-Авто",
    "city": "Kherson",
    "url": "https://www.instagram.com/explore/locations/2068825959804330/-/"
  },
  {
    "id": "883957421787566",
    "name": "Бульвар Мирный 3",
    "city": "Kherson",
    "url": "https://www.instagram.com/explore/locations/883957421787566/3/"
  },
  {
    "id": "797134322",
    "name": "Херсон Перекопская 175",
    "city": "Kherson",
    "url": "https://www.instagram.com/explore/locations/797134322/175/"
  },
  {
    "id": "1846189132322887",
    "name": "Карбышева 32",
    "city": "Kherson",
    "url": "https://www.instagram.com/explore/locations/1846189132322887/32/"
  },
  {
    "id": "1987012924916043",
    "name": "Monro_by_alexa",
    "city": "Kherson",
    "url": "https://www.instagram.com/explore/locations/1987012924916043/monro_by_alexa/"
  },
  {
    "id": "111900436127397",
    "name": "Art Bass",
    "city": "Kherson",
    "url": "https://www.instagram.com/explore/locations/111900436127397/art-bass/"
  },
  {
    "id": "2087829511229938",
    "name": "Фреш / Fresh",
    "city": "Kherson",
    "url": "https://www.instagram.com/explore/locations/2087829511229938/fresh/"
  },
  {
    "id": "749474545394982",
    "name": "Mama Pizza",
    "city": "Kherson",
    "url": "https://www.instagram.com/explore/locations/749474545394982/mama-pizza/"
  },
  {
    "id": "408880196113102",
    "name": "VOVK",
    "city": "Kherson",
    "url": "https://www.instagram.com/explore/locations/408880196113102/vovk/"
  },
  {
    "id": "101819165192320",
    "name": "VCBazar",
    "city": "Kherson",
    "url": "https://www.instagram.com/explore/locations/101819165192320/vcbazar/"
  },
  {
    "id": "558450404607039",
    "name": "Херсонська спеціалізована школа №31",
    "city": "Kherson",
    "url": "https://www.instagram.com/explore/locations/558450404607039/no31/"
  },
  {
    "id": "1960070484086125",
    "name": "Forellis",
    "city": "Kherson",
    "url": "https://www.instagram.com/explore/locations/1960070484086125/forellis/"
  },
  {
    "id": "609284519731439",
    "name": "Tushe",
    "city": "Kherson",
    "url": "https://www.instagram.com/explore/locations/609284519731439/tushe/"
  },
  {
    "id": "539352499523056",
    "name": "Kherson Restaurant",
    "city": "Kherson",
    "url": "https://www.instagram.com/explore/locations/539352499523056/kherson-restaurant/"
  },
  {
    "id": "1926109004372847",
    "name": "Kalnitskaya.studio",
    "city": "Kherson",
    "url": "https://www.instagram.com/explore/locations/1926109004372847/kalnitskayastudio/"
  },
  {
    "id": "307996503349203",
    "name": "Поїзд ''Херсон - Київ''",
    "city": "Kherson",
    "url": "https://www.instagram.com/explore/locations/307996503349203/-/"
  },
  {
    "id": "190716271808557",
    "name": "Doshi Doshi",
    "city": "Kherson",
    "url": "https://www.instagram.com/explore/locations/190716271808557/doshi-doshi/"
  },
  {
    "id": "270748360104953",
    "name": "La Viva",
    "city": "Kherson",
    "url": "https://www.instagram.com/explore/locations/270748360104953/la-viva/"
  },
  {
    "id": "182447925865997",
    "name": "Beauty Room",
    "city": "Kherson",
    "url": "https://www.instagram.com/explore/locations/182447925865997/beauty-room/"
  },
  {
    "id": "102275864988405",
    "name": "Beer Bar Patrick",
    "city": "Kherson",
    "url": "https://www.instagram.com/explore/locations/102275864988405/beer-bar-patrick/"
  },
  {
    "id": "1834971929945433",
    "name": "I-Style",
    "city": "Kherson",
    "url": "https://www.instagram.com/explore/locations/1834971929945433/i-style/"
  },
  {
    "id": "808671605963498",
    "name": "Bigudini салон красоты",
    "city": "Kherson",
    "url": "https://www.instagram.com/explore/locations/808671605963498/bigudini/"
  },
  {
    "id": "263677048",
    "name": "40лет Октября",
    "city": "Kherson",
    "url": "https://www.instagram.com/explore/locations/263677048/40/"
  },
  {
    "id": "345021086290087",
    "name": "ул .49 Херсонской Гвардейской Дивизии дом # 49",
    "city": "Kherson",
    "url": "https://www.instagram.com/explore/locations/345021086290087/49-49/"
  },
  {
    "id": "2347443542146452",
    "name": "VK tattoo studio",
    "city": "Kherson",
    "url": "https://www.instagram.com/explore/locations/2347443542146452/vk-tattoo-studio/"
  },
  {
    "id": "917665438420681",
    "name": "295-й Стрелковой Дивизии 6/9",
    "city": "Kherson",
    "url": "https://www.instagram.com/explore/locations/917665438420681/295-69/"
  },
  {
    "id": "2191400241130272",
    "name": "Taurt Medical",
    "city": "Kherson",
    "url": "https://www.instagram.com/explore/locations/2191400241130272/taurt-medical/"
  },
  {
    "id": "779676808823731",
    "name": "Фудзи, суши-бар",
    "city": "Kherson",
    "url": "https://www.instagram.com/explore/locations/779676808823731/-/"
  },
  {
    "id": "103926801522184",
    "name": "Beregi Golowu",
    "city": "Kherson",
    "url": "https://www.instagram.com/explore/locations/103926801522184/beregi-golowu/"
  },
  {
    "id": "1201954353300995",
    "name": "Dmytro Pack",
    "city": "Kherson",
    "url": "https://www.instagram.com/explore/locations/1201954353300995/dmytro-pack/"
  },
  {
    "id": "102002055469280",
    "name": "Sunrise pole dance studio",
    "city": "Kherson",
    "url": "https://www.instagram.com/explore/locations/102002055469280/sunrise-pole-dance-studio/"
  },
  {
    "id": "575616453108963",
    "name": "Made of Magic",
    "city": "Kherson",
    "url": "https://www.instagram.com/explore/locations/575616453108963/made-of-magic/"
  },
  {
    "id": "1229199590546166",
    "name": "Кофейня KOMOD",
    "city": "Kherson",
    "url": "https://www.instagram.com/explore/locations/1229199590546166/komod/"
  },
  {
    "id": "241067363498930",
    "name": "Квiтка - Кабинет Лазерной ЭЛОС Эпиляции",
    "city": "Kherson",
    "url": "https://www.instagram.com/explore/locations/241067363498930/i-/"
  },
  {
    "id": "1848746035383665",
    "name": "Тренажерный зал \"pumping\"",
    "city": "Kherson",
    "url": "https://www.instagram.com/explore/locations/1848746035383665/pumping/"
  },
  {
    "id": "102235326588930",
    "name": "Bebko-Auto Volvo",
    "city": "Kherson",
    "url": "https://www.instagram.com/explore/locations/102235326588930/bebko-auto-volvo/"
  },
  {
    "id": "302966036834945",
    "name": "УВК Школа №56, I-III ступеней, гимназия",
    "city": "Kherson",
    "url": "https://www.instagram.com/explore/locations/302966036834945/no56-i-iii/"
  },
  {
    "id": "103086104821354",
    "name": "Beauty LEO Studio",
    "city": "Kherson",
    "url": "https://www.instagram.com/explore/locations/103086104821354/beauty-leo-studio/"
  },
  {
    "id": "1790848754376070",
    "name": "Travel club Nirvana",
    "city": "Kherson",
    "url": "https://www.instagram.com/explore/locations/1790848754376070/travel-club-nirvana/"
  },
  {
    "id": "616099311915558",
    "name": "Школа №44",
    "city": "Kherson",
    "url": "https://www.instagram.com/explore/locations/616099311915558/no44/"
  },
  {
    "id": "1650233255085801",
    "name": "Перша Пекарня Твого Міста - Херсон, ХБК",
    "city": "Kherson",
    "url": "https://www.instagram.com/explore/locations/1650233255085801/-/"
  },
  {
    "id": "346440542592759",
    "name": "Детский сад # 67",
    "city": "Kherson",
    "url": "https://www.instagram.com/explore/locations/346440542592759/67/"
  },
  {
    "id": "103606918127553",
    "name": "Nakava",
    "city": "Kherson",
    "url": "https://www.instagram.com/explore/locations/103606918127553/nakava/"
  },
  {
    "id": "975116485935507",
    "name": "Студия Красоты Vanilla",
    "city": "Kherson",
    "url": "https://www.instagram.com/explore/locations/975116485935507/vanilla/"
  },
  {
    "id": "141701979746571",
    "name": "Beer Pong",
    "city": "Kherson",
    "url": "https://www.instagram.com/explore/locations/141701979746571/beer-pong/"
  },
  {
    "id": "1858428984372247",
    "name": "Ул. Железнодорожная 19",
    "city": "Kherson",
    "url": "https://www.instagram.com/explore/locations/1858428984372247/19/"
  },
  {
    "id": "1039948419490621",
    "name": "Нефтяников 15",
    "city": "Kherson",
    "url": "https://www.instagram.com/explore/locations/1039948419490621/15/"
  },
  {
    "id": "204651180429216",
    "name": "Детская музыкальная школа #3",
    "city": "Kherson",
    "url": "https://www.instagram.com/explore/locations/204651180429216/3/"
  },
  {
    "id": "368112957124361",
    "name": "Територiя краси Ola-la",
    "city": "Kherson",
    "url": "https://www.instagram.com/explore/locations/368112957124361/i-ola-la/"
  },
  {
    "id": "582345638634231",
    "name": "Kherson State Maritime Academy",
    "city": "Kherson",
    "url": "https://www.instagram.com/explore/locations/582345638634231/kherson-state-maritime-academy/"
  },
  {
    "id": "412031832740808",
    "name": "Petrenko Top Gym",
    "city": "Kherson",
    "url": "https://www.instagram.com/explore/locations/412031832740808/petrenko-top-gym/"
  },
  {
    "id": "197230547896112",
    "name": "Туристична агенціяNovel Trаvel",
    "city": "Kherson",
    "url": "https://www.instagram.com/explore/locations/197230547896112/novel-trvel/"
  },
  {
    "id": "1026642870",
    "name": "Херсон, Николаевское шоссе, 19-а",
    "city": "Kherson",
    "url": "https://www.instagram.com/explore/locations/1026642870/19-/"
  },
  {
    "id": "354416608695620",
    "name": "Dalikava",
    "city": "Kherson",
    "url": "https://www.instagram.com/explore/locations/354416608695620/dalikava/"
  },
  {
    "id": "118511472399975",
    "name": "Детская площадка Roshen",
    "city": "Kherson",
    "url": "https://www.instagram.com/explore/locations/118511472399975/roshen/"
  },
  {
    "id": "1795649074048188",
    "name": "Ukraine, Kherson",
    "city": "Kherson",
    "url": "https://www.instagram.com/explore/locations/1795649074048188/ukraine-kherson/"
  },
  {
    "id": "537847466546311",
    "name": "Korbett",
    "city": "Kherson",
    "url": "https://www.instagram.com/explore/locations/537847466546311/korbett/"
  },
  {
    "id": "948966145209139",
    "name": "Brothers Coffee",
    "city": "Kherson",
    "url": "https://www.instagram.com/explore/locations/948966145209139/brothers-coffee/"
  },
  {
    "id": "351356135353748",
    "name": "73K Entertainment",
    "city": "Kherson",
    "url": "https://www.instagram.com/explore/locations/351356135353748/73k-entertainment/"
  },
  {
    "id": "785291272",
    "name": "Bebko-AutoОфициальный дилер Geely, SsangYong иГаз",
    "city": "Kherson",
    "url": "https://www.instagram.com/explore/locations/785291272/bebko-auto-geely-ssangyong/"
  },
  {
    "id": "278995809558733",
    "name": "Железный порт, пляж the box",
    "city": "Kherson",
    "url": "https://www.instagram.com/explore/locations/278995809558733/the-box/"
  },
  {
    "id": "1014682607",
    "name": "Фитнес клуб Dominant GRAND",
    "city": "Kherson",
    "url": "https://www.instagram.com/explore/locations/1014682607/dominant-grand/"
  },
  {
    "id": "2334652276750263",
    "name": "Artstroyka",
    "city": "Kherson",
    "url": "https://www.instagram.com/explore/locations/2334652276750263/artstroyka/"
  },
  {
    "id": "106773530918501",
    "name": "Храм 40-ка мучеников Севастийских",
    "city": "Kherson",
    "url": "https://www.instagram.com/explore/locations/106773530918501/40-/"
  },
  {
    "id": "101552772038471",
    "name": "Hobby House",
    "city": "Kherson",
    "url": "https://www.instagram.com/explore/locations/101552772038471/hobby-house/"
  },
  {
    "id": "538701759927045",
    "name": "Детская поликлинника #1",
    "city": "Kherson",
    "url": "https://www.instagram.com/explore/locations/538701759927045/1/"
  },
  {
    "id": "712620729193717",
    "name": "Херсон, Таврический Покрышева 18",
    "city": "Kherson",
    "url": "https://www.instagram.com/explore/locations/712620729193717/18/"
  },
  {
    "id": "1025536377",
    "name": "Kherson HoReCa Service",
    "city": "Kherson",
    "url": "https://www.instagram.com/explore/locations/1025536377/kherson-horeca-service/"
  },
  {
    "id": "1938763716443704",
    "name": "Г. Херсон, Ул. Университетская, 118",
    "city": "Kherson",
    "url": "https://www.instagram.com/explore/locations/1938763716443704/118/"
  },
  {
    "id": "263233577461841",
    "name": "Solarium Kherson",
    "city": "Kherson",
    "url": "https://www.instagram.com/explore/locations/263233577461841/solarium-kherson/"
  },
  {
    "id": "981597955376399",
    "name": "I Love Coffee",
    "city": "Kherson",
    "url": "https://www.instagram.com/explore/locations/981597955376399/i-love-coffee/"
  },
  {
    "id": "447398622127156",
    "name": "Мебельный ART центр Nicolas",
    "city": "Kherson",
    "url": "https://www.instagram.com/explore/locations/447398622127156/art-nicolas/"
  },
  {
    "id": "286215585053035",
    "name": "KIA Херсон Автопланета",
    "city": "Kherson",
    "url": "https://www.instagram.com/explore/locations/286215585053035/kia/"
  },
  {
    "id": "565234700348577",
    "name": "MestoBoli",
    "city": "Kherson",
    "url": "https://www.instagram.com/explore/locations/565234700348577/mestoboli/"
  },
  {
    "id": "251624695528397",
    "name": "3й таврический",
    "city": "Kherson",
    "url": "https://www.instagram.com/explore/locations/251624695528397/3/"
  },
  {
    "id": "54443088",
    "name": "Sport Life",
    "city": "Kherson",
    "url": "https://www.instagram.com/explore/locations/54443088/sport-life/"
  },
  {
    "id": "102491387920951",
    "name": "Магазин кальянів та аксесуарів 2.0",
    "city": "Kherson",
    "url": "https://www.instagram.com/explore/locations/102491387920951/20/"
  },
  {
    "id": "314036229180313",
    "name": "Maxi-marketБлизнецы",
    "city": "Kherson",
    "url": "https://www.instagram.com/explore/locations/314036229180313/maxi-market/"
  },
  {
    "id": "324601298485863",
    "name": "Zachem",
    "city": "Kherson",
    "url": "https://www.instagram.com/explore/locations/324601298485863/zachem/"
  },
  {
    "id": "475455243025110",
    "name": "Херсонская обл. Олешковский р-н.",
    "city": "Kherson",
    "url": "https://www.instagram.com/explore/locations/475455243025110/-/"
  },
  {
    "id": "103225301687643",
    "name": "Херсон - Мій Дім",
    "city": "Kherson",
    "url": "https://www.instagram.com/explore/locations/103225301687643/-/"
  },
  {
    "id": "2197709693582336",
    "name": "Лаванда салон-парикмахерская",
    "city": "Kherson",
    "url": "https://www.instagram.com/explore/locations/2197709693582336/-/"
  },
  {
    "id": "560095364382311",
    "name": "Школа 48",
    "city": "Kherson",
    "url": "https://www.instagram.com/explore/locations/560095364382311/48/"
  },
  {
    "id": "1032255426",
    "name": "Marry Me",
    "city": "Kherson",
    "url": "https://www.instagram.com/explore/locations/1032255426/marry-me/"
  },
  {
    "id": "100215948519574",
    "name": "Арт-Простір \"freedom\"",
    "city": "Kherson",
    "url": "https://www.instagram.com/explore/locations/100215948519574/-freedom/"
  },
  {
    "id": "624478034725766",
    "name": "Школа 28",
    "city": "Kherson",
    "url": "https://www.instagram.com/explore/locations/624478034725766/28/"
  },
  {
    "id": "865257213637516",
    "name": "MOS restaurant Херсон",
    "city": "Kherson",
    "url": "https://www.instagram.com/explore/locations/865257213637516/mos-restaurant/"
  },
  {
    "id": "365173443588585",
    "name": "Kherson school №30",
    "city": "Kherson",
    "url": "https://www.instagram.com/explore/locations/365173443588585/kherson-school-no30/"
  },
  {
    "id": "631945140345312",
    "name": "Virna Kava",
    "city": "Kherson",
    "url": "https://www.instagram.com/explore/locations/631945140345312/virna-kava/"
  },
  {
    "id": "2086743548033749",
    "name": "Bar Deli",
    "city": "Kherson",
    "url": "https://www.instagram.com/explore/locations/2086743548033749/bar-deli/"
  },
  {
    "id": "1938251002970609",
    "name": "Стоматологическая клиника «Evident»",
    "city": "Kherson",
    "url": "https://www.instagram.com/explore/locations/1938251002970609/evident/"
  },
  {
    "id": "1185131514857611",
    "name": "Kathryn-Helena Design",
    "city": "Kherson",
    "url": "https://www.instagram.com/explore/locations/1185131514857611/kathryn-helena-design/"
  },
  {
    "id": "172547976920790",
    "name": "Херсон ,школа 41",
    "city": "Kherson",
    "url": "https://www.instagram.com/explore/locations/172547976920790/41/"
  },
  {
    "id": "320865088696882",
    "name": "детский сад #7",
    "city": "Kherson",
    "url": "https://www.instagram.com/explore/locations/320865088696882/7/"
  },
  {
    "id": "110375813914823",
    "name": "Andros Medical",
    "city": "Kherson",
    "url": "https://www.instagram.com/explore/locations/110375813914823/andros-medical/"
  },
  {
    "id": "1198463833602359",
    "name": "Pudra hair studio",
    "city": "Kherson",
    "url": "https://www.instagram.com/explore/locations/1198463833602359/pudra-hair-studio/"
  },
  {
    "id": "185762429017491",
    "name": "Fitcurves",
    "city": "Kherson",
    "url": "https://www.instagram.com/explore/locations/185762429017491/fitcurves/"
  },
  {
    "id": "1053626158108494",
    "name": "Kherson Лето",
    "city": "Kherson",
    "url": "https://www.instagram.com/explore/locations/1053626158108494/kherson/"
  },
  {
    "id": "1308683539154299",
    "name": "Бразильское Джиу-джитсу СК \"Катранг. Херсон",
    "city": "Kherson",
    "url": "https://www.instagram.com/explore/locations/1308683539154299/-/"
  },
  {
    "id": "430161749",
    "name": "BMW Центр Херсон",
    "city": "Kherson",
    "url": "https://www.instagram.com/explore/locations/430161749/bmw/"
  },
  {
    "id": "567353100309382",
    "name": "Blanche Херсон",
    "city": "Kherson",
    "url": "https://www.instagram.com/explore/locations/567353100309382/blanche/"
  },
  {
    "id": "232843493930152",
    "name": "школа №4Херсон",
    "city": "Kherson",
    "url": "https://www.instagram.com/explore/locations/232843493930152/no4/"
  },
  {
    "id": "618529731997560",
    "name": "Viva De Lux",
    "city": "Kherson",
    "url": "https://www.instagram.com/explore/locations/618529731997560/viva-de-lux/"
  },
  {
    "id": "1884484751655897",
    "name": "Конный двор - Зеленые Хутора Таврии",
    "city": "Kherson",
    "url": "https://www.instagram.com/explore/locations/1884484751655897/-/"
  },
  {
    "id": "111009344084153",
    "name": "Beauty Studio Shades",
    "city": "Kherson",
    "url": "https://www.instagram.com/explore/locations/111009344084153/beauty-studio-shades/"
  },
  {
    "id": "110258883805092",
    "name": "sparta.ks.gym",
    "city": "Kherson",
    "url": "https://www.instagram.com/explore/locations/110258883805092/spartaksgym/"
  },
  {
    "id": "731148520",
    "name": "Бассейн 40 Лет Октября,82",
    "city": "Kherson",
    "url": "https://www.instagram.com/explore/locations/731148520/40-82/"
  },
  {
    "id": "1026560046",
    "name": "Bar Deli",
    "city": "Kherson",
    "url": "https://www.instagram.com/explore/locations/1026560046/bar-deli/"
  },
  {
    "id": "265240180889274",
    "name": "Ladyprof_kherson",
    "city": "Kherson",
    "url": "https://www.instagram.com/explore/locations/265240180889274/ladyprof_kherson/"
  },
  {
    "id": "314646302368306",
    "name": "Endorfit",
    "city": "Kherson",
    "url": "https://www.instagram.com/explore/locations/314646302368306/endorfit/"
  },
  {
    "id": "260941361160785",
    "name": "Экономико-Правовой Колледж ХКЭПК",
    "city": "Kherson",
    "url": "https://www.instagram.com/explore/locations/260941361160785/-/"
  },
  {
    "id": "104066874342901",
    "name": "Merry Berry",
    "city": "Kherson",
    "url": "https://www.instagram.com/explore/locations/104066874342901/merry-berry/"
  },
  {
    "id": "331531744259046",
    "name": "ART HOUSE ДИЗАЙН ИНТЕРЬЕРА",
    "city": "Kherson",
    "url": "https://www.instagram.com/explore/locations/331531744259046/art-house/"
  },
  {
    "id": "330689907492496",
    "name": "Aroma Kava",
    "city": "Kherson",
    "url": "https://www.instagram.com/explore/locations/330689907492496/aroma-kava/"
  },
  {
    "id": "165101274120294",
    "name": "Sun Paradise",
    "city": "Kherson",
    "url": "https://www.instagram.com/explore/locations/165101274120294/sun-paradise/"
  },
  {
    "id": "2193282664056586",
    "name": "General Voice",
    "city": "Kherson",
    "url": "https://www.instagram.com/explore/locations/2193282664056586/general-voice/"
  },
  {
    "id": "114788019976668",
    "name": "Mont Blanc Мон Блан",
    "city": "Kherson",
    "url": "https://www.instagram.com/explore/locations/114788019976668/mont-blanc/"
  },
  {
    "id": "1014699163",
    "name": "Tourmapa",
    "city": "Kherson",
    "url": "https://www.instagram.com/explore/locations/1014699163/tourmapa/"
  },
  {
    "id": "577426152719578",
    "name": "Zebra женская одежда",
    "city": "Kherson",
    "url": "https://www.instagram.com/explore/locations/577426152719578/zebra/"
  },
  {
    "id": "305988816402512",
    "name": "Калифорния Спа-Салон",
    "city": "Kherson",
    "url": "https://www.instagram.com/explore/locations/305988816402512/-/"
  },
  {
    "id": "1035487704",
    "name": "Kherson Советская 7 Магазин Pudra",
    "city": "Kherson",
    "url": "https://www.instagram.com/explore/locations/1035487704/kherson-7-pudra/"
  },
  {
    "id": "984527841709192",
    "name": "Englishcity",
    "city": "Kherson",
    "url": "https://www.instagram.com/explore/locations/984527841709192/englishcity/"
  },
  {
    "id": "239747863473454",
    "name": "Туристическое агентство Love Travel",
    "city": "Kherson",
    "url": "https://www.instagram.com/explore/locations/239747863473454/love-travel/"
  },
  {
    "id": "107128209331446",
    "name": "35 школа",
    "city": "Kherson",
    "url": "https://www.instagram.com/explore/locations/107128209331446/35/"
  },
  {
    "id": "2350262881926704",
    "name": "Хобби-шоп (Дом фото)",
    "city": "Kherson",
    "url": "https://www.instagram.com/explore/locations/2350262881926704/-/"
  },
  {
    "id": "1032713572",
    "name": "Кольцова 47",
    "city": "Kherson",
    "url": "https://www.instagram.com/explore/locations/1032713572/47/"
  },
  {
    "id": "306410046498678",
    "name": "Херсон, Потёмкинская89",
    "city": "Kherson",
    "url": "https://www.instagram.com/explore/locations/306410046498678/89/"
  },
  {
    "id": "109450090614199",
    "name": "Buongiorno",
    "city": "Kherson",
    "url": "https://www.instagram.com/explore/locations/109450090614199/buongiorno/"
  },
  {
    "id": "207973446261951",
    "name": "Pro Fitness",
    "city": "Kherson",
    "url": "https://www.instagram.com/explore/locations/207973446261951/pro-fitness/"
  },
  {
    "id": "1025690350",
    "name": "Perola Negra",
    "city": "Kherson",
    "url": "https://www.instagram.com/explore/locations/1025690350/perola-negra/"
  },
  {
    "id": "320957732",
    "name": "Херсон Ушакова 46",
    "city": "Kherson",
    "url": "https://www.instagram.com/explore/locations/320957732/46/"
  },
  {
    "id": "1648228412149583",
    "name": "Raff_coffee",
    "city": "Kherson",
    "url": "https://www.instagram.com/explore/locations/1648228412149583/raff_coffee/"
  },
  {
    "id": "1506546286313906",
    "name": "Ушакова 89, Салон Штор \"элегант \"",
    "city": "Kherson",
    "url": "https://www.instagram.com/explore/locations/1506546286313906/89/"
  },
  {
    "id": "232524904182597",
    "name": "Нвк 56",
    "city": "Kherson",
    "url": "https://www.instagram.com/explore/locations/232524904182597/56/"
  },
  {
    "id": "104045897752323",
    "name": "Салон Aesthetic Beauty",
    "city": "Kherson",
    "url": "https://www.instagram.com/explore/locations/104045897752323/aesthetic-beauty/"
  },
  {
    "id": "335077850191353",
    "name": "Магазин автозапчастей \"TOP AUTO\"",
    "city": "Kherson",
    "url": "https://www.instagram.com/explore/locations/335077850191353/top-auto/"
  },
  {
    "id": "588961113",
    "name": "Maximum",
    "city": "Kherson",
    "url": "https://www.instagram.com/explore/locations/588961113/maximum/"
  },
  {
    "id": "2181794685395242",
    "name": "1+1 cafe",
    "city": "Kherson",
    "url": "https://www.instagram.com/explore/locations/2181794685395242/11-cafe/"
  },
  {
    "id": "101722034826153",
    "name": "Veranda _kafe",
    "city": "Kherson",
    "url": "https://www.instagram.com/explore/locations/101722034826153/veranda-_kafe/"
  },
  {
    "id": "191764994671930",
    "name": "Херсон 200 Лет Херсона 17а Кафе Барбадос",
    "city": "Kherson",
    "url": "https://www.instagram.com/explore/locations/191764994671930/200-17/"
  },
  {
    "id": "385085154",
    "name": "Zapoy",
    "city": "Kherson",
    "url": "https://www.instagram.com/explore/locations/385085154/zapoy/"
  },
  {
    "id": "360185234422495",
    "name": "Viktorynutriland - Магазин Спортивного Питания",
    "city": "Kherson",
    "url": "https://www.instagram.com/explore/locations/360185234422495/viktorynutriland-/"
  },
  {
    "id": "198666814342367",
    "name": "49-й Гвардейской Дивизии 18/2, 1",
    "city": "Kherson",
    "url": "https://www.instagram.com/explore/locations/198666814342367/49-182-1/"
  },
  {
    "id": "853513704795892",
    "name": "lifezone",
    "city": "Kherson",
    "url": "https://www.instagram.com/explore/locations/853513704795892/lifezone/"
  },
  {
    "id": "642204149506799",
    "name": "вул. Іллюши Кулика, 116",
    "city": "Kherson",
    "url": "https://www.instagram.com/explore/locations/642204149506799/116/"
  },
  {
    "id": "437472983259126",
    "name": "Boho-Bar",
    "city": "Kherson",
    "url": "https://www.instagram.com/explore/locations/437472983259126/boho-bar/"
  },
  {
    "id": "2308044589256368",
    "name": "Салон Красоты Херсон «Buon.salon»",
    "city": "Kherson",
    "url": "https://www.instagram.com/explore/locations/2308044589256368/buonsalon/"
  },
  {
    "id": "257083837",
    "name": "Greenstone Hotel",
    "city": "Kherson",
    "url": "https://www.instagram.com/explore/locations/257083837/greenstone-hotel/"
  },
  {
    "id": "111074343901687",
    "name": "Bershka",
    "city": "Kherson",
    "url": "https://www.instagram.com/explore/locations/111074343901687/bershka/"
  },
  {
    "id": "346729322563214",
    "name": "Ул. Залаэгерсег, 19",
    "city": "Kherson",
    "url": "https://www.instagram.com/explore/locations/346729322563214/19/"
  },
  {
    "id": "1949042888732732",
    "name": "Парк им. Береша ( м-кр 4 Таврический)",
    "city": "Kherson",
    "url": "https://www.instagram.com/explore/locations/1949042888732732/-4/"
  },
  {
    "id": "100403968053050",
    "name": "hplace.ks",
    "city": "Kherson",
    "url": "https://www.instagram.com/explore/locations/100403968053050/hplaceks/"
  },
  {
    "id": "101035105710290",
    "name": "ProstoKava",
    "city": "Kherson",
    "url": "https://www.instagram.com/explore/locations/101035105710290/prostokava/"
  },
  {
    "id": "101214245540265",
    "name": "HOT Enot",
    "city": "Kherson",
    "url": "https://www.instagram.com/explore/locations/101214245540265/hot-enot/"
  },
  {
    "id": "1030770249",
    "name": "Храм Свт. Иннокентия Херсонского 2010-2020",
    "city": "Kherson",
    "url": "https://www.instagram.com/explore/locations/1030770249/2010-2020/"
  },
  {
    "id": "219821368492823",
    "name": "Like Me Beauty Bar",
    "city": "Kherson",
    "url": "https://www.instagram.com/explore/locations/219821368492823/like-me-beauty-bar/"
  },
  {
    "id": "2007692489478060",
    "name": "Sport studio al'ma",
    "city": "Kherson",
    "url": "https://www.instagram.com/explore/locations/2007692489478060/sport-studio-alma/"
  },
  {
    "id": "1019065629",
    "name": "Херсонська Торгово-промислова палата",
    "city": "Kherson",
    "url": "https://www.instagram.com/explore/locations/1019065629/-/"
  },
  {
    "id": "103448925441394",
    "name": "Beauty Studio MK",
    "city": "Kherson",
    "url": "https://www.instagram.com/explore/locations/103448925441394/beauty-studio-mk/"
  },
  {
    "id": "318801920",
    "name": "Frederic Moreno",
    "city": "Kherson",
    "url": "https://www.instagram.com/explore/locations/318801920/frederic-moreno/"
  },
  {
    "id": "1027148289",
    "name": "Школа 48 Херсон",
    "city": "Kherson",
    "url": "https://www.instagram.com/explore/locations/1027148289/48/"
  },
  {
    "id": "114322113744774",
    "name": "Enjoy",
    "city": "Kherson",
    "url": "https://www.instagram.com/explore/locations/114322113744774/enjoy/"
  },
  {
    "id": "106279884333730",
    "name": "Yellow_black_cafe",
    "city": "Kherson",
    "url": "https://www.instagram.com/explore/locations/106279884333730/yellow_black_cafe/"
  },
  {
    "id": "17220976",
    "name": "Hungry Korean",
    "city": "Kherson",
    "url": "https://www.instagram.com/explore/locations/17220976/hungry-korean/"
  },
  {
    "id": "102279394791980",
    "name": "Forma. Студия коррекции фигуры",
    "city": "Kherson",
    "url": "https://www.instagram.com/explore/locations/102279394791980/forma/"
  },
  {
    "id": "1021805159",
    "name": "VSTours ФОП Новосадова ТЛ",
    "city": "Kherson",
    "url": "https://www.instagram.com/explore/locations/1021805159/vstours/"
  },
  {
    "id": "108153944331677",
    "name": "Stage Service Херсон",
    "city": "Kherson",
    "url": "https://www.instagram.com/explore/locations/108153944331677/stage-service/"
  },
  {
    "id": "178226786420764",
    "name": "Podkova",
    "city": "Kherson",
    "url": "https://www.instagram.com/explore/locations/178226786420764/podkova/"
  },
  {
    "id": "139883593397584",
    "name": "Сеть суши-баров \"DoshiDoshi\"",
    "city": "Kherson",
    "url": "https://www.instagram.com/explore/locations/139883593397584/-doshidoshi/"
  },
  {
    "id": "434473347282173",
    "name": "Fit Club NRG",
    "city": "Kherson",
    "url": "https://www.instagram.com/explore/locations/434473347282173/fit-club-nrg/"
  },
  {
    "id": "472770746814606",
    "name": "Parmezan",
    "city": "Kherson",
    "url": "https://www.instagram.com/explore/locations/472770746814606/parmezan/"
  },
  {
    "id": "106054188384953",
    "name": "Hot Enot",
    "city": "Kherson",
    "url": "https://www.instagram.com/explore/locations/106054188384953/hot-enot/"
  },
  {
    "id": "1027302246",
    "name": "Дитячий одяг evgakids, евгакідс",
    "city": "Kherson",
    "url": "https://www.instagram.com/explore/locations/1027302246/evgakids/"
  },
  {
    "id": "417428325492976",
    "name": "Le Confort",
    "city": "Kherson",
    "url": "https://www.instagram.com/explore/locations/417428325492976/le-confort/"
  },
  {
    "id": "3105774889447660",
    "name": "zed_mev_kntu",
    "city": "Kherson",
    "url": "https://www.instagram.com/explore/locations/3105774889447660/zed_mev_kntu/"
  },
  {
    "id": "473848696681681",
    "name": "VAZON",
    "city": "Kherson",
    "url": "https://www.instagram.com/explore/locations/473848696681681/vazon/"
  },
  {
    "id": "112362550622110",
    "name": "Freedom, Университетская, 31, Херсон",
    "city": "Kherson",
    "url": "https://www.instagram.com/explore/locations/112362550622110/freedom-31/"
  },
  {
    "id": "299538657049504",
    "name": "Груминг салон ZооСтиль Херсон",
    "city": "Kherson",
    "url": "https://www.instagram.com/explore/locations/299538657049504/z/"
  },
  {
    "id": "424961921220343",
    "name": "Регатос-Тур",
    "city": "Kherson",
    "url": "https://www.instagram.com/explore/locations/424961921220343/-/"
  },
  {
    "id": "71312118",
    "name": "Тойота Центр Херсон Авто-Плаза",
    "city": "Kherson",
    "url": "https://www.instagram.com/explore/locations/71312118/-/"
  },
  {
    "id": "2004683969743366",
    "name": "Сеть суши-баров \"DoshiDoshi\"",
    "city": "Kherson",
    "url": "https://www.instagram.com/explore/locations/2004683969743366/-doshidoshi/"
  },
  {
    "id": "865780093611490",
    "name": "Молодежная, 6",
    "city": "Kherson",
    "url": "https://www.instagram.com/explore/locations/865780093611490/6/"
  },
  {
    "id": "268250191",
    "name": "Школа 15",
    "city": "Kherson",
    "url": "https://www.instagram.com/explore/locations/268250191/15/"
  },
  {
    "id": "267558393783706",
    "name": "Фотографирую Счастье 095 540 02 23",
    "city": "Kherson",
    "url": "https://www.instagram.com/explore/locations/267558393783706/095-540-02-23/"
  },
  {
    "id": "1582030695276264",
    "name": "Autolife Херсон",
    "city": "Kherson",
    "url": "https://www.instagram.com/explore/locations/1582030695276264/autolife/"
  },
  {
    "id": "100535854863967",
    "name": "Суворова, 3",
    "city": "Kherson",
    "url": "https://www.instagram.com/explore/locations/100535854863967/3/"
  },
  {
    "id": "2321098004843422",
    "name": "Здоровье, красота, энергия - жизнь",
    "city": "Kherson",
    "url": "https://www.instagram.com/explore/locations/2321098004843422/-/"
  },
  {
    "id": "101948214769919",
    "name": "Aroma Kava",
    "city": "Kherson",
    "url": "https://www.instagram.com/explore/locations/101948214769919/aroma-kava/"
  },
  {
    "id": "2152346028159938",
    "name": "Квiтка 1- Кабинет Лазерной ЭЛОС Эпиляции",
    "city": "Kherson",
    "url": "https://www.instagram.com/explore/locations/2152346028159938/i-1-/"
  },
  {
    "id": "104596542031054",
    "name": "Triumph Clinic",
    "city": "Kherson",
    "url": "https://www.instagram.com/explore/locations/104596542031054/triumph-clinic/"
  },
  {
    "id": "1946754915618841",
    "name": "House",
    "city": "Kherson",
    "url": "https://www.instagram.com/explore/locations/1946754915618841/house/"
  },
  {
    "id": "185802955314455",
    "name": "Автопрокат Sibavto",
    "city": "Kherson",
    "url": "https://www.instagram.com/explore/locations/185802955314455/sibavto/"
  },
  {
    "id": "101080488207963",
    "name": "Общежитие 3 Хду",
    "city": "Kherson",
    "url": "https://www.instagram.com/explore/locations/101080488207963/3/"
  },
  {
    "id": "192359064994887",
    "name": "Херсонский Национальный технический университет / ХНТУ (корпус #3)",
    "city": "Kherson",
    "url": "https://www.instagram.com/explore/locations/192359064994887/3/"
  },
  {
    "id": "298824024058560",
    "name": "Bar 911",
    "city": "Kherson",
    "url": "https://www.instagram.com/explore/locations/298824024058560/bar-911/"
  },
  {
    "id": "1025007844",
    "name": "Sport-drive сеть магазинов",
    "city": "Kherson",
    "url": "https://www.instagram.com/explore/locations/1025007844/sport-drive/"
  },
  {
    "id": "568707091",
    "name": "Odessa Granat",
    "city": "Kherson",
    "url": "https://www.instagram.com/explore/locations/568707091/odessa-granat/"
  },
  {
    "id": "573963173019241",
    "name": "вул. Іллюши Кулика, 29",
    "city": "Kherson",
    "url": "https://www.instagram.com/explore/locations/573963173019241/29/"
  },
  {
    "id": "278376111",
    "name": "Hotel Dnepr",
    "city": "Kherson",
    "url": "https://www.instagram.com/explore/locations/278376111/hotel-dnepr/"
  },
  {
    "id": "100849331521971",
    "name": "Studio I-Dent",
    "city": "Kherson",
    "url": "https://www.instagram.com/explore/locations/100849331521971/studio-i-dent/"
  },
  {
    "id": "105294667609187",
    "name": "Moodroom",
    "city": "Kherson",
    "url": "https://www.instagram.com/explore/locations/105294667609187/moodroom/"
  },
  {
    "id": "105808647756208",
    "name": "Автосалон Usauto",
    "city": "Kherson",
    "url": "https://www.instagram.com/explore/locations/105808647756208/usauto/"
  }
]