[
  {
    "id": "317385789",
    "name": "ВДНХ, пр-т Академика Глушкова",
    "city": "Teremki",
    "url": "https://www.instagram.com/explore/locations/317385789/-/"
  },
  {
    "id": "171189066825140",
    "name": "Республіка - Respublika",
    "city": "Teremki",
    "url": "https://www.instagram.com/explore/locations/171189066825140/-respublika/"
  },
  {
    "id": "903076099875824",
    "name": "Atlas Festival - Atlas Weekend",
    "city": "Teremki",
    "url": "https://www.instagram.com/explore/locations/903076099875824/atlas-festival-atlas-weekend/"
  },
  {
    "id": "378026989403429",
    "name": "ЖК «Ліко-Град»",
    "city": "Teremki",
    "url": "https://www.instagram.com/explore/locations/378026989403429/-/"
  },
  {
    "id": "1014898060",
    "name": "ТРЦ Respublika Park",
    "city": "Teremki",
    "url": "https://www.instagram.com/explore/locations/1014898060/respublika-park/"
  },
  {
    "id": "364129360",
    "name": "Teremky",
    "city": "Teremki",
    "url": "https://www.instagram.com/explore/locations/364129360/teremky/"
  },
  {
    "id": "215666533",
    "name": "Pandora Studio",
    "city": "Teremki",
    "url": "https://www.instagram.com/explore/locations/215666533/pandora-studio/"
  },
  {
    "id": "501737230024217",
    "name": "Atlas Weekend",
    "city": "Teremki",
    "url": "https://www.instagram.com/explore/locations/501737230024217/atlas-weekend/"
  },
  {
    "id": "1131727750211524",
    "name": "Межигiр'я",
    "city": "Teremki",
    "url": "https://www.instagram.com/explore/locations/1131727750211524/i/"
  },
  {
    "id": "1891278084323118",
    "name": "Botanical Garden",
    "city": "Teremki",
    "url": "https://www.instagram.com/explore/locations/1891278084323118/botanical-garden/"
  },
  {
    "id": "1761581207413852",
    "name": "FollowMe",
    "city": "Teremki",
    "url": "https://www.instagram.com/explore/locations/1761581207413852/followme/"
  },
  {
    "id": "493063733",
    "name": "Ozero • Ресторан Караоке Бар Озеро",
    "city": "Teremki",
    "url": "https://www.instagram.com/explore/locations/493063733/ozero/"
  },
  {
    "id": "384331609",
    "name": "National University of Life and Environmental Sciences of Ukraine",
    "city": "Teremki",
    "url": "https://www.instagram.com/explore/locations/384331609/national-university-of-life-and-environmental-sciences-of-ukraine/"
  },
  {
    "id": "109440624798914",
    "name": "Урбан-парк ВДНГ",
    "city": "Teremki",
    "url": "https://www.instagram.com/explore/locations/109440624798914/-/"
  },
  {
    "id": "440458814",
    "name": "Brugge - Бельгийский пивной ресторан",
    "city": "Teremki",
    "url": "https://www.instagram.com/explore/locations/440458814/brugge-/"
  },
  {
    "id": "310563652767017",
    "name": "Озеро, Теремки 2",
    "city": "Teremki",
    "url": "https://www.instagram.com/explore/locations/310563652767017/2/"
  },
  {
    "id": "100957695697589",
    "name": "ТРЦ Respublika Park",
    "city": "Teremki",
    "url": "https://www.instagram.com/explore/locations/100957695697589/respublika-park/"
  },
  {
    "id": "1019708551",
    "name": "IGym",
    "city": "Teremki",
    "url": "https://www.instagram.com/explore/locations/1019708551/igym/"
  },
  {
    "id": "106141893375122",
    "name": "R18Studio",
    "city": "Teremki",
    "url": "https://www.instagram.com/explore/locations/106141893375122/r18studio/"
  },
  {
    "id": "105751072526735",
    "name": "V'YAVA",
    "city": "Teremki",
    "url": "https://www.instagram.com/explore/locations/105751072526735/vyava/"
  },
  {
    "id": "315339585960463",
    "name": "ВДНГ / VDNG",
    "city": "Teremki",
    "url": "https://www.instagram.com/explore/locations/315339585960463/vdng/"
  },
  {
    "id": "228515898",
    "name": "12-й Павильон ВДНХ",
    "city": "Teremki",
    "url": "https://www.instagram.com/explore/locations/228515898/12-/"
  },
  {
    "id": "1014437236",
    "name": "Ресторан - кондитерська \"Щастя\"",
    "city": "Teremki",
    "url": "https://www.instagram.com/explore/locations/1014437236/-/"
  },
  {
    "id": "287217835120511",
    "name": "Golosiyv Ski Park",
    "city": "Teremki",
    "url": "https://www.instagram.com/explore/locations/287217835120511/golosiyv-ski-park/"
  },
  {
    "id": "1975465209418523",
    "name": "Kitchen Garden",
    "city": "Teremki",
    "url": "https://www.instagram.com/explore/locations/1975465209418523/kitchen-garden/"
  },
  {
    "id": "158299288199464",
    "name": "Favor Park Hotel",
    "city": "Teremki",
    "url": "https://www.instagram.com/explore/locations/158299288199464/favor-park-hotel/"
  },
  {
    "id": "1934126929974661",
    "name": "ЗАГС Nº1",
    "city": "Teremki",
    "url": "https://www.instagram.com/explore/locations/1934126929974661/no1/"
  },
  {
    "id": "1546921835620083",
    "name": "Одесса-Киев",
    "city": "Teremki",
    "url": "https://www.instagram.com/explore/locations/1546921835620083/-/"
  },
  {
    "id": "2102693606694227",
    "name": "Аракс - центр меблів та інтер'єру",
    "city": "Teremki",
    "url": "https://www.instagram.com/explore/locations/2102693606694227/-/"
  },
  {
    "id": "1609291692731028",
    "name": "Пірс 39",
    "city": "Teremki",
    "url": "https://www.instagram.com/explore/locations/1609291692731028/39/"
  },
  {
    "id": "104565351118529",
    "name": "Ресторан NINO",
    "city": "Teremki",
    "url": "https://www.instagram.com/explore/locations/104565351118529/nino/"
  },
  {
    "id": "136967360197595",
    "name": "HayLoft 2.0",
    "city": "Teremki",
    "url": "https://www.instagram.com/explore/locations/136967360197595/hayloft-20/"
  },
  {
    "id": "473660913088094",
    "name": "Теремки2",
    "city": "Teremki",
    "url": "https://www.instagram.com/explore/locations/473660913088094/2/"
  },
  {
    "id": "874881305",
    "name": "Liko-School",
    "city": "Teremki",
    "url": "https://www.instagram.com/explore/locations/874881305/liko-school/"
  },
  {
    "id": "592816378",
    "name": "ЖК Академіка Глушкова 9 В,Г,Д,Є",
    "city": "Teremki",
    "url": "https://www.instagram.com/explore/locations/592816378/9/"
  },
  {
    "id": "309791819472581",
    "name": "MIDGARD - освітня територія",
    "city": "Teremki",
    "url": "https://www.instagram.com/explore/locations/309791819472581/midgard-/"
  },
  {
    "id": "333615983862719",
    "name": "RedBarbell Gym",
    "city": "Teremki",
    "url": "https://www.instagram.com/explore/locations/333615983862719/redbarbell-gym/"
  },
  {
    "id": "259510420",
    "name": "Спасо-Преображенський собор",
    "city": "Teremki",
    "url": "https://www.instagram.com/explore/locations/259510420/-/"
  },
  {
    "id": "1405293762859669",
    "name": "Танці з Зірками на 1+1",
    "city": "Teremki",
    "url": "https://www.instagram.com/explore/locations/1405293762859669/11/"
  },
  {
    "id": "242338825",
    "name": "Картинг-Центр \"Жажда Скорости\"",
    "city": "Teremki",
    "url": "https://www.instagram.com/explore/locations/242338825/-/"
  },
  {
    "id": "261175794",
    "name": "Ipodrom",
    "city": "Teremki",
    "url": "https://www.instagram.com/explore/locations/261175794/ipodrom/"
  },
  {
    "id": "249707038",
    "name": "Teremky (Kiev Metro)",
    "city": "Teremki",
    "url": "https://www.instagram.com/explore/locations/249707038/teremky-kiev-metro/"
  },
  {
    "id": "106635846538334",
    "name": "Mister Cat Експоцентр",
    "city": "Teremki",
    "url": "https://www.instagram.com/explore/locations/106635846538334/mister-cat/"
  },
  {
    "id": "317730639",
    "name": "YOLO Grill Restaurant & Karaoke Bar",
    "city": "Teremki",
    "url": "https://www.instagram.com/explore/locations/317730639/yolo-grill-restaurant-karaoke-bar/"
  },
  {
    "id": "913377432193978",
    "name": "REJO Football Tournament",
    "city": "Teremki",
    "url": "https://www.instagram.com/explore/locations/913377432193978/rejo-football-tournament/"
  },
  {
    "id": "113588251",
    "name": "Арт-Пикник Славы Фроловой",
    "city": "Teremki",
    "url": "https://www.instagram.com/explore/locations/113588251/-/"
  },
  {
    "id": "703076093174915",
    "name": "Mister Twister",
    "city": "Teremki",
    "url": "https://www.instagram.com/explore/locations/703076093174915/mister-twister/"
  },
  {
    "id": "238042367",
    "name": "Свято-Покровский Голосеевский монастырь",
    "city": "Teremki",
    "url": "https://www.instagram.com/explore/locations/238042367/-/"
  },
  {
    "id": "254321318275925",
    "name": "Animal Park Контактный Зоопарк на ВДНХ",
    "city": "Teremki",
    "url": "https://www.instagram.com/explore/locations/254321318275925/animal-park/"
  },
  {
    "id": "213064039",
    "name": "Теремки 2",
    "city": "Teremki",
    "url": "https://www.instagram.com/explore/locations/213064039/2/"
  },
  {
    "id": "112391246808843",
    "name": "Body Worlds",
    "city": "Teremki",
    "url": "https://www.instagram.com/explore/locations/112391246808843/body-worlds/"
  },
  {
    "id": "215918816",
    "name": "Ледовый Стадион/ Ledoviy Stadion",
    "city": "Teremki",
    "url": "https://www.instagram.com/explore/locations/215918816/ledoviy-stadion/"
  },
  {
    "id": "353804548493760",
    "name": "Конно-спортивная школа \"Авангард\"",
    "city": "Teremki",
    "url": "https://www.instagram.com/explore/locations/353804548493760/-/"
  },
  {
    "id": "104837881028023",
    "name": "Respublika Kids",
    "city": "Teremki",
    "url": "https://www.instagram.com/explore/locations/104837881028023/respublika-kids/"
  },
  {
    "id": "824759314315075",
    "name": "Kartuli Fest",
    "city": "Teremki",
    "url": "https://www.instagram.com/explore/locations/824759314315075/kartuli-fest/"
  },
  {
    "id": "1032177378",
    "name": "Нубіп України Корпус N12 Факультет Ветеринарної Медицини",
    "city": "Teremki",
    "url": "https://www.instagram.com/explore/locations/1032177378/n12/"
  },
  {
    "id": "590781654785446",
    "name": "KidsWill",
    "city": "Teremki",
    "url": "https://www.instagram.com/explore/locations/590781654785446/kidswill/"
  },
  {
    "id": "1977361702561898",
    "name": "Свято-Покровський Голосіївський чоловічий монастир (Голосіївська пустинь)",
    "city": "Teremki",
    "url": "https://www.instagram.com/explore/locations/1977361702561898/-/"
  },
  {
    "id": "435906637138539",
    "name": "TeslaPark",
    "city": "Teremki",
    "url": "https://www.instagram.com/explore/locations/435906637138539/teslapark/"
  },
  {
    "id": "108668981092452",
    "name": "TOP Clinic DENIS - Клініка, в якій є ВСЕ",
    "city": "Teremki",
    "url": "https://www.instagram.com/explore/locations/108668981092452/top-clinic-denis-/"
  },
  {
    "id": "784299285276055",
    "name": "Жизнь - бесценный дар",
    "city": "Teremki",
    "url": "https://www.instagram.com/explore/locations/784299285276055/-/"
  },
  {
    "id": "101011945414624",
    "name": "DJOTTO",
    "city": "Teremki",
    "url": "https://www.instagram.com/explore/locations/101011945414624/djotto/"
  },
  {
    "id": "226550693",
    "name": "Sport Life Teremki",
    "city": "Teremki",
    "url": "https://www.instagram.com/explore/locations/226550693/sport-life-teremki/"
  },
  {
    "id": "1025438561",
    "name": "Valentina Kadyrova Nail Studio",
    "city": "Teremki",
    "url": "https://www.instagram.com/explore/locations/1025438561/valentina-kadyrova-nail-studio/"
  },
  {
    "id": "103462464458130",
    "name": "Atlas Weekend",
    "city": "Teremki",
    "url": "https://www.instagram.com/explore/locations/103462464458130/atlas-weekend/"
  },
  {
    "id": "1657480181208919",
    "name": "Pandora Production",
    "city": "Teremki",
    "url": "https://www.instagram.com/explore/locations/1657480181208919/pandora-production/"
  },
  {
    "id": "103898278129635",
    "name": "AutoSale.ua",
    "city": "Teremki",
    "url": "https://www.instagram.com/explore/locations/103898278129635/autosaleua/"
  },
  {
    "id": "230283977093938",
    "name": "Land Rover Київ Захід",
    "city": "Teremki",
    "url": "https://www.instagram.com/explore/locations/230283977093938/land-rover/"
  },
  {
    "id": "262795087792580",
    "name": "SportLife GATNE",
    "city": "Teremki",
    "url": "https://www.instagram.com/explore/locations/262795087792580/sportlife-gatne/"
  },
  {
    "id": "100505788251740",
    "name": "REJO",
    "city": "Teremki",
    "url": "https://www.instagram.com/explore/locations/100505788251740/rejo/"
  },
  {
    "id": "1194360204020344",
    "name": "FashionMix",
    "city": "Teremki",
    "url": "https://www.instagram.com/explore/locations/1194360204020344/fashionmix/"
  },
  {
    "id": "107714685035533",
    "name": "Panorama Bar",
    "city": "Teremki",
    "url": "https://www.instagram.com/explore/locations/107714685035533/panorama-bar/"
  },
  {
    "id": "1106544369411832",
    "name": "S&B beauty studio",
    "city": "Teremki",
    "url": "https://www.instagram.com/explore/locations/1106544369411832/sb-beauty-studio/"
  },
  {
    "id": "1131204910309525",
    "name": "Dog City",
    "city": "Teremki",
    "url": "https://www.instagram.com/explore/locations/1131204910309525/dog-city/"
  },
  {
    "id": "14878876",
    "name": "Дюсш 15",
    "city": "Teremki",
    "url": "https://www.instagram.com/explore/locations/14878876/15/"
  },
  {
    "id": "100364509081045",
    "name": "Neopolis indoor themepark",
    "city": "Teremki",
    "url": "https://www.instagram.com/explore/locations/100364509081045/neopolis-indoor-themepark/"
  },
  {
    "id": "354960383",
    "name": "Goloseevsky Park",
    "city": "Teremki",
    "url": "https://www.instagram.com/explore/locations/354960383/goloseevsky-park/"
  },
  {
    "id": "1969692793249721",
    "name": "Гатне Luxury Village",
    "city": "Teremki",
    "url": "https://www.instagram.com/explore/locations/1969692793249721/luxury-village/"
  },
  {
    "id": "1014159931",
    "name": "Фітнес-клуб FitCurves Теремки",
    "city": "Teremki",
    "url": "https://www.instagram.com/explore/locations/1014159931/-fitcurves/"
  },
  {
    "id": "506835711",
    "name": "Sportlife На Теремках",
    "city": "Teremki",
    "url": "https://www.instagram.com/explore/locations/506835711/sportlife/"
  },
  {
    "id": "102387672296797",
    "name": "Multiplex",
    "city": "Teremki",
    "url": "https://www.instagram.com/explore/locations/102387672296797/multiplex/"
  },
  {
    "id": "276828145",
    "name": "OncoHub",
    "city": "Teremki",
    "url": "https://www.instagram.com/explore/locations/276828145/oncohub/"
  },
  {
    "id": "1748924715323695",
    "name": "Restoran Praga Kyiv",
    "city": "Teremki",
    "url": "https://www.instagram.com/explore/locations/1748924715323695/restoran-praga-kyiv/"
  },
  {
    "id": "1770851726547688",
    "name": "Holosiivskyi National Park",
    "city": "Teremki",
    "url": "https://www.instagram.com/explore/locations/1770851726547688/holosiivskyi-national-park/"
  },
  {
    "id": "524456347671488",
    "name": "Типовий Голосіїв - Київ",
    "city": "Teremki",
    "url": "https://www.instagram.com/explore/locations/524456347671488/-/"
  },
  {
    "id": "1035169261",
    "name": "Pony Club",
    "city": "Teremki",
    "url": "https://www.instagram.com/explore/locations/1035169261/pony-club/"
  },
  {
    "id": "112228470599762",
    "name": "FLOW Barbers",
    "city": "Teremki",
    "url": "https://www.instagram.com/explore/locations/112228470599762/flow-barbers/"
  },
  {
    "id": "635555909943887",
    "name": "Кукулабія - Агропарк Розваг",
    "city": "Teremki",
    "url": "https://www.instagram.com/explore/locations/635555909943887/-/"
  },
  {
    "id": "530550497",
    "name": "Valentina Kadyrova Nail Studio",
    "city": "Teremki",
    "url": "https://www.instagram.com/explore/locations/530550497/valentina-kadyrova-nail-studio/"
  },
  {
    "id": "110834353742238",
    "name": "KVIT",
    "city": "Teremki",
    "url": "https://www.instagram.com/explore/locations/110834353742238/kvit/"
  },
  {
    "id": "264077548",
    "name": "Royal House",
    "city": "Teremki",
    "url": "https://www.instagram.com/explore/locations/264077548/royal-house/"
  },
  {
    "id": "1362378593779932",
    "name": "Socar Трасса Киев-Одесса",
    "city": "Teremki",
    "url": "https://www.instagram.com/explore/locations/1362378593779932/socar-/"
  },
  {
    "id": "1022834922",
    "name": "Національний комплекс Експоцентр України - ВДНГ",
    "city": "Teremki",
    "url": "https://www.instagram.com/explore/locations/1022834922/-/"
  },
  {
    "id": "480220001",
    "name": "Praha Restaurant",
    "city": "Teremki",
    "url": "https://www.instagram.com/explore/locations/480220001/praha-restaurant/"
  },
  {
    "id": "254492798",
    "name": "Vystavkovyi Tsentr",
    "city": "Teremki",
    "url": "https://www.instagram.com/explore/locations/254492798/vystavkovyi-tsentr/"
  },
  {
    "id": "104301831327556",
    "name": "Wine Club by Biologist. Kyiv",
    "city": "Teremki",
    "url": "https://www.instagram.com/explore/locations/104301831327556/wine-club-by-biologist-kyiv/"
  },
  {
    "id": "108688064069173",
    "name": "BeeWorking",
    "city": "Teremki",
    "url": "https://www.instagram.com/explore/locations/108688064069173/beeworking/"
  },
  {
    "id": "242235193121335",
    "name": "Зимова країна на ВДНХ 2018",
    "city": "Teremki",
    "url": "https://www.instagram.com/explore/locations/242235193121335/2018/"
  },
  {
    "id": "240123903",
    "name": "Teremki, Kyyivs'Ka Oblast', Ukraine",
    "city": "Teremki",
    "url": "https://www.instagram.com/explore/locations/240123903/teremki-kyyivska-oblast-ukraine/"
  },
  {
    "id": "104843287829445",
    "name": "International European University, Kiev",
    "city": "Teremki",
    "url": "https://www.instagram.com/explore/locations/104843287829445/international-european-university-kiev/"
  },
  {
    "id": "110937574063935",
    "name": "SKY Arena Скай Арена ул. Глушкова 9, Ледовый Стадион",
    "city": "Teremki",
    "url": "https://www.instagram.com/explore/locations/110937574063935/sky-arena-9/"
  },
  {
    "id": "1755365181367661",
    "name": "INjoy Beauty Complex",
    "city": "Teremki",
    "url": "https://www.instagram.com/explore/locations/1755365181367661/injoy-beauty-complex/"
  },
  {
    "id": "933829810",
    "name": "ННІ Бізнесу НУБіП України корпус №10",
    "city": "Teremki",
    "url": "https://www.instagram.com/explore/locations/933829810/no10/"
  },
  {
    "id": "258007582",
    "name": "Парк Теремки 2",
    "city": "Teremki",
    "url": "https://www.instagram.com/explore/locations/258007582/2/"
  },
  {
    "id": "1029825512",
    "name": "Boiko Svitlana Hair Studio",
    "city": "Teremki",
    "url": "https://www.instagram.com/explore/locations/1029825512/boiko-svitlana-hair-studio/"
  },
  {
    "id": "980813815283731",
    "name": "Lucky L Tattoo",
    "city": "Teremki",
    "url": "https://www.instagram.com/explore/locations/980813815283731/lucky-l-tattoo/"
  },
  {
    "id": "850443788",
    "name": "Pesto Cafe Магелан",
    "city": "Teremki",
    "url": "https://www.instagram.com/explore/locations/850443788/pesto-cafe/"
  },
  {
    "id": "103945897998896",
    "name": "International European University, Kyiv Ukraine",
    "city": "Teremki",
    "url": "https://www.instagram.com/explore/locations/103945897998896/international-european-university-kyiv-ukraine/"
  },
  {
    "id": "240269370",
    "name": "Лико-град",
    "city": "Teremki",
    "url": "https://www.instagram.com/explore/locations/240269370/-/"
  },
  {
    "id": "1301994289900427",
    "name": "Datterino",
    "city": "Teremki",
    "url": "https://www.instagram.com/explore/locations/1301994289900427/datterino/"
  },
  {
    "id": "102862385099227",
    "name": "Universum Hall",
    "city": "Teremki",
    "url": "https://www.instagram.com/explore/locations/102862385099227/universum-hall/"
  },
  {
    "id": "1458688001019732",
    "name": "ДЮСШ-15",
    "city": "Teremki",
    "url": "https://www.instagram.com/explore/locations/1458688001019732/-15/"
  },
  {
    "id": "2095287574017205",
    "name": "Дитячий центр розвитку та дозвілля \"Nine Art Club\"",
    "city": "Teremki",
    "url": "https://www.instagram.com/explore/locations/2095287574017205/nine-art-club/"
  },
  {
    "id": "689781992",
    "name": "E-95",
    "city": "Teremki",
    "url": "https://www.instagram.com/explore/locations/689781992/e-95/"
  },
  {
    "id": "464836463608526",
    "name": "Naya Design",
    "city": "Teremki",
    "url": "https://www.instagram.com/explore/locations/464836463608526/naya-design/"
  },
  {
    "id": "190546324308423",
    "name": "Tattoo Collection Kyiv",
    "city": "Teremki",
    "url": "https://www.instagram.com/explore/locations/190546324308423/tattoo-collection-kyiv/"
  },
  {
    "id": "261710317",
    "name": "Эпицентр Окружная 1-б",
    "city": "Teremki",
    "url": "https://www.instagram.com/explore/locations/261710317/1-/"
  },
  {
    "id": "107601225153432",
    "name": "Manga Sushi",
    "city": "Teremki",
    "url": "https://www.instagram.com/explore/locations/107601225153432/manga-sushi/"
  },
  {
    "id": "1036131913100594",
    "name": "Live.Love",
    "city": "Teremki",
    "url": "https://www.instagram.com/explore/locations/1036131913100594/livelove/"
  },
  {
    "id": "1600369740274358",
    "name": "Лико-Сад \"венеция\"",
    "city": "Teremki",
    "url": "https://www.instagram.com/explore/locations/1600369740274358/-/"
  },
  {
    "id": "2186154268290478",
    "name": "DrumArt",
    "city": "Teremki",
    "url": "https://www.instagram.com/explore/locations/2186154268290478/drumart/"
  },
  {
    "id": "1028879236",
    "name": "Pavilion32",
    "city": "Teremki",
    "url": "https://www.instagram.com/explore/locations/1028879236/pavilion32/"
  },
  {
    "id": "1027811075",
    "name": "DOIT",
    "city": "Teremki",
    "url": "https://www.instagram.com/explore/locations/1027811075/doit/"
  },
  {
    "id": "180777918636590",
    "name": "OMNI Campus",
    "city": "Teremki",
    "url": "https://www.instagram.com/explore/locations/180777918636590/omni-campus/"
  },
  {
    "id": "112246534861802",
    "name": "Alisa coffee & friends",
    "city": "Teremki",
    "url": "https://www.instagram.com/explore/locations/112246534861802/alisa-coffee-friends/"
  },
  {
    "id": "152786372031421",
    "name": "Sportlife Теремки",
    "city": "Teremki",
    "url": "https://www.instagram.com/explore/locations/152786372031421/sportlife/"
  },
  {
    "id": "817075745338943",
    "name": "Кафе-кондитерська \"The Gastro Club\"",
    "city": "Teremki",
    "url": "https://www.instagram.com/explore/locations/817075745338943/-the-gastro-club/"
  },
  {
    "id": "1759023597708134",
    "name": "Tennessee Steak House",
    "city": "Teremki",
    "url": "https://www.instagram.com/explore/locations/1759023597708134/tennessee-steak-house/"
  },
  {
    "id": "1026848303",
    "name": "НУБіП України корпус №1",
    "city": "Teremki",
    "url": "https://www.instagram.com/explore/locations/1026848303/no1/"
  },
  {
    "id": "1323004891106478",
    "name": "Red Hot Line",
    "city": "Teremki",
    "url": "https://www.instagram.com/explore/locations/1323004891106478/red-hot-line/"
  },
  {
    "id": "1651414308515713",
    "name": "Пич Пит - Pizza Land",
    "city": "Teremki",
    "url": "https://www.instagram.com/explore/locations/1651414308515713/-pizza-land/"
  },
  {
    "id": "2334772543251864",
    "name": "Alex Shelest Vocal Academy",
    "city": "Teremki",
    "url": "https://www.instagram.com/explore/locations/2334772543251864/alex-shelest-vocal-academy/"
  },
  {
    "id": "645171572318425",
    "name": "Маникюр, Теремки 1-2",
    "city": "Teremki",
    "url": "https://www.instagram.com/explore/locations/645171572318425/1-2/"
  },
  {
    "id": "878218572552430",
    "name": "Helen Doron Teremky",
    "city": "Teremki",
    "url": "https://www.instagram.com/explore/locations/878218572552430/helen-doron-teremky/"
  },
  {
    "id": "605202329",
    "name": "Terra Nova hotel-restaurant",
    "city": "Teremki",
    "url": "https://www.instagram.com/explore/locations/605202329/terra-nova-hotel-restaurant/"
  },
  {
    "id": "236847784926553",
    "name": "AERODIUM KYIV",
    "city": "Teremki",
    "url": "https://www.instagram.com/explore/locations/236847784926553/aerodium-kyiv/"
  },
  {
    "id": "384040871999176",
    "name": "Marabini",
    "city": "Teremki",
    "url": "https://www.instagram.com/explore/locations/384040871999176/marabini/"
  },
  {
    "id": "1901325140172642",
    "name": "Andersen Brand Pubs",
    "city": "Teremki",
    "url": "https://www.instagram.com/explore/locations/1901325140172642/andersen-brand-pubs/"
  },
  {
    "id": "1012294528",
    "name": "Free Riding Club кінно-спортивна школа в Києві",
    "city": "Teremki",
    "url": "https://www.instagram.com/explore/locations/1012294528/free-riding-club-/"
  },
  {
    "id": "415296675",
    "name": "Мережа дитячих закладів Emily Club",
    "city": "Teremki",
    "url": "https://www.instagram.com/explore/locations/415296675/emily-club/"
  },
  {
    "id": "557300218087737",
    "name": "PESTO CAFE Ліко-Град",
    "city": "Teremki",
    "url": "https://www.instagram.com/explore/locations/557300218087737/pesto-cafe-/"
  },
  {
    "id": "1202841966433109",
    "name": "Stronger",
    "city": "Teremki",
    "url": "https://www.instagram.com/explore/locations/1202841966433109/stronger/"
  },
  {
    "id": "106496904939479",
    "name": "Mushlya",
    "city": "Teremki",
    "url": "https://www.instagram.com/explore/locations/106496904939479/mushlya/"
  },
  {
    "id": "618515278303909",
    "name": "Студія Краси Venezia",
    "city": "Teremki",
    "url": "https://www.instagram.com/explore/locations/618515278303909/venezia/"
  },
  {
    "id": "224809287579913",
    "name": "European collegium Private school",
    "city": "Teremki",
    "url": "https://www.instagram.com/explore/locations/224809287579913/european-collegium-private-school/"
  },
  {
    "id": "115092670293717",
    "name": "Major Kids",
    "city": "Teremki",
    "url": "https://www.instagram.com/explore/locations/115092670293717/major-kids/"
  },
  {
    "id": "151933965146440",
    "name": "Ліко-Світ, Ліко-Світ Венеція",
    "city": "Teremki",
    "url": "https://www.instagram.com/explore/locations/151933965146440/-/"
  },
  {
    "id": "107717553961725",
    "name": "JUDI",
    "city": "Teremki",
    "url": "https://www.instagram.com/explore/locations/107717553961725/judi/"
  },
  {
    "id": "845514046",
    "name": "Permanentby RUDKO",
    "city": "Teremki",
    "url": "https://www.instagram.com/explore/locations/845514046/permanentby-rudko/"
  },
  {
    "id": "51512196",
    "name": "Касияна 2/1",
    "city": "Teremki",
    "url": "https://www.instagram.com/explore/locations/51512196/21/"
  },
  {
    "id": "555279791481969",
    "name": "POLE for ALL",
    "city": "Teremki",
    "url": "https://www.instagram.com/explore/locations/555279791481969/pole-for-all/"
  },
  {
    "id": "112924160129130",
    "name": "Wine Gallery",
    "city": "Teremki",
    "url": "https://www.instagram.com/explore/locations/112924160129130/wine-gallery/"
  },
  {
    "id": "109652644039801",
    "name": "Velo",
    "city": "Teremki",
    "url": "https://www.instagram.com/explore/locations/109652644039801/velo/"
  },
  {
    "id": "823953267657855",
    "name": "Etoile Flora",
    "city": "Teremki",
    "url": "https://www.instagram.com/explore/locations/823953267657855/etoile-flora/"
  },
  {
    "id": "798799226",
    "name": "Зоопарк 12 Месяцев С.демидов",
    "city": "Teremki",
    "url": "https://www.instagram.com/explore/locations/798799226/12/"
  },
  {
    "id": "567522958",
    "name": "Каменец-Подольский",
    "city": "Teremki",
    "url": "https://www.instagram.com/explore/locations/567522958/-/"
  },
  {
    "id": "544119639427173",
    "name": "Прага / Praha",
    "city": "Teremki",
    "url": "https://www.instagram.com/explore/locations/544119639427173/praha/"
  },
  {
    "id": "118425213325554",
    "name": "Хелоу - Кава та десерти",
    "city": "Teremki",
    "url": "https://www.instagram.com/explore/locations/118425213325554/-/"
  },
  {
    "id": "137329530291168",
    "name": "FM - Factory Meal",
    "city": "Teremki",
    "url": "https://www.instagram.com/explore/locations/137329530291168/fm-factory-meal/"
  },
  {
    "id": "101145124982991",
    "name": "Кав’ярня 𝗘𝗡𝗝𝗢𝗬 ЖК Ліко-Град",
    "city": "Teremki",
    "url": "https://www.instagram.com/explore/locations/101145124982991/enjoy-/"
  },
  {
    "id": "111392493942908",
    "name": "Салон краси «Маска»,м.Київ,вул.Юлії Здановської 46/1",
    "city": "Teremki",
    "url": "https://www.instagram.com/explore/locations/111392493942908/461/"
  },
  {
    "id": "250455867",
    "name": "НУБиП. 11 корпус",
    "city": "Teremki",
    "url": "https://www.instagram.com/explore/locations/250455867/11/"
  },
  {
    "id": "1445085209134998",
    "name": "Teremky-2",
    "city": "Teremki",
    "url": "https://www.instagram.com/explore/locations/1445085209134998/teremky-2/"
  },
  {
    "id": "760998248",
    "name": "ART LAB",
    "city": "Teremki",
    "url": "https://www.instagram.com/explore/locations/760998248/art-lab/"
  },
  {
    "id": "731327287",
    "name": "Feofaniya Clinical Hospital",
    "city": "Teremki",
    "url": "https://www.instagram.com/explore/locations/731327287/feofaniya-clinical-hospital/"
  },
  {
    "id": "294141680",
    "name": "YOLO",
    "city": "Teremki",
    "url": "https://www.instagram.com/explore/locations/294141680/yolo/"
  },
  {
    "id": "251105218887330",
    "name": "Метрологическая, 14Б",
    "city": "Teremki",
    "url": "https://www.instagram.com/explore/locations/251105218887330/14/"
  },
  {
    "id": "283183124",
    "name": "Ломоносова, 58А",
    "city": "Teremki",
    "url": "https://www.instagram.com/explore/locations/283183124/58/"
  },
  {
    "id": "306342122",
    "name": "Вднх Арт-Пикник Славы Фроловой",
    "city": "Teremki",
    "url": "https://www.instagram.com/explore/locations/306342122/-/"
  },
  {
    "id": "2286516725005934",
    "name": "Genatsvale&HinkaliТеремки",
    "city": "Teremki",
    "url": "https://www.instagram.com/explore/locations/2286516725005934/genatsvalehinkali/"
  },
  {
    "id": "1746598758757121",
    "name": "Конева 10/1",
    "city": "Teremki",
    "url": "https://www.instagram.com/explore/locations/1746598758757121/101/"
  },
  {
    "id": "101953978642629",
    "name": "Djotto",
    "city": "Teremki",
    "url": "https://www.instagram.com/explore/locations/101953978642629/djotto/"
  },
  {
    "id": "354993147870635",
    "name": "2й Дом",
    "city": "Teremki",
    "url": "https://www.instagram.com/explore/locations/354993147870635/2/"
  },
  {
    "id": "746917707",
    "name": "Sport Fest UA",
    "city": "Teremki",
    "url": "https://www.instagram.com/explore/locations/746917707/sport-fest-ua/"
  },
  {
    "id": "320682751682324",
    "name": "Альтанки на ВДНГ - BBQ Sport Family Park",
    "city": "Teremki",
    "url": "https://www.instagram.com/explore/locations/320682751682324/-bbq-sport-family-park/"
  },
  {
    "id": "399129386942921",
    "name": "Fetricor - майстерня флораріумів та подарунків",
    "city": "Teremki",
    "url": "https://www.instagram.com/explore/locations/399129386942921/fetricor-/"
  },
  {
    "id": "107931077398738",
    "name": "Зимова Країна На Вднх 2020",
    "city": "Teremki",
    "url": "https://www.instagram.com/explore/locations/107931077398738/2020/"
  },
  {
    "id": "1020511565",
    "name": "Механіко-математичний факультет КНУ",
    "city": "Teremki",
    "url": "https://www.instagram.com/explore/locations/1020511565/-/"
  },
  {
    "id": "1595263314056371",
    "name": "Kyiv Smart City",
    "city": "Teremki",
    "url": "https://www.instagram.com/explore/locations/1595263314056371/kyiv-smart-city/"
  },
  {
    "id": "220963648",
    "name": "Bike Rock-n-Roll Club ROUTE66",
    "city": "Teremki",
    "url": "https://www.instagram.com/explore/locations/220963648/bike-rock-n-roll-club-route66/"
  },
  {
    "id": "1432257990135049",
    "name": "Центр сімейного дозвілля Teleport360",
    "city": "Teremki",
    "url": "https://www.instagram.com/explore/locations/1432257990135049/teleport360/"
  },
  {
    "id": "791718155",
    "name": "Bar Studio53",
    "city": "Teremki",
    "url": "https://www.instagram.com/explore/locations/791718155/bar-studio53/"
  },
  {
    "id": "105295160914681",
    "name": "_cellerance_center_",
    "city": "Teremki",
    "url": "https://www.instagram.com/explore/locations/105295160914681/_cellerance_center_/"
  },
  {
    "id": "103446591166410",
    "name": "Клиническая академия лазерной медицины - CALM",
    "city": "Teremki",
    "url": "https://www.instagram.com/explore/locations/103446591166410/-calm/"
  },
  {
    "id": "397697854",
    "name": "Ukrainian Physics and Mathematics Lyceum",
    "city": "Teremki",
    "url": "https://www.instagram.com/explore/locations/397697854/ukrainian-physics-and-mathematics-lyceum/"
  },
  {
    "id": "1112230468860777",
    "name": "Fruity flower",
    "city": "Teremki",
    "url": "https://www.instagram.com/explore/locations/1112230468860777/fruity-flower/"
  },
  {
    "id": "736732963049301",
    "name": "Механіко-математичний факультет КНУ ім. Тараса Шевченка",
    "city": "Teremki",
    "url": "https://www.instagram.com/explore/locations/736732963049301/-/"
  },
  {
    "id": "104238228309654",
    "name": "Студия загара и красоты тела\"MonaLizaMegaSun",
    "city": "Teremki",
    "url": "https://www.instagram.com/explore/locations/104238228309654/monalizamegasun/"
  },
  {
    "id": "733383260382571",
    "name": "Ломоносова 50/2",
    "city": "Teremki",
    "url": "https://www.instagram.com/explore/locations/733383260382571/502/"
  },
  {
    "id": "279506905408787",
    "name": "MaliGuards Club K9 дресирування собак",
    "city": "Teremki",
    "url": "https://www.instagram.com/explore/locations/279506905408787/maliguards-club-k9/"
  },
  {
    "id": "727341885",
    "name": "Boryspil International Airport",
    "city": "Teremki",
    "url": "https://www.instagram.com/explore/locations/727341885/boryspil-international-airport/"
  },
  {
    "id": "104281817662838",
    "name": "Smart Comsumer",
    "city": "Teremki",
    "url": "https://www.instagram.com/explore/locations/104281817662838/smart-comsumer/"
  },
  {
    "id": "450379222",
    "name": "Школа N 260, Теремки, Киев",
    "city": "Teremki",
    "url": "https://www.instagram.com/explore/locations/450379222/n-260/"
  },
  {
    "id": "100144172714797",
    "name": "Patron Pet Center",
    "city": "Teremki",
    "url": "https://www.instagram.com/explore/locations/100144172714797/patron-pet-center/"
  },
  {
    "id": "245398368891571",
    "name": "Faculty of Sociology KNU / Факультет соціології КНУ імені Тараса Шевченка",
    "city": "Teremki",
    "url": "https://www.instagram.com/explore/locations/245398368891571/faculty-of-sociology-knu/"
  },
  {
    "id": "401704637030059",
    "name": "Гуртожиток №4 НУБіП",
    "city": "Teremki",
    "url": "https://www.instagram.com/explore/locations/401704637030059/no4/"
  },
  {
    "id": "172003472865515",
    "name": "Пейнтбол-Лазертаг клуб Ganz",
    "city": "Teremki",
    "url": "https://www.instagram.com/explore/locations/172003472865515/-ganz/"
  },
  {
    "id": "100907839033796",
    "name": "Medoffice Group",
    "city": "Teremki",
    "url": "https://www.instagram.com/explore/locations/100907839033796/medoffice-group/"
  },
  {
    "id": "108479314086797",
    "name": "Sport Life Teremki",
    "city": "Teremki",
    "url": "https://www.instagram.com/explore/locations/108479314086797/sport-life-teremki/"
  },
  {
    "id": "370331833702066",
    "name": "Skypark",
    "city": "Teremki",
    "url": "https://www.instagram.com/explore/locations/370331833702066/skypark/"
  },
  {
    "id": "1499358026814889",
    "name": "Liudmyla Hrytsai - Lash & Brow artist - Kyiv",
    "city": "Teremki",
    "url": "https://www.instagram.com/explore/locations/1499358026814889/liudmyla-hrytsai-lash-brow-artist-kyiv/"
  },
  {
    "id": "256269735269746",
    "name": "LIMA Hookah Teremki",
    "city": "Teremki",
    "url": "https://www.instagram.com/explore/locations/256269735269746/lima-hookah-teremki/"
  },
  {
    "id": "329825934373899",
    "name": "Салон краси VIVAT",
    "city": "Teremki",
    "url": "https://www.instagram.com/explore/locations/329825934373899/vivat/"
  },
  {
    "id": "100612145856746",
    "name": "Multiplex Respublika",
    "city": "Teremki",
    "url": "https://www.instagram.com/explore/locations/100612145856746/multiplex-respublika/"
  },
  {
    "id": "911865528924092",
    "name": "Ліцей 179 міста Києва",
    "city": "Teremki",
    "url": "https://www.instagram.com/explore/locations/911865528924092/179/"
  },
  {
    "id": "109230890568238",
    "name": "Beauty Room By Katya Chi",
    "city": "Teremki",
    "url": "https://www.instagram.com/explore/locations/109230890568238/beauty-room-by-katya-chi/"
  },
  {
    "id": "344371946122279",
    "name": "Гуртожиток №6 НУБіП",
    "city": "Teremki",
    "url": "https://www.instagram.com/explore/locations/344371946122279/no6/"
  },
  {
    "id": "108058881907847",
    "name": "Urban Auto Service",
    "city": "Teremki",
    "url": "https://www.instagram.com/explore/locations/108058881907847/urban-auto-service/"
  },
  {
    "id": "378611199169945",
    "name": "Ліцей 286 міста Києва",
    "city": "Teremki",
    "url": "https://www.instagram.com/explore/locations/378611199169945/286/"
  },
  {
    "id": "1015463687",
    "name": "Sunny Garden",
    "city": "Teremki",
    "url": "https://www.instagram.com/explore/locations/1015463687/sunny-garden/"
  },
  {
    "id": "104642179296154",
    "name": "Art Land студія творчості",
    "city": "Teremki",
    "url": "https://www.instagram.com/explore/locations/104642179296154/art-land/"
  },
  {
    "id": "887703151",
    "name": "Anna-Maria decor",
    "city": "Teremki",
    "url": "https://www.instagram.com/explore/locations/887703151/anna-maria-decor/"
  },
  {
    "id": "176186068911652",
    "name": "Beluchi Studio",
    "city": "Teremki",
    "url": "https://www.instagram.com/explore/locations/176186068911652/beluchi-studio/"
  },
  {
    "id": "130503834318841",
    "name": "Kaminsky's Bakery",
    "city": "Teremki",
    "url": "https://www.instagram.com/explore/locations/130503834318841/kaminskys-bakery/"
  },
  {
    "id": "2255541821435551",
    "name": "АвтомойкаTopclean",
    "city": "Teremki",
    "url": "https://www.instagram.com/explore/locations/2255541821435551/topclean/"
  },
  {
    "id": "1533506043361344",
    "name": "Киев Ломоносова 54",
    "city": "Teremki",
    "url": "https://www.instagram.com/explore/locations/1533506043361344/54/"
  },
  {
    "id": "107049071609654",
    "name": "Bloom Coffee & Food",
    "city": "Teremki",
    "url": "https://www.instagram.com/explore/locations/107049071609654/bloom-coffee-food/"
  },
  {
    "id": "209222409737979",
    "name": "Prostir Kavu Teremky",
    "city": "Teremki",
    "url": "https://www.instagram.com/explore/locations/209222409737979/prostir-kavu-teremky/"
  },
  {
    "id": "2030393490350176",
    "name": "taras shevchenko international medical university",
    "city": "Teremki",
    "url": "https://www.instagram.com/explore/locations/2030393490350176/taras-shevchenko-international-medical-university/"
  },
  {
    "id": "294765211434043",
    "name": "Goloseevo",
    "city": "Teremki",
    "url": "https://www.instagram.com/explore/locations/294765211434043/goloseevo/"
  },
  {
    "id": "234376015",
    "name": "Route 66",
    "city": "Teremki",
    "url": "https://www.instagram.com/explore/locations/234376015/route-66/"
  },
  {
    "id": "199565563773549",
    "name": "Animal Park Контактый Зоопарк на ВДНХ Киев",
    "city": "Teremki",
    "url": "https://www.instagram.com/explore/locations/199565563773549/animal-park/"
  },
  {
    "id": "280433982",
    "name": "Faculty of Computer Science and Cybernetics",
    "city": "Teremki",
    "url": "https://www.instagram.com/explore/locations/280433982/faculty-of-computer-science-and-cybernetics/"
  },
  {
    "id": "1585732894885888",
    "name": "Interior",
    "city": "Teremki",
    "url": "https://www.instagram.com/explore/locations/1585732894885888/interior/"
  },
  {
    "id": "255503384793563",
    "name": "Purpur Amore ресторан у Києві",
    "city": "Teremki",
    "url": "https://www.instagram.com/explore/locations/255503384793563/purpur-amore/"
  },
  {
    "id": "1133943653320070",
    "name": "Porter Pub",
    "city": "Teremki",
    "url": "https://www.instagram.com/explore/locations/1133943653320070/porter-pub/"
  },
  {
    "id": "483908978767972",
    "name": "Batterfly",
    "city": "Teremki",
    "url": "https://www.instagram.com/explore/locations/483908978767972/batterfly/"
  },
  {
    "id": "101390444628684",
    "name": "Кінний клуб Midgard",
    "city": "Teremki",
    "url": "https://www.instagram.com/explore/locations/101390444628684/midgard/"
  },
  {
    "id": "102132731203332",
    "name": "GOODZOO.com.ua",
    "city": "Teremki",
    "url": "https://www.instagram.com/explore/locations/102132731203332/goodzoocomua/"
  },
  {
    "id": "1568917859806879",
    "name": "KFC",
    "city": "Teremki",
    "url": "https://www.instagram.com/explore/locations/1568917859806879/kfc/"
  },
  {
    "id": "389132518156104",
    "name": "Гімназія 179",
    "city": "Teremki",
    "url": "https://www.instagram.com/explore/locations/389132518156104/179/"
  },
  {
    "id": "444444972621549",
    "name": "Ліко-Град",
    "city": "Teremki",
    "url": "https://www.instagram.com/explore/locations/444444972621549/-/"
  },
  {
    "id": "1856268804669848",
    "name": "Kadoro beauty studio",
    "city": "Teremki",
    "url": "https://www.instagram.com/explore/locations/1856268804669848/kadoro-beauty-studio/"
  },
  {
    "id": "862937870566221",
    "name": "Favor Sport Hotel",
    "city": "Teremki",
    "url": "https://www.instagram.com/explore/locations/862937870566221/favor-sport-hotel/"
  },
  {
    "id": "235833161",
    "name": "Гуртожиток 5 Кну Ім. Т. Шевченка",
    "city": "Teremki",
    "url": "https://www.instagram.com/explore/locations/235833161/5/"
  },
  {
    "id": "251868859",
    "name": "Metro",
    "city": "Teremki",
    "url": "https://www.instagram.com/explore/locations/251868859/metro/"
  },
  {
    "id": "1022413318",
    "name": "Impresso Kiev",
    "city": "Teremki",
    "url": "https://www.instagram.com/explore/locations/1022413318/impresso-kiev/"
  },
  {
    "id": "526759668",
    "name": "11 Гуртожиток",
    "city": "Teremki",
    "url": "https://www.instagram.com/explore/locations/526759668/11/"
  },
  {
    "id": "376564559109596",
    "name": "Feofaniya Clinical Hospital",
    "city": "Teremki",
    "url": "https://www.instagram.com/explore/locations/376564559109596/feofaniya-clinical-hospital/"
  },
  {
    "id": "1026838847",
    "name": "Ул. Ломоносова, 50/2",
    "city": "Teremki",
    "url": "https://www.instagram.com/explore/locations/1026838847/502/"
  },
  {
    "id": "2642332",
    "name": "Metro Cash&Carry",
    "city": "Teremki",
    "url": "https://www.instagram.com/explore/locations/2642332/metro-cashcarry/"
  },
  {
    "id": "165600780857851",
    "name": "ПерукарняСапранова на улице, Успешной 8",
    "city": "Teremki",
    "url": "https://www.instagram.com/explore/locations/165600780857851/8/"
  },
  {
    "id": "234834936",
    "name": "Sportlife",
    "city": "Teremki",
    "url": "https://www.instagram.com/explore/locations/234834936/sportlife/"
  },
  {
    "id": "850522268",
    "name": "Home Sweet Home Cafe",
    "city": "Teremki",
    "url": "https://www.instagram.com/explore/locations/850522268/home-sweet-home-cafe/"
  },
  {
    "id": "103715937728262",
    "name": "Solo_Mia_flowers",
    "city": "Teremki",
    "url": "https://www.instagram.com/explore/locations/103715937728262/solo_mia_flowers/"
  },
  {
    "id": "396504430859965",
    "name": "Atlas Weekend",
    "city": "Teremki",
    "url": "https://www.instagram.com/explore/locations/396504430859965/atlas-weekend/"
  },
  {
    "id": "159692981401483",
    "name": "Хоттабыч/barbershop Маршала Конева",
    "city": "Teremki",
    "url": "https://www.instagram.com/explore/locations/159692981401483/barbershop/"
  },
  {
    "id": "1942948149357094",
    "name": "Лицей 227",
    "city": "Teremki",
    "url": "https://www.instagram.com/explore/locations/1942948149357094/227/"
  },
  {
    "id": "648218835370874",
    "name": "Зоосалон Paris",
    "city": "Teremki",
    "url": "https://www.instagram.com/explore/locations/648218835370874/paris/"
  },
  {
    "id": "894216675",
    "name": "Якитори New",
    "city": "Teremki",
    "url": "https://www.instagram.com/explore/locations/894216675/new/"
  },
  {
    "id": "615416682130004",
    "name": "TomoClinic Київ",
    "city": "Teremki",
    "url": "https://www.instagram.com/explore/locations/615416682130004/tomoclinic/"
  },
  {
    "id": "745932215748598",
    "name": "Паталого-Анатомическое Отделение",
    "city": "Teremki",
    "url": "https://www.instagram.com/explore/locations/745932215748598/-/"
  },
  {
    "id": "257862674900571",
    "name": "Український фізико-математичний ліцей КНУ ім. Т. Шевченка",
    "city": "Teremki",
    "url": "https://www.instagram.com/explore/locations/257862674900571/-/"
  },
  {
    "id": "351868008513888",
    "name": "Superwheels.com.ua",
    "city": "Teremki",
    "url": "https://www.instagram.com/explore/locations/351868008513888/superwheelscomua/"
  },
  {
    "id": "2200849433507721",
    "name": "Mister Cat Penthouse",
    "city": "Teremki",
    "url": "https://www.instagram.com/explore/locations/2200849433507721/mister-cat-penthouse/"
  },
  {
    "id": "294470814587137",
    "name": "Аrt camp або творчий розвиток особистості",
    "city": "Teremki",
    "url": "https://www.instagram.com/explore/locations/294470814587137/rt-camp/"
  },
  {
    "id": "375820032853703",
    "name": "Rudko Artline",
    "city": "Teremki",
    "url": "https://www.instagram.com/explore/locations/375820032853703/rudko-artline/"
  },
  {
    "id": "545545191985632",
    "name": "Apollo Next",
    "city": "Teremki",
    "url": "https://www.instagram.com/explore/locations/545545191985632/apollo-next/"
  },
  {
    "id": "749897224",
    "name": "I Love You Events",
    "city": "Teremki",
    "url": "https://www.instagram.com/explore/locations/749897224/i-love-you-events/"
  },
  {
    "id": "2150392628547856",
    "name": "Подстанция Скорой помощи # 3",
    "city": "Teremki",
    "url": "https://www.instagram.com/explore/locations/2150392628547856/3/"
  },
  {
    "id": "132531420775258",
    "name": "W8less ВДНГ",
    "city": "Teremki",
    "url": "https://www.instagram.com/explore/locations/132531420775258/w8less/"
  },
  {
    "id": "107143899954069",
    "name": "Планета Дитинства - Голосієво",
    "city": "Teremki",
    "url": "https://www.instagram.com/explore/locations/107143899954069/-/"
  },
  {
    "id": "120865935105743",
    "name": "Merry Cook кафе - кулінарія",
    "city": "Teremki",
    "url": "https://www.instagram.com/explore/locations/120865935105743/merry-cook-/"
  },
  {
    "id": "432877717129079",
    "name": "Феофанія - клінічна лікарня",
    "city": "Teremki",
    "url": "https://www.instagram.com/explore/locations/432877717129079/-/"
  },
  {
    "id": "104194447784557",
    "name": "International European University",
    "city": "Teremki",
    "url": "https://www.instagram.com/explore/locations/104194447784557/international-european-university/"
  },
  {
    "id": "256621971763954",
    "name": "Valentinka Garden",
    "city": "Teremki",
    "url": "https://www.instagram.com/explore/locations/256621971763954/valentinka-garden/"
  },
  {
    "id": "103617478283990",
    "name": "Royal World Service",
    "city": "Teremki",
    "url": "https://www.instagram.com/explore/locations/103617478283990/royal-world-service/"
  },
  {
    "id": "527761972",
    "name": "Family Pictures детский фотограф",
    "city": "Teremki",
    "url": "https://www.instagram.com/explore/locations/527761972/family-pictures/"
  },
  {
    "id": "301719817157948",
    "name": "Modastudio Hair&nail",
    "city": "Teremki",
    "url": "https://www.instagram.com/explore/locations/301719817157948/modastudio-hairnail/"
  },
  {
    "id": "369699100127939",
    "name": "Гуртожиток 17 Кну",
    "city": "Teremki",
    "url": "https://www.instagram.com/explore/locations/369699100127939/17/"
  },
  {
    "id": "1832876746751789",
    "name": "VDNG 13 Precompression Kyiv",
    "city": "Teremki",
    "url": "https://www.instagram.com/explore/locations/1832876746751789/vdng-13-precompression-kyiv/"
  },
  {
    "id": "1024424069",
    "name": "Doctor Sam",
    "city": "Teremki",
    "url": "https://www.instagram.com/explore/locations/1024424069/doctor-sam/"
  },
  {
    "id": "2319815784943864",
    "name": "OKwine School",
    "city": "Teremki",
    "url": "https://www.instagram.com/explore/locations/2319815784943864/okwine-school/"
  },
  {
    "id": "1016926673",
    "name": "ProfiHands - майстерня здоров'я та краси",
    "city": "Teremki",
    "url": "https://www.instagram.com/explore/locations/1016926673/profihands-/"
  },
  {
    "id": "412804505939725",
    "name": "Hausfarbe",
    "city": "Teremki",
    "url": "https://www.instagram.com/explore/locations/412804505939725/hausfarbe/"
  },
  {
    "id": "481093365708353",
    "name": "Навчальний корпус №1 НУБіП України",
    "city": "Teremki",
    "url": "https://www.instagram.com/explore/locations/481093365708353/no1/"
  },
  {
    "id": "104722140942270",
    "name": "Letterz School",
    "city": "Teremki",
    "url": "https://www.instagram.com/explore/locations/104722140942270/letterz-school/"
  },
  {
    "id": "383637388823241",
    "name": "Lumberjack Barberhouse",
    "city": "Teremki",
    "url": "https://www.instagram.com/explore/locations/383637388823241/lumberjack-barberhouse/"
  },
  {
    "id": "222429288289069",
    "name": "ЛІЦЕЙ 269 міста Києва",
    "city": "Teremki",
    "url": "https://www.instagram.com/explore/locations/222429288289069/269/"
  },
  {
    "id": "107477286464887",
    "name": "Georgina Beauty",
    "city": "Teremki",
    "url": "https://www.instagram.com/explore/locations/107477286464887/georgina-beauty/"
  },
  {
    "id": "100581755097666",
    "name": "Family&Friends School",
    "city": "Teremki",
    "url": "https://www.instagram.com/explore/locations/100581755097666/familyfriends-school/"
  },
  {
    "id": "107327160706659",
    "name": "Izmailov Dental",
    "city": "Teremki",
    "url": "https://www.instagram.com/explore/locations/107327160706659/izmailov-dental/"
  },
  {
    "id": "100443442902356",
    "name": "Top Burger.kyiv",
    "city": "Teremki",
    "url": "https://www.instagram.com/explore/locations/100443442902356/top-burgerkyiv/"
  },
  {
    "id": "237181516",
    "name": "Конно-Спортивная Школа \"Авангард\"",
    "city": "Teremki",
    "url": "https://www.instagram.com/explore/locations/237181516/-/"
  },
  {
    "id": "106845298008313",
    "name": "Vet.generation",
    "city": "Teremki",
    "url": "https://www.instagram.com/explore/locations/106845298008313/vetgeneration/"
  },
  {
    "id": "245689592783471",
    "name": "METRO Cash & Carry",
    "city": "Teremki",
    "url": "https://www.instagram.com/explore/locations/245689592783471/metro-cash-carry/"
  },
  {
    "id": "132144064079800",
    "name": "Концерт-Хол ВДНГ",
    "city": "Teremki",
    "url": "https://www.instagram.com/explore/locations/132144064079800/-/"
  },
  {
    "id": "302470072",
    "name": "Kiev Sweet Kiev",
    "city": "Teremki",
    "url": "https://www.instagram.com/explore/locations/302470072/kiev-sweet-kiev/"
  },
  {
    "id": "287109572103885",
    "name": "Alba Chiara",
    "city": "Teremki",
    "url": "https://www.instagram.com/explore/locations/287109572103885/alba-chiara/"
  },
  {
    "id": "115501573626508",
    "name": "R+ Medical Network",
    "city": "Teremki",
    "url": "https://www.instagram.com/explore/locations/115501573626508/r-medical-network/"
  },
  {
    "id": "227964722",
    "name": "Tennessee Steak House",
    "city": "Teremki",
    "url": "https://www.instagram.com/explore/locations/227964722/tennessee-steak-house/"
  },
  {
    "id": "1022135669",
    "name": "Маршала Конева 7, Сильпо",
    "city": "Teremki",
    "url": "https://www.instagram.com/explore/locations/1022135669/7/"
  },
  {
    "id": "214100979365521",
    "name": "ECO Track",
    "city": "Teremki",
    "url": "https://www.instagram.com/explore/locations/214100979365521/eco-track/"
  },
  {
    "id": "131744680011382",
    "name": "KVITKOVA.Оранжерея",
    "city": "Teremki",
    "url": "https://www.instagram.com/explore/locations/131744680011382/kvitkova/"
  },
  {
    "id": "258052018332189",
    "name": "STEMLab",
    "city": "Teremki",
    "url": "https://www.instagram.com/explore/locations/258052018332189/stemlab/"
  },
  {
    "id": "108308314215224",
    "name": "Barracuda Barbershop - Барракуда Барбершоп",
    "city": "Teremki",
    "url": "https://www.instagram.com/explore/locations/108308314215224/barracuda-barbershop-/"
  },
  {
    "id": "294393934",
    "name": "Школа #186 Г. Киев",
    "city": "Teremki",
    "url": "https://www.instagram.com/explore/locations/294393934/186/"
  },
  {
    "id": "909720219",
    "name": "IKRA",
    "city": "Teremki",
    "url": "https://www.instagram.com/explore/locations/909720219/ikra/"
  },
  {
    "id": "2548979998505564",
    "name": "Relax Studio",
    "city": "Teremki",
    "url": "https://www.instagram.com/explore/locations/2548979998505564/relax-studio/"
  },
  {
    "id": "5056114",
    "name": "Studio53",
    "city": "Teremki",
    "url": "https://www.instagram.com/explore/locations/5056114/studio53/"
  },
  {
    "id": "812290798852975",
    "name": "OdudLab",
    "city": "Teremki",
    "url": "https://www.instagram.com/explore/locations/812290798852975/odudlab/"
  },
  {
    "id": "193213637204493",
    "name": "Backstage Teremky",
    "city": "Teremki",
    "url": "https://www.instagram.com/explore/locations/193213637204493/backstage-teremky/"
  },
  {
    "id": "109194057904667",
    "name": "TiTania Clinic",
    "city": "Teremki",
    "url": "https://www.instagram.com/explore/locations/109194057904667/titania-clinic/"
  },
  {
    "id": "111544893959247",
    "name": "Family GRILL",
    "city": "Teremki",
    "url": "https://www.instagram.com/explore/locations/111544893959247/family-grill/"
  },
  {
    "id": "300969423",
    "name": "Монастырь \"Свято-Покровская Голосеевская Пустынь\"",
    "city": "Teremki",
    "url": "https://www.instagram.com/explore/locations/300969423/-/"
  },
  {
    "id": "327283934658574",
    "name": "Притон Номер 6",
    "city": "Teremki",
    "url": "https://www.instagram.com/explore/locations/327283934658574/6/"
  },
  {
    "id": "154449381857600",
    "name": "Ломоносова 83а",
    "city": "Teremki",
    "url": "https://www.instagram.com/explore/locations/154449381857600/83/"
  },
  {
    "id": "2378165585741843",
    "name": "Dnipro River",
    "city": "Teremki",
    "url": "https://www.instagram.com/explore/locations/2378165585741843/dnipro-river/"
  },
  {
    "id": "349344713027043",
    "name": "TAJ Barbershop",
    "city": "Teremki",
    "url": "https://www.instagram.com/explore/locations/349344713027043/taj-barbershop/"
  },
  {
    "id": "374646426606953",
    "name": "Житловий масивЛіко-Град",
    "city": "Teremki",
    "url": "https://www.instagram.com/explore/locations/374646426606953/-/"
  },
  {
    "id": "287475139",
    "name": "Ломоносова,45",
    "city": "Teremki",
    "url": "https://www.instagram.com/explore/locations/287475139/45/"
  },
  {
    "id": "554227138258150",
    "name": "Гуманітарно-педагогічний факультет НУБіП України",
    "city": "Teremki",
    "url": "https://www.instagram.com/explore/locations/554227138258150/-/"
  },
  {
    "id": "306535583334592",
    "name": "Ломоносова 85а",
    "city": "Teremki",
    "url": "https://www.instagram.com/explore/locations/306535583334592/85/"
  },
  {
    "id": "1712294675493572",
    "name": "Papa Niko",
    "city": "Teremki",
    "url": "https://www.instagram.com/explore/locations/1712294675493572/papa-niko/"
  },
  {
    "id": "106134944508626",
    "name": "Школа Танців \"Tip Top DanceКиїв",
    "city": "Teremki",
    "url": "https://www.instagram.com/explore/locations/106134944508626/tip-top-dance/"
  },
  {
    "id": "1232011313563302",
    "name": "Салон красоты Beauty Trend",
    "city": "Teremki",
    "url": "https://www.instagram.com/explore/locations/1232011313563302/beauty-trend/"
  },
  {
    "id": "669024863573961",
    "name": "Интернет-магазин \"Ковдра\"",
    "city": "Teremki",
    "url": "https://www.instagram.com/explore/locations/669024863573961/-/"
  },
  {
    "id": "1017019693",
    "name": "Малий мех-мат КНУ",
    "city": "Teremki",
    "url": "https://www.instagram.com/explore/locations/1017019693/-/"
  },
  {
    "id": "472299902971410",
    "name": "Yellow студія краси",
    "city": "Teremki",
    "url": "https://www.instagram.com/explore/locations/472299902971410/yellow/"
  },
  {
    "id": "229329718",
    "name": "Praga",
    "city": "Teremki",
    "url": "https://www.instagram.com/explore/locations/229329718/praga/"
  },
  {
    "id": "109758770768514",
    "name": "Академика Заболотного, 48а",
    "city": "Teremki",
    "url": "https://www.instagram.com/explore/locations/109758770768514/48/"
  },
  {
    "id": "1004764517",
    "name": "Середня школа 286",
    "city": "Teremki",
    "url": "https://www.instagram.com/explore/locations/1004764517/286/"
  },
  {
    "id": "452115286",
    "name": "Brugge",
    "city": "Teremki",
    "url": "https://www.instagram.com/explore/locations/452115286/brugge/"
  },
  {
    "id": "2147735525552975",
    "name": "Добробут / Dobrobut",
    "city": "Teremki",
    "url": "https://www.instagram.com/explore/locations/2147735525552975/dobrobut/"
  },
  {
    "id": "330204587496786",
    "name": "Mila Pole-dance",
    "city": "Teremki",
    "url": "https://www.instagram.com/explore/locations/330204587496786/mila-pole-dance/"
  },
  {
    "id": "166513504039757",
    "name": "Киев Маршала Конева 8",
    "city": "Teremki",
    "url": "https://www.instagram.com/explore/locations/166513504039757/8/"
  },
  {
    "id": "223369504713382",
    "name": "Kyiv Smart City Hub",
    "city": "Teremki",
    "url": "https://www.instagram.com/explore/locations/223369504713382/kyiv-smart-city-hub/"
  },
  {
    "id": "1379014405562167",
    "name": "Школа І-ІІІ ступенів 186 міста Києва",
    "city": "Teremki",
    "url": "https://www.instagram.com/explore/locations/1379014405562167/-186/"
  },
  {
    "id": "1021067736",
    "name": "Навчально-реабілітаційний центр «Ноомед»",
    "city": "Teremki",
    "url": "https://www.instagram.com/explore/locations/1021067736/-/"
  },
  {
    "id": "1932739367047784",
    "name": "LOT Beauty Factory",
    "city": "Teremki",
    "url": "https://www.instagram.com/explore/locations/1932739367047784/lot-beauty-factory/"
  },
  {
    "id": "120507199795966",
    "name": "Weplay Esports Arena Kyiv",
    "city": "Teremki",
    "url": "https://www.instagram.com/explore/locations/120507199795966/weplay-esports-arena-kyiv/"
  },
  {
    "id": "723429431172645",
    "name": "Kacheli у Дніпрі",
    "city": "Teremki",
    "url": "https://www.instagram.com/explore/locations/723429431172645/kacheli/"
  },
  {
    "id": "2202165139802890",
    "name": "Pesto Cafe",
    "city": "Teremki",
    "url": "https://www.instagram.com/explore/locations/2202165139802890/pesto-cafe/"
  },
  {
    "id": "108926030476010",
    "name": "Pelican Rouge",
    "city": "Teremki",
    "url": "https://www.instagram.com/explore/locations/108926030476010/pelican-rouge/"
  },
  {
    "id": "589465397919007",
    "name": "Novozhi - салон мебели",
    "city": "Teremki",
    "url": "https://www.instagram.com/explore/locations/589465397919007/novozhi-/"
  },
  {
    "id": "904869343041665",
    "name": "Конно-спортивный клубДинамо",
    "city": "Teremki",
    "url": "https://www.instagram.com/explore/locations/904869343041665/-/"
  },
  {
    "id": "1018479971",
    "name": "Planeta Hub",
    "city": "Teremki",
    "url": "https://www.instagram.com/explore/locations/1018479971/planeta-hub/"
  },
  {
    "id": "388011764",
    "name": "Школа I-III ступенів No 236 м. Києва",
    "city": "Teremki",
    "url": "https://www.instagram.com/explore/locations/388011764/i-iii-no-236/"
  },
  {
    "id": "107000795024068",
    "name": "Медичний центр «SovaKlinik»",
    "city": "Teremki",
    "url": "https://www.instagram.com/explore/locations/107000795024068/sovaklinik/"
  },
  {
    "id": "1012180140",
    "name": "Поликлиника #2",
    "city": "Teremki",
    "url": "https://www.instagram.com/explore/locations/1012180140/2/"
  },
  {
    "id": "471863896717472",
    "name": "my coffee factory",
    "city": "Teremki",
    "url": "https://www.instagram.com/explore/locations/471863896717472/my-coffee-factory/"
  },
  {
    "id": "443133275875617",
    "name": "Watches in Ukraine Luxe Life",
    "city": "Teremki",
    "url": "https://www.instagram.com/explore/locations/443133275875617/watches-in-ukraine-luxe-life/"
  },
  {
    "id": "747445027",
    "name": "Конно-Спортивный Клуб Динамо",
    "city": "Teremki",
    "url": "https://www.instagram.com/explore/locations/747445027/-/"
  },
  {
    "id": "455674274303730",
    "name": "Rejo Tennis&Padel",
    "city": "Teremki",
    "url": "https://www.instagram.com/explore/locations/455674274303730/rejo-tennispadel/"
  },
  {
    "id": "265991837",
    "name": "Клуб 32",
    "city": "Teremki",
    "url": "https://www.instagram.com/explore/locations/265991837/32/"
  },
  {
    "id": "403762797109750",
    "name": "Funeral Home",
    "city": "Teremki",
    "url": "https://www.instagram.com/explore/locations/403762797109750/funeral-home/"
  },
  {
    "id": "1912487068844062",
    "name": "Meitusa 4-a",
    "city": "Teremki",
    "url": "https://www.instagram.com/explore/locations/1912487068844062/meitusa-4-a/"
  },
  {
    "id": "105470861365441",
    "name": "JustFit_VDNX",
    "city": "Teremki",
    "url": "https://www.instagram.com/explore/locations/105470861365441/justfit_vdnx/"
  },
  {
    "id": "117113907934313",
    "name": "𝑍𝑜𝑧𝑦𝑙𝑘𝑎 𝑏𝑒𝑎𝑢𝑡𝑦",
    "city": "Teremki",
    "url": "https://www.instagram.com/explore/locations/117113907934313/zozylka-beauty/"
  },
  {
    "id": "243599106371724",
    "name": "Атлас Уикенд 2018",
    "city": "Teremki",
    "url": "https://www.instagram.com/explore/locations/243599106371724/2018/"
  },
  {
    "id": "976625915745387",
    "name": "Національний природний парк Голосіївський/Holosiivskiy National Nature Park",
    "city": "Teremki",
    "url": "https://www.instagram.com/explore/locations/976625915745387/holosiivskiy-national-nature-park/"
  },
  {
    "id": "1970949036512080",
    "name": "KNU",
    "city": "Teremki",
    "url": "https://www.instagram.com/explore/locations/1970949036512080/knu/"
  },
  {
    "id": "437705102756974",
    "name": "Avocado Organic Food Respublika",
    "city": "Teremki",
    "url": "https://www.instagram.com/explore/locations/437705102756974/avocado-organic-food-respublika/"
  },
  {
    "id": "1034133099",
    "name": "up/down bar",
    "city": "Teremki",
    "url": "https://www.instagram.com/explore/locations/1034133099/updown-bar/"
  },
  {
    "id": "439208660",
    "name": "4party.ua - Все для свята",
    "city": "Teremki",
    "url": "https://www.instagram.com/explore/locations/439208660/4partyua-/"
  },
  {
    "id": "160528252422372",
    "name": "ЖК Сенат / Senat",
    "city": "Teremki",
    "url": "https://www.instagram.com/explore/locations/160528252422372/senat/"
  },
  {
    "id": "102450545645530",
    "name": "Tata_cafe",
    "city": "Teremki",
    "url": "https://www.instagram.com/explore/locations/102450545645530/tata_cafe/"
  },
  {
    "id": "111162023655385",
    "name": "ESC Institute of Biology and Medicine",
    "city": "Teremki",
    "url": "https://www.instagram.com/explore/locations/111162023655385/esc-institute-of-biology-and-medicine/"
  },
  {
    "id": "195748657257609",
    "name": "Tpk Respublika",
    "city": "Teremki",
    "url": "https://www.instagram.com/explore/locations/195748657257609/tpk-respublika/"
  },
  {
    "id": "249442218975761",
    "name": "Гуртожиток N 13",
    "city": "Teremki",
    "url": "https://www.instagram.com/explore/locations/249442218975761/n-13/"
  },
  {
    "id": "1695591257421605",
    "name": "Англомовний дитячий центр Mini Maison - Міні Мезон",
    "city": "Teremki",
    "url": "https://www.instagram.com/explore/locations/1695591257421605/mini-maison-/"
  },
  {
    "id": "367580710646201",
    "name": "вул. Маршала Якубовського, 7",
    "city": "Teremki",
    "url": "https://www.instagram.com/explore/locations/367580710646201/7/"
  },
  {
    "id": "1696154517356444",
    "name": "Prostoneba",
    "city": "Teremki",
    "url": "https://www.instagram.com/explore/locations/1696154517356444/prostoneba/"
  },
  {
    "id": "905568302",
    "name": "Ecopan - проєктування та будівництво будинків",
    "city": "Teremki",
    "url": "https://www.instagram.com/explore/locations/905568302/ecopan-/"
  },
  {
    "id": "1755952371357569",
    "name": "Me.KAVA",
    "city": "Teremki",
    "url": "https://www.instagram.com/explore/locations/1755952371357569/mekava/"
  },
  {
    "id": "146165622968334",
    "name": "Persona",
    "city": "Teremki",
    "url": "https://www.instagram.com/explore/locations/146165622968334/persona/"
  },
  {
    "id": "185239278788758",
    "name": "Drive PRO",
    "city": "Teremki",
    "url": "https://www.instagram.com/explore/locations/185239278788758/drive-pro/"
  },
  {
    "id": "253918569",
    "name": "Ломоносова,39",
    "city": "Teremki",
    "url": "https://www.instagram.com/explore/locations/253918569/39/"
  },
  {
    "id": "286354135200934",
    "name": "Midgard School",
    "city": "Teremki",
    "url": "https://www.instagram.com/explore/locations/286354135200934/midgard-school/"
  },
  {
    "id": "1198019687033600",
    "name": "Клініка нейроімунології Vivere /Neuroimmunology clinic Vivere",
    "city": "Teremki",
    "url": "https://www.instagram.com/explore/locations/1198019687033600/vivere-neuroimmunology-clinic-vivere/"
  },
  {
    "id": "1670670156578398",
    "name": "Borysov Academy",
    "city": "Teremki",
    "url": "https://www.instagram.com/explore/locations/1670670156578398/borysov-academy/"
  },
  {
    "id": "1011301850",
    "name": "Школа 220",
    "city": "Teremki",
    "url": "https://www.instagram.com/explore/locations/1011301850/220/"
  },
  {
    "id": "1437070063048619",
    "name": "Kiev Botanical park",
    "city": "Teremki",
    "url": "https://www.instagram.com/explore/locations/1437070063048619/kiev-botanical-park/"
  },
  {
    "id": "1014775871",
    "name": "Укрaвто Голосіївський",
    "city": "Teremki",
    "url": "https://www.instagram.com/explore/locations/1014775871/a/"
  },
  {
    "id": "1397237247219595",
    "name": "Klinker Stone",
    "city": "Teremki",
    "url": "https://www.instagram.com/explore/locations/1397237247219595/klinker-stone/"
  },
  {
    "id": "562167937544159",
    "name": "Anastasia Mamay",
    "city": "Teremki",
    "url": "https://www.instagram.com/explore/locations/562167937544159/anastasia-mamay/"
  },
  {
    "id": "1017143869",
    "name": "4 Этаж",
    "city": "Teremki",
    "url": "https://www.instagram.com/explore/locations/1017143869/4/"
  },
  {
    "id": "101253899475632",
    "name": "auto_dealer_kyiv",
    "city": "Teremki",
    "url": "https://www.instagram.com/explore/locations/101253899475632/auto_dealer_kyiv/"
  },
  {
    "id": "774684398",
    "name": "Декор и флористика. Blossom Design",
    "city": "Teremki",
    "url": "https://www.instagram.com/explore/locations/774684398/blossom-design/"
  },
  {
    "id": "655972875",
    "name": "Генерала Родимцева 8",
    "city": "Teremki",
    "url": "https://www.instagram.com/explore/locations/655972875/8/"
  },
  {
    "id": "149042075506287",
    "name": "Bad Raven Production",
    "city": "Teremki",
    "url": "https://www.instagram.com/explore/locations/149042075506287/bad-raven-production/"
  },
  {
    "id": "271609796628384",
    "name": "Центр Наука 3.0",
    "city": "Teremki",
    "url": "https://www.instagram.com/explore/locations/271609796628384/30/"
  },
  {
    "id": "102726421304370",
    "name": "Vodogray",
    "city": "Teremki",
    "url": "https://www.instagram.com/explore/locations/102726421304370/vodogray/"
  },
  {
    "id": "310676985",
    "name": "Общежитие 2 Киевского Национального Университета Им.Т. Шевченко",
    "city": "Teremki",
    "url": "https://www.instagram.com/explore/locations/310676985/2/"
  },
  {
    "id": "100360708532224",
    "name": "Базар-Вокзал",
    "city": "Teremki",
    "url": "https://www.instagram.com/explore/locations/100360708532224/-/"
  },
  {
    "id": "110353514864541",
    "name": "one_bridal_salon",
    "city": "Teremki",
    "url": "https://www.instagram.com/explore/locations/110353514864541/one_bridal_salon/"
  },
  {
    "id": "718805166",
    "name": "Еколого - Природничий Ліцей 116",
    "city": "Teremki",
    "url": "https://www.instagram.com/explore/locations/718805166/-116/"
  },
  {
    "id": "1790447351240942",
    "name": "DZYGA",
    "city": "Teremki",
    "url": "https://www.instagram.com/explore/locations/1790447351240942/dzyga/"
  },
  {
    "id": "102928229297338",
    "name": "Це Я - Бургер",
    "city": "Teremki",
    "url": "https://www.instagram.com/explore/locations/102928229297338/-/"
  },
  {
    "id": "197931890080527",
    "name": "LifeStyle Gatne",
    "city": "Teremki",
    "url": "https://www.instagram.com/explore/locations/197931890080527/lifestyle-gatne/"
  },
  {
    "id": "377646776159715",
    "name": "Excellence",
    "city": "Teremki",
    "url": "https://www.instagram.com/explore/locations/377646776159715/excellence/"
  },
  {
    "id": "1691800257800809",
    "name": "Паб Brugger",
    "city": "Teremki",
    "url": "https://www.instagram.com/explore/locations/1691800257800809/brugger/"
  },
  {
    "id": "165530537431916",
    "name": "Ломоносова 60/5",
    "city": "Teremki",
    "url": "https://www.instagram.com/explore/locations/165530537431916/605/"
  },
  {
    "id": "1016712324",
    "name": "Клуб \"Фалькон- Пейнтбол и Лазертаг -Киев",
    "city": "Teremki",
    "url": "https://www.instagram.com/explore/locations/1016712324/-/"
  },
  {
    "id": "1035625986",
    "name": "Пони-Клуб",
    "city": "Teremki",
    "url": "https://www.instagram.com/explore/locations/1035625986/-/"
  },
  {
    "id": "336429933",
    "name": "JOLI",
    "city": "Teremki",
    "url": "https://www.instagram.com/explore/locations/336429933/joli/"
  },
  {
    "id": "112831638193354",
    "name": "Довіра - Ветеринарна клініка, Київ",
    "city": "Teremki",
    "url": "https://www.instagram.com/explore/locations/112831638193354/-/"
  },
  {
    "id": "1019131818",
    "name": "Киев Ул.м.конева 7а",
    "city": "Teremki",
    "url": "https://www.instagram.com/explore/locations/1019131818/7/"
  },
  {
    "id": "115508109823085",
    "name": "EVOLution Center - Сад Школа Студії Розвитку для Родини - Теремки і Гатне",
    "city": "Teremki",
    "url": "https://www.instagram.com/explore/locations/115508109823085/evolution-center-/"
  },
  {
    "id": "160145854406529",
    "name": "Ліцей № 227 ім. М. М. Громова",
    "city": "Teremki",
    "url": "https://www.instagram.com/explore/locations/160145854406529/no-227/"
  },
  {
    "id": "262249474",
    "name": "Геологiчний факультет КНУ iм. Т.Шевченка",
    "city": "Teremki",
    "url": "https://www.instagram.com/explore/locations/262249474/i-i/"
  },
  {
    "id": "314435769232953",
    "name": "Redbarbell",
    "city": "Teremki",
    "url": "https://www.instagram.com/explore/locations/314435769232953/redbarbell/"
  },
  {
    "id": "213950572673652",
    "name": "Школа верховой езды \"Equestrian World\"",
    "city": "Teremki",
    "url": "https://www.instagram.com/explore/locations/213950572673652/equestrian-world/"
  },
  {
    "id": "1762774220636070",
    "name": "Lagroo",
    "city": "Teremki",
    "url": "https://www.instagram.com/explore/locations/1762774220636070/lagroo/"
  },
  {
    "id": "2017782271682610",
    "name": "Mal'va",
    "city": "Teremki",
    "url": "https://www.instagram.com/explore/locations/2017782271682610/malva/"
  },
  {
    "id": "101716761816137",
    "name": "Menya Musashi Kyiv",
    "city": "Teremki",
    "url": "https://www.instagram.com/explore/locations/101716761816137/menya-musashi-kyiv/"
  },
  {
    "id": "741689579",
    "name": "Улица Композитора Мейтуса 4а",
    "city": "Teremki",
    "url": "https://www.instagram.com/explore/locations/741689579/4/"
  },
  {
    "id": "100518535088337",
    "name": "O'zone Lounge",
    "city": "Teremki",
    "url": "https://www.instagram.com/explore/locations/100518535088337/ozone-lounge/"
  },
  {
    "id": "354202754",
    "name": "Bruni",
    "city": "Teremki",
    "url": "https://www.instagram.com/explore/locations/354202754/bruni/"
  },
  {
    "id": "404386686",
    "name": "Helen Doron",
    "city": "Teremki",
    "url": "https://www.instagram.com/explore/locations/404386686/helen-doron/"
  },
  {
    "id": "965607628",
    "name": "Sky Park Вднх",
    "city": "Teremki",
    "url": "https://www.instagram.com/explore/locations/965607628/sky-park/"
  },
  {
    "id": "241669213211935",
    "name": "Садовий центр Greenspot",
    "city": "Teremki",
    "url": "https://www.instagram.com/explore/locations/241669213211935/greenspot/"
  },
  {
    "id": "521752631531100",
    "name": "Приватбанк, Вул. Лятошинського, 4",
    "city": "Teremki",
    "url": "https://www.instagram.com/explore/locations/521752631531100/4/"
  },
  {
    "id": "227222397974462",
    "name": "Avantgarde",
    "city": "Teremki",
    "url": "https://www.instagram.com/explore/locations/227222397974462/avantgarde/"
  },
  {
    "id": "109161914093704",
    "name": "Логово Виски-Маньяка",
    "city": "Teremki",
    "url": "https://www.instagram.com/explore/locations/109161914093704/-/"
  },
  {
    "id": "465298860665103",
    "name": "ГО СТ \"Струмок- ветераны НИИП",
    "city": "Teremki",
    "url": "https://www.instagram.com/explore/locations/465298860665103/-/"
  },
  {
    "id": "263864683991366",
    "name": "Licentia - Лицентия - Ліцентія",
    "city": "Teremki",
    "url": "https://www.instagram.com/explore/locations/263864683991366/licentia-/"
  },
  {
    "id": "485822921931922",
    "name": "АЗС «WOG»",
    "city": "Teremki",
    "url": "https://www.instagram.com/explore/locations/485822921931922/wog/"
  },
  {
    "id": "102787401827125",
    "name": "Viktoria_Nails_Kiev",
    "city": "Teremki",
    "url": "https://www.instagram.com/explore/locations/102787401827125/viktoria_nails_kiev/"
  },
  {
    "id": "106010777812363",
    "name": "Zakharova design group",
    "city": "Teremki",
    "url": "https://www.instagram.com/explore/locations/106010777812363/zakharova-design-group/"
  },
  {
    "id": "306878682",
    "name": "DreamKyiv",
    "city": "Teremki",
    "url": "https://www.instagram.com/explore/locations/306878682/dreamkyiv/"
  },
  {
    "id": "735253963322824",
    "name": "Hermes Coffee",
    "city": "Teremki",
    "url": "https://www.instagram.com/explore/locations/735253963322824/hermes-coffee/"
  },
  {
    "id": "115700589887862",
    "name": "Танцювальна студія \"Shall we dance\"",
    "city": "Teremki",
    "url": "https://www.instagram.com/explore/locations/115700589887862/shall-we-dance/"
  },
  {
    "id": "414627295784616",
    "name": "Гуртожиток 5 НУБІП",
    "city": "Teremki",
    "url": "https://www.instagram.com/explore/locations/414627295784616/5/"
  },
  {
    "id": "355517554318771",
    "name": "Forest Retreat Centеr",
    "city": "Teremki",
    "url": "https://www.instagram.com/explore/locations/355517554318771/forest-retreat-centr/"
  },
  {
    "id": "852188244915616",
    "name": "Гимназия 179 Киев",
    "city": "Teremki",
    "url": "https://www.instagram.com/explore/locations/852188244915616/179/"
  },
  {
    "id": "1034227491",
    "name": "Purpur AMORE Restaurant",
    "city": "Teremki",
    "url": "https://www.instagram.com/explore/locations/1034227491/purpur-amore-restaurant/"
  },
  {
    "id": "613287785",
    "name": "Prague",
    "city": "Teremki",
    "url": "https://www.instagram.com/explore/locations/613287785/prague/"
  },
  {
    "id": "2575336919189343",
    "name": "Медичний центр \"Adeliz\"",
    "city": "Teremki",
    "url": "https://www.instagram.com/explore/locations/2575336919189343/adeliz/"
  },
  {
    "id": "276553605543363",
    "name": "Favor Park Hotel",
    "city": "Teremki",
    "url": "https://www.instagram.com/explore/locations/276553605543363/favor-park-hotel/"
  },
  {
    "id": "111148839587182",
    "name": "Divan-Dekor",
    "city": "Teremki",
    "url": "https://www.instagram.com/explore/locations/111148839587182/divan-dekor/"
  },
  {
    "id": "1034523772",
    "name": "Школа 269",
    "city": "Teremki",
    "url": "https://www.instagram.com/explore/locations/1034523772/269/"
  },
  {
    "id": "121196160969387",
    "name": "Салон краси La Roze",
    "city": "Teremki",
    "url": "https://www.instagram.com/explore/locations/121196160969387/la-roze/"
  },
  {
    "id": "112158251276885",
    "name": "ТРЦ Respublika Park",
    "city": "Teremki",
    "url": "https://www.instagram.com/explore/locations/112158251276885/respublika-park/"
  },
  {
    "id": "142772862982816",
    "name": "Ломоносова, 73-В",
    "city": "Teremki",
    "url": "https://www.instagram.com/explore/locations/142772862982816/73-/"
  },
  {
    "id": "236379387",
    "name": "Pony Club",
    "city": "Teremki",
    "url": "https://www.instagram.com/explore/locations/236379387/pony-club/"
  },
  {
    "id": "754504156",
    "name": "Школа № 286",
    "city": "Teremki",
    "url": "https://www.instagram.com/explore/locations/754504156/no-286/"
  },
  {
    "id": "110501341903248",
    "name": "Сервіс SuperWheels",
    "city": "Teremki",
    "url": "https://www.instagram.com/explore/locations/110501341903248/superwheels/"
  },
  {
    "id": "1718477711739957",
    "name": "Sweet Market",
    "city": "Teremki",
    "url": "https://www.instagram.com/explore/locations/1718477711739957/sweet-market/"
  },
  {
    "id": "100841431803488",
    "name": "Kung Po",
    "city": "Teremki",
    "url": "https://www.instagram.com/explore/locations/100841431803488/kung-po/"
  },
  {
    "id": "2389543424448114",
    "name": "Салонкрасоты \"ArLenКиев",
    "city": "Teremki",
    "url": "https://www.instagram.com/explore/locations/2389543424448114/arlen/"
  },
  {
    "id": "319558058426036",
    "name": "Країна Роботів, Научно-развлекательный центр \"Smart Robots\"",
    "city": "Teremki",
    "url": "https://www.instagram.com/explore/locations/319558058426036/-smart-robots/"
  },
  {
    "id": "494019667729725",
    "name": "Nail Space Kiev",
    "city": "Teremki",
    "url": "https://www.instagram.com/explore/locations/494019667729725/nail-space-kiev/"
  },
  {
    "id": "162038740554362",
    "name": "PAPAdesign",
    "city": "Teremki",
    "url": "https://www.instagram.com/explore/locations/162038740554362/papadesign/"
  },
  {
    "id": "1445642165472373",
    "name": "Kaminskys restaurant-bakery",
    "city": "Teremki",
    "url": "https://www.instagram.com/explore/locations/1445642165472373/kaminskys-restaurant-bakery/"
  },
  {
    "id": "1714838958838548",
    "name": "Do-Do Organic Cafe",
    "city": "Teremki",
    "url": "https://www.instagram.com/explore/locations/1714838958838548/do-do-organic-cafe/"
  },
  {
    "id": "50234053",
    "name": "Потехина 5",
    "city": "Teremki",
    "url": "https://www.instagram.com/explore/locations/50234053/5/"
  },
  {
    "id": "1027847650",
    "name": "Ломоносова 43",
    "city": "Teremki",
    "url": "https://www.instagram.com/explore/locations/1027847650/43/"
  },
  {
    "id": "298080972",
    "name": "Лицей 227",
    "city": "Teremki",
    "url": "https://www.instagram.com/explore/locations/298080972/227/"
  },
  {
    "id": "390344608231770",
    "name": "Школа Kebeta.school",
    "city": "Teremki",
    "url": "https://www.instagram.com/explore/locations/390344608231770/kebetaschool/"
  },
  {
    "id": "105514678682312",
    "name": "Beermaster Brewery & Pub",
    "city": "Teremki",
    "url": "https://www.instagram.com/explore/locations/105514678682312/beermaster-brewery-pub/"
  },
  {
    "id": "112587010254247",
    "name": "NUDE Beauty Studio",
    "city": "Teremki",
    "url": "https://www.instagram.com/explore/locations/112587010254247/nude-beauty-studio/"
  },
  {
    "id": "1865484910437263",
    "name": "Royal Gold Studio - Услуги Ювелира",
    "city": "Teremki",
    "url": "https://www.instagram.com/explore/locations/1865484910437263/royal-gold-studio-/"
  },
  {
    "id": "426223435",
    "name": "Алея Здоров’я - Київ",
    "city": "Teremki",
    "url": "https://www.instagram.com/explore/locations/426223435/-/"
  },
  {
    "id": "983825168433815",
    "name": "Питомник Американских Акит Zov Serdtsa",
    "city": "Teremki",
    "url": "https://www.instagram.com/explore/locations/983825168433815/zov-serdtsa/"
  },
  {
    "id": "261914104249437",
    "name": "Picasso Косметология",
    "city": "Teremki",
    "url": "https://www.instagram.com/explore/locations/261914104249437/picasso/"
  },
  {
    "id": "361624977027027",
    "name": "Фітнес -клуб Теремки",
    "city": "Teremki",
    "url": "https://www.instagram.com/explore/locations/361624977027027/-/"
  },
  {
    "id": "329465184117656",
    "name": "Newxel",
    "city": "Teremki",
    "url": "https://www.instagram.com/explore/locations/329465184117656/newxel/"
  },
  {
    "id": "101251744709258",
    "name": "Flora Bar",
    "city": "Teremki",
    "url": "https://www.instagram.com/explore/locations/101251744709258/flora-bar/"
  },
  {
    "id": "141707185691100",
    "name": "Dr. Galatska clinic",
    "city": "Teremki",
    "url": "https://www.instagram.com/explore/locations/141707185691100/dr-galatska-clinic/"
  },
  {
    "id": "164380777555860",
    "name": "Стоматологія DrSmile",
    "city": "Teremki",
    "url": "https://www.instagram.com/explore/locations/164380777555860/drsmile/"
  },
  {
    "id": "107529184296061",
    "name": "Monaco-Village",
    "city": "Teremki",
    "url": "https://www.instagram.com/explore/locations/107529184296061/monaco-village/"
  },
  {
    "id": "498762913517979",
    "name": "VOLVO ETS Group. Група компаній ЕТС.",
    "city": "Teremki",
    "url": "https://www.instagram.com/explore/locations/498762913517979/volvo-ets-group/"
  },
  {
    "id": "113620610406482",
    "name": "115th_hookah_bar",
    "city": "Teremki",
    "url": "https://www.instagram.com/explore/locations/113620610406482/115th_hookah_bar/"
  },
  {
    "id": "295113761329239",
    "name": "Black Cup",
    "city": "Teremki",
    "url": "https://www.instagram.com/explore/locations/295113761329239/black-cup/"
  },
  {
    "id": "174403922657448",
    "name": "Mebital Interiors",
    "city": "Teremki",
    "url": "https://www.instagram.com/explore/locations/174403922657448/mebital-interiors/"
  },
  {
    "id": "126414465423882",
    "name": "Ok'beauty salon",
    "city": "Teremki",
    "url": "https://www.instagram.com/explore/locations/126414465423882/okbeauty-salon/"
  },
  {
    "id": "100992869015421",
    "name": "Sport life",
    "city": "Teremki",
    "url": "https://www.instagram.com/explore/locations/100992869015421/sport-life/"
  },
  {
    "id": "122127087650434",
    "name": "APEXX CULT",
    "city": "Teremki",
    "url": "https://www.instagram.com/explore/locations/122127087650434/apexx-cult/"
  },
  {
    "id": "262211407767059",
    "name": "Пекин / Beijing",
    "city": "Teremki",
    "url": "https://www.instagram.com/explore/locations/262211407767059/beijing/"
  },
  {
    "id": "268498796860152",
    "name": "Zeffir Студия Красоты",
    "city": "Teremki",
    "url": "https://www.instagram.com/explore/locations/268498796860152/zeffir/"
  },
  {
    "id": "319437538648451",
    "name": "Васильковская 53 корп.1",
    "city": "Teremki",
    "url": "https://www.instagram.com/explore/locations/319437538648451/53-1/"
  },
  {
    "id": "305513376978776",
    "name": "Mylang School",
    "city": "Teremki",
    "url": "https://www.instagram.com/explore/locations/305513376978776/mylang-school/"
  },
  {
    "id": "105360394453780",
    "name": "Ресторан Nem",
    "city": "Teremki",
    "url": "https://www.instagram.com/explore/locations/105360394453780/nem/"
  },
  {
    "id": "394884631",
    "name": "Yugoslavia",
    "city": "Teremki",
    "url": "https://www.instagram.com/explore/locations/394884631/yugoslavia/"
  },
  {
    "id": "884391188320779",
    "name": "67856848",
    "city": "Teremki",
    "url": "https://www.instagram.com/explore/locations/884391188320779/67856848/"
  },
  {
    "id": "1031121719",
    "name": "Magazine Watches in Ukraine. Luxe Life",
    "city": "Teremki",
    "url": "https://www.instagram.com/explore/locations/1031121719/magazine-watches-in-ukraine-luxe-life/"
  },
  {
    "id": "2241945142761881",
    "name": "Агрокебети - новітня магістерська програма",
    "city": "Teremki",
    "url": "https://www.instagram.com/explore/locations/2241945142761881/-/"
  },
  {
    "id": "107306235382771",
    "name": "СТО S&K Car Service",
    "city": "Teremki",
    "url": "https://www.instagram.com/explore/locations/107306235382771/sk-car-service/"
  },
  {
    "id": "549528075443582",
    "name": "Гуртожиток 8 Фізичного факультету КНУ",
    "city": "Teremki",
    "url": "https://www.instagram.com/explore/locations/549528075443582/8/"
  },
  {
    "id": "145617915987668",
    "name": "Sport Life Гатное",
    "city": "Teremki",
    "url": "https://www.instagram.com/explore/locations/145617915987668/sport-life/"
  },
  {
    "id": "108877334014180",
    "name": "Elitist_kiev",
    "city": "Teremki",
    "url": "https://www.instagram.com/explore/locations/108877334014180/elitist_kiev/"
  },
  {
    "id": "107954931893624",
    "name": "Adamant Eventing Club",
    "city": "Teremki",
    "url": "https://www.instagram.com/explore/locations/107954931893624/adamant-eventing-club/"
  },
  {
    "id": "567722986664025",
    "name": "ЖК «Спутник-Теремки»",
    "city": "Teremki",
    "url": "https://www.instagram.com/explore/locations/567722986664025/-/"
  },
  {
    "id": "124259301557226",
    "name": "Blush Beauty Bar",
    "city": "Teremki",
    "url": "https://www.instagram.com/explore/locations/124259301557226/blush-beauty-bar/"
  },
  {
    "id": "488465864675490",
    "name": "Fructo",
    "city": "Teremki",
    "url": "https://www.instagram.com/explore/locations/488465864675490/fructo/"
  },
  {
    "id": "189486561685616",
    "name": "eateasy.ua",
    "city": "Teremki",
    "url": "https://www.instagram.com/explore/locations/189486561685616/eateasyua/"
  },
  {
    "id": "706066439",
    "name": "Porter Pub",
    "city": "Teremki",
    "url": "https://www.instagram.com/explore/locations/706066439/porter-pub/"
  },
  {
    "id": "2029213850661917",
    "name": "Мотузковий Парк \"SkyParkНа Вднг",
    "city": "Teremki",
    "url": "https://www.instagram.com/explore/locations/2029213850661917/skypark/"
  },
  {
    "id": "279318183",
    "name": "Общежитие #7 НУБиП Украины",
    "city": "Teremki",
    "url": "https://www.instagram.com/explore/locations/279318183/7/"
  },
  {
    "id": "101332135989993",
    "name": "LAshop",
    "city": "Teremki",
    "url": "https://www.instagram.com/explore/locations/101332135989993/lashop/"
  },
  {
    "id": "202570406449286",
    "name": "Школа сомельє компанії \"Майстер-клас\"",
    "city": "Teremki",
    "url": "https://www.instagram.com/explore/locations/202570406449286/-/"
  },
  {
    "id": "624732607727857",
    "name": "Интернет-магазин grai.com.ua",
    "city": "Teremki",
    "url": "https://www.instagram.com/explore/locations/624732607727857/-graicomua/"
  },
  {
    "id": "1150910348319909",
    "name": "Renaissance Beauty By Chursinova",
    "city": "Teremki",
    "url": "https://www.instagram.com/explore/locations/1150910348319909/renaissance-beauty-by-chursinova/"
  },
  {
    "id": "108956334260240",
    "name": "Liko Education Online",
    "city": "Teremki",
    "url": "https://www.instagram.com/explore/locations/108956334260240/liko-education-online/"
  },
  {
    "id": "1026957198",
    "name": "Smart Cafe",
    "city": "Teremki",
    "url": "https://www.instagram.com/explore/locations/1026957198/smart-cafe/"
  },
  {
    "id": "108729604957093",
    "name": "Garden Beauty&Aesthetic",
    "city": "Teremki",
    "url": "https://www.instagram.com/explore/locations/108729604957093/garden-beautyaesthetic/"
  },
  {
    "id": "1737250146545537",
    "name": "Спа-салон Кияночка",
    "city": "Teremki",
    "url": "https://www.instagram.com/explore/locations/1737250146545537/-/"
  },
  {
    "id": "112484320464630",
    "name": "Eliz.nail.master",
    "city": "Teremki",
    "url": "https://www.instagram.com/explore/locations/112484320464630/eliznailmaster/"
  },
  {
    "id": "941015329435175",
    "name": "Бурмистенка, 4",
    "city": "Teremki",
    "url": "https://www.instagram.com/explore/locations/941015329435175/4/"
  },
  {
    "id": "252017991332450",
    "name": "Active Life Teremky",
    "city": "Teremki",
    "url": "https://www.instagram.com/explore/locations/252017991332450/active-life-teremky/"
  },
  {
    "id": "112624210464375",
    "name": "Party Glade",
    "city": "Teremki",
    "url": "https://www.instagram.com/explore/locations/112624210464375/party-glade/"
  },
  {
    "id": "107771472958695",
    "name": "OPERA Karaoke CLUB",
    "city": "Teremki",
    "url": "https://www.instagram.com/explore/locations/107771472958695/opera-karaoke-club/"
  },
  {
    "id": "111495407376397",
    "name": "Koshurnails Ул.симоненка 5а",
    "city": "Teremki",
    "url": "https://www.instagram.com/explore/locations/111495407376397/koshurnails-5/"
  },
  {
    "id": "1126960637392014",
    "name": "NAYA Shop - декор со всего мира",
    "city": "Teremki",
    "url": "https://www.instagram.com/explore/locations/1126960637392014/naya-shop-/"
  },
  {
    "id": "241637708",
    "name": "Ломоносова 52А",
    "city": "Teremki",
    "url": "https://www.instagram.com/explore/locations/241637708/52/"
  },
  {
    "id": "99827910",
    "name": "Perfect Art Group",
    "city": "Teremki",
    "url": "https://www.instagram.com/explore/locations/99827910/perfect-art-group/"
  },
  {
    "id": "240917146785142",
    "name": "Гуртожиток №1 КНУ ім. Т. Шевченка",
    "city": "Teremki",
    "url": "https://www.instagram.com/explore/locations/240917146785142/no1/"
  },
  {
    "id": "938034048",
    "name": "Skypark Kiev",
    "city": "Teremki",
    "url": "https://www.instagram.com/explore/locations/938034048/skypark-kiev/"
  },
  {
    "id": "845508025830004",
    "name": "Кільцева Дорога, 1в, Київ, 02000",
    "city": "Teremki",
    "url": "https://www.instagram.com/explore/locations/845508025830004/1-02000/"
  },
  {
    "id": "731396661",
    "name": "Шерпадима - Путешествия вокруг Света",
    "city": "Teremki",
    "url": "https://www.instagram.com/explore/locations/731396661/-/"
  },
  {
    "id": "253670178",
    "name": "Спасо-Преображенский Собор",
    "city": "Teremki",
    "url": "https://www.instagram.com/explore/locations/253670178/-/"
  },
  {
    "id": "705917294",
    "name": "Lomonosova Str",
    "city": "Teremki",
    "url": "https://www.instagram.com/explore/locations/705917294/lomonosova-str/"
  },
  {
    "id": "306385952",
    "name": "6-й Фестиваль Уличной Еды",
    "city": "Teremki",
    "url": "https://www.instagram.com/explore/locations/306385952/6-/"
  },
  {
    "id": "880754552048906",
    "name": "FIRM",
    "city": "Teremki",
    "url": "https://www.instagram.com/explore/locations/880754552048906/firm/"
  }
]